"ID","Measurement_Type","Reported_Visual_Angle","Task","Disparity_VA","Real_Visual_Angle","Ratio_Visual_Angle","Distance"
"1","Stick1_Perceptual_VA",5.88687426353551,"Perceptual",NA,2.537,2.32040767187052,6280
"1","Stick1_Adjusted_VA",3.01639732989873,"Adjusted",NA,2.537,1.18896229006651,6280
"1","Stick2_Perceptual_VA",9.38572501117968,"Perceptual",NA,7.848,1.19593845708202,2020
"1","Stick2_Adjusted_VA",6.44140992065572,"Adjusted",NA,7.848,0.820770886933705,2020
"1","Stick3_Perceptual_VA",4.41898999209993,"Perceptual",NA,3.17,1.394003152082,5027
"1","Stick3_Adjusted_VA",4.41171609816193,"Adjusted",NA,3.17,1.39170854831607,5027
"1","Stick4_Perceptual_VA",6.57750564887419,"Perceptual",NA,4.653,1.41360534039849,3421
"1","Stick4_Adjusted_VA",5.08452583176158,"Adjusted",NA,4.653,1.09274142096746,3421
"1","Lamp1_Perceptual_VA",1.04326745830232,"Perceptual",NA,0.2737,3.81171888309215,6280
"1","Lamp1_Adjusted_VA",0.645393910516099,"Adjusted",NA,0.2737,2.35803401723091,6280
"1","Lamp2_Perceptual_VA",1.62469681337902,"Perceptual",NA,0.8509,1.90938631258552,2020
"1","Lamp2_Adjusted_VA",1.24135999517374,"Adjusted",NA,0.8509,1.45887882850363,2020
"1","Lamp3_Perceptual_VA",1.23138427952127,"Perceptual",NA,0.3419,3.60159192606398,5027
"1","Lamp3_Adjusted_VA",1.03978375730432,"Adjusted",NA,0.3419,3.0411926215394,5027
"1","Lamp4_Perceptual_VA",1.39384350283648,"Perceptual",NA,0.5024,2.7743700295312,3421
"1","Lamp4_Adjusted_VA",1.61765572140995,"Adjusted",NA,0.5024,3.21985613337968,3421
"1","Lamp1a_Perceptual_VA",NA,"Perceptual",NA,0.2577,NA,6670
"1","Lamp1a_Adjusted_VA",NA,"Adjusted",NA,0.2577,NA,6670
"1","Lamp2a_Perceptual_VA",NA,"Perceptual",NA,0.7639,NA,2250
"1","Lamp2a_Adjusted_VA",NA,"Adjusted",NA,0.7639,NA,2250
"1","Lamp3a_Perceptual_VA",NA,"Perceptual",NA,0.3515,NA,4890
"1","Lamp3a_Adjusted_VA",NA,"Adjusted",NA,0.3515,NA,4890
"1","Lamp4a_Perceptual_VA",NA,"Perceptual",NA,0.5322,NA,3230
"1","Lamp4a_Adjusted_VA",NA,"Adjusted",NA,0.5322,NA,3230
"1","Moon1_Perceptual_VA",NA,"Perceptual",NA,0.52,NA,6060
"1","Moon1_Adjusted_VA",NA,"Adjusted",NA,0.52,NA,6060
"1","Moon2_Perceptual_VA",NA,"Perceptual",NA,1.5149,NA,2080
"1","Moon2_Adjusted_VA",NA,"Adjusted",NA,1.5149,NA,2080
"1","Moon3_Perceptual_VA",NA,"Perceptual",NA,0.6676,NA,4720
"1","Moon3_Adjusted_VA",NA,"Adjusted",NA,0.6676,NA,4720
"1","Moon4_Perceptual_VA",NA,"Perceptual",NA,0.96,NA,3270
"1","Moon4_Adjusted_VA",NA,"Adjusted",NA,0.96,NA,3270
"2","Stick1_Perceptual_VA",2.68949434454421,"Perceptual",NA,2.537,1.06010813738439,6280
"2","Stick1_Adjusted_VA",1.68859547907484,"Adjusted",NA,2.537,0.665587496679084,6280
"2","Stick2_Perceptual_VA",5.91853252628784,"Perceptual",NA,7.848,0.754145326998961,2020
"2","Stick2_Adjusted_VA",6.6551879037153,"Adjusted",NA,7.848,0.848010691095221,2020
"2","Stick3_Perceptual_VA",2.68949434454421,"Perceptual",NA,3.17,0.8484209288783,5027
"2","Stick3_Adjusted_VA",3.02778639538388,"Adjusted",NA,3.17,0.955137664158954,5027
"2","Stick4_Perceptual_VA",2.96124112422133,"Perceptual",NA,4.653,0.636415457601833,3421
"2","Stick4_Adjusted_VA",4.4735374761806,"Adjusted",NA,4.653,0.961430792215903,3421
"2","Lamp1_Perceptual_VA",0.932249743207225,"Perceptual",NA,0.2737,3.40610063283604,6280
"2","Lamp1_Adjusted_VA",0.496560314362531,"Adjusted",NA,0.2737,1.8142503264981,6280
"2","Lamp2_Perceptual_VA",2.08766604885264,"Perceptual",NA,0.8509,2.45347990228305,2020
"2","Lamp2_Adjusted_VA",1.56799715000266,"Adjusted",NA,0.8509,1.84275138089395,2020
"2","Lamp3_Perceptual_VA",1.18471797443858,"Perceptual",NA,0.3419,3.465100831935,5027
"2","Lamp3_Adjusted_VA",0.660579317030254,"Adjusted",NA,0.3419,1.93208340751756,5027
"2","Lamp4_Perceptual_VA",1.58281662878821,"Perceptual",NA,0.5024,3.15051080570903,3421
"2","Lamp4_Adjusted_VA",0.876271312098295,"Adjusted",NA,0.5024,1.74417060529119,3421
"2","Lamp1a_Perceptual_VA",NA,"Perceptual",NA,0.2577,NA,6670
"2","Lamp1a_Adjusted_VA",NA,"Adjusted",NA,0.2577,NA,6670
"2","Lamp2a_Perceptual_VA",NA,"Perceptual",NA,0.7639,NA,2250
"2","Lamp2a_Adjusted_VA",NA,"Adjusted",NA,0.7639,NA,2250
"2","Lamp3a_Perceptual_VA",NA,"Perceptual",NA,0.3515,NA,4890
"2","Lamp3a_Adjusted_VA",NA,"Adjusted",NA,0.3515,NA,4890
"2","Lamp4a_Perceptual_VA",NA,"Perceptual",NA,0.5322,NA,3230
"2","Lamp4a_Adjusted_VA",NA,"Adjusted",NA,0.5322,NA,3230
"2","Moon1_Perceptual_VA",NA,"Perceptual",NA,0.52,NA,6060
"2","Moon1_Adjusted_VA",NA,"Adjusted",NA,0.52,NA,6060
"2","Moon2_Perceptual_VA",NA,"Perceptual",NA,1.5149,NA,2080
"2","Moon2_Adjusted_VA",NA,"Adjusted",NA,1.5149,NA,2080
"2","Moon3_Perceptual_VA",NA,"Perceptual",NA,0.6676,NA,4720
"2","Moon3_Adjusted_VA",NA,"Adjusted",NA,0.6676,NA,4720
"2","Moon4_Perceptual_VA",NA,"Perceptual",NA,0.96,NA,3270
"2","Moon4_Adjusted_VA",NA,"Adjusted",NA,0.96,NA,3270
"3","Stick1_Perceptual_VA",5.8200613001805,"Perceptual",NA,2.537,2.29407225076094,6280
"3","Stick1_Adjusted_VA",2.0187852547795,"Adjusted",NA,2.537,0.795737191477927,6280
"3","Stick2_Perceptual_VA",8.57830665763804,"Perceptual",NA,7.848,1.09305640387844,2020
"3","Stick2_Adjusted_VA",7.10382132834509,"Adjusted",NA,7.848,0.905176010237651,2020
"3","Stick3_Perceptual_VA",4.93393509758161,"Perceptual",NA,3.17,1.55644640302259,5027
"3","Stick3_Adjusted_VA",3.20562459096324,"Adjusted",NA,3.17,1.01123804131333,5027
"3","Stick4_Perceptual_VA",6.57224949843447,"Perceptual",NA,4.653,1.41247571425628,3421
"3","Stick4_Adjusted_VA",4.66130378726946,"Adjusted",NA,4.653,1.00178460934224,3421
"3","Lamp1_Perceptual_VA",0.496560314362531,"Perceptual",NA,0.2737,1.8142503264981,6280
"3","Lamp1_Adjusted_VA",0.471844929289167,"Adjusted",NA,0.2737,1.72394932148033,6280
"3","Lamp2_Perceptual_VA",1.16497404686829,"Perceptual",NA,0.8509,1.36910805837148,2020
"3","Lamp2_Adjusted_VA",1.38658648284498,"Adjusted",NA,0.8509,1.62955280625806,2020
"3","Lamp3_Perceptual_VA",0.620698207619945,"Perceptual",NA,0.3419,1.81543786961084,5027
"3","Lamp3_Adjusted_VA",0.56214276130709,"Adjusted",NA,0.3419,1.64417303687362,5027
"3","Lamp4_Perceptual_VA",0.744834644033682,"Perceptual",NA,0.5024,1.48255303350653,3421
"3","Lamp4_Adjusted_VA",0.793313503796024,"Adjusted",NA,0.5024,1.57904757921183,3421
"3","Lamp1a_Perceptual_VA",NA,"Perceptual",NA,0.2577,NA,6670
"3","Lamp1a_Adjusted_VA",NA,"Adjusted",NA,0.2577,NA,6670
"3","Lamp2a_Perceptual_VA",NA,"Perceptual",NA,0.7639,NA,2250
"3","Lamp2a_Adjusted_VA",NA,"Adjusted",NA,0.7639,NA,2250
"3","Lamp3a_Perceptual_VA",NA,"Perceptual",NA,0.3515,NA,4890
"3","Lamp3a_Adjusted_VA",NA,"Adjusted",NA,0.3515,NA,4890
"3","Lamp4a_Perceptual_VA",NA,"Perceptual",NA,0.5322,NA,3230
"3","Lamp4a_Adjusted_VA",NA,"Adjusted",NA,0.5322,NA,3230
"3","Moon1_Perceptual_VA",NA,"Perceptual",NA,0.52,NA,6060
"3","Moon1_Adjusted_VA",NA,"Adjusted",NA,0.52,NA,6060
"3","Moon2_Perceptual_VA",NA,"Perceptual",NA,1.5149,NA,2080
"3","Moon2_Adjusted_VA",NA,"Adjusted",NA,1.5149,NA,2080
"3","Moon3_Perceptual_VA",NA,"Perceptual",NA,0.6676,NA,4720
"3","Moon3_Adjusted_VA",NA,"Adjusted",NA,0.6676,NA,4720
"3","Moon4_Perceptual_VA",NA,"Perceptual",NA,0.96,NA,3270
"3","Moon4_Adjusted_VA",NA,"Adjusted",NA,0.96,NA,3270
"4","Stick1_Perceptual_VA",3.27879437535582,"Perceptual",NA,2.537,1.29239037262744,6280
"4","Stick1_Adjusted_VA",2.55070460196698,"Adjusted",NA,2.537,1.00540189277374,6280
"4","Stick2_Perceptual_VA",7.59536613711083,"Perceptual",NA,7.848,0.967809140814326,2020
"4","Stick2_Adjusted_VA",8.10710846366281,"Adjusted",NA,7.848,1.03301585928425,2020
"4","Stick3_Perceptual_VA",5.10384961451967,"Perceptual",NA,3.17,1.61004719700936,5027
"4","Stick3_Adjusted_VA",3.1961791108192,"Adjusted",NA,3.17,1.00825839458019,5027
"4","Stick4_Perceptual_VA",6.79835621592639,"Perceptual",NA,4.653,1.4610694639859,3421
"4","Stick4_Adjusted_VA",5.33342801305523,"Adjusted",NA,4.653,1.14623426027407,3421
"4","Lamp1_Perceptual_VA",0.96807807089276,"Perceptual",NA,0.2737,3.5370042780152,6280
"4","Lamp1_Adjusted_VA",0.46191696085212,"Adjusted",NA,0.2737,1.68767614487439,6280
"4","Lamp2_Perceptual_VA",1.8767628864129,"Perceptual",NA,0.8509,2.20562097357257,2020
"4","Lamp2_Adjusted_VA",1.20514265306009,"Adjusted",NA,0.8509,1.41631525803278,2020
"4","Lamp3_Perceptual_VA",0.948322286999679,"Perceptual",NA,0.3419,2.77368320268991,5027
"4","Lamp3_Adjusted_VA",0.496898336208628,"Adjusted",NA,0.3419,1.45334406612643,5027
"4","Lamp4_Perceptual_VA",1.20514265306009,"Perceptual",NA,0.5024,2.39877120433935,3421
"4","Lamp4_Adjusted_VA",0.763932409458051,"Adjusted",NA,0.5024,1.52056610162829,3421
"4","Lamp1a_Perceptual_VA",NA,"Perceptual",NA,0.2577,NA,6670
"4","Lamp1a_Adjusted_VA",NA,"Adjusted",NA,0.2577,NA,6670
"4","Lamp2a_Perceptual_VA",NA,"Perceptual",NA,0.7639,NA,2250
"4","Lamp2a_Adjusted_VA",NA,"Adjusted",NA,0.7639,NA,2250
"4","Lamp3a_Perceptual_VA",NA,"Perceptual",NA,0.3515,NA,4890
"4","Lamp3a_Adjusted_VA",NA,"Adjusted",NA,0.3515,NA,4890
"4","Lamp4a_Perceptual_VA",NA,"Perceptual",NA,0.5322,NA,3230
"4","Lamp4a_Adjusted_VA",NA,"Adjusted",NA,0.5322,NA,3230
"4","Moon1_Perceptual_VA",NA,"Perceptual",NA,0.52,NA,6060
"4","Moon1_Adjusted_VA",NA,"Adjusted",NA,0.52,NA,6060
"4","Moon2_Perceptual_VA",NA,"Perceptual",NA,1.5149,NA,2080
"4","Moon2_Adjusted_VA",NA,"Adjusted",NA,1.5149,NA,2080
"4","Moon3_Perceptual_VA",NA,"Perceptual",NA,0.6676,NA,4720
"4","Moon3_Adjusted_VA",NA,"Adjusted",NA,0.6676,NA,4720
"4","Moon4_Perceptual_VA",NA,"Perceptual",NA,0.96,NA,3270
"4","Moon4_Adjusted_VA",NA,"Adjusted",NA,0.96,NA,3270
"5","Stick1_Perceptual_VA",1.66666878056282,"Perceptual",NA,2.537,0.656944730217902,6280
"5","Stick1_Adjusted_VA",4.00906806421181,"Adjusted",NA,2.537,1.58023967844376,6280
"5","Stick2_Perceptual_VA",4.14112193638942,"Perceptual",NA,7.848,0.527665894035349,2020
"5","Stick2_Adjusted_VA",8.72073154036485,"Adjusted",NA,7.848,1.1112043247152,2020
"5","Stick3_Perceptual_VA",2.21943305382989,"Perceptual",NA,3.17,0.700136610040975,5027
"5","Stick3_Adjusted_VA",3.27315408323344,"Adjusted",NA,3.17,1.03254072026291,5027
"5","Stick4_Perceptual_VA",2.65996952833503,"Perceptual",NA,4.653,0.571667639874281,3421
"5","Stick4_Adjusted_VA",7.20455167708937,"Adjusted",NA,4.653,1.548367005607,3421
"5","Lamp1_Perceptual_VA",1.95507883796131,"Perceptual",NA,0.2737,7.14314518802085,6280
"5","Lamp1_Adjusted_VA",1.0392902942167,"Adjusted",NA,0.2737,3.7971877757278,6280
"5","Lamp2_Perceptual_VA",2.16335979634022,"Perceptual",NA,0.8509,2.54243717985688,2020
"5","Lamp2_Adjusted_VA",2.1709487194765,"Adjusted",NA,0.8509,2.55135588139205,2020
"5","Lamp3_Perceptual_VA",1.95507883796131,"Perceptual",NA,0.3419,5.71827680012081,5027
"5","Lamp3_Adjusted_VA",0.950844305128317,"Adjusted",NA,0.3419,2.78105968156864,5027
"5","Lamp4_Perceptual_VA",2.16335979634022,"Perceptual",NA,0.5024,4.30605055004025,3421
"5","Lamp4_Adjusted_VA",1.38569084248824,"Adjusted",NA,0.5024,2.75814260049411,3421
"5","Lamp1a_Perceptual_VA",NA,"Perceptual",NA,0.2577,NA,6670
"5","Lamp1a_Adjusted_VA",NA,"Adjusted",NA,0.2577,NA,6670
"5","Lamp2a_Perceptual_VA",NA,"Perceptual",NA,0.7639,NA,2250
"5","Lamp2a_Adjusted_VA",NA,"Adjusted",NA,0.7639,NA,2250
"5","Lamp3a_Perceptual_VA",NA,"Perceptual",NA,0.3515,NA,4890
"5","Lamp3a_Adjusted_VA",NA,"Adjusted",NA,0.3515,NA,4890
"5","Lamp4a_Perceptual_VA",NA,"Perceptual",NA,0.5322,NA,3230
"5","Lamp4a_Adjusted_VA",NA,"Adjusted",NA,0.5322,NA,3230
"5","Moon1_Perceptual_VA",NA,"Perceptual",NA,0.52,NA,6060
"5","Moon1_Adjusted_VA",NA,"Adjusted",NA,0.52,NA,6060
"5","Moon2_Perceptual_VA",NA,"Perceptual",NA,1.5149,NA,2080
"5","Moon2_Adjusted_VA",NA,"Adjusted",NA,1.5149,NA,2080
"5","Moon3_Perceptual_VA",NA,"Perceptual",NA,0.6676,NA,4720
"5","Moon3_Adjusted_VA",NA,"Adjusted",NA,0.6676,NA,4720
"5","Moon4_Perceptual_VA",NA,"Perceptual",NA,0.96,NA,3270
"5","Moon4_Adjusted_VA",NA,"Adjusted",NA,0.96,NA,3270
"6","Stick1_Perceptual_VA",4.81373850503544,"Perceptual",NA,2.537,1.89741367955674,6280
"6","Stick1_Adjusted_VA",2.67869490871265,"Adjusted",NA,2.537,1.0558513633081,6280
"6","Stick2_Perceptual_VA",8.36983225023683,"Perceptual",NA,7.848,1.06649238662549,2020
"6","Stick2_Adjusted_VA",9.3548357177635,"Adjusted",NA,7.848,1.19200251245712,2020
"6","Stick3_Perceptual_VA",4.81373850503544,"Perceptual",NA,3.17,1.51852949685661,5027
"6","Stick3_Adjusted_VA",2.75147311309181,"Adjusted",NA,3.17,0.867972590880696,5027
"6","Stick4_Perceptual_VA",6.41228931275256,"Perceptual",NA,4.653,1.37809785358963,3421
"6","Stick4_Adjusted_VA",6.07264378538437,"Adjusted",NA,4.653,1.30510289821285,3421
"6","Lamp1_Perceptual_VA",2.27290029227217,"Perceptual",NA,0.2737,8.3043488939429,6280
"6","Lamp1_Adjusted_VA",0.451418957979161,"Adjusted",NA,0.2737,1.64932027029288,6280
"6","Lamp2_Perceptual_VA",2.51502055904088,"Perceptual",NA,0.8509,2.95571813261356,2020
"6","Lamp2_Adjusted_VA",1.29925018933351,"Adjusted",NA,0.8509,1.52691290320074,2020
"6","Lamp3_Perceptual_VA",2.51502055904088,"Perceptual",NA,0.3419,7.35601216449512,5027
"6","Lamp3_Adjusted_VA",0.642101153543711,"Adjusted",NA,0.3419,1.87803788693686,5027
"6","Lamp4_Perceptual_VA",2.51502055904088,"Perceptual",NA,0.5024,5.00601225923743,3421
"6","Lamp4_Adjusted_VA",0.715042047745884,"Adjusted",NA,0.5024,1.42325248357063,3421
"6","Lamp1a_Perceptual_VA",NA,"Perceptual",NA,0.2577,NA,6670
"6","Lamp1a_Adjusted_VA",NA,"Adjusted",NA,0.2577,NA,6670
"6","Lamp2a_Perceptual_VA",NA,"Perceptual",NA,0.7639,NA,2250
"6","Lamp2a_Adjusted_VA",NA,"Adjusted",NA,0.7639,NA,2250
"6","Lamp3a_Perceptual_VA",NA,"Perceptual",NA,0.3515,NA,4890
"6","Lamp3a_Adjusted_VA",NA,"Adjusted",NA,0.3515,NA,4890
"6","Lamp4a_Perceptual_VA",NA,"Perceptual",NA,0.5322,NA,3230
"6","Lamp4a_Adjusted_VA",NA,"Adjusted",NA,0.5322,NA,3230
"6","Moon1_Perceptual_VA",NA,"Perceptual",NA,0.52,NA,6060
"6","Moon1_Adjusted_VA",NA,"Adjusted",NA,0.52,NA,6060
"6","Moon2_Perceptual_VA",NA,"Perceptual",NA,1.5149,NA,2080
"6","Moon2_Adjusted_VA",NA,"Adjusted",NA,1.5149,NA,2080
"6","Moon3_Perceptual_VA",NA,"Perceptual",NA,0.6676,NA,4720
"6","Moon3_Adjusted_VA",NA,"Adjusted",NA,0.6676,NA,4720
"6","Moon4_Perceptual_VA",NA,"Perceptual",NA,0.96,NA,3270
"6","Moon4_Adjusted_VA",NA,"Adjusted",NA,0.96,NA,3270
"7","Stick1_Perceptual_VA",12.8252733787838,"Perceptual",NA,2.537,5.0552910440614,6280
"7","Stick1_Adjusted_VA",2.59032439167658,"Adjusted",NA,2.537,1.02101868020362,6280
"7","Stick2_Perceptual_VA",13.6364291433037,"Perceptual",NA,7.848,1.73756742396837,2020
"7","Stick2_Adjusted_VA",7.58681370650875,"Adjusted",NA,7.848,0.966719381563297,2020
"7","Stick3_Perceptual_VA",11.1744879284087,"Perceptual",NA,3.17,3.52507505628035,5027
"7","Stick3_Adjusted_VA",3.45938686239028,"Adjusted",NA,3.17,1.09128923103794,5027
"7","Stick4_Perceptual_VA",13.6364291433037,"Perceptual",NA,4.653,2.93067464932382,3421
"7","Stick4_Adjusted_VA",5.01745516192283,"Adjusted",NA,4.653,1.07832692067974,3421
"7","Lamp1_Perceptual_VA",1.19569461087798,"Perceptual",NA,0.2737,4.36863211866268,6280
"7","Lamp1_Adjusted_VA",0.37873343469225,"Adjusted",NA,0.2737,1.38375387172908,6280
"7","Lamp2_Perceptual_VA",2.67746756199938,"Perceptual",NA,0.8509,3.14663011164576,2020
"7","Lamp2_Adjusted_VA",1.1000451740939,"Adjusted",NA,0.8509,1.29280194393454,2020
"7","Lamp3_Perceptual_VA",1.22060305031885,"Perceptual",NA,0.3419,3.57005864381062,5027
"7","Lamp3_Adjusted_VA",0.494709384012567,"Adjusted",NA,0.3419,1.44694174908619,5027
"7","Lamp4_Perceptual_VA",1.79346056011619,"Perceptual",NA,0.5024,3.56978614672809,3421
"7","Lamp4_Adjusted_VA",0.687541103742946,"Adjusted",NA,0.5024,1.36851334343739,3421
"7","Lamp1a_Perceptual_VA",NA,"Perceptual",NA,0.2577,NA,6670
"7","Lamp1a_Adjusted_VA",NA,"Adjusted",NA,0.2577,NA,6670
"7","Lamp2a_Perceptual_VA",NA,"Perceptual",NA,0.7639,NA,2250
"7","Lamp2a_Adjusted_VA",NA,"Adjusted",NA,0.7639,NA,2250
"7","Lamp3a_Perceptual_VA",NA,"Perceptual",NA,0.3515,NA,4890
"7","Lamp3a_Adjusted_VA",NA,"Adjusted",NA,0.3515,NA,4890
"7","Lamp4a_Perceptual_VA",NA,"Perceptual",NA,0.5322,NA,3230
"7","Lamp4a_Adjusted_VA",NA,"Adjusted",NA,0.5322,NA,3230
"7","Moon1_Perceptual_VA",NA,"Perceptual",NA,0.52,NA,6060
"7","Moon1_Adjusted_VA",NA,"Adjusted",NA,0.52,NA,6060
"7","Moon2_Perceptual_VA",NA,"Perceptual",NA,1.5149,NA,2080
"7","Moon2_Adjusted_VA",NA,"Adjusted",NA,1.5149,NA,2080
"7","Moon3_Perceptual_VA",NA,"Perceptual",NA,0.6676,NA,4720
"7","Moon3_Adjusted_VA",NA,"Adjusted",NA,0.6676,NA,4720
"7","Moon4_Perceptual_VA",NA,"Perceptual",NA,0.96,NA,3270
"7","Moon4_Adjusted_VA",NA,"Adjusted",NA,0.96,NA,3270
"30337","Stick1_Perceptual_VA",6.6769410875287,"Perceptual",NA,2.537,2.63182541881305,6280
"30337","Stick1_Adjusted_VA",2.8815438152453,"Adjusted",NA,2.537,1.13580757400288,6280
"30337","Stick2_Perceptual_VA",8.95804615329769,"Perceptual",NA,7.848,1.1414431897678,2020
"30337","Stick2_Adjusted_VA",9.49631635221955,"Adjusted",NA,7.848,1.21003011623593,2020
"30337","Stick3_Perceptual_VA",7.80098748476378,"Perceptual",NA,3.17,2.46087933273305,5027
"30337","Stick3_Adjusted_VA",3.3463282100397,"Adjusted",NA,3.17,1.05562404102199,5027
"30337","Stick4_Perceptual_VA",8.95804615329769,"Perceptual",NA,4.653,1.9252194612718,3421
"30337","Stick4_Adjusted_VA",5.45687541415059,"Adjusted",NA,4.653,1.17276497187848,3421
"30337","Lamp1_Perceptual_VA",1.05907364760119,"Perceptual",NA,0.2737,3.86946893533501,6280
"30337","Lamp1_Adjusted_VA",0.505547715783089,"Adjusted",NA,0.2737,1.84708701418739,6280
"30337","Lamp2_Perceptual_VA",3.29793706632949,"Perceptual",NA,0.8509,3.87582214870078,2020
"30337","Lamp2_Adjusted_VA",1.27910846188978,"Adjusted",NA,0.8509,1.50324181677022,2020
"30337","Lamp3_Perceptual_VA",1.4149602132169,"Perceptual",NA,0.3419,4.13852065872155,5027
"30337","Lamp3_Adjusted_VA",0.629440261271577,"Adjusted",NA,0.3419,1.84100690632225,5027
"30337","Lamp4_Perceptual_VA",1.86628839621584,"Perceptual",NA,0.5024,3.71474601157612,3421
"30337","Lamp4_Adjusted_VA",0.827591315087436,"Adjusted",NA,0.5024,1.64727570678232,3421
"30337","Lamp1a_Perceptual_VA",NA,"Perceptual",NA,0.2577,NA,6670
"30337","Lamp1a_Adjusted_VA",NA,"Adjusted",NA,0.2577,NA,6670
"30337","Lamp2a_Perceptual_VA",NA,"Perceptual",NA,0.7639,NA,2250
"30337","Lamp2a_Adjusted_VA",NA,"Adjusted",NA,0.7639,NA,2250
"30337","Lamp3a_Perceptual_VA",NA,"Perceptual",NA,0.3515,NA,4890
"30337","Lamp3a_Adjusted_VA",NA,"Adjusted",NA,0.3515,NA,4890
"30337","Lamp4a_Perceptual_VA",NA,"Perceptual",NA,0.5322,NA,3230
"30337","Lamp4a_Adjusted_VA",NA,"Adjusted",NA,0.5322,NA,3230
"30337","Moon1_Perceptual_VA",NA,"Perceptual",NA,0.52,NA,6060
"30337","Moon1_Adjusted_VA",NA,"Adjusted",NA,0.52,NA,6060
"30337","Moon2_Perceptual_VA",NA,"Perceptual",NA,1.5149,NA,2080
"30337","Moon2_Adjusted_VA",NA,"Adjusted",NA,1.5149,NA,2080
"30337","Moon3_Perceptual_VA",NA,"Perceptual",NA,0.6676,NA,4720
"30337","Moon3_Adjusted_VA",NA,"Adjusted",NA,0.6676,NA,4720
"30337","Moon4_Perceptual_VA",NA,"Perceptual",NA,0.96,NA,3270
"30337","Moon4_Adjusted_VA",NA,"Adjusted",NA,0.96,NA,3270
"8","Stick1_Perceptual_VA",2.39351661670923,"Perceptual",NA,2.537,0.943443680216487,6280
"8","Stick1_Adjusted_VA",2.26425275163414,"Adjusted",NA,2.537,0.892492215858944,6280
"8","Stick2_Perceptual_VA",7.05493610074824,"Perceptual",NA,7.848,0.898947005701865,2020
"8","Stick2_Adjusted_VA",6.88053743594023,"Adjusted",NA,7.848,0.87672495361114,2020
"8","Stick3_Perceptual_VA",3.19360883469317,"Perceptual",NA,3.17,1.00744758192214,5027
"8","Stick3_Adjusted_VA",2.44571762307088,"Adjusted",NA,3.17,0.771519754911949,5027
"8","Stick4_Perceptual_VA",4.05610218976282,"Perceptual",NA,4.653,0.871717642330286,3421
"8","Stick4_Adjusted_VA",4.16234386301024,"Adjusted",NA,4.653,0.894550583066891,3421
"8","Lamp1_Perceptual_VA",1.49117583849202,"Perceptual",NA,0.2737,5.44821278221417,6280
"8","Lamp1_Adjusted_VA",0.982189309936894,"Adjusted",NA,0.2737,3.58856160006173,6280
"8","Lamp2_Perceptual_VA",2.58964224140539,"Perceptual",NA,0.8509,3.04341549113338,2020
"8","Lamp2_Adjusted_VA",1.37053956755001,"Adjusted",NA,0.8509,1.61069405047598,2020
"8","Lamp3_Perceptual_VA",1.27929096791041,"Perceptual",NA,0.3419,3.74171093275932,5027
"8","Lamp3_Adjusted_VA",0.790973420408377,"Adjusted",NA,0.3419,2.31346423050125,5027
"8","Lamp4_Perceptual_VA",1.68735647370734,"Perceptual",NA,0.5024,3.35859170722003,3421
"8","Lamp4_Adjusted_VA",1.01168297412184,"Adjusted",NA,0.5024,2.01370018734443,3421
"8","Lamp1a_Perceptual_VA",NA,"Perceptual",NA,0.2577,NA,6670
"8","Lamp1a_Adjusted_VA",NA,"Adjusted",NA,0.2577,NA,6670
"8","Lamp2a_Perceptual_VA",NA,"Perceptual",NA,0.7639,NA,2250
"8","Lamp2a_Adjusted_VA",NA,"Adjusted",NA,0.7639,NA,2250
"8","Lamp3a_Perceptual_VA",NA,"Perceptual",NA,0.3515,NA,4890
"8","Lamp3a_Adjusted_VA",NA,"Adjusted",NA,0.3515,NA,4890
"8","Lamp4a_Perceptual_VA",NA,"Perceptual",NA,0.5322,NA,3230
"8","Lamp4a_Adjusted_VA",NA,"Adjusted",NA,0.5322,NA,3230
"8","Moon1_Perceptual_VA",NA,"Perceptual",NA,0.52,NA,6060
"8","Moon1_Adjusted_VA",NA,"Adjusted",NA,0.52,NA,6060
"8","Moon2_Perceptual_VA",NA,"Perceptual",NA,1.5149,NA,2080
"8","Moon2_Adjusted_VA",NA,"Adjusted",NA,1.5149,NA,2080
"8","Moon3_Perceptual_VA",NA,"Perceptual",NA,0.6676,NA,4720
"8","Moon3_Adjusted_VA",NA,"Adjusted",NA,0.6676,NA,4720
"8","Moon4_Perceptual_VA",NA,"Perceptual",NA,0.96,NA,3270
"8","Moon4_Adjusted_VA",NA,"Adjusted",NA,0.96,NA,3270
"9","Stick1_Perceptual_VA",5.80000915457405,"Perceptual",NA,2.537,2.2861683699543,6280
"9","Stick1_Adjusted_VA",2.42243204643162,"Adjusted",NA,2.537,0.95484116926749,6280
"9","Stick2_Perceptual_VA",9.77680189624951,"Perceptual",NA,7.848,1.24576986445585,2020
"9","Stick2_Adjusted_VA",8.02145299461337,"Adjusted",NA,7.848,1.02210155384982,2020
"9","Stick3_Perceptual_VA",7.78325049031586,"Perceptual",NA,3.17,2.4552840663457,5027
"9","Stick3_Adjusted_VA",3.13987151287871,"Adjusted",NA,3.17,0.990495745387606,5027
"9","Stick4_Perceptual_VA",9.77680189624951,"Perceptual",NA,4.653,2.1011824406296,3421
"9","Stick4_Adjusted_VA",6.95246624292917,"Adjusted",NA,4.653,1.49419003716509,3421
"9","Lamp1_Perceptual_VA",0.723726539416115,"Perceptual",NA,0.2737,2.644232880585,6280
"9","Lamp1_Adjusted_VA",0.809600804879764,"Adjusted",NA,0.2737,2.95798613401448,6280
"9","Lamp2_Perceptual_VA",1.83933809879903,"Perceptual",NA,0.8509,2.16163838147729,2020
"9","Lamp2_Adjusted_VA",1.48716864965156,"Adjusted",NA,0.8509,1.74775960706495,2020
"9","Lamp3_Perceptual_VA",0.738803762095228,"Perceptual",NA,0.3419,2.1608767537152,5027
"9","Lamp3_Adjusted_VA",0.726668438508244,"Adjusted",NA,0.3419,2.12538297311566,5027
"9","Lamp4_Perceptual_VA",1.08557176724372,"Perceptual",NA,0.5024,2.16077182970487,3421
"9","Lamp4_Adjusted_VA",1.22435636686763,"Adjusted",NA,0.5024,2.43701506144034,3421
"9","Lamp1a_Perceptual_VA",NA,"Perceptual",NA,0.2577,NA,6670
"9","Lamp1a_Adjusted_VA",NA,"Adjusted",NA,0.2577,NA,6670
"9","Lamp2a_Perceptual_VA",NA,"Perceptual",NA,0.7639,NA,2250
"9","Lamp2a_Adjusted_VA",NA,"Adjusted",NA,0.7639,NA,2250
"9","Lamp3a_Perceptual_VA",NA,"Perceptual",NA,0.3515,NA,4890
"9","Lamp3a_Adjusted_VA",NA,"Adjusted",NA,0.3515,NA,4890
"9","Lamp4a_Perceptual_VA",NA,"Perceptual",NA,0.5322,NA,3230
"9","Lamp4a_Adjusted_VA",NA,"Adjusted",NA,0.5322,NA,3230
"9","Moon1_Perceptual_VA",NA,"Perceptual",NA,0.52,NA,6060
"9","Moon1_Adjusted_VA",NA,"Adjusted",NA,0.52,NA,6060
"9","Moon2_Perceptual_VA",NA,"Perceptual",NA,1.5149,NA,2080
"9","Moon2_Adjusted_VA",NA,"Adjusted",NA,1.5149,NA,2080
"9","Moon3_Perceptual_VA",NA,"Perceptual",NA,0.6676,NA,4720
"9","Moon3_Adjusted_VA",NA,"Adjusted",NA,0.6676,NA,4720
"9","Moon4_Perceptual_VA",NA,"Perceptual",NA,0.96,NA,3270
"9","Moon4_Adjusted_VA",NA,"Adjusted",NA,0.96,NA,3270
"10","Stick1_Perceptual_VA",6.46543160923211,"Perceptual",NA,2.537,2.5484555022594,6280
"10","Stick1_Adjusted_VA",4.12054282703827,"Adjusted",NA,2.537,1.62417927750819,6280
"10","Stick2_Perceptual_VA",13.7273838292541,"Perceptual",NA,7.848,1.74915696091413,2020
"10","Stick2_Adjusted_VA",9.84964388141976,"Adjusted",NA,7.848,1.25505146297398,2020
"10","Stick3_Perceptual_VA",8.15615274684656,"Perceptual",NA,3.17,2.57291884758567,5027
"10","Stick3_Adjusted_VA",5.35446552890147,"Adjusted",NA,3.17,1.68910584507933,5027
"10","Stick4_Perceptual_VA",10.937742538026,"Perceptual",NA,4.653,2.35068612465636,3421
"10","Stick4_Adjusted_VA",6.41969398143388,"Adjusted",NA,4.653,1.37968922876292,3421
"10","Lamp1_Perceptual_VA",1.29440514759931,"Perceptual",NA,0.2737,4.72928442674209,6280
"10","Lamp1_Adjusted_VA",0.726668438508244,"Adjusted",NA,0.2737,2.65498150715471,6280
"10","Lamp2_Perceptual_VA",2.58848005903914,"Perceptual",NA,0.8509,3.04204966393129,2020
"10","Lamp2_Adjusted_VA",1.57070726396602,"Adjusted",NA,0.8509,1.84593637791282,2020
"10","Lamp3_Perceptual_VA",1.72935241528148,"Perceptual",NA,0.3419,5.05806497596221,5027
"10","Lamp3_Adjusted_VA",0.931035929808642,"Adjusted",NA,0.3419,2.72312351508816,5027
"10","Lamp4_Perceptual_VA",2.01575467142859,"Perceptual",NA,0.5024,4.01225054026391,3421
"10","Lamp4_Adjusted_VA",1.10094384853007,"Adjusted",NA,0.5024,2.19136912525891,3421
"10","Lamp1a_Perceptual_VA",NA,"Perceptual",NA,0.2577,NA,6670
"10","Lamp1a_Adjusted_VA",NA,"Adjusted",NA,0.2577,NA,6670
"10","Lamp2a_Perceptual_VA",NA,"Perceptual",NA,0.7639,NA,2250
"10","Lamp2a_Adjusted_VA",NA,"Adjusted",NA,0.7639,NA,2250
"10","Lamp3a_Perceptual_VA",NA,"Perceptual",NA,0.3515,NA,4890
"10","Lamp3a_Adjusted_VA",NA,"Adjusted",NA,0.3515,NA,4890
"10","Lamp4a_Perceptual_VA",NA,"Perceptual",NA,0.5322,NA,3230
"10","Lamp4a_Adjusted_VA",NA,"Adjusted",NA,0.5322,NA,3230
"10","Moon1_Perceptual_VA",NA,"Perceptual",NA,0.52,NA,6060
"10","Moon1_Adjusted_VA",NA,"Adjusted",NA,0.52,NA,6060
"10","Moon2_Perceptual_VA",NA,"Perceptual",NA,1.5149,NA,2080
"10","Moon2_Adjusted_VA",NA,"Adjusted",NA,1.5149,NA,2080
"10","Moon3_Perceptual_VA",NA,"Perceptual",NA,0.6676,NA,4720
"10","Moon3_Adjusted_VA",NA,"Adjusted",NA,0.6676,NA,4720
"10","Moon4_Perceptual_VA",NA,"Perceptual",NA,0.96,NA,3270
"10","Moon4_Adjusted_VA",NA,"Adjusted",NA,0.96,NA,3270
"11","Stick1_Perceptual_VA",5.06612767562011,"Perceptual",NA,2.537,1.9968969947261,6280
"11","Stick1_Adjusted_VA",2.85903380468775,"Adjusted",NA,2.537,1.12693488556868,6280
"11","Stick2_Perceptual_VA",16.0857884670106,"Perceptual",NA,7.848,2.04966723585762,2020
"11","Stick2_Adjusted_VA",8.72314529004119,"Adjusted",NA,7.848,1.11151188711024,2020
"11","Stick3_Perceptual_VA",11.1744879284087,"Perceptual",NA,3.17,3.52507505628035,5027
"11","Stick3_Adjusted_VA",2.94852722374811,"Adjusted",NA,3.17,0.930134770898457,5027
"11","Stick4_Perceptual_VA",12.8252733787838,"Perceptual",NA,4.653,2.75634502015555,3421
"11","Stick4_Adjusted_VA",4.66229467084579,"Adjusted",NA,4.653,1.00199756519359,3421
"11","Lamp1_Perceptual_VA",1.51949465365048,"Perceptual",NA,0.2737,5.55167940683405,6280
"11","Lamp1_Adjusted_VA",0.73023044249914,"Adjusted",NA,0.2737,2.66799577091392,6280
"11","Lamp2_Perceptual_VA",4.10858793239121,"Perceptual",NA,0.8509,4.82852031071949,2020
"11","Lamp2_Adjusted_VA",1.6675987099984,"Adjusted",NA,0.8509,1.95980574685439,2020
"11","Lamp3_Perceptual_VA",1.79346056011619,"Perceptual",NA,0.3419,5.24557051803507,5027
"11","Lamp3_Adjusted_VA",0.649645973060357,"Adjusted",NA,0.3419,1.90010521515167,5027
"11","Lamp4_Perceptual_VA",2.67746756199938,"Perceptual",NA,0.5024,5.32935422372487,3421
"11","Lamp4_Adjusted_VA",0.873061651512799,"Adjusted",NA,0.5024,1.7377819496672,3421
"11","Lamp1a_Perceptual_VA",NA,"Perceptual",NA,0.2577,NA,6670
"11","Lamp1a_Adjusted_VA",NA,"Adjusted",NA,0.2577,NA,6670
"11","Lamp2a_Perceptual_VA",NA,"Perceptual",NA,0.7639,NA,2250
"11","Lamp2a_Adjusted_VA",NA,"Adjusted",NA,0.7639,NA,2250
"11","Lamp3a_Perceptual_VA",NA,"Perceptual",NA,0.3515,NA,4890
"11","Lamp3a_Adjusted_VA",NA,"Adjusted",NA,0.3515,NA,4890
"11","Lamp4a_Perceptual_VA",NA,"Perceptual",NA,0.5322,NA,3230
"11","Lamp4a_Adjusted_VA",NA,"Adjusted",NA,0.5322,NA,3230
"11","Moon1_Perceptual_VA",NA,"Perceptual",NA,0.52,NA,6060
"11","Moon1_Adjusted_VA",NA,"Adjusted",NA,0.52,NA,6060
"11","Moon2_Perceptual_VA",NA,"Perceptual",NA,1.5149,NA,2080
"11","Moon2_Adjusted_VA",NA,"Adjusted",NA,1.5149,NA,2080
"11","Moon3_Perceptual_VA",NA,"Perceptual",NA,0.6676,NA,4720
"11","Moon3_Adjusted_VA",NA,"Adjusted",NA,0.6676,NA,4720
"11","Moon4_Perceptual_VA",NA,"Perceptual",NA,0.96,NA,3270
"11","Moon4_Adjusted_VA",NA,"Adjusted",NA,0.96,NA,3270
"12","Stick1_Perceptual_VA",8.04398035404022,"Perceptual",NA,2.537,3.17066628066229,6280
"12","Stick1_Adjusted_VA",3.14789490912524,"Adjusted",NA,2.537,1.24079420935169,6280
"12","Stick2_Perceptual_VA",11.5984352581968,"Perceptual",NA,7.848,1.47788420721162,2020
"12","Stick2_Adjusted_VA",8.30257053284338,"Adjusted",NA,7.848,1.05792183140206,2020
"12","Stick3_Perceptual_VA",9.23679231923142,"Perceptual",NA,3.17,2.91381461174493,5027
"12","Stick3_Adjusted_VA",3.7002026844883,"Adjusted",NA,3.17,1.16725636734647,5027
"12","Stick4_Perceptual_VA",9.82357634501199,"Perceptual",NA,4.653,2.11123497636191,3421
"12","Stick4_Adjusted_VA",5.58763535431475,"Adjusted",NA,4.653,1.20086725861052,3421
"12","Lamp1_Perceptual_VA",0.877324481678558,"Perceptual",NA,0.2737,3.20542375476273,6280
"12","Lamp1_Adjusted_VA",0.456500543816602,"Adjusted",NA,0.2737,1.66788653202997,6280
"12","Lamp2_Perceptual_VA",1.45917301262444,"Perceptual",NA,0.8509,1.71485840007573,2020
"12","Lamp2_Adjusted_VA",1.15534681735627,"Adjusted",NA,0.8509,1.35779388571662,2020
"12","Lamp3_Perceptual_VA",1.09216772520983,"Perceptual",NA,0.3419,3.19440691784098,5027
"12","Lamp3_Adjusted_VA",0.631218305188749,"Adjusted",NA,0.3419,1.84620738575241,5027
"12","Lamp4_Perceptual_VA",1.45917301262444,"Perceptual",NA,0.5024,2.90440488181616,3421
"12","Lamp4_Adjusted_VA",0.887142732868295,"Adjusted",NA,0.5024,1.76580957975377,3421
"12","Lamp1a_Perceptual_VA",NA,"Perceptual",NA,0.2577,NA,6670
"12","Lamp1a_Adjusted_VA",NA,"Adjusted",NA,0.2577,NA,6670
"12","Lamp2a_Perceptual_VA",NA,"Perceptual",NA,0.7639,NA,2250
"12","Lamp2a_Adjusted_VA",NA,"Adjusted",NA,0.7639,NA,2250
"12","Lamp3a_Perceptual_VA",NA,"Perceptual",NA,0.3515,NA,4890
"12","Lamp3a_Adjusted_VA",NA,"Adjusted",NA,0.3515,NA,4890
"12","Lamp4a_Perceptual_VA",NA,"Perceptual",NA,0.5322,NA,3230
"12","Lamp4a_Adjusted_VA",NA,"Adjusted",NA,0.5322,NA,3230
"12","Moon1_Perceptual_VA",NA,"Perceptual",NA,0.52,NA,6060
"12","Moon1_Adjusted_VA",NA,"Adjusted",NA,0.52,NA,6060
"12","Moon2_Perceptual_VA",NA,"Perceptual",NA,1.5149,NA,2080
"12","Moon2_Adjusted_VA",NA,"Adjusted",NA,1.5149,NA,2080
"12","Moon3_Perceptual_VA",NA,"Perceptual",NA,0.6676,NA,4720
"12","Moon3_Adjusted_VA",NA,"Adjusted",NA,0.6676,NA,4720
"12","Moon4_Perceptual_VA",NA,"Perceptual",NA,0.96,NA,3270
"12","Moon4_Adjusted_VA",NA,"Adjusted",NA,0.96,NA,3270
"13","Stick1_Perceptual_VA",6.7856997491749,"Perceptual",NA,2.537,2.67469442222109,6280
"13","Stick1_Adjusted_VA",2.43036556603707,"Adjusted",NA,2.537,0.957968295639364,6280
"13","Stick2_Perceptual_VA",17.861180200838,"Perceptual",NA,7.848,2.27588942416386,2020
"13","Stick2_Adjusted_VA",6.85046932604136,"Adjusted",NA,7.848,0.872893645010367,2020
"13","Stick3_Perceptual_VA",8.44806637044698,"Perceptual",NA,3.17,2.66500516417886,5027
"13","Stick3_Adjusted_VA",2.8815438152453,"Adjusted",NA,3.17,0.909004358121547,5027
"13","Stick4_Perceptual_VA",12.5545969791951,"Perceptual",NA,4.653,2.69817257236087,3421
"13","Stick4_Adjusted_VA",5.43084420963736,"Adjusted",NA,4.653,1.1671704727353,3421
"13","Lamp1_Perceptual_VA",1.60417702561128,"Perceptual",NA,0.2737,5.86107791600758,6280
"13","Lamp1_Adjusted_VA",0.648624538962656,"Adjusted",NA,0.2737,2.3698375555815,6280
"13","Lamp2_Perceptual_VA",3.10957882152719,"Perceptual",NA,0.8509,3.65445859857467,2020
"13","Lamp2_Adjusted_VA",1.26926997390507,"Adjusted",NA,0.8509,1.49167936761672,2020
"13","Lamp3_Perceptual_VA",1.9969649918728,"Perceptual",NA,0.3419,5.84078675598946,5027
"13","Lamp3_Adjusted_VA",0.537143998798051,"Adjusted",NA,0.3419,1.5710558607723,5027
"13","Lamp4_Perceptual_VA",2.66786417897555,"Perceptual",NA,0.5024,5.31023920974432,3421
"13","Lamp4_Adjusted_VA",0.891249709902549,"Adjusted",NA,0.5024,1.7739842951882,3421
"13","Lamp1a_Perceptual_VA",NA,"Perceptual",NA,0.2577,NA,6670
"13","Lamp1a_Adjusted_VA",NA,"Adjusted",NA,0.2577,NA,6670
"13","Lamp2a_Perceptual_VA",NA,"Perceptual",NA,0.7639,NA,2250
"13","Lamp2a_Adjusted_VA",NA,"Adjusted",NA,0.7639,NA,2250
"13","Lamp3a_Perceptual_VA",NA,"Perceptual",NA,0.3515,NA,4890
"13","Lamp3a_Adjusted_VA",NA,"Adjusted",NA,0.3515,NA,4890
"13","Lamp4a_Perceptual_VA",NA,"Perceptual",NA,0.5322,NA,3230
"13","Lamp4a_Adjusted_VA",NA,"Adjusted",NA,0.5322,NA,3230
"13","Moon1_Perceptual_VA",NA,"Perceptual",NA,0.52,NA,6060
"13","Moon1_Adjusted_VA",NA,"Adjusted",NA,0.52,NA,6060
"13","Moon2_Perceptual_VA",NA,"Perceptual",NA,1.5149,NA,2080
"13","Moon2_Adjusted_VA",NA,"Adjusted",NA,1.5149,NA,2080
"13","Moon3_Perceptual_VA",NA,"Perceptual",NA,0.6676,NA,4720
"13","Moon3_Adjusted_VA",NA,"Adjusted",NA,0.6676,NA,4720
"13","Moon4_Perceptual_VA",NA,"Perceptual",NA,0.96,NA,3270
"13","Moon4_Adjusted_VA",NA,"Adjusted",NA,0.96,NA,3270
"14","Stick1_Perceptual_VA",4.16969356055146,"Perceptual",NA,2.537,1.64355284215666,6280
"14","Stick1_Adjusted_VA",1.90968250774438,"Adjusted",NA,2.537,0.752732561192108,6280
"14","Stick2_Perceptual_VA",6.91733857930066,"Perceptual",NA,7.848,0.881414192061756,2020
"14","Stick2_Adjusted_VA",7.75490084359634,"Adjusted",NA,7.848,0.988137212486792,2020
"14","Stick3_Perceptual_VA",5.19326933541001,"Perceptual",NA,3.17,1.63825531085489,5027
"14","Stick3_Adjusted_VA",3.29630046372947,"Adjusted",NA,3.17,1.03984241758027,5027
"14","Stick4_Perceptual_VA",6.91733857930066,"Perceptual",NA,4.653,1.48664057152389,3421
"14","Stick4_Adjusted_VA",6.23498721149685,"Adjusted",NA,4.653,1.33999295325529,3421
"14","Lamp1_Perceptual_VA",1.22628390640326,"Perceptual",NA,0.2737,4.48039425065129,6280
"14","Lamp1_Adjusted_VA",0.340369966416804,"Adjusted",NA,0.2737,1.24358774722983,6280
"14","Lamp2_Perceptual_VA",2.16090041902653,"Perceptual",NA,0.8509,2.53954685512579,2020
"14","Lamp2_Adjusted_VA",1.33138486989719,"Adjusted",NA,0.8509,1.56467842272558,2020
"14","Lamp3_Perceptual_VA",1.90968250774438,"Perceptual",NA,0.3419,5.58550016889259,5027
"14","Lamp3_Adjusted_VA",0.546671180254721,"Adjusted",NA,0.3419,1.59892126427236,5027
"14","Lamp4_Perceptual_VA",2.45228701198675,"Perceptual",NA,0.5024,4.8811445302284,3421
"14","Lamp4_Adjusted_VA",1.02087960763189,"Adjusted",NA,0.5024,2.03200558843928,3421
"14","Lamp1a_Perceptual_VA",NA,"Perceptual",NA,0.2577,NA,6670
"14","Lamp1a_Adjusted_VA",NA,"Adjusted",NA,0.2577,NA,6670
"14","Lamp2a_Perceptual_VA",NA,"Perceptual",NA,0.7639,NA,2250
"14","Lamp2a_Adjusted_VA",NA,"Adjusted",NA,0.7639,NA,2250
"14","Lamp3a_Perceptual_VA",NA,"Perceptual",NA,0.3515,NA,4890
"14","Lamp3a_Adjusted_VA",NA,"Adjusted",NA,0.3515,NA,4890
"14","Lamp4a_Perceptual_VA",NA,"Perceptual",NA,0.5322,NA,3230
"14","Lamp4a_Adjusted_VA",NA,"Adjusted",NA,0.5322,NA,3230
"14","Moon1_Perceptual_VA",NA,"Perceptual",NA,0.52,NA,6060
"14","Moon1_Adjusted_VA",NA,"Adjusted",NA,0.52,NA,6060
"14","Moon2_Perceptual_VA",NA,"Perceptual",NA,1.5149,NA,2080
"14","Moon2_Adjusted_VA",NA,"Adjusted",NA,1.5149,NA,2080
"14","Moon3_Perceptual_VA",NA,"Perceptual",NA,0.6676,NA,4720
"14","Moon3_Adjusted_VA",NA,"Adjusted",NA,0.6676,NA,4720
"14","Moon4_Perceptual_VA",NA,"Perceptual",NA,0.96,NA,3270
"14","Moon4_Adjusted_VA",NA,"Adjusted",NA,0.96,NA,3270
"15","Stick1_Perceptual_VA",6.52572625114333,"Perceptual",NA,2.537,2.57222162047431,6280
"15","Stick1_Adjusted_VA",2.86419236832929,"Adjusted",NA,2.537,1.12896821770961,6280
"15","Stick2_Perceptual_VA",9.61590792606094,"Perceptual",NA,7.848,1.22526859404446,2020
"15","Stick2_Adjusted_VA",8.79984484043712,"Adjusted",NA,7.848,1.12128502044306,2020
"15","Stick3_Perceptual_VA",6.52572625114333,"Perceptual",NA,3.17,2.05858872275815,5027
"15","Stick3_Adjusted_VA",3.4575319840712,"Adjusted",NA,3.17,1.09070409592151,5027
"15","Stick4_Perceptual_VA",9.61590792606094,"Perceptual",NA,4.653,2.06660389556435,3421
"15","Stick4_Adjusted_VA",7.43798794631609,"Adjusted",NA,4.653,1.5985359867432,3421
"15","Lamp1_Perceptual_VA",1.30650134849125,"Perceptual",NA,0.2737,4.77347953412952,6280
"15","Lamp1_Adjusted_VA",0.640720319658762,"Adjusted",NA,0.2737,2.34095842038276,6280
"15","Lamp2_Perceptual_VA",2.30223086573137,"Perceptual",NA,0.8509,2.70564210333925,2020
"15","Lamp2_Adjusted_VA",1.67599582404446,"Adjusted",NA,0.8509,1.96967425554643,2020
"15","Lamp3_Perceptual_VA",1.74551209902246,"Perceptual",NA,0.3419,5.10532933320404,5027
"15","Lamp3_Adjusted_VA",0.827591315087436,"Adjusted",NA,0.3419,2.42056541411944,5027
"15","Lamp4_Perceptual_VA",2.03458955947317,"Perceptual",NA,0.5024,4.04974036519341,3421
"15","Lamp4_Adjusted_VA",1.39651548448802,"Adjusted",NA,0.5024,2.77968846434717,3421
"15","Lamp1a_Perceptual_VA",NA,"Perceptual",NA,0.2577,NA,6670
"15","Lamp1a_Adjusted_VA",NA,"Adjusted",NA,0.2577,NA,6670
"15","Lamp2a_Perceptual_VA",NA,"Perceptual",NA,0.7639,NA,2250
"15","Lamp2a_Adjusted_VA",NA,"Adjusted",NA,0.7639,NA,2250
"15","Lamp3a_Perceptual_VA",NA,"Perceptual",NA,0.3515,NA,4890
"15","Lamp3a_Adjusted_VA",NA,"Adjusted",NA,0.3515,NA,4890
"15","Lamp4a_Perceptual_VA",NA,"Perceptual",NA,0.5322,NA,3230
"15","Lamp4a_Adjusted_VA",NA,"Adjusted",NA,0.5322,NA,3230
"15","Moon1_Perceptual_VA",NA,"Perceptual",NA,0.52,NA,6060
"15","Moon1_Adjusted_VA",NA,"Adjusted",NA,0.52,NA,6060
"15","Moon2_Perceptual_VA",NA,"Perceptual",NA,1.5149,NA,2080
"15","Moon2_Adjusted_VA",NA,"Adjusted",NA,1.5149,NA,2080
"15","Moon3_Perceptual_VA",NA,"Perceptual",NA,0.6676,NA,4720
"15","Moon3_Adjusted_VA",NA,"Adjusted",NA,0.6676,NA,4720
"15","Moon4_Perceptual_VA",NA,"Perceptual",NA,0.96,NA,3270
"15","Moon4_Adjusted_VA",NA,"Adjusted",NA,0.96,NA,3270
"16","Stick1_Perceptual_VA",5.8200613001805,"Perceptual",NA,2.537,2.29407225076094,6280
"16","Stick1_Adjusted_VA",2.49896298154887,"Adjusted",NA,2.537,0.985007087721275,6280
"16","Stick2_Perceptual_VA",9.84964388141976,"Perceptual",NA,7.848,1.25505146297398,2020
"16","Stick2_Adjusted_VA",7.4491750759384,"Adjusted",NA,7.848,0.949181329757696,2020
"16","Stick3_Perceptual_VA",6.57224949843447,"Perceptual",NA,3.17,2.07326482600457,5027
"16","Stick3_Adjusted_VA",3.67772890153473,"Adjusted",NA,3.17,1.16016684591001,5027
"16","Stick4_Perceptual_VA",9.84964388141976,"Perceptual",NA,4.653,2.11683728377816,3421
"16","Stick4_Adjusted_VA",4.42157151717913,"Adjusted",NA,4.653,0.950262522497127,3421
"16","Lamp1_Perceptual_VA",0.935810261301848,"Perceptual",NA,0.2737,3.41910946767208,6280
"16","Lamp1_Adjusted_VA",0.629440261271577,"Adjusted",NA,0.2737,2.29974520011537,6280
"16","Lamp2_Perceptual_VA",2.05287912186776,"Perceptual",NA,0.8509,2.41259739319281,2020
"16","Lamp2_Adjusted_VA",1.50002199850549,"Adjusted",NA,0.8509,1.76286519979491,2020
"16","Lamp3_Perceptual_VA",1.3750327092782,"Perceptual",NA,0.3419,4.02173942462182,5027
"16","Lamp3_Adjusted_VA",0.63843208023995,"Adjusted",NA,0.3419,1.86730646458014,5027
"16","Lamp4_Perceptual_VA",1.81421475686113,"Perceptual",NA,0.5024,3.61109625171403,3421
"16","Lamp4_Adjusted_VA",0.726668438508244,"Adjusted",NA,0.5024,1.44639418492883,3421
"16","Lamp1a_Perceptual_VA",NA,"Perceptual",NA,0.2577,NA,6670
"16","Lamp1a_Adjusted_VA",NA,"Adjusted",NA,0.2577,NA,6670
"16","Lamp2a_Perceptual_VA",NA,"Perceptual",NA,0.7639,NA,2250
"16","Lamp2a_Adjusted_VA",NA,"Adjusted",NA,0.7639,NA,2250
"16","Lamp3a_Perceptual_VA",NA,"Perceptual",NA,0.3515,NA,4890
"16","Lamp3a_Adjusted_VA",NA,"Adjusted",NA,0.3515,NA,4890
"16","Lamp4a_Perceptual_VA",NA,"Perceptual",NA,0.5322,NA,3230
"16","Lamp4a_Adjusted_VA",NA,"Adjusted",NA,0.5322,NA,3230
"16","Moon1_Perceptual_VA",NA,"Perceptual",NA,0.52,NA,6060
"16","Moon1_Adjusted_VA",NA,"Adjusted",NA,0.52,NA,6060
"16","Moon2_Perceptual_VA",NA,"Perceptual",NA,1.5149,NA,2080
"16","Moon2_Adjusted_VA",NA,"Adjusted",NA,1.5149,NA,2080
"16","Moon3_Perceptual_VA",NA,"Perceptual",NA,0.6676,NA,4720
"16","Moon3_Adjusted_VA",NA,"Adjusted",NA,0.6676,NA,4720
"16","Moon4_Perceptual_VA",NA,"Perceptual",NA,0.96,NA,3270
"16","Moon4_Adjusted_VA",NA,"Adjusted",NA,0.96,NA,3270
"17","Stick1_Perceptual_VA",8.9497930124922,"Perceptual",NA,2.537,3.52770713933472,6280
"17","Stick1_Adjusted_VA",2.88501408879437,"Adjusted",NA,2.537,1.13717543902025,6280
"17","Stick2_Perceptual_VA",10.2756446194628,"Perceptual",NA,7.848,1.3093329025819,2020
"17","Stick2_Adjusted_VA",7.694571849309,"Adjusted",NA,7.848,0.980450031767202,2020
"17","Stick3_Perceptual_VA",7.66121700737146,"Perceptual",NA,3.17,2.41678769948626,5027
"17","Stick3_Adjusted_VA",2.91147077047824,"Adjusted",NA,3.17,0.918445038005754,5027
"17","Stick4_Perceptual_VA",8.9497930124922,"Perceptual",NA,4.653,1.92344573661986,3421
"17","Stick4_Adjusted_VA",4.46304684334031,"Adjusted",NA,4.653,0.959176196720461,3421
"17","Lamp1_Perceptual_VA",0.956568186329096,"Perceptual",NA,0.2737,3.49495135670112,6280
"17","Lamp1_Adjusted_VA",0.608031137496004,"Adjusted",NA,0.2737,2.22152406830838,6280
"17","Lamp2_Perceptual_VA",1.62410203838201,"Perceptual",NA,0.8509,1.90868731740747,2020
"17","Lamp2_Adjusted_VA",1.52779692185999,"Adjusted",NA,0.8509,1.79550701828651,2020
"17","Lamp3_Perceptual_VA",0.777217786526536,"Perceptual",NA,0.3419,2.27323131478952,5027
"17","Lamp3_Adjusted_VA",0.708196326772338,"Adjusted",NA,0.3419,2.0713551528878,5027
"17","Lamp4_Perceptual_VA",0.976495735309457,"Perceptual",NA,0.5024,1.94366189352997,3421
"17","Lamp4_Adjusted_VA",0.943673859023845,"Adjusted",NA,0.5024,1.87833172576402,3421
"17","Lamp1a_Perceptual_VA",NA,"Perceptual",NA,0.2577,NA,6670
"17","Lamp1a_Adjusted_VA",NA,"Adjusted",NA,0.2577,NA,6670
"17","Lamp2a_Perceptual_VA",NA,"Perceptual",NA,0.7639,NA,2250
"17","Lamp2a_Adjusted_VA",NA,"Adjusted",NA,0.7639,NA,2250
"17","Lamp3a_Perceptual_VA",NA,"Perceptual",NA,0.3515,NA,4890
"17","Lamp3a_Adjusted_VA",NA,"Adjusted",NA,0.3515,NA,4890
"17","Lamp4a_Perceptual_VA",NA,"Perceptual",NA,0.5322,NA,3230
"17","Lamp4a_Adjusted_VA",NA,"Adjusted",NA,0.5322,NA,3230
"17","Moon1_Perceptual_VA",NA,"Perceptual",NA,0.52,NA,6060
"17","Moon1_Adjusted_VA",NA,"Adjusted",NA,0.52,NA,6060
"17","Moon2_Perceptual_VA",NA,"Perceptual",NA,1.5149,NA,2080
"17","Moon2_Adjusted_VA",NA,"Adjusted",NA,1.5149,NA,2080
"17","Moon3_Perceptual_VA",NA,"Perceptual",NA,0.6676,NA,4720
"17","Moon3_Adjusted_VA",NA,"Adjusted",NA,0.6676,NA,4720
"17","Moon4_Perceptual_VA",NA,"Perceptual",NA,0.96,NA,3270
"17","Moon4_Adjusted_VA",NA,"Adjusted",NA,0.96,NA,3270
"18","Stick1_Perceptual_VA",6.85733193337949,"Perceptual",NA,2.537,2.7029294179659,6280
"18","Stick1_Adjusted_VA",3.17719150465746,"Adjusted",NA,2.537,1.2523419411342,6280
"18","Stick2_Perceptual_VA",10.9276856264733,"Perceptual",NA,7.848,1.39241661907152,2020
"18","Stick2_Adjusted_VA",8.32950117297298,"Adjusted",NA,7.848,1.06135336047056,2020
"18","Stick3_Perceptual_VA",8.9497930124922,"Perceptual",NA,3.17,2.82327855283665,5027
"18","Stick3_Adjusted_VA",3.63944511785833,"Adjusted",NA,3.17,1.14808994254206,5027
"18","Stick4_Perceptual_VA",10.2756446194628,"Perceptual",NA,4.653,2.20839127862944,3421
"18","Stick4_Adjusted_VA",4.95847368181644,"Adjusted",NA,4.653,1.06565090948129,3421
"18","Lamp1_Perceptual_VA",1.21562137158315,"Perceptual",NA,0.2737,4.44143723632864,6280
"18","Lamp1_Adjusted_VA",0.687541103742946,"Adjusted",NA,0.2737,2.51202449303232,6280
"18","Lamp2_Perceptual_VA",1.62410203838201,"Perceptual",NA,0.8509,1.90868731740747,2020
"18","Lamp2_Adjusted_VA",1.38634875116186,"Adjusted",NA,0.8509,1.62927341774811,2020
"18","Lamp3_Perceptual_VA",1.43481062193527,"Perceptual",NA,0.3419,4.19657976582414,5027
"18","Lamp3_Adjusted_VA",0.614299380258609,"Adjusted",NA,0.3419,1.79672237571983,5027
"18","Lamp4_Perceptual_VA",1.43481062193527,"Perceptual",NA,0.5024,2.85591286213231,3421
"18","Lamp4_Adjusted_VA",0.893796034514574,"Adjusted",NA,0.5024,1.77905261647009,3421
"18","Lamp1a_Perceptual_VA",NA,"Perceptual",NA,0.2577,NA,6670
"18","Lamp1a_Adjusted_VA",NA,"Adjusted",NA,0.2577,NA,6670
"18","Lamp2a_Perceptual_VA",NA,"Perceptual",NA,0.7639,NA,2250
"18","Lamp2a_Adjusted_VA",NA,"Adjusted",NA,0.7639,NA,2250
"18","Lamp3a_Perceptual_VA",NA,"Perceptual",NA,0.3515,NA,4890
"18","Lamp3a_Adjusted_VA",NA,"Adjusted",NA,0.3515,NA,4890
"18","Lamp4a_Perceptual_VA",NA,"Perceptual",NA,0.5322,NA,3230
"18","Lamp4a_Adjusted_VA",NA,"Adjusted",NA,0.5322,NA,3230
"18","Moon1_Perceptual_VA",NA,"Perceptual",NA,0.52,NA,6060
"18","Moon1_Adjusted_VA",NA,"Adjusted",NA,0.52,NA,6060
"18","Moon2_Perceptual_VA",NA,"Perceptual",NA,1.5149,NA,2080
"18","Moon2_Adjusted_VA",NA,"Adjusted",NA,1.5149,NA,2080
"18","Moon3_Perceptual_VA",NA,"Perceptual",NA,0.6676,NA,4720
"18","Moon3_Adjusted_VA",NA,"Adjusted",NA,0.6676,NA,4720
"18","Moon4_Perceptual_VA",NA,"Perceptual",NA,0.96,NA,3270
"18","Moon4_Adjusted_VA",NA,"Adjusted",NA,0.96,NA,3270
"19","Stick1_Perceptual_VA",5.0619839106645,"Perceptual",NA,2.537,1.9952636620672,6280
"19","Stick1_Adjusted_VA",2.77097655274658,"Adjusted",NA,2.537,1.09222568101954,6280
"19","Stick2_Perceptual_VA",9.11483803942801,"Perceptual",NA,7.848,1.16142176853058,2020
"19","Stick2_Adjusted_VA",6.6551879037153,"Adjusted",NA,7.848,0.848010691095221,2020
"19","Stick3_Perceptual_VA",5.71652739371184,"Perceptual",NA,3.17,1.80332094438859,5027
"19","Stick3_Adjusted_VA",2.71247292645691,"Adjusted",NA,3.17,0.855669692888616,5027
"19","Stick4_Perceptual_VA",6.38725382406318,"Perceptual",NA,4.653,1.3727173488208,3421
"19","Stick4_Adjusted_VA",3.65687327199374,"Adjusted",NA,4.653,0.78591731613878,3421
"19","Lamp1_Perceptual_VA",1.01302942083891,"Perceptual",NA,0.2737,3.70124011998141,6280
"19","Lamp1_Adjusted_VA",1.17602997349224,"Adjusted",NA,0.2737,4.29678470402717,6280
"19","Lamp2_Perceptual_VA",2.24172275062063,"Perceptual",NA,0.8509,2.63453137926976,2020
"19","Lamp2_Adjusted_VA",1.70138599620334,"Adjusted",NA,0.8509,1.99951345187841,2020
"19","Lamp3_Perceptual_VA",1.35344605518774,"Perceptual",NA,0.3419,3.95860209180386,5027
"19","Lamp3_Adjusted_VA",0.610523021327166,"Adjusted",NA,0.3419,1.7856771609452,5027
"19","Lamp4_Perceptual_VA",2.02590052632231,"Perceptual",NA,0.5024,4.03244531513198,3421
"19","Lamp4_Adjusted_VA",0.92441605306587,"Adjusted",NA,0.5024,1.84000010562474,3421
"19","Lamp1a_Perceptual_VA",NA,"Perceptual",NA,0.2577,NA,6670
"19","Lamp1a_Adjusted_VA",NA,"Adjusted",NA,0.2577,NA,6670
"19","Lamp2a_Perceptual_VA",NA,"Perceptual",NA,0.7639,NA,2250
"19","Lamp2a_Adjusted_VA",NA,"Adjusted",NA,0.7639,NA,2250
"19","Lamp3a_Perceptual_VA",NA,"Perceptual",NA,0.3515,NA,4890
"19","Lamp3a_Adjusted_VA",NA,"Adjusted",NA,0.3515,NA,4890
"19","Lamp4a_Perceptual_VA",NA,"Perceptual",NA,0.5322,NA,3230
"19","Lamp4a_Adjusted_VA",NA,"Adjusted",NA,0.5322,NA,3230
"19","Moon1_Perceptual_VA",NA,"Perceptual",NA,0.52,NA,6060
"19","Moon1_Adjusted_VA",NA,"Adjusted",NA,0.52,NA,6060
"19","Moon2_Perceptual_VA",NA,"Perceptual",NA,1.5149,NA,2080
"19","Moon2_Adjusted_VA",NA,"Adjusted",NA,1.5149,NA,2080
"19","Moon3_Perceptual_VA",NA,"Perceptual",NA,0.6676,NA,4720
"19","Moon3_Adjusted_VA",NA,"Adjusted",NA,0.6676,NA,4720
"19","Moon4_Perceptual_VA",NA,"Perceptual",NA,0.96,NA,3270
"19","Moon4_Adjusted_VA",NA,"Adjusted",NA,0.96,NA,3270
"20","Stick1_Perceptual_VA",10.7289658740303,"Perceptual",NA,2.537,4.22899719118261,6280
"20","Stick1_Adjusted_VA",2.00514760752012,"Adjusted",NA,2.537,0.790361689996108,6280
"20","Stick2_Perceptual_VA",18.0170074840503,"Perceptual",NA,7.848,2.29574509225922,2020
"20","Stick2_Adjusted_VA",6.21778516719019,"Adjusted",NA,7.848,0.792276397450331,2020
"20","Stick3_Perceptual_VA",12.5269812286691,"Perceptual",NA,3.17,3.95172909421738,5027
"20","Stick3_Adjusted_VA",2.75630871666976,"Adjusted",NA,3.17,0.869498017876895,5027
"20","Stick4_Perceptual_VA",14.3738522049457,"Perceptual",NA,4.653,3.08915800665071,3421
"20","Stick4_Adjusted_VA",4.38861008491545,"Adjusted",NA,4.653,0.943178612704804,3421
"20","Lamp1_Perceptual_VA",1.00614393022129,"Perceptual",NA,0.2737,3.6760830479404,6280
"20","Lamp1_Adjusted_VA",0.411704428629937,"Adjusted",NA,0.2737,1.50421786127124,6280
"20","Lamp2_Perceptual_VA",2.01213275104213,"Perceptual",NA,0.8509,2.36471118937846,2020
"20","Lamp2_Adjusted_VA",1.16378050803425,"Adjusted",NA,0.8509,1.36770538022594,2020
"20","Lamp3_Perceptual_VA",0.908328699476422,"Perceptual",NA,0.3419,2.65670868521913,5027
"20","Lamp3_Adjusted_VA",0.502139572712056,"Adjusted",NA,0.3419,1.46867380143918,5027
"20","Lamp4_Perceptual_VA",1.36944367868379,"Perceptual",NA,0.5024,2.72580350056487,3421
"20","Lamp4_Adjusted_VA",0.701864522160991,"Adjusted",NA,0.5024,1.39702333232681,3421
"20","Lamp1a_Perceptual_VA",NA,"Perceptual",NA,0.2577,NA,6670
"20","Lamp1a_Adjusted_VA",NA,"Adjusted",NA,0.2577,NA,6670
"20","Lamp2a_Perceptual_VA",NA,"Perceptual",NA,0.7639,NA,2250
"20","Lamp2a_Adjusted_VA",NA,"Adjusted",NA,0.7639,NA,2250
"20","Lamp3a_Perceptual_VA",NA,"Perceptual",NA,0.3515,NA,4890
"20","Lamp3a_Adjusted_VA",NA,"Adjusted",NA,0.3515,NA,4890
"20","Lamp4a_Perceptual_VA",NA,"Perceptual",NA,0.5322,NA,3230
"20","Lamp4a_Adjusted_VA",NA,"Adjusted",NA,0.5322,NA,3230
"20","Moon1_Perceptual_VA",NA,"Perceptual",NA,0.52,NA,6060
"20","Moon1_Adjusted_VA",NA,"Adjusted",NA,0.52,NA,6060
"20","Moon2_Perceptual_VA",NA,"Perceptual",NA,1.5149,NA,2080
"20","Moon2_Adjusted_VA",NA,"Adjusted",NA,1.5149,NA,2080
"20","Moon3_Perceptual_VA",NA,"Perceptual",NA,0.6676,NA,4720
"20","Moon3_Adjusted_VA",NA,"Adjusted",NA,0.6676,NA,4720
"20","Moon4_Perceptual_VA",NA,"Perceptual",NA,0.96,NA,3270
"20","Moon4_Adjusted_VA",NA,"Adjusted",NA,0.96,NA,3270
"21","Stick1_Perceptual_VA",3.83368979387397,"Perceptual",NA,2.537,1.51111146782577,6280
"21","Stick1_Adjusted_VA",2.50252297928149,"Adjusted",NA,2.537,0.986410318991522,6280
"21","Stick2_Perceptual_VA",9.53340170220291,"Perceptual",NA,7.848,1.21475556857835,2020
"21","Stick2_Adjusted_VA",6.96128708202622,"Adjusted",NA,7.848,0.88701415418275,2020
"21","Stick3_Perceptual_VA",6.36068388590156,"Perceptual",NA,3.17,2.00652488514245,5027
"21","Stick3_Adjusted_VA",3.56535040298206,"Adjusted",NA,3.17,1.12471621545175,5027
"21","Stick4_Perceptual_VA",4.77496313691213,"Perceptual",NA,4.653,1.02621172080639,3421
"21","Stick4_Adjusted_VA",4.39772315053402,"Adjusted",NA,4.653,0.945137148191278,3421
"21","Lamp1_Perceptual_VA",1.50623777298719,"Perceptual",NA,0.2737,5.50324359878403,6280
"21","Lamp1_Adjusted_VA",0.580393842433667,"Adjusted",NA,0.2737,2.12054746961515,6280
"21","Lamp2_Perceptual_VA",3.04889441703089,"Perceptual",NA,0.8509,3.58314069459501,2020
"21","Lamp2_Adjusted_VA",1.40130462486882,"Adjusted",NA,0.8509,1.64684995283679,2020
"21","Lamp3_Perceptual_VA",2.25457520039089,"Perceptual",NA,0.3419,6.59425329157908,5027
"21","Lamp3_Adjusted_VA",0.660579317030254,"Adjusted",NA,0.3419,1.93208340751756,5027
"21","Lamp4_Perceptual_VA",2.49474456938856,"Perceptual",NA,0.5024,4.96565399957914,3421
"21","Lamp4_Adjusted_VA",0.873061651512799,"Adjusted",NA,0.5024,1.7377819496672,3421
"21","Lamp1a_Perceptual_VA",NA,"Perceptual",NA,0.2577,NA,6670
"21","Lamp1a_Adjusted_VA",NA,"Adjusted",NA,0.2577,NA,6670
"21","Lamp2a_Perceptual_VA",NA,"Perceptual",NA,0.7639,NA,2250
"21","Lamp2a_Adjusted_VA",NA,"Adjusted",NA,0.7639,NA,2250
"21","Lamp3a_Perceptual_VA",NA,"Perceptual",NA,0.3515,NA,4890
"21","Lamp3a_Adjusted_VA",NA,"Adjusted",NA,0.3515,NA,4890
"21","Lamp4a_Perceptual_VA",NA,"Perceptual",NA,0.5322,NA,3230
"21","Lamp4a_Adjusted_VA",NA,"Adjusted",NA,0.5322,NA,3230
"21","Moon1_Perceptual_VA",NA,"Perceptual",NA,0.52,NA,6060
"21","Moon1_Adjusted_VA",NA,"Adjusted",NA,0.52,NA,6060
"21","Moon2_Perceptual_VA",NA,"Perceptual",NA,1.5149,NA,2080
"21","Moon2_Adjusted_VA",NA,"Adjusted",NA,1.5149,NA,2080
"21","Moon3_Perceptual_VA",NA,"Perceptual",NA,0.6676,NA,4720
"21","Moon3_Adjusted_VA",NA,"Adjusted",NA,0.6676,NA,4720
"21","Moon4_Perceptual_VA",NA,"Perceptual",NA,0.96,NA,3270
"21","Moon4_Adjusted_VA",NA,"Adjusted",NA,0.96,NA,3270
"22","Stick1_Perceptual_VA",3.88189500339134,"Perceptual",NA,2.537,1.53011233874314,6280
"22","Stick1_Adjusted_VA",2.35890472369543,"Adjusted",NA,2.537,0.929800837089252,6280
"22","Stick2_Perceptual_VA",11.4211862749993,"Perceptual",NA,7.848,1.45529896470429,2020
"22","Stick2_Adjusted_VA",8.11441599959824,"Adjusted",NA,7.848,1.03394699281323,2020
"22","Stick3_Perceptual_VA",6.57542213309448,"Perceptual",NA,3.17,2.0742656571276,5027
"22","Stick3_Adjusted_VA",3.06736376625916,"Adjusted",NA,3.17,0.967622639198474,5027
"22","Stick4_Perceptual_VA",8.75554242307502,"Perceptual",NA,4.653,1.88169835011284,3421
"22","Stick4_Adjusted_VA",5.63262467183988,"Adjusted",NA,4.653,1.21053614266922,3421
"22","Lamp1_Perceptual_VA",2.73694446146761,"Perceptual",NA,0.2737,9.99979708245381,6280
"22","Lamp1_Adjusted_VA",1.18538763723341,"Adjusted",NA,0.2737,4.33097419522619,6280
"22","Lamp2_Perceptual_VA",4.83543823026369,"Perceptual",NA,0.8509,5.68273384682535,2020
"22","Lamp2_Adjusted_VA",1.58467585534085,"Adjusted",NA,0.8509,1.86235263290733,2020
"22","Lamp3_Perceptual_VA",4.19980903529035,"Perceptual",NA,0.3419,12.2837351134552,5027
"22","Lamp3_Adjusted_VA",0.912036007307599,"Adjusted",NA,0.3419,2.66755193713834,5027
"22","Lamp4_Perceptual_VA",4.83543823026369,"Perceptual",NA,0.5024,9.6246780060981,3421
"22","Lamp4_Adjusted_VA",1.33002086862535,"Adjusted",NA,0.5024,2.6473345314995,3421
"22","Lamp1a_Perceptual_VA",NA,"Perceptual",NA,0.2577,NA,6670
"22","Lamp1a_Adjusted_VA",NA,"Adjusted",NA,0.2577,NA,6670
"22","Lamp2a_Perceptual_VA",NA,"Perceptual",NA,0.7639,NA,2250
"22","Lamp2a_Adjusted_VA",NA,"Adjusted",NA,0.7639,NA,2250
"22","Lamp3a_Perceptual_VA",NA,"Perceptual",NA,0.3515,NA,4890
"22","Lamp3a_Adjusted_VA",NA,"Adjusted",NA,0.3515,NA,4890
"22","Lamp4a_Perceptual_VA",NA,"Perceptual",NA,0.5322,NA,3230
"22","Lamp4a_Adjusted_VA",NA,"Adjusted",NA,0.5322,NA,3230
"22","Moon1_Perceptual_VA",NA,"Perceptual",NA,0.52,NA,6060
"22","Moon1_Adjusted_VA",NA,"Adjusted",NA,0.52,NA,6060
"22","Moon2_Perceptual_VA",NA,"Perceptual",NA,1.5149,NA,2080
"22","Moon2_Adjusted_VA",NA,"Adjusted",NA,1.5149,NA,2080
"22","Moon3_Perceptual_VA",NA,"Perceptual",NA,0.6676,NA,4720
"22","Moon3_Adjusted_VA",NA,"Adjusted",NA,0.6676,NA,4720
"22","Moon4_Perceptual_VA",NA,"Perceptual",NA,0.96,NA,3270
"22","Moon4_Adjusted_VA",NA,"Adjusted",NA,0.96,NA,3270
"23","Stick1_Perceptual_VA",9.5996722278094,"Perceptual",NA,2.537,3.78386764990516,6280
"23","Stick1_Adjusted_VA",2.83855342294904,"Adjusted",NA,2.537,1.11886220849391,6280
"23","Stick2_Perceptual_VA",13.0642733757049,"Perceptual",NA,7.848,1.66466276448839,2020
"23","Stick2_Adjusted_VA",9.53340170220291,"Adjusted",NA,7.848,1.21475556857835,2020
"23","Stick3_Perceptual_VA",11.3345713564783,"Perceptual",NA,3.17,3.57557456040324,5027
"23","Stick3_Adjusted_VA",3.39092004894821,"Adjusted",NA,3.17,1.06969086717609,5027
"23","Stick4_Perceptual_VA",13.0642733757049,"Perceptual",NA,4.653,2.80770973043303,3421
"23","Stick4_Adjusted_VA",5.20797260322004,"Adjusted",NA,4.653,1.11927199725339,3421
"23","Lamp1_Perceptual_VA",0.682292822890108,"Perceptual",NA,0.2737,2.49284918849144,6280
"23","Lamp1_Adjusted_VA",0.710748656770106,"Adjusted",NA,0.2737,2.5968164295583,6280
"23","Lamp2_Perceptual_VA",3.3230980998697,"Perceptual",NA,0.8509,3.90539205531754,2020
"23","Lamp2_Adjusted_VA",1.625492151901,"Adjusted",NA,0.8509,1.91032101527911,2020
"23","Lamp3_Perceptual_VA",1.42576032574527,"Perceptual",NA,0.3419,4.17010917152755,5027
"23","Lamp3_Adjusted_VA",0.84639953212337,"Adjusted",NA,0.3419,2.47557628582442,5027
"23","Lamp4_Perceptual_VA",1.88053232451094,"Perceptual",NA,0.5024,3.74309777967942,3421
"23","Lamp4_Adjusted_VA",1.00425986212191,"Adjusted",NA,0.5024,1.99892488479679,3421
"23","Lamp1a_Perceptual_VA",NA,"Perceptual",NA,0.2577,NA,6670
"23","Lamp1a_Adjusted_VA",NA,"Adjusted",NA,0.2577,NA,6670
"23","Lamp2a_Perceptual_VA",NA,"Perceptual",NA,0.7639,NA,2250
"23","Lamp2a_Adjusted_VA",NA,"Adjusted",NA,0.7639,NA,2250
"23","Lamp3a_Perceptual_VA",NA,"Perceptual",NA,0.3515,NA,4890
"23","Lamp3a_Adjusted_VA",NA,"Adjusted",NA,0.3515,NA,4890
"23","Lamp4a_Perceptual_VA",NA,"Perceptual",NA,0.5322,NA,3230
"23","Lamp4a_Adjusted_VA",NA,"Adjusted",NA,0.5322,NA,3230
"23","Moon1_Perceptual_VA",NA,"Perceptual",NA,0.52,NA,6060
"23","Moon1_Adjusted_VA",NA,"Adjusted",NA,0.52,NA,6060
"23","Moon2_Perceptual_VA",NA,"Perceptual",NA,1.5149,NA,2080
"23","Moon2_Adjusted_VA",NA,"Adjusted",NA,1.5149,NA,2080
"23","Moon3_Perceptual_VA",NA,"Perceptual",NA,0.6676,NA,4720
"23","Moon3_Adjusted_VA",NA,"Adjusted",NA,0.6676,NA,4720
"23","Moon4_Perceptual_VA",NA,"Perceptual",NA,0.96,NA,3270
"23","Moon4_Adjusted_VA",NA,"Adjusted",NA,0.96,NA,3270
"24","Stick1_Perceptual_VA",10.9204251842967,"Perceptual",NA,2.537,4.30446400642361,6280
"24","Stick1_Adjusted_VA",2.35516148565449,"Adjusted",NA,2.537,0.928325378657664,6280
"24","Stick2_Perceptual_VA",12.5878963779022,"Perceptual",NA,7.848,1.60396233153697,2020
"24","Stick2_Adjusted_VA",7.79639932600961,"Adjusted",NA,7.848,0.99342499057207,2020
"24","Stick3_Perceptual_VA",9.24830265685815,"Perceptual",NA,3.17,2.91744563307828,5027
"24","Stick3_Adjusted_VA",3.42829771129073,"Adjusted",NA,3.17,1.08148192785197,5027
"24","Stick4_Perceptual_VA",12.5878963779022,"Perceptual",NA,4.653,2.70532911624805,3421
"24","Stick4_Adjusted_VA",5.88687426353551,"Adjusted",NA,4.653,1.26517822126274,3421
"24","Lamp1_Perceptual_VA",0.606655527170763,"Perceptual",NA,0.2737,2.21649808977261,6280
"24","Lamp1_Adjusted_VA",0.561494145432168,"Adjusted",NA,0.2737,2.05149486822129,6280
"24","Lamp2_Perceptual_VA",1.21327705058698,"Perceptual",NA,0.8509,1.42587501538016,2020
"24","Lamp2_Adjusted_VA",1.26926997390507,"Adjusted",NA,0.8509,1.49167936761672,2020
"24","Lamp3_Perceptual_VA",0.825719001432256,"Perceptual",NA,0.3419,2.41508921155968,5027
"24","Lamp3_Adjusted_VA",0.434943974757543,"Adjusted",NA,0.3419,1.27213797823206,5027
"24","Lamp4_Perceptual_VA",1.0279261189529,"Perceptual",NA,0.5024,2.04603128772472,3421
"24","Lamp4_Adjusted_VA",0.682292822890108,"Adjusted",NA,0.5024,1.35806692454241,3421
"24","Lamp1a_Perceptual_VA",NA,"Perceptual",NA,0.2577,NA,6670
"24","Lamp1a_Adjusted_VA",NA,"Adjusted",NA,0.2577,NA,6670
"24","Lamp2a_Perceptual_VA",NA,"Perceptual",NA,0.7639,NA,2250
"24","Lamp2a_Adjusted_VA",NA,"Adjusted",NA,0.7639,NA,2250
"24","Lamp3a_Perceptual_VA",NA,"Perceptual",NA,0.3515,NA,4890
"24","Lamp3a_Adjusted_VA",NA,"Adjusted",NA,0.3515,NA,4890
"24","Lamp4a_Perceptual_VA",NA,"Perceptual",NA,0.5322,NA,3230
"24","Lamp4a_Adjusted_VA",NA,"Adjusted",NA,0.5322,NA,3230
"24","Moon1_Perceptual_VA",NA,"Perceptual",NA,0.52,NA,6060
"24","Moon1_Adjusted_VA",NA,"Adjusted",NA,0.52,NA,6060
"24","Moon2_Perceptual_VA",NA,"Perceptual",NA,1.5149,NA,2080
"24","Moon2_Adjusted_VA",NA,"Adjusted",NA,1.5149,NA,2080
"24","Moon3_Perceptual_VA",NA,"Perceptual",NA,0.6676,NA,4720
"24","Moon3_Adjusted_VA",NA,"Adjusted",NA,0.6676,NA,4720
"24","Moon4_Perceptual_VA",NA,"Perceptual",NA,0.96,NA,3270
"24","Moon4_Adjusted_VA",NA,"Adjusted",NA,0.96,NA,3270
"25","Stick1_Perceptual_VA",4.48220932763708,"Perceptual",NA,2.537,1.76673603769692,6280
"25","Stick1_Adjusted_VA",3.84605358119707,"Adjusted",NA,2.537,1.51598485660113,6280
"25","Stick2_Perceptual_VA",14.2500326978036,"Perceptual",NA,7.848,1.8157534018608,2020
"25","Stick2_Adjusted_VA",8.21421232006713,"Adjusted",NA,7.848,1.04666313966197,2020
"25","Stick3_Perceptual_VA",8.46873096104967,"Perceptual",NA,3.17,2.67152396247624,5027
"25","Stick3_Adjusted_VA",3.13987151287871,"Adjusted",NA,3.17,0.990495745387606,5027
"25","Stick4_Perceptual_VA",9.89193309420831,"Perceptual",NA,4.653,2.12592587453435,3421
"25","Stick4_Adjusted_VA",4.4735374761806,"Adjusted",NA,4.653,0.961430792215903,3421
"25","Lamp1_Perceptual_VA",1.58655097187362,"Perceptual",NA,0.2737,5.7966787426877,6280
"25","Lamp1_Adjusted_VA",0.667017959422743,"Adjusted",NA,0.2737,2.43704040709807,6280
"25","Lamp2_Perceptual_VA",2.68800114399016,"Perceptual",NA,0.8509,3.15900945350824,2020
"25","Lamp2_Adjusted_VA",1.21327705058698,"Adjusted",NA,0.8509,1.42587501538016,2020
"25","Lamp3_Perceptual_VA",2.09326677052905,"Perceptual",NA,0.3419,6.12245326273487,5027
"25","Lamp3_Adjusted_VA",0.630890973012452,"Adjusted",NA,0.3419,1.84524999418676,5027
"25","Lamp4_Perceptual_VA",2.97430505841653,"Perceptual",NA,0.5024,5.92019318952335,3421
"25","Lamp4_Adjusted_VA",0.987615502237472,"Adjusted",NA,0.5024,1.96579518757459,3421
"25","Lamp1a_Perceptual_VA",NA,"Perceptual",NA,0.2577,NA,6670
"25","Lamp1a_Adjusted_VA",NA,"Adjusted",NA,0.2577,NA,6670
"25","Lamp2a_Perceptual_VA",NA,"Perceptual",NA,0.7639,NA,2250
"25","Lamp2a_Adjusted_VA",NA,"Adjusted",NA,0.7639,NA,2250
"25","Lamp3a_Perceptual_VA",NA,"Perceptual",NA,0.3515,NA,4890
"25","Lamp3a_Adjusted_VA",NA,"Adjusted",NA,0.3515,NA,4890
"25","Lamp4a_Perceptual_VA",NA,"Perceptual",NA,0.5322,NA,3230
"25","Lamp4a_Adjusted_VA",NA,"Adjusted",NA,0.5322,NA,3230
"25","Moon1_Perceptual_VA",NA,"Perceptual",NA,0.52,NA,6060
"25","Moon1_Adjusted_VA",NA,"Adjusted",NA,0.52,NA,6060
"25","Moon2_Perceptual_VA",NA,"Perceptual",NA,1.5149,NA,2080
"25","Moon2_Adjusted_VA",NA,"Adjusted",NA,1.5149,NA,2080
"25","Moon3_Perceptual_VA",NA,"Perceptual",NA,0.6676,NA,4720
"25","Moon3_Adjusted_VA",NA,"Adjusted",NA,0.6676,NA,4720
"25","Moon4_Perceptual_VA",NA,"Perceptual",NA,0.96,NA,3270
"25","Moon4_Adjusted_VA",NA,"Adjusted",NA,0.96,NA,3270
"26","Stick1_Perceptual_VA",4.95847368181644,"Perceptual",NA,2.537,1.95446341419647,6280
"26","Stick1_Adjusted_VA",9.25891956522072,"Adjusted",NA,2.537,3.64955442066248,6280
"26","Stick2_Perceptual_VA",9.36584429266034,"Perceptual",NA,7.848,1.19340523606783,2020
"26","Stick2_Adjusted_VA",22.9976972637883,"Adjusted",NA,7.848,2.93038955960606,2020
"26","Stick3_Perceptual_VA",6.29619219912552,"Perceptual",NA,3.17,1.986180504456,5027
"26","Stick3_Adjusted_VA",8.00834588141877,"Adjusted",NA,3.17,2.52629207615734,5027
"26","Stick4_Perceptual_VA",8.38432377174021,"Perceptual",NA,4.653,1.80191785337206,3421
"26","Stick4_Adjusted_VA",10.569642185018,"Adjusted",NA,4.653,2.27157579733893,3421
"26","Lamp1_Perceptual_VA",2.62052024189515,"Perceptual",NA,0.2737,9.57442543622636,6280
"26","Lamp1_Adjusted_VA",4.1077300287723,"Adjusted",NA,0.2737,15.0081477119923,6280
"26","Lamp2_Perceptual_VA",4.62990372540444,"Perceptual",NA,0.8509,5.44118430532899,2020
"26","Lamp2_Adjusted_VA",6.10576502958486,"Adjusted",NA,0.8509,7.17565522339271,2020
"26","Lamp3_Perceptual_VA",2.97383650527282,"Perceptual",NA,0.3419,8.69797164455344,5027
"26","Lamp3_Adjusted_VA",1.98605480600895,"Adjusted",NA,0.3419,5.8088762971891,5027
"26","Lamp4_Perceptual_VA",4.0212436950691,"Perceptual",NA,0.5024,8.00406786438913,3421
"26","Lamp4_Adjusted_VA",2.66100295762706,"Adjusted",NA,0.5024,5.29658232011755,3421
"26","Lamp1a_Perceptual_VA",NA,"Perceptual",NA,0.2577,NA,6670
"26","Lamp1a_Adjusted_VA",NA,"Adjusted",NA,0.2577,NA,6670
"26","Lamp2a_Perceptual_VA",NA,"Perceptual",NA,0.7639,NA,2250
"26","Lamp2a_Adjusted_VA",NA,"Adjusted",NA,0.7639,NA,2250
"26","Lamp3a_Perceptual_VA",NA,"Perceptual",NA,0.3515,NA,4890
"26","Lamp3a_Adjusted_VA",NA,"Adjusted",NA,0.3515,NA,4890
"26","Lamp4a_Perceptual_VA",NA,"Perceptual",NA,0.5322,NA,3230
"26","Lamp4a_Adjusted_VA",NA,"Adjusted",NA,0.5322,NA,3230
"26","Moon1_Perceptual_VA",NA,"Perceptual",NA,0.52,NA,6060
"26","Moon1_Adjusted_VA",NA,"Adjusted",NA,0.52,NA,6060
"26","Moon2_Perceptual_VA",NA,"Perceptual",NA,1.5149,NA,2080
"26","Moon2_Adjusted_VA",NA,"Adjusted",NA,1.5149,NA,2080
"26","Moon3_Perceptual_VA",NA,"Perceptual",NA,0.6676,NA,4720
"26","Moon3_Adjusted_VA",NA,"Adjusted",NA,0.6676,NA,4720
"26","Moon4_Perceptual_VA",NA,"Perceptual",NA,0.96,NA,3270
"26","Moon4_Adjusted_VA",NA,"Adjusted",NA,0.96,NA,3270
"27","Stick1_Perceptual_VA",9.97872513928441,"Perceptual",NA,2.537,3.93327754800331,6280
"27","Stick1_Adjusted_VA",3.56392118065326,"Adjusted",NA,2.537,1.40477776139269,6280
"27","Stick2_Perceptual_VA",13.5779491488776,"Perceptual",NA,7.848,1.7301158446582,2020
"27","Stick2_Adjusted_VA",7.76123790608199,"Adjusted",NA,7.848,0.988944687319315,2020
"27","Stick3_Perceptual_VA",11.7812528324082,"Perceptual",NA,3.17,3.71648354334644,5027
"27","Stick3_Adjusted_VA",4.12054282703827,"Adjusted",NA,3.17,1.29985578140009,5027
"27","Stick4_Perceptual_VA",9.38275871766299,"Perceptual",NA,4.653,2.01649660813733,3421
"27","Stick4_Adjusted_VA",4.75282243542666,"Adjusted",NA,4.653,1.02145334954366,3421
"27","Lamp1_Perceptual_VA",1.48233192547313,"Perceptual",NA,0.2737,5.41590034882401,6280
"27","Lamp1_Adjusted_VA",1.10891595452183,"Adjusted",NA,0.2737,4.0515745506826,6280
"27","Lamp2_Perceptual_VA",2.21879730851814,"Perceptual",NA,0.8509,2.6075887983525,2020
"27","Lamp2_Adjusted_VA",1.24135999517374,"Adjusted",NA,0.8509,1.45887882850363,2020
"27","Lamp3_Perceptual_VA",1.72783699880744,"Perceptual",NA,0.3419,5.05363263763511,5027
"27","Lamp3_Adjusted_VA",0.588030470325489,"Adjusted",NA,0.3419,1.71989023201371,5027
"27","Lamp4_Perceptual_VA",1.95514241782868,"Perceptual",NA,0.5024,3.89160513102841,3421
"27","Lamp4_Adjusted_VA",0.722264504360669,"Adjusted",NA,0.5024,1.43762839243764,3421
"27","Lamp1a_Perceptual_VA",NA,"Perceptual",NA,0.2577,NA,6670
"27","Lamp1a_Adjusted_VA",NA,"Adjusted",NA,0.2577,NA,6670
"27","Lamp2a_Perceptual_VA",NA,"Perceptual",NA,0.7639,NA,2250
"27","Lamp2a_Adjusted_VA",NA,"Adjusted",NA,0.7639,NA,2250
"27","Lamp3a_Perceptual_VA",NA,"Perceptual",NA,0.3515,NA,4890
"27","Lamp3a_Adjusted_VA",NA,"Adjusted",NA,0.3515,NA,4890
"27","Lamp4a_Perceptual_VA",NA,"Perceptual",NA,0.5322,NA,3230
"27","Lamp4a_Adjusted_VA",NA,"Adjusted",NA,0.5322,NA,3230
"27","Moon1_Perceptual_VA",NA,"Perceptual",NA,0.52,NA,6060
"27","Moon1_Adjusted_VA",NA,"Adjusted",NA,0.52,NA,6060
"27","Moon2_Perceptual_VA",NA,"Perceptual",NA,1.5149,NA,2080
"27","Moon2_Adjusted_VA",NA,"Adjusted",NA,1.5149,NA,2080
"27","Moon3_Perceptual_VA",NA,"Perceptual",NA,0.6676,NA,4720
"27","Moon3_Adjusted_VA",NA,"Adjusted",NA,0.6676,NA,4720
"27","Moon4_Perceptual_VA",NA,"Perceptual",NA,0.96,NA,3270
"27","Moon4_Adjusted_VA",NA,"Adjusted",NA,0.96,NA,3270
"28","Stick1_Perceptual_VA",5.88687426353551,"Perceptual",NA,2.537,2.32040767187052,6280
"28","Stick1_Adjusted_VA",2.836925543777,"Adjusted",NA,2.537,1.11822055332164,6280
"28","Stick2_Perceptual_VA",11.0824095560797,"Perceptual",NA,7.848,1.41213169674818,2020
"28","Stick2_Adjusted_VA",8.80617354235344,"Adjusted",NA,7.848,1.12209142996349,2020
"28","Stick3_Perceptual_VA",7.68490625582972,"Perceptual",NA,3.17,2.42426064852673,5027
"28","Stick3_Adjusted_VA",3.50530235581373,"Adjusted",NA,3.17,1.10577361382136,5027
"28","Stick4_Perceptual_VA",8.82487595866962,"Perceptual",NA,4.653,1.89659917444007,3421
"28","Stick4_Adjusted_VA",4.84970418719529,"Adjusted",NA,4.653,1.0422747017398,3421
"28","Lamp1_Perceptual_VA",0.838042729434726,"Perceptual",NA,0.2737,3.06190255547945,6280
"28","Lamp1_Adjusted_VA",0.790973420408377,"Adjusted",NA,0.2737,2.88992846331157,6280
"28","Lamp2_Perceptual_VA",2.08636199879084,"Perceptual",NA,0.8509,2.45194734844381,2020
"28","Lamp2_Adjusted_VA",1.53826003154152,"Adjusted",NA,0.8509,1.80780353924259,2020
"28","Lamp3_Perceptual_VA",1.62469681337902,"Perceptual",NA,0.3419,4.75196494114951,5027
"28","Lamp3_Adjusted_VA",0.779847181605806,"Adjusted",NA,0.3419,2.28092185319042,5027
"28","Lamp4_Perceptual_VA",1.8384381612317,"Perceptual",NA,0.5024,3.65931162665545,3421
"28","Lamp4_Adjusted_VA",0.971513853554409,"Adjusted",NA,0.5024,1.93374572761626,3421
"28","Lamp1a_Perceptual_VA",NA,"Perceptual",NA,0.2577,NA,6670
"28","Lamp1a_Adjusted_VA",NA,"Adjusted",NA,0.2577,NA,6670
"28","Lamp2a_Perceptual_VA",NA,"Perceptual",NA,0.7639,NA,2250
"28","Lamp2a_Adjusted_VA",NA,"Adjusted",NA,0.7639,NA,2250
"28","Lamp3a_Perceptual_VA",NA,"Perceptual",NA,0.3515,NA,4890
"28","Lamp3a_Adjusted_VA",NA,"Adjusted",NA,0.3515,NA,4890
"28","Lamp4a_Perceptual_VA",NA,"Perceptual",NA,0.5322,NA,3230
"28","Lamp4a_Adjusted_VA",NA,"Adjusted",NA,0.5322,NA,3230
"28","Moon1_Perceptual_VA",NA,"Perceptual",NA,0.52,NA,6060
"28","Moon1_Adjusted_VA",NA,"Adjusted",NA,0.52,NA,6060
"28","Moon2_Perceptual_VA",NA,"Perceptual",NA,1.5149,NA,2080
"28","Moon2_Adjusted_VA",NA,"Adjusted",NA,1.5149,NA,2080
"28","Moon3_Perceptual_VA",NA,"Perceptual",NA,0.6676,NA,4720
"28","Moon3_Adjusted_VA",NA,"Adjusted",NA,0.6676,NA,4720
"28","Moon4_Perceptual_VA",NA,"Perceptual",NA,0.96,NA,3270
"28","Moon4_Adjusted_VA",NA,"Adjusted",NA,0.96,NA,3270
"29","Stick1_Perceptual_VA",6.03969051924288,"Perceptual",NA,2.537,2.38064269579932,6280
"29","Stick1_Adjusted_VA",2.50252297928149,"Adjusted",NA,2.537,0.986410318991522,6280
"29","Stick2_Perceptual_VA",12.8087054527683,"Perceptual",NA,7.848,1.6320980444404,2020
"29","Stick2_Adjusted_VA",6.33427348999954,"Adjusted",NA,7.848,0.807119455912276,2020
"29","Stick3_Perceptual_VA",15.1126881128789,"Perceptual",NA,3.17,4.76740949933089,5027
"29","Stick3_Adjusted_VA",3.09228962694366,"Adjusted",NA,3.17,0.975485686733015,5027
"29","Stick4_Perceptual_VA",15.1126881128789,"Perceptual",NA,4.653,3.2479450059916,3421
"29","Stick4_Adjusted_VA",4.75282243542666,"Adjusted",NA,4.653,1.02145334954366,3421
"29","Lamp1_Perceptual_VA",1.68367316970785,"Perceptual",NA,0.2737,6.15152783963411,6280
"29","Lamp1_Adjusted_VA",0.502139572712056,"Adjusted",NA,0.2737,1.83463490212662,6280
"29","Lamp2_Perceptual_VA",2.51359526784811,"Perceptual",NA,0.8509,2.95404309301694,2020
"29","Lamp2_Adjusted_VA",1.31437494482284,"Adjusted",NA,0.8509,1.54468791259001,2020
"29","Lamp3_Perceptual_VA",1.90578591584785,"Perceptual",NA,0.3419,5.57410329291561,5027
"29","Lamp3_Adjusted_VA",0.475430336090064,"Adjusted",NA,0.3419,1.3905537762213,5027
"29","Lamp4_Perceptual_VA",2.22139478135891,"Perceptual",NA,0.5024,4.42156604569846,3421
"29","Lamp4_Adjusted_VA",0.720808364374137,"Adjusted",NA,0.5024,1.43473002463005,3421
"29","Lamp1a_Perceptual_VA",NA,"Perceptual",NA,0.2577,NA,6670
"29","Lamp1a_Adjusted_VA",NA,"Adjusted",NA,0.2577,NA,6670
"29","Lamp2a_Perceptual_VA",NA,"Perceptual",NA,0.7639,NA,2250
"29","Lamp2a_Adjusted_VA",NA,"Adjusted",NA,0.7639,NA,2250
"29","Lamp3a_Perceptual_VA",NA,"Perceptual",NA,0.3515,NA,4890
"29","Lamp3a_Adjusted_VA",NA,"Adjusted",NA,0.3515,NA,4890
"29","Lamp4a_Perceptual_VA",NA,"Perceptual",NA,0.5322,NA,3230
"29","Lamp4a_Adjusted_VA",NA,"Adjusted",NA,0.5322,NA,3230
"29","Moon1_Perceptual_VA",NA,"Perceptual",NA,0.52,NA,6060
"29","Moon1_Adjusted_VA",NA,"Adjusted",NA,0.52,NA,6060
"29","Moon2_Perceptual_VA",NA,"Perceptual",NA,1.5149,NA,2080
"29","Moon2_Adjusted_VA",NA,"Adjusted",NA,1.5149,NA,2080
"29","Moon3_Perceptual_VA",NA,"Perceptual",NA,0.6676,NA,4720
"29","Moon3_Adjusted_VA",NA,"Adjusted",NA,0.6676,NA,4720
"29","Moon4_Perceptual_VA",NA,"Perceptual",NA,0.96,NA,3270
"29","Moon4_Adjusted_VA",NA,"Adjusted",NA,0.96,NA,3270
"30","Stick1_Perceptual_VA",4.85529704974475,"Perceptual",NA,2.537,1.91379465894551,6280
"30","Stick1_Adjusted_VA",2.92342607208033,"Adjusted",NA,2.537,1.15231614981487,6280
"30","Stick2_Perceptual_VA",10.7116500857104,"Perceptual",NA,7.848,1.36488915465219,2020
"30","Stick2_Adjusted_VA",7.68247390791023,"Adjusted",NA,7.848,0.978908499988562,2020
"30","Stick3_Perceptual_VA",7.27156274432123,"Perceptual",NA,3.17,2.29386837360291,5027
"30","Stick3_Adjusted_VA",3.46799676258306,"Adjusted",NA,3.17,1.09400528788109,5027
"30","Stick4_Perceptual_VA",9.17156355097448,"Perceptual",NA,4.653,1.97110757596701,3421
"30","Stick4_Adjusted_VA",5.12172569675958,"Adjusted",NA,4.653,1.10073623399088,3421
"30","Lamp1_Perceptual_VA",0.620698207619945,"Perceptual",NA,0.2737,2.26780492371189,6280
"30","Lamp1_Adjusted_VA",0.667516094505652,"Adjusted",NA,0.2737,2.43886041105463,6280
"30","Lamp2_Perceptual_VA",1.9454822379486,"Perceptual",NA,0.8509,2.28638175807803,2020
"30","Lamp2_Adjusted_VA",1.39651548448802,"Adjusted",NA,0.8509,1.64122162943709,2020
"30","Lamp3_Perceptual_VA",0.584889336618137,"Perceptual",NA,0.3419,1.71070294418876,5027
"30","Lamp3_Adjusted_VA",0.616417613190578,"Adjusted",NA,0.3419,1.80291785080602,5027
"30","Lamp4_Perceptual_VA",1.14587739536697,"Perceptual",NA,0.5024,2.2808069175298,3421
"30","Lamp4_Adjusted_VA",0.882761954853227,"Adjusted",NA,0.5024,1.75708987829066,3421
"30","Lamp1a_Perceptual_VA",NA,"Perceptual",NA,0.2577,NA,6670
"30","Lamp1a_Adjusted_VA",NA,"Adjusted",NA,0.2577,NA,6670
"30","Lamp2a_Perceptual_VA",NA,"Perceptual",NA,0.7639,NA,2250
"30","Lamp2a_Adjusted_VA",NA,"Adjusted",NA,0.7639,NA,2250
"30","Lamp3a_Perceptual_VA",NA,"Perceptual",NA,0.3515,NA,4890
"30","Lamp3a_Adjusted_VA",NA,"Adjusted",NA,0.3515,NA,4890
"30","Lamp4a_Perceptual_VA",NA,"Perceptual",NA,0.5322,NA,3230
"30","Lamp4a_Adjusted_VA",NA,"Adjusted",NA,0.5322,NA,3230
"30","Moon1_Perceptual_VA",NA,"Perceptual",NA,0.52,NA,6060
"30","Moon1_Adjusted_VA",NA,"Adjusted",NA,0.52,NA,6060
"30","Moon2_Perceptual_VA",NA,"Perceptual",NA,1.5149,NA,2080
"30","Moon2_Adjusted_VA",NA,"Adjusted",NA,1.5149,NA,2080
"30","Moon3_Perceptual_VA",NA,"Perceptual",NA,0.6676,NA,4720
"30","Moon3_Adjusted_VA",NA,"Adjusted",NA,0.6676,NA,4720
"30","Moon4_Perceptual_VA",NA,"Perceptual",NA,0.96,NA,3270
"30","Moon4_Adjusted_VA",NA,"Adjusted",NA,0.96,NA,3270
"31","Stick1_Perceptual_VA",7.59536613711083,"Perceptual",NA,2.537,2.99383765751314,6280
"31","Stick1_Adjusted_VA",NA,"Adjusted",NA,2.537,NA,6280
"31","Stick2_Perceptual_VA",10.8340442277132,"Perceptual",NA,7.848,1.38048473849557,2020
"31","Stick2_Adjusted_VA",NA,"Adjusted",NA,7.848,NA,2020
"31","Stick3_Perceptual_VA",8.87294897131473,"Perceptual",NA,3.17,2.7990375303832,5027
"31","Stick3_Adjusted_VA",NA,"Adjusted",NA,3.17,NA,5027
"31","Stick4_Perceptual_VA",10.1875295065221,"Perceptual",NA,4.653,2.18945400956847,3421
"31","Stick4_Adjusted_VA",NA,"Adjusted",NA,4.653,NA,3421
"31","Lamp1_Perceptual_VA",NA,"Perceptual",NA,0.2737,NA,6280
"31","Lamp1_Adjusted_VA",NA,"Adjusted",NA,0.2737,NA,6280
"31","Lamp2_Perceptual_VA",NA,"Perceptual",NA,0.8509,NA,2020
"31","Lamp2_Adjusted_VA",NA,"Adjusted",NA,0.8509,NA,2020
"31","Lamp3_Perceptual_VA",NA,"Perceptual",NA,0.3419,NA,5027
"31","Lamp3_Adjusted_VA",NA,"Adjusted",NA,0.3419,NA,5027
"31","Lamp4_Perceptual_VA",NA,"Perceptual",NA,0.5024,NA,3421
"31","Lamp4_Adjusted_VA",NA,"Adjusted",NA,0.5024,NA,3421
"31","Lamp1a_Perceptual_VA",NA,"Perceptual",NA,0.2577,NA,6670
"31","Lamp1a_Adjusted_VA",NA,"Adjusted",NA,0.2577,NA,6670
"31","Lamp2a_Perceptual_VA",NA,"Perceptual",NA,0.7639,NA,2250
"31","Lamp2a_Adjusted_VA",NA,"Adjusted",NA,0.7639,NA,2250
"31","Lamp3a_Perceptual_VA",NA,"Perceptual",NA,0.3515,NA,4890
"31","Lamp3a_Adjusted_VA",NA,"Adjusted",NA,0.3515,NA,4890
"31","Lamp4a_Perceptual_VA",NA,"Perceptual",NA,0.5322,NA,3230
"31","Lamp4a_Adjusted_VA",NA,"Adjusted",NA,0.5322,NA,3230
"31","Moon1_Perceptual_VA",0.513682858260855,"Perceptual",NA,0.52,0.987851650501644,6060
"31","Moon1_Adjusted_VA",0.390651528768234,"Adjusted",NA,0.52,0.751252939938912,6060
"31","Moon2_Perceptual_VA",0.96807807089276,"Perceptual",NA,1.5149,0.639037607031989,2080
"31","Moon2_Adjusted_VA",1.16974819967417,"Adjusted",NA,1.5149,0.772161990675401,2080
"31","Moon3_Perceptual_VA",0.642101153543711,"Perceptual",NA,0.6676,0.961805203031322,4720
"31","Moon3_Adjusted_VA",0.510449932125362,"Adjusted",NA,0.6676,0.764604451955305,4720
"31","Moon4_Perceptual_VA",0.770517836025137,"Perceptual",NA,0.96,0.802622745859517,3270
"31","Moon4_Adjusted_VA",0.723726539416115,"Adjusted",NA,0.96,0.753881811891787,3270
"32","Stick1_Perceptual_VA",3.52152041561668,"Perceptual",NA,2.537,1.38806480710157,6280
"32","Stick1_Adjusted_VA",2.29152567635021,"Adjusted",NA,2.537,0.903242284726136,6280
"32","Stick2_Perceptual_VA",11.6312530589825,"Perceptual",NA,7.848,1.48206588417208,2020
"32","Stick2_Adjusted_VA",7.34789695601517,"Adjusted",NA,7.848,0.936276370542198,2020
"32","Stick3_Perceptual_VA",4.40112144989479,"Perceptual",NA,3.17,1.38836638797943,5027
"32","Stick3_Adjusted_VA",3.39225392708711,"Adjusted",NA,3.17,1.07011164892338,5027
"32","Stick4_Perceptual_VA",7.30062334629877,"Perceptual",NA,4.653,1.569014258822,3421
"32","Stick4_Adjusted_VA",5.05581232128309,"Adjusted",NA,4.653,1.08657045374664,3421
"32","Lamp1_Perceptual_VA",NA,"Perceptual",NA,0.2737,NA,6280
"32","Lamp1_Adjusted_VA",NA,"Adjusted",NA,0.2737,NA,6280
"32","Lamp2_Perceptual_VA",NA,"Perceptual",NA,0.8509,NA,2020
"32","Lamp2_Adjusted_VA",NA,"Adjusted",NA,0.8509,NA,2020
"32","Lamp3_Perceptual_VA",NA,"Perceptual",NA,0.3419,NA,5027
"32","Lamp3_Adjusted_VA",NA,"Adjusted",NA,0.3419,NA,5027
"32","Lamp4_Perceptual_VA",NA,"Perceptual",NA,0.5024,NA,3421
"32","Lamp4_Adjusted_VA",NA,"Adjusted",NA,0.5024,NA,3421
"32","Lamp1a_Perceptual_VA",4.29517085659701,"Perceptual",NA,0.2577,16.6673296724758,6670
"32","Lamp1a_Adjusted_VA",0.452332752055121,"Adjusted",NA,0.2577,1.75526873129655,6670
"32","Lamp2a_Perceptual_VA",2.01575467142859,"Perceptual",NA,0.7639,2.63876773324858,2250
"32","Lamp2a_Adjusted_VA",1.14587739536697,"Adjusted",NA,0.7639,1.50003586250422,2250
"32","Lamp3a_Perceptual_VA",0.551732872573209,"Perceptual",NA,0.3515,1.56965255355109,4890
"32","Lamp3a_Adjusted_VA",0.56214276130709,"Adjusted",NA,0.3515,1.59926816872572,4890
"32","Lamp4a_Perceptual_VA",0.827591315087436,"Perceptual",NA,0.5322,1.55503817190424,3230
"32","Lamp4a_Adjusted_VA",0.677124058646317,"Adjusted",NA,0.5322,1.2723112714136,3230
"32","Moon1_Perceptual_VA",NA,"Perceptual",NA,0.52,NA,6060
"32","Moon1_Adjusted_VA",NA,"Adjusted",NA,0.52,NA,6060
"32","Moon2_Perceptual_VA",NA,"Perceptual",NA,1.5149,NA,2080
"32","Moon2_Adjusted_VA",NA,"Adjusted",NA,1.5149,NA,2080
"32","Moon3_Perceptual_VA",NA,"Perceptual",NA,0.6676,NA,4720
"32","Moon3_Adjusted_VA",NA,"Adjusted",NA,0.6676,NA,4720
"32","Moon4_Perceptual_VA",NA,"Perceptual",NA,0.96,NA,3270
"32","Moon4_Adjusted_VA",NA,"Adjusted",NA,0.96,NA,3270
"33","Stick1_Perceptual_VA",NA,"Perceptual",NA,2.537,NA,6280
"33","Stick1_Adjusted_VA",NA,"Adjusted",NA,2.537,NA,6280
"33","Stick2_Perceptual_VA",NA,"Perceptual",NA,7.848,NA,2020
"33","Stick2_Adjusted_VA",NA,"Adjusted",NA,7.848,NA,2020
"33","Stick3_Perceptual_VA",NA,"Perceptual",NA,3.17,NA,5027
"33","Stick3_Adjusted_VA",NA,"Adjusted",NA,3.17,NA,5027
"33","Stick4_Perceptual_VA",NA,"Perceptual",NA,4.653,NA,3421
"33","Stick4_Adjusted_VA",NA,"Adjusted",NA,4.653,NA,3421
"33","Lamp1_Perceptual_VA",NA,"Perceptual",NA,0.2737,NA,6280
"33","Lamp1_Adjusted_VA",NA,"Adjusted",NA,0.2737,NA,6280
"33","Lamp2_Perceptual_VA",NA,"Perceptual",NA,0.8509,NA,2020
"33","Lamp2_Adjusted_VA",NA,"Adjusted",NA,0.8509,NA,2020
"33","Lamp3_Perceptual_VA",NA,"Perceptual",NA,0.3419,NA,5027
"33","Lamp3_Adjusted_VA",NA,"Adjusted",NA,0.3419,NA,5027
"33","Lamp4_Perceptual_VA",NA,"Perceptual",NA,0.5024,NA,3421
"33","Lamp4_Adjusted_VA",NA,"Adjusted",NA,0.5024,NA,3421
"33","Lamp1a_Perceptual_VA",NA,"Perceptual",NA,0.2577,NA,6670
"33","Lamp1a_Adjusted_VA",NA,"Adjusted",NA,0.2577,NA,6670
"33","Lamp2a_Perceptual_VA",NA,"Perceptual",NA,0.7639,NA,2250
"33","Lamp2a_Adjusted_VA",NA,"Adjusted",NA,0.7639,NA,2250
"33","Lamp3a_Perceptual_VA",NA,"Perceptual",NA,0.3515,NA,4890
"33","Lamp3a_Adjusted_VA",NA,"Adjusted",NA,0.3515,NA,4890
"33","Lamp4a_Perceptual_VA",NA,"Perceptual",NA,0.5322,NA,3230
"33","Lamp4a_Adjusted_VA",NA,"Adjusted",NA,0.5322,NA,3230
"33","Moon1_Perceptual_VA",1.23138427952127,"Perceptual",NA,0.52,2.36804669138707,6060
"33","Moon1_Adjusted_VA",0.37555082367291,"Adjusted",NA,0.52,0.722213122447904,6060
"33","Moon2_Perceptual_VA",1.8384381612317,"Perceptual",NA,1.5149,1.21357063913902,2080
"33","Moon2_Adjusted_VA",0.959804287993453,"Adjusted",NA,1.5149,0.633576003692292,2080
"33","Moon3_Perceptual_VA",1.39384350283648,"Perceptual",NA,0.6676,2.08784227506962,4720
"33","Moon3_Adjusted_VA",0.69019563852128,"Adjusted",NA,0.6676,1.03384607327933,4720
"33","Moon4_Perceptual_VA",1.62469681337902,"Perceptual",NA,0.96,1.69239251393648,3270
"33","Moon4_Adjusted_VA",0.839739904360239,"Adjusted",NA,0.96,0.874729067041916,3270
"34","Stick1_Perceptual_VA",3.65687327199374,"Perceptual",NA,2.537,1.44141634686391,6280
"34","Stick1_Adjusted_VA",NA,"Adjusted",NA,2.537,NA,6280
"34","Stick2_Perceptual_VA",7.58061314138711,"Perceptual",NA,7.848,0.965929299361252,2020
"34","Stick2_Adjusted_VA",NA,"Adjusted",NA,7.848,NA,2020
"34","Stick3_Perceptual_VA",5.69183715339505,"Perceptual",NA,3.17,1.79553222504576,5027
"34","Stick3_Adjusted_VA",NA,"Adjusted",NA,3.17,NA,5027
"34","Stick4_Perceptual_VA",5.69183715339505,"Perceptual",NA,4.653,1.22326179956911,3421
"34","Stick4_Adjusted_VA",NA,"Adjusted",NA,4.653,NA,3421
"34","Lamp1_Perceptual_VA",NA,"Perceptual",NA,0.2737,NA,6280
"34","Lamp1_Adjusted_VA",NA,"Adjusted",NA,0.2737,NA,6280
"34","Lamp2_Perceptual_VA",NA,"Perceptual",NA,0.8509,NA,2020
"34","Lamp2_Adjusted_VA",NA,"Adjusted",NA,0.8509,NA,2020
"34","Lamp3_Perceptual_VA",NA,"Perceptual",NA,0.3419,NA,5027
"34","Lamp3_Adjusted_VA",NA,"Adjusted",NA,0.3419,NA,5027
"34","Lamp4_Perceptual_VA",NA,"Perceptual",NA,0.5024,NA,3421
"34","Lamp4_Adjusted_VA",NA,"Adjusted",NA,0.5024,NA,3421
"34","Lamp1a_Perceptual_VA",NA,"Perceptual",NA,0.2577,NA,6670
"34","Lamp1a_Adjusted_VA",NA,"Adjusted",NA,0.2577,NA,6670
"34","Lamp2a_Perceptual_VA",NA,"Perceptual",NA,0.7639,NA,2250
"34","Lamp2a_Adjusted_VA",NA,"Adjusted",NA,0.7639,NA,2250
"34","Lamp3a_Perceptual_VA",NA,"Perceptual",NA,0.3515,NA,4890
"34","Lamp3a_Adjusted_VA",NA,"Adjusted",NA,0.3515,NA,4890
"34","Lamp4a_Perceptual_VA",NA,"Perceptual",NA,0.5322,NA,3230
"34","Lamp4a_Adjusted_VA",NA,"Adjusted",NA,0.5322,NA,3230
"34","Moon1_Perceptual_VA",0.572953020554149,"Perceptual",NA,0.52,1.1018327318349,6060
"34","Moon1_Adjusted_VA",0.312521658862171,"Adjusted",NA,0.52,0.601003190119559,6060
"34","Moon2_Perceptual_VA",1.05773819557891,"Perceptual",NA,1.5149,0.698223114119022,2080
"34","Moon2_Adjusted_VA",1.04434985062509,"Adjusted",NA,1.5149,0.689385339378898,2080
"34","Moon3_Perceptual_VA",0.716187918647142,"Perceptual",NA,0.6676,1.07277998599033,4720
"34","Moon3_Adjusted_VA",0.458363791508201,"Adjusted",NA,0.6676,0.686584469005693,4720
"34","Moon4_Perceptual_VA",0.859420578802087,"Perceptual",NA,0.96,0.895229769585508,3270
"34","Moon4_Adjusted_VA",0.692870750339188,"Adjusted",NA,0.96,0.721740364936654,3270
"35","Stick1_Perceptual_VA",NA,"Perceptual",NA,2.537,NA,6280
"35","Stick1_Adjusted_VA",NA,"Adjusted",NA,2.537,NA,6280
"35","Stick2_Perceptual_VA",NA,"Perceptual",NA,7.848,NA,2020
"35","Stick2_Adjusted_VA",NA,"Adjusted",NA,7.848,NA,2020
"35","Stick3_Perceptual_VA",NA,"Perceptual",NA,3.17,NA,5027
"35","Stick3_Adjusted_VA",NA,"Adjusted",NA,3.17,NA,5027
"35","Stick4_Perceptual_VA",NA,"Perceptual",NA,4.653,NA,3421
"35","Stick4_Adjusted_VA",NA,"Adjusted",NA,4.653,NA,3421
"35","Lamp1_Perceptual_VA",NA,"Perceptual",NA,0.2737,NA,6280
"35","Lamp1_Adjusted_VA",NA,"Adjusted",NA,0.2737,NA,6280
"35","Lamp2_Perceptual_VA",NA,"Perceptual",NA,0.8509,NA,2020
"35","Lamp2_Adjusted_VA",NA,"Adjusted",NA,0.8509,NA,2020
"35","Lamp3_Perceptual_VA",NA,"Perceptual",NA,0.3419,NA,5027
"35","Lamp3_Adjusted_VA",NA,"Adjusted",NA,0.3419,NA,5027
"35","Lamp4_Perceptual_VA",NA,"Perceptual",NA,0.5024,NA,3421
"35","Lamp4_Adjusted_VA",NA,"Adjusted",NA,0.5024,NA,3421
"35","Lamp1a_Perceptual_VA",NA,"Perceptual",NA,0.2577,NA,6670
"35","Lamp1a_Adjusted_VA",NA,"Adjusted",NA,0.2577,NA,6670
"35","Lamp2a_Perceptual_VA",NA,"Perceptual",NA,0.7639,NA,2250
"35","Lamp2a_Adjusted_VA",NA,"Adjusted",NA,0.7639,NA,2250
"35","Lamp3a_Perceptual_VA",NA,"Perceptual",NA,0.3515,NA,4890
"35","Lamp3a_Adjusted_VA",NA,"Adjusted",NA,0.3515,NA,4890
"35","Lamp4a_Perceptual_VA",NA,"Perceptual",NA,0.5322,NA,3230
"35","Lamp4a_Adjusted_VA",NA,"Adjusted",NA,0.5322,NA,3230
"35","Moon1_Perceptual_VA",0.711248818915873,"Perceptual",NA,0.52,1.36778619022283,6060
"35","Moon1_Adjusted_VA",0.337033025301154,"Adjusted",NA,0.52,0.648140433271449,6060
"35","Moon2_Perceptual_VA",1.61010300942674,"Perceptual",NA,1.5149,1.0628444183951,2080
"35","Moon2_Adjusted_VA",1.06800690662508,"Adjusted",NA,1.5149,0.705001588636263,2080
"35","Moon3_Perceptual_VA",0.770517836025137,"Perceptual",NA,0.6676,1.15416092873747,4720
"35","Moon3_Adjusted_VA",0.504976482825877,"Adjusted",NA,0.6676,0.756405756180163,4720
"35","Moon4_Perceptual_VA",1.20514265306009,"Perceptual",NA,0.96,1.25535693027093,3270
"35","Moon4_Adjusted_VA",0.66004008054003,"Adjusted",NA,0.96,0.687541750562531,3270
"36","Stick1_Perceptual_VA",NA,"Perceptual",NA,2.537,NA,6280
"36","Stick1_Adjusted_VA",NA,"Adjusted",NA,2.537,NA,6280
"36","Stick2_Perceptual_VA",NA,"Perceptual",NA,7.848,NA,2020
"36","Stick2_Adjusted_VA",NA,"Adjusted",NA,7.848,NA,2020
"36","Stick3_Perceptual_VA",NA,"Perceptual",NA,3.17,NA,5027
"36","Stick3_Adjusted_VA",NA,"Adjusted",NA,3.17,NA,5027
"36","Stick4_Perceptual_VA",NA,"Perceptual",NA,4.653,NA,3421
"36","Stick4_Adjusted_VA",NA,"Adjusted",NA,4.653,NA,3421
"36","Lamp1_Perceptual_VA",NA,"Perceptual",NA,0.2737,NA,6280
"36","Lamp1_Adjusted_VA",NA,"Adjusted",NA,0.2737,NA,6280
"36","Lamp2_Perceptual_VA",NA,"Perceptual",NA,0.8509,NA,2020
"36","Lamp2_Adjusted_VA",NA,"Adjusted",NA,0.8509,NA,2020
"36","Lamp3_Perceptual_VA",NA,"Perceptual",NA,0.3419,NA,5027
"36","Lamp3_Adjusted_VA",NA,"Adjusted",NA,0.3419,NA,5027
"36","Lamp4_Perceptual_VA",NA,"Perceptual",NA,0.5024,NA,3421
"36","Lamp4_Adjusted_VA",NA,"Adjusted",NA,0.5024,NA,3421
"36","Lamp1a_Perceptual_VA",NA,"Perceptual",NA,0.2577,NA,6670
"36","Lamp1a_Adjusted_VA",NA,"Adjusted",NA,0.2577,NA,6670
"36","Lamp2a_Perceptual_VA",NA,"Perceptual",NA,0.7639,NA,2250
"36","Lamp2a_Adjusted_VA",NA,"Adjusted",NA,0.7639,NA,2250
"36","Lamp3a_Perceptual_VA",NA,"Perceptual",NA,0.3515,NA,4890
"36","Lamp3a_Adjusted_VA",NA,"Adjusted",NA,0.3515,NA,4890
"36","Lamp4a_Perceptual_VA",NA,"Perceptual",NA,0.5322,NA,3230
"36","Lamp4a_Adjusted_VA",NA,"Adjusted",NA,0.5322,NA,3230
"36","Moon1_Perceptual_VA",0.572953020554149,"Perceptual",NA,0.52,1.1018327318349,6060
"36","Moon1_Adjusted_VA",0.377773001842421,"Adjusted",NA,0.52,0.726486542004655,6060
"36","Moon2_Perceptual_VA",2.14833999674524,"Perceptual",NA,1.5149,1.41813980906016,2080
"36","Moon2_Adjusted_VA",1.1055726971215,"Adjusted",NA,1.5149,0.729799126755234,2080
"36","Moon3_Perceptual_VA",0.763932409458051,"Perceptual",NA,0.6676,1.14429659894855,4720
"36","Moon3_Adjusted_VA",0.465585032750433,"Adjusted",NA,0.6676,0.697401187463201,4720
"36","Moon4_Perceptual_VA",1.51188422710866,"Perceptual",NA,0.96,1.57487940323819,3270
"36","Moon4_Adjusted_VA",0.687541103742946,"Adjusted",NA,0.96,0.716188649732236,3270
"37","Stick1_Perceptual_VA",NA,"Perceptual",NA,2.537,NA,6280
"37","Stick1_Adjusted_VA",NA,"Adjusted",NA,2.537,NA,6280
"37","Stick2_Perceptual_VA",NA,"Perceptual",NA,7.848,NA,2020
"37","Stick2_Adjusted_VA",NA,"Adjusted",NA,7.848,NA,2020
"37","Stick3_Perceptual_VA",NA,"Perceptual",NA,3.17,NA,5027
"37","Stick3_Adjusted_VA",NA,"Adjusted",NA,3.17,NA,5027
"37","Stick4_Perceptual_VA",NA,"Perceptual",NA,4.653,NA,3421
"37","Stick4_Adjusted_VA",NA,"Adjusted",NA,4.653,NA,3421
"37","Lamp1_Perceptual_VA",NA,"Perceptual",NA,0.2737,NA,6280
"37","Lamp1_Adjusted_VA",NA,"Adjusted",NA,0.2737,NA,6280
"37","Lamp2_Perceptual_VA",NA,"Perceptual",NA,0.8509,NA,2020
"37","Lamp2_Adjusted_VA",NA,"Adjusted",NA,0.8509,NA,2020
"37","Lamp3_Perceptual_VA",NA,"Perceptual",NA,0.3419,NA,5027
"37","Lamp3_Adjusted_VA",NA,"Adjusted",NA,0.3419,NA,5027
"37","Lamp4_Perceptual_VA",NA,"Perceptual",NA,0.5024,NA,3421
"37","Lamp4_Adjusted_VA",NA,"Adjusted",NA,0.5024,NA,3421
"37","Lamp1a_Perceptual_VA",NA,"Perceptual",NA,0.2577,NA,6670
"37","Lamp1a_Adjusted_VA",NA,"Adjusted",NA,0.2577,NA,6670
"37","Lamp2a_Perceptual_VA",NA,"Perceptual",NA,0.7639,NA,2250
"37","Lamp2a_Adjusted_VA",NA,"Adjusted",NA,0.7639,NA,2250
"37","Lamp3a_Perceptual_VA",NA,"Perceptual",NA,0.3515,NA,4890
"37","Lamp3a_Adjusted_VA",NA,"Adjusted",NA,0.3515,NA,4890
"37","Lamp4a_Perceptual_VA",NA,"Perceptual",NA,0.5322,NA,3230
"37","Lamp4a_Adjusted_VA",NA,"Adjusted",NA,0.5322,NA,3230
"37","Moon1_Perceptual_VA",0.943673859023845,"Perceptual",NA,0.52,1.8147574211997,6060
"37","Moon1_Adjusted_VA",0.438142061163488,"Adjusted",NA,0.52,0.842580886852861,6060
"37","Moon2_Perceptual_VA",2.59953053617955,"Perceptual",NA,1.5149,1.71597500572945,2080
"37","Moon2_Adjusted_VA",1.24263308515393,"Adjusted",NA,1.5149,0.820274001685872,2080
"37","Moon3_Perceptual_VA",1.17476306169338,"Perceptual",NA,0.6676,1.75968103908535,4720
"37","Moon3_Adjusted_VA",0.568579405435038,"Adjusted",NA,0.6676,0.851676760687595,4720
"37","Moon4_Perceptual_VA",1.56951731918571,"Perceptual",NA,0.96,1.63491387415178,3270
"37","Moon4_Adjusted_VA",0.726115012019391,"Adjusted",NA,0.96,0.756369804186866,3270
"38","Stick1_Perceptual_VA",NA,"Perceptual",NA,2.537,NA,6280
"38","Stick1_Adjusted_VA",NA,"Adjusted",NA,2.537,NA,6280
"38","Stick2_Perceptual_VA",NA,"Perceptual",NA,7.848,NA,2020
"38","Stick2_Adjusted_VA",NA,"Adjusted",NA,7.848,NA,2020
"38","Stick3_Perceptual_VA",NA,"Perceptual",NA,3.17,NA,5027
"38","Stick3_Adjusted_VA",NA,"Adjusted",NA,3.17,NA,5027
"38","Stick4_Perceptual_VA",NA,"Perceptual",NA,4.653,NA,3421
"38","Stick4_Adjusted_VA",NA,"Adjusted",NA,4.653,NA,3421
"38","Lamp1_Perceptual_VA",NA,"Perceptual",NA,0.2737,NA,6280
"38","Lamp1_Adjusted_VA",NA,"Adjusted",NA,0.2737,NA,6280
"38","Lamp2_Perceptual_VA",NA,"Perceptual",NA,0.8509,NA,2020
"38","Lamp2_Adjusted_VA",NA,"Adjusted",NA,0.8509,NA,2020
"38","Lamp3_Perceptual_VA",NA,"Perceptual",NA,0.3419,NA,5027
"38","Lamp3_Adjusted_VA",NA,"Adjusted",NA,0.3419,NA,5027
"38","Lamp4_Perceptual_VA",NA,"Perceptual",NA,0.5024,NA,3421
"38","Lamp4_Adjusted_VA",NA,"Adjusted",NA,0.5024,NA,3421
"38","Lamp1a_Perceptual_VA",NA,"Perceptual",NA,0.2577,NA,6670
"38","Lamp1a_Adjusted_VA",NA,"Adjusted",NA,0.2577,NA,6670
"38","Lamp2a_Perceptual_VA",NA,"Perceptual",NA,0.7639,NA,2250
"38","Lamp2a_Adjusted_VA",NA,"Adjusted",NA,0.7639,NA,2250
"38","Lamp3a_Perceptual_VA",NA,"Perceptual",NA,0.3515,NA,4890
"38","Lamp3a_Adjusted_VA",NA,"Adjusted",NA,0.3515,NA,4890
"38","Lamp4a_Perceptual_VA",NA,"Perceptual",NA,0.5322,NA,3230
"38","Lamp4a_Adjusted_VA",NA,"Adjusted",NA,0.5322,NA,3230
"38","Moon1_Perceptual_VA",0.769164666596614,"Perceptual",NA,0.52,1.4791628203781,6060
"38","Moon1_Adjusted_VA",0.496898336208628,"Adjusted",NA,0.52,0.95557372347813,6060
"38","Moon2_Perceptual_VA",1.68735647370734,"Perceptual",NA,1.5149,1.11384017011509,2080
"38","Moon2_Adjusted_VA",1.18206046970809,"Adjusted",NA,1.5149,0.780289438054054,2080
"38","Moon3_Perceptual_VA",0.957523618089764,"Perceptual",NA,0.6676,1.43427743872044,4720
"38","Moon3_Adjusted_VA",0.513682858260855,"Adjusted",NA,0.6676,0.769447061505175,4720
"38","Moon4_Perceptual_VA",1.27929096791041,"Perceptual",NA,0.96,1.33259475824001,3270
"38","Moon4_Adjusted_VA",0.703781828483644,"Adjusted",NA,0.96,0.73310607133713,3270
"39","Stick1_Perceptual_VA",NA,"Perceptual",NA,2.537,NA,6280
"39","Stick1_Adjusted_VA",NA,"Adjusted",NA,2.537,NA,6280
"39","Stick2_Perceptual_VA",NA,"Perceptual",NA,7.848,NA,2020
"39","Stick2_Adjusted_VA",NA,"Adjusted",NA,7.848,NA,2020
"39","Stick3_Perceptual_VA",NA,"Perceptual",NA,3.17,NA,5027
"39","Stick3_Adjusted_VA",NA,"Adjusted",NA,3.17,NA,5027
"39","Stick4_Perceptual_VA",NA,"Perceptual",NA,4.653,NA,3421
"39","Stick4_Adjusted_VA",NA,"Adjusted",NA,4.653,NA,3421
"39","Lamp1_Perceptual_VA",NA,"Perceptual",NA,0.2737,NA,6280
"39","Lamp1_Adjusted_VA",NA,"Adjusted",NA,0.2737,NA,6280
"39","Lamp2_Perceptual_VA",NA,"Perceptual",NA,0.8509,NA,2020
"39","Lamp2_Adjusted_VA",NA,"Adjusted",NA,0.8509,NA,2020
"39","Lamp3_Perceptual_VA",NA,"Perceptual",NA,0.3419,NA,5027
"39","Lamp3_Adjusted_VA",NA,"Adjusted",NA,0.3419,NA,5027
"39","Lamp4_Perceptual_VA",NA,"Perceptual",NA,0.5024,NA,3421
"39","Lamp4_Adjusted_VA",NA,"Adjusted",NA,0.5024,NA,3421
"39","Lamp1a_Perceptual_VA",NA,"Perceptual",NA,0.2577,NA,6670
"39","Lamp1a_Adjusted_VA",NA,"Adjusted",NA,0.2577,NA,6670
"39","Lamp2a_Perceptual_VA",NA,"Perceptual",NA,0.7639,NA,2250
"39","Lamp2a_Adjusted_VA",NA,"Adjusted",NA,0.7639,NA,2250
"39","Lamp3a_Perceptual_VA",NA,"Perceptual",NA,0.3515,NA,4890
"39","Lamp3a_Adjusted_VA",NA,"Adjusted",NA,0.3515,NA,4890
"39","Lamp4a_Perceptual_VA",NA,"Perceptual",NA,0.5322,NA,3230
"39","Lamp4a_Adjusted_VA",NA,"Adjusted",NA,0.5322,NA,3230
"39","Moon1_Perceptual_VA",2.13430181664235,"Perceptual",NA,0.52,4.10442657046605,6060
"39","Moon1_Adjusted_VA",0.636613222902732,"Adjusted",NA,0.52,1.22425619788987,6060
"39","Moon2_Perceptual_VA",3.70608126165302,"Perceptual",NA,1.5149,2.44641973836756,2080
"39","Moon2_Adjusted_VA",1.33002086862535,"Adjusted",NA,1.5149,0.877959514572149,2080
"39","Moon3_Perceptual_VA",2.13430181664235,"Perceptual",NA,0.6676,3.19697695722341,4720
"39","Moon3_Adjusted_VA",0.572953020554149,"Adjusted",NA,0.6676,0.858228011614963,4720
"39","Moon4_Perceptual_VA",3.03259780080651,"Perceptual",NA,0.96,3.15895604250678,3270
"39","Moon4_Adjusted_VA",0.931035929808642,"Adjusted",NA,0.96,0.969829093550669,3270
"40","Stick1_Perceptual_VA",NA,"Perceptual",NA,2.537,NA,6280
"40","Stick1_Adjusted_VA",NA,"Adjusted",NA,2.537,NA,6280
"40","Stick2_Perceptual_VA",NA,"Perceptual",NA,7.848,NA,2020
"40","Stick2_Adjusted_VA",NA,"Adjusted",NA,7.848,NA,2020
"40","Stick3_Perceptual_VA",NA,"Perceptual",NA,3.17,NA,5027
"40","Stick3_Adjusted_VA",NA,"Adjusted",NA,3.17,NA,5027
"40","Stick4_Perceptual_VA",NA,"Perceptual",NA,4.653,NA,3421
"40","Stick4_Adjusted_VA",NA,"Adjusted",NA,4.653,NA,3421
"40","Lamp1_Perceptual_VA",NA,"Perceptual",NA,0.2737,NA,6280
"40","Lamp1_Adjusted_VA",NA,"Adjusted",NA,0.2737,NA,6280
"40","Lamp2_Perceptual_VA",NA,"Perceptual",NA,0.8509,NA,2020
"40","Lamp2_Adjusted_VA",NA,"Adjusted",NA,0.8509,NA,2020
"40","Lamp3_Perceptual_VA",NA,"Perceptual",NA,0.3419,NA,5027
"40","Lamp3_Adjusted_VA",NA,"Adjusted",NA,0.3419,NA,5027
"40","Lamp4_Perceptual_VA",NA,"Perceptual",NA,0.5024,NA,3421
"40","Lamp4_Adjusted_VA",NA,"Adjusted",NA,0.5024,NA,3421
"40","Lamp1a_Perceptual_VA",NA,"Perceptual",NA,0.2577,NA,6670
"40","Lamp1a_Adjusted_VA",NA,"Adjusted",NA,0.2577,NA,6670
"40","Lamp2a_Perceptual_VA",NA,"Perceptual",NA,0.7639,NA,2250
"40","Lamp2a_Adjusted_VA",NA,"Adjusted",NA,0.7639,NA,2250
"40","Lamp3a_Perceptual_VA",NA,"Perceptual",NA,0.3515,NA,4890
"40","Lamp3a_Adjusted_VA",NA,"Adjusted",NA,0.3515,NA,4890
"40","Lamp4a_Perceptual_VA",NA,"Perceptual",NA,0.5322,NA,3230
"40","Lamp4a_Adjusted_VA",NA,"Adjusted",NA,0.5322,NA,3230
"40","Moon1_Perceptual_VA",0.919728289724227,"Perceptual",NA,0.52,1.76870824946967,6060
"40","Moon1_Adjusted_VA",0.412369228200872,"Adjusted",NA,0.52,0.793017746540139,6060
"40","Moon2_Perceptual_VA",2.03529390911587,"Perceptual",NA,1.5149,1.34351700383911,2080
"40","Moon2_Adjusted_VA",1.13018146971724,"Adjusted",NA,1.5149,0.746043613253177,2080
"40","Moon3_Perceptual_VA",1.08557176724372,"Perceptual",NA,0.6676,1.6260811372734,4720
"40","Moon3_Adjusted_VA",0.670772196376542,"Adjusted",NA,0.6676,1.00475164226564,4720
"40","Moon4_Perceptual_VA",1.43231989094082,"Perceptual",NA,0.96,1.49199988639668,3270
"40","Moon4_Adjusted_VA",0.798035455758009,"Adjusted",NA,0.96,0.83128693308126,3270
"41","Stick1_Perceptual_VA",NA,"Perceptual",NA,2.537,NA,6280
"41","Stick1_Adjusted_VA",NA,"Adjusted",NA,2.537,NA,6280
"41","Stick2_Perceptual_VA",NA,"Perceptual",NA,7.848,NA,2020
"41","Stick2_Adjusted_VA",NA,"Adjusted",NA,7.848,NA,2020
"41","Stick3_Perceptual_VA",NA,"Perceptual",NA,3.17,NA,5027
"41","Stick3_Adjusted_VA",NA,"Adjusted",NA,3.17,NA,5027
"41","Stick4_Perceptual_VA",NA,"Perceptual",NA,4.653,NA,3421
"41","Stick4_Adjusted_VA",NA,"Adjusted",NA,4.653,NA,3421
"41","Lamp1_Perceptual_VA",NA,"Perceptual",NA,0.2737,NA,6280
"41","Lamp1_Adjusted_VA",NA,"Adjusted",NA,0.2737,NA,6280
"41","Lamp2_Perceptual_VA",NA,"Perceptual",NA,0.8509,NA,2020
"41","Lamp2_Adjusted_VA",NA,"Adjusted",NA,0.8509,NA,2020
"41","Lamp3_Perceptual_VA",NA,"Perceptual",NA,0.3419,NA,5027
"41","Lamp3_Adjusted_VA",NA,"Adjusted",NA,0.3419,NA,5027
"41","Lamp4_Perceptual_VA",NA,"Perceptual",NA,0.5024,NA,3421
"41","Lamp4_Adjusted_VA",NA,"Adjusted",NA,0.5024,NA,3421
"41","Lamp1a_Perceptual_VA",NA,"Perceptual",NA,0.2577,NA,6670
"41","Lamp1a_Adjusted_VA",NA,"Adjusted",NA,0.2577,NA,6670
"41","Lamp2a_Perceptual_VA",NA,"Perceptual",NA,0.7639,NA,2250
"41","Lamp2a_Adjusted_VA",NA,"Adjusted",NA,0.7639,NA,2250
"41","Lamp3a_Perceptual_VA",NA,"Perceptual",NA,0.3515,NA,4890
"41","Lamp3a_Adjusted_VA",NA,"Adjusted",NA,0.3515,NA,4890
"41","Lamp4a_Perceptual_VA",NA,"Perceptual",NA,0.5322,NA,3230
"41","Lamp4a_Adjusted_VA",NA,"Adjusted",NA,0.5322,NA,3230
"41","Moon1_Perceptual_VA",0.743286174739155,"Perceptual",NA,0.52,1.42939648988299,6060
"41","Moon1_Adjusted_VA",0.431919984739736,"Adjusted",NA,0.52,0.830615355268723,6060
"41","Moon2_Perceptual_VA",1.66455758859699,"Perceptual",NA,1.5149,1.09879040768169,2080
"41","Moon2_Adjusted_VA",1.13656193244754,"Adjusted",NA,1.5149,0.750255417814736,2080
"41","Moon3_Perceptual_VA",0.94458469988587,"Perceptual",NA,0.6676,1.41489619515559,4720
"41","Moon3_Adjusted_VA",0.608031137496004,"Adjusted",NA,0.6676,0.910771625967651,4720
"41","Moon4_Perceptual_VA",1.47102704255262,"Perceptual",NA,0.96,1.53231983599231,3270
"41","Moon4_Adjusted_VA",0.791411133898011,"Adjusted",NA,0.96,0.824386597810428,3270
"42","Stick1_Perceptual_VA",NA,"Perceptual",NA,2.537,NA,6280
"42","Stick1_Adjusted_VA",NA,"Adjusted",NA,2.537,NA,6280
"42","Stick2_Perceptual_VA",NA,"Perceptual",NA,7.848,NA,2020
"42","Stick2_Adjusted_VA",NA,"Adjusted",NA,7.848,NA,2020
"42","Stick3_Perceptual_VA",NA,"Perceptual",NA,3.17,NA,5027
"42","Stick3_Adjusted_VA",NA,"Adjusted",NA,3.17,NA,5027
"42","Stick4_Perceptual_VA",NA,"Perceptual",NA,4.653,NA,3421
"42","Stick4_Adjusted_VA",NA,"Adjusted",NA,4.653,NA,3421
"42","Lamp1_Perceptual_VA",NA,"Perceptual",NA,0.2737,NA,6280
"42","Lamp1_Adjusted_VA",NA,"Adjusted",NA,0.2737,NA,6280
"42","Lamp2_Perceptual_VA",NA,"Perceptual",NA,0.8509,NA,2020
"42","Lamp2_Adjusted_VA",NA,"Adjusted",NA,0.8509,NA,2020
"42","Lamp3_Perceptual_VA",NA,"Perceptual",NA,0.3419,NA,5027
"42","Lamp3_Adjusted_VA",NA,"Adjusted",NA,0.3419,NA,5027
"42","Lamp4_Perceptual_VA",NA,"Perceptual",NA,0.5024,NA,3421
"42","Lamp4_Adjusted_VA",NA,"Adjusted",NA,0.5024,NA,3421
"42","Lamp1a_Perceptual_VA",NA,"Perceptual",NA,0.2577,NA,6670
"42","Lamp1a_Adjusted_VA",NA,"Adjusted",NA,0.2577,NA,6670
"42","Lamp2a_Perceptual_VA",NA,"Perceptual",NA,0.7639,NA,2250
"42","Lamp2a_Adjusted_VA",NA,"Adjusted",NA,0.7639,NA,2250
"42","Lamp3a_Perceptual_VA",NA,"Perceptual",NA,0.3515,NA,4890
"42","Lamp3a_Adjusted_VA",NA,"Adjusted",NA,0.3515,NA,4890
"42","Lamp4a_Perceptual_VA",NA,"Perceptual",NA,0.5322,NA,3230
"42","Lamp4a_Adjusted_VA",NA,"Adjusted",NA,0.5322,NA,3230
"42","Moon1_Perceptual_VA",0.94458469988587,"Perceptual",NA,0.52,1.81650903824206,6060
"42","Moon1_Adjusted_VA",0.693318619664842,"Adjusted",NA,0.52,1.333305037817,6060
"42","Moon2_Perceptual_VA",1.47102704255262,"Perceptual",NA,1.5149,0.971039040565463,2080
"42","Moon2_Adjusted_VA",1.31882574964045,"Adjusted",NA,1.5149,0.87056950930124,2080
"42","Moon3_Perceptual_VA",1.11490971756358,"Perceptual",NA,0.6676,1.6700265391905,4720
"42","Moon3_Adjusted_VA",0.709367256417357,"Adjusted",NA,0.6676,1.06256329601162,4720
"42","Moon4_Perceptual_VA",1.26200465952468,"Perceptual",NA,0.96,1.31458818700488,3270
"42","Moon4_Adjusted_VA",0.819692061787062,"Adjusted",NA,0.96,0.853845897694856,3270
"43","Stick1_Perceptual_VA",NA,"Perceptual",NA,2.537,NA,6280
"43","Stick1_Adjusted_VA",NA,"Adjusted",NA,2.537,NA,6280
"43","Stick2_Perceptual_VA",NA,"Perceptual",NA,7.848,NA,2020
"43","Stick2_Adjusted_VA",NA,"Adjusted",NA,7.848,NA,2020
"43","Stick3_Perceptual_VA",NA,"Perceptual",NA,3.17,NA,5027
"43","Stick3_Adjusted_VA",NA,"Adjusted",NA,3.17,NA,5027
"43","Stick4_Perceptual_VA",NA,"Perceptual",NA,4.653,NA,3421
"43","Stick4_Adjusted_VA",NA,"Adjusted",NA,4.653,NA,3421
"43","Lamp1_Perceptual_VA",NA,"Perceptual",NA,0.2737,NA,6280
"43","Lamp1_Adjusted_VA",NA,"Adjusted",NA,0.2737,NA,6280
"43","Lamp2_Perceptual_VA",NA,"Perceptual",NA,0.8509,NA,2020
"43","Lamp2_Adjusted_VA",NA,"Adjusted",NA,0.8509,NA,2020
"43","Lamp3_Perceptual_VA",NA,"Perceptual",NA,0.3419,NA,5027
"43","Lamp3_Adjusted_VA",NA,"Adjusted",NA,0.3419,NA,5027
"43","Lamp4_Perceptual_VA",NA,"Perceptual",NA,0.5024,NA,3421
"43","Lamp4_Adjusted_VA",NA,"Adjusted",NA,0.5024,NA,3421
"43","Lamp1a_Perceptual_VA",NA,"Perceptual",NA,0.2577,NA,6670
"43","Lamp1a_Adjusted_VA",NA,"Adjusted",NA,0.2577,NA,6670
"43","Lamp2a_Perceptual_VA",NA,"Perceptual",NA,0.7639,NA,2250
"43","Lamp2a_Adjusted_VA",NA,"Adjusted",NA,0.7639,NA,2250
"43","Lamp3a_Perceptual_VA",NA,"Perceptual",NA,0.3515,NA,4890
"43","Lamp3a_Adjusted_VA",NA,"Adjusted",NA,0.3515,NA,4890
"43","Lamp4a_Perceptual_VA",NA,"Perceptual",NA,0.5322,NA,3230
"43","Lamp4a_Adjusted_VA",NA,"Adjusted",NA,0.5322,NA,3230
"43","Moon1_Perceptual_VA",0.891249709902549,"Perceptual",NA,0.52,1.71394174981259,6060
"43","Moon1_Adjusted_VA",0.361866878256866,"Adjusted",NA,0.52,0.695897842801665,6060
"43","Moon2_Perceptual_VA",1.95514241782868,"Perceptual",NA,1.5149,1.29060823673422,2080
"43","Moon2_Adjusted_VA",1.35067852845297,"Adjusted",NA,1.5149,0.891595833687354,2080
"43","Moon3_Perceptual_VA",1.3095608045354,"Perceptual",NA,0.6676,1.96159497383972,4720
"43","Moon3_Adjusted_VA",0.595870736193214,"Adjusted",NA,0.6676,0.892556525154604,4720
"43","Moon4_Perceptual_VA",1.72783699880744,"Perceptual",NA,0.96,1.79983020709109,3270
"43","Moon4_Adjusted_VA",0.788055841834024,"Adjusted",NA,0.96,0.820891501910442,3270
"44","Stick1_Perceptual_VA",NA,"Perceptual",NA,2.537,NA,6280
"44","Stick1_Adjusted_VA",NA,"Adjusted",NA,2.537,NA,6280
"44","Stick2_Perceptual_VA",NA,"Perceptual",NA,7.848,NA,2020
"44","Stick2_Adjusted_VA",NA,"Adjusted",NA,7.848,NA,2020
"44","Stick3_Perceptual_VA",NA,"Perceptual",NA,3.17,NA,5027
"44","Stick3_Adjusted_VA",NA,"Adjusted",NA,3.17,NA,5027
"44","Stick4_Perceptual_VA",NA,"Perceptual",NA,4.653,NA,3421
"44","Stick4_Adjusted_VA",NA,"Adjusted",NA,4.653,NA,3421
"44","Lamp1_Perceptual_VA",NA,"Perceptual",NA,0.2737,NA,6280
"44","Lamp1_Adjusted_VA",NA,"Adjusted",NA,0.2737,NA,6280
"44","Lamp2_Perceptual_VA",NA,"Perceptual",NA,0.8509,NA,2020
"44","Lamp2_Adjusted_VA",NA,"Adjusted",NA,0.8509,NA,2020
"44","Lamp3_Perceptual_VA",NA,"Perceptual",NA,0.3419,NA,5027
"44","Lamp3_Adjusted_VA",NA,"Adjusted",NA,0.3419,NA,5027
"44","Lamp4_Perceptual_VA",NA,"Perceptual",NA,0.5024,NA,3421
"44","Lamp4_Adjusted_VA",NA,"Adjusted",NA,0.5024,NA,3421
"44","Lamp1a_Perceptual_VA",NA,"Perceptual",NA,0.2577,NA,6670
"44","Lamp1a_Adjusted_VA",NA,"Adjusted",NA,0.2577,NA,6670
"44","Lamp2a_Perceptual_VA",NA,"Perceptual",NA,0.7639,NA,2250
"44","Lamp2a_Adjusted_VA",NA,"Adjusted",NA,0.7639,NA,2250
"44","Lamp3a_Perceptual_VA",NA,"Perceptual",NA,0.3515,NA,4890
"44","Lamp3a_Adjusted_VA",NA,"Adjusted",NA,0.3515,NA,4890
"44","Lamp4a_Perceptual_VA",NA,"Perceptual",NA,0.5322,NA,3230
"44","Lamp4a_Adjusted_VA",NA,"Adjusted",NA,0.5322,NA,3230
"44","Moon1_Perceptual_VA",0.677124058646317,"Perceptual",NA,0.52,1.30216165124292,6060
"44","Moon1_Adjusted_VA",0.578859652753886,"Adjusted",NA,0.52,1.11319163991132,6060
"44","Moon2_Perceptual_VA",1.4149602132169,"Perceptual",NA,1.5149,0.93402878950221,2080
"44","Moon2_Adjusted_VA",1.14587739536697,"Adjusted",NA,1.5149,0.756404644113124,2080
"44","Moon3_Perceptual_VA",0.625038668734024,"Perceptual",NA,0.6676,0.936247256941318,4720
"44","Moon3_Adjusted_VA",0.659147715664571,"Adjusted",NA,0.6676,0.987339298478986,4720
"44","Moon4_Perceptual_VA",0.833378463587148,"Perceptual",NA,0.96,0.868102566236612,3270
"44","Moon4_Adjusted_VA",0.887142732868295,"Adjusted",NA,0.96,0.924107013404475,3270
"45","Stick1_Perceptual_VA",NA,"Perceptual",NA,2.537,NA,6280
"45","Stick1_Adjusted_VA",NA,"Adjusted",NA,2.537,NA,6280
"45","Stick2_Perceptual_VA",NA,"Perceptual",NA,7.848,NA,2020
"45","Stick2_Adjusted_VA",NA,"Adjusted",NA,7.848,NA,2020
"45","Stick3_Perceptual_VA",NA,"Perceptual",NA,3.17,NA,5027
"45","Stick3_Adjusted_VA",NA,"Adjusted",NA,3.17,NA,5027
"45","Stick4_Perceptual_VA",NA,"Perceptual",NA,4.653,NA,3421
"45","Stick4_Adjusted_VA",NA,"Adjusted",NA,4.653,NA,3421
"45","Lamp1_Perceptual_VA",NA,"Perceptual",NA,0.2737,NA,6280
"45","Lamp1_Adjusted_VA",NA,"Adjusted",NA,0.2737,NA,6280
"45","Lamp2_Perceptual_VA",NA,"Perceptual",NA,0.8509,NA,2020
"45","Lamp2_Adjusted_VA",NA,"Adjusted",NA,0.8509,NA,2020
"45","Lamp3_Perceptual_VA",NA,"Perceptual",NA,0.3419,NA,5027
"45","Lamp3_Adjusted_VA",NA,"Adjusted",NA,0.3419,NA,5027
"45","Lamp4_Perceptual_VA",NA,"Perceptual",NA,0.5024,NA,3421
"45","Lamp4_Adjusted_VA",NA,"Adjusted",NA,0.5024,NA,3421
"45","Lamp1a_Perceptual_VA",2.80693166576533,"Perceptual",NA,0.2577,10.8922455016117,6670
"45","Lamp1a_Adjusted_VA",0.524761415107994,"Adjusted",NA,0.2577,2.03632679514161,6670
"45","Lamp2a_Perceptual_VA",2.62559699395004,"Perceptual",NA,0.7639,3.43709516160497,2250
"45","Lamp2a_Adjusted_VA",1.31882574964045,"Adjusted",NA,0.7639,1.7264376877084,2250
"45","Lamp3a_Perceptual_VA",1.2970573908472,"Perceptual",NA,0.3515,3.69006370084551,4890
"45","Lamp3a_Adjusted_VA",0.496560314362531,"Adjusted",NA,0.3515,1.41268937229739,4890
"45","Lamp4a_Perceptual_VA",1.71078852195229,"Perceptual",NA,0.5322,3.21455941742257,3230
"45","Lamp4a_Adjusted_VA",0.770517836025137,"Adjusted",NA,0.5322,1.44779751226068,3230
"45","Moon1_Perceptual_VA",0.970821925241984,"Perceptual",NA,0.52,1.86696524084997,6060
"45","Moon1_Adjusted_VA",0.532222371336866,"Adjusted",NA,0.52,1.0235045602632,6060
"45","Moon2_Perceptual_VA",1.94150450877571,"Perceptual",NA,1.5149,1.28160572234188,2080
"45","Moon2_Adjusted_VA",1.48650980969647,"Adjusted",NA,1.5149,0.981259363454003,2080
"45","Moon3_Perceptual_VA",0.970821925241984,"Perceptual",NA,0.6676,1.45419701204611,4720
"45","Moon3_Adjusted_VA",0.613035413905704,"Adjusted",NA,0.6676,0.918267546293744,4720
"45","Moon4_Perceptual_VA",1.51188422710866,"Perceptual",NA,0.96,1.57487940323819,3270
"45","Moon4_Adjusted_VA",0.820940407868353,"Adjusted",NA,0.96,0.855146258196201,3270
"46","Stick1_Perceptual_VA",NA,"Perceptual",NA,2.537,NA,6280
"46","Stick1_Adjusted_VA",NA,"Adjusted",NA,2.537,NA,6280
"46","Stick2_Perceptual_VA",NA,"Perceptual",NA,7.848,NA,2020
"46","Stick2_Adjusted_VA",NA,"Adjusted",NA,7.848,NA,2020
"46","Stick3_Perceptual_VA",NA,"Perceptual",NA,3.17,NA,5027
"46","Stick3_Adjusted_VA",NA,"Adjusted",NA,3.17,NA,5027
"46","Stick4_Perceptual_VA",NA,"Perceptual",NA,4.653,NA,3421
"46","Stick4_Adjusted_VA",NA,"Adjusted",NA,4.653,NA,3421
"46","Lamp1_Perceptual_VA",NA,"Perceptual",NA,0.2737,NA,6280
"46","Lamp1_Adjusted_VA",NA,"Adjusted",NA,0.2737,NA,6280
"46","Lamp2_Perceptual_VA",NA,"Perceptual",NA,0.8509,NA,2020
"46","Lamp2_Adjusted_VA",NA,"Adjusted",NA,0.8509,NA,2020
"46","Lamp3_Perceptual_VA",NA,"Perceptual",NA,0.3419,NA,5027
"46","Lamp3_Adjusted_VA",NA,"Adjusted",NA,0.3419,NA,5027
"46","Lamp4_Perceptual_VA",NA,"Perceptual",NA,0.5024,NA,3421
"46","Lamp4_Adjusted_VA",NA,"Adjusted",NA,0.5024,NA,3421
"46","Lamp1a_Perceptual_VA",2.23425223824891,"Perceptual",NA,0.2577,8.66997376115215,6670
"46","Lamp1a_Adjusted_VA",0.732624575536509,"Adjusted",NA,0.2577,2.84293587713042,6670
"46","Lamp2a_Perceptual_VA",1.88904105196659,"Perceptual",NA,0.7639,2.47289049871265,2250
"46","Lamp2a_Adjusted_VA",1.51747518058942,"Adjusted",NA,0.7639,1.98648406936695,2250
"46","Lamp3a_Perceptual_VA",1.11490971756358,"Perceptual",NA,0.3515,3.17186263887221,4890
"46","Lamp3a_Adjusted_VA",0.689663093023205,"Adjusted",NA,0.3515,1.96205716365065,4890
"46","Lamp4a_Perceptual_VA",1.66455758859699,"Perceptual",NA,0.5322,3.12769182374482,3230
"46","Lamp4a_Adjusted_VA",0.932249743207225,"Adjusted",NA,0.5322,1.75169061106205,3230
"46","Moon1_Perceptual_VA",1.11490971756358,"Perceptual",NA,0.52,2.14405714916073,6060
"46","Moon1_Adjusted_VA",0.698283669595114,"Adjusted",NA,0.52,1.34285321075983,6060
"46","Moon2_Perceptual_VA",2.09028981160228,"Perceptual",NA,1.5149,1.37982032583159,2080
"46","Moon2_Adjusted_VA",1.3414984285074,"Adjusted",NA,1.5149,0.885535961784543,2080
"46","Moon3_Perceptual_VA",1.26200465952468,"Perceptual",NA,0.6676,1.89036048460857,4720
"46","Moon3_Adjusted_VA",0.653365844024839,"Adjusted",NA,0.6676,0.978678615974893,4720
"46","Moon4_Perceptual_VA",1.47102704255262,"Perceptual",NA,0.96,1.53231983599231,3270
"46","Moon4_Adjusted_VA",0.877324481678558,"Adjusted",NA,0.96,0.913879668415165,3270
"47","Stick1_Perceptual_VA",NA,"Perceptual",NA,2.537,NA,6280
"47","Stick1_Adjusted_VA",NA,"Adjusted",NA,2.537,NA,6280
"47","Stick2_Perceptual_VA",NA,"Perceptual",NA,7.848,NA,2020
"47","Stick2_Adjusted_VA",NA,"Adjusted",NA,7.848,NA,2020
"47","Stick3_Perceptual_VA",NA,"Perceptual",NA,3.17,NA,5027
"47","Stick3_Adjusted_VA",NA,"Adjusted",NA,3.17,NA,5027
"47","Stick4_Perceptual_VA",NA,"Perceptual",NA,4.653,NA,3421
"47","Stick4_Adjusted_VA",NA,"Adjusted",NA,4.653,NA,3421
"47","Lamp1_Perceptual_VA",NA,"Perceptual",NA,0.2737,NA,6280
"47","Lamp1_Adjusted_VA",NA,"Adjusted",NA,0.2737,NA,6280
"47","Lamp2_Perceptual_VA",NA,"Perceptual",NA,0.8509,NA,2020
"47","Lamp2_Adjusted_VA",NA,"Adjusted",NA,0.8509,NA,2020
"47","Lamp3_Perceptual_VA",NA,"Perceptual",NA,0.3419,NA,5027
"47","Lamp3_Adjusted_VA",NA,"Adjusted",NA,0.3419,NA,5027
"47","Lamp4_Perceptual_VA",NA,"Perceptual",NA,0.5024,NA,3421
"47","Lamp4_Adjusted_VA",NA,"Adjusted",NA,0.5024,NA,3421
"47","Lamp1a_Perceptual_VA",NA,"Perceptual",NA,0.2577,NA,6670
"47","Lamp1a_Adjusted_VA",NA,"Adjusted",NA,0.2577,NA,6670
"47","Lamp2a_Perceptual_VA",2.3691827412141,"Perceptual",NA,0.7639,3.10143047678243,2250
"47","Lamp2a_Adjusted_VA",NA,"Adjusted",NA,0.7639,NA,2250
"47","Lamp3a_Perceptual_VA",1.84495889016128,"Perceptual",NA,0.3515,5.24881618822555,4890
"47","Lamp3a_Adjusted_VA",NA,"Adjusted",NA,0.3515,NA,4890
"47","Lamp4a_Perceptual_VA",1.58281662878821,"Perceptual",NA,0.5322,2.97410114390871,3230
"47","Lamp4a_Adjusted_VA",NA,"Adjusted",NA,0.5322,NA,3230
"47","Moon1_Perceptual_VA",1.39833605416732,"Perceptual",NA,0.52,2.68910779647562,6060
"47","Moon1_Adjusted_VA",0.737460248233488,"Adjusted",NA,0.52,1.4181927850644,6060
"47","Moon2_Perceptual_VA",2.3691827412141,"Perceptual",NA,1.5149,1.56392021995782,2080
"47","Moon2_Adjusted_VA",1.45618934029784,"Adjusted",NA,1.5149,0.961244531188749,2080
"47","Moon3_Perceptual_VA",1.58281662878821,"Perceptual",NA,0.6676,2.37090567523699,4720
"47","Moon3_Adjusted_VA",0.95934877805972,"Adjusted",NA,0.6676,1.4370113511979,4720
"47","Moon4_Perceptual_VA",1.84495889016128,"Perceptual",NA,0.96,1.92183217725134,3270
"47","Moon4_Adjusted_VA",1.58855393632231,"Adjusted",NA,0.96,1.65474368366907,3270
"48","Stick1_Perceptual_VA",NA,"Perceptual",NA,2.537,NA,6280
"48","Stick1_Adjusted_VA",NA,"Adjusted",NA,2.537,NA,6280
"48","Stick2_Perceptual_VA",NA,"Perceptual",NA,7.848,NA,2020
"48","Stick2_Adjusted_VA",NA,"Adjusted",NA,7.848,NA,2020
"48","Stick3_Perceptual_VA",NA,"Perceptual",NA,3.17,NA,5027
"48","Stick3_Adjusted_VA",NA,"Adjusted",NA,3.17,NA,5027
"48","Stick4_Perceptual_VA",NA,"Perceptual",NA,4.653,NA,3421
"48","Stick4_Adjusted_VA",NA,"Adjusted",NA,4.653,NA,3421
"48","Lamp1_Perceptual_VA",NA,"Perceptual",NA,0.2737,NA,6280
"48","Lamp1_Adjusted_VA",NA,"Adjusted",NA,0.2737,NA,6280
"48","Lamp2_Perceptual_VA",NA,"Perceptual",NA,0.8509,NA,2020
"48","Lamp2_Adjusted_VA",NA,"Adjusted",NA,0.8509,NA,2020
"48","Lamp3_Perceptual_VA",NA,"Perceptual",NA,0.3419,NA,5027
"48","Lamp3_Adjusted_VA",NA,"Adjusted",NA,0.3419,NA,5027
"48","Lamp4_Perceptual_VA",NA,"Perceptual",NA,0.5024,NA,3421
"48","Lamp4_Adjusted_VA",NA,"Adjusted",NA,0.5024,NA,3421
"48","Lamp1a_Perceptual_VA",2.79261626993703,"Perceptual",NA,0.2577,10.8366948775205,6670
"48","Lamp1a_Adjusted_VA",0.496560314362531,"Adjusted",NA,0.2577,1.92689295445297,6670
"48","Lamp2a_Perceptual_VA",2.49606412268826,"Perceptual",NA,0.7639,3.26752732384901,2250
"48","Lamp2a_Adjusted_VA",1.40367638781734,"Adjusted",NA,0.7639,1.83751327113148,2250
"48","Lamp3a_Perceptual_VA",1.00265055352368,"Perceptual",NA,0.3515,2.85249090618402,4890
"48","Lamp3a_Adjusted_VA",0.771848569274286,"Adjusted",NA,0.3515,2.19587075184719,4890
"48","Lamp4a_Perceptual_VA",1.47323886973195,"Perceptual",NA,0.5322,2.76820531704614,3230
"48","Lamp4a_Adjusted_VA",0.867764150465031,"Adjusted",NA,0.5322,1.63052264273775,3230
"48","Moon1_Perceptual_VA",0.982189309936894,"Perceptual",NA,0.52,1.88882559603249,6060
"48","Moon1_Adjusted_VA",0.538438302658692,"Adjusted",NA,0.52,1.03545827434364,6060
"48","Moon2_Perceptual_VA",2.76194012873058,"Perceptual",NA,1.5149,1.82318313336232,2080
"48","Moon2_Adjusted_VA",1.36944367868379,"Adjusted",NA,1.5149,0.903982889090892,2080
"48","Moon3_Perceptual_VA",1.24818011648329,"Perceptual",NA,0.6676,1.86965266099953,4720
"48","Moon3_Adjusted_VA",0.520412236089036,"Adjusted",NA,0.6676,0.779527016310719,4720
"48","Moon4_Perceptual_VA",1.94377749744809,"Perceptual",NA,0.96,2.02476822650842,3270
"48","Moon4_Adjusted_VA",0.751093580169171,"Adjusted",NA,0.96,0.782389146009553,3270
"49","Stick1_Perceptual_VA",NA,"Perceptual",NA,2.537,NA,6280
"49","Stick1_Adjusted_VA",NA,"Adjusted",NA,2.537,NA,6280
"49","Stick2_Perceptual_VA",NA,"Perceptual",NA,7.848,NA,2020
"49","Stick2_Adjusted_VA",NA,"Adjusted",NA,7.848,NA,2020
"49","Stick3_Perceptual_VA",NA,"Perceptual",NA,3.17,NA,5027
"49","Stick3_Adjusted_VA",NA,"Adjusted",NA,3.17,NA,5027
"49","Stick4_Perceptual_VA",NA,"Perceptual",NA,4.653,NA,3421
"49","Stick4_Adjusted_VA",NA,"Adjusted",NA,4.653,NA,3421
"49","Lamp1_Perceptual_VA",NA,"Perceptual",NA,0.2737,NA,6280
"49","Lamp1_Adjusted_VA",NA,"Adjusted",NA,0.2737,NA,6280
"49","Lamp2_Perceptual_VA",NA,"Perceptual",NA,0.8509,NA,2020
"49","Lamp2_Adjusted_VA",NA,"Adjusted",NA,0.8509,NA,2020
"49","Lamp3_Perceptual_VA",NA,"Perceptual",NA,0.3419,NA,5027
"49","Lamp3_Adjusted_VA",NA,"Adjusted",NA,0.3419,NA,5027
"49","Lamp4_Perceptual_VA",NA,"Perceptual",NA,0.5024,NA,3421
"49","Lamp4_Adjusted_VA",NA,"Adjusted",NA,0.5024,NA,3421
"49","Lamp1a_Perceptual_VA",1.43231989094082,"Perceptual",NA,0.2577,5.5580903800575,6670
"49","Lamp1a_Adjusted_VA",0.399736375178841,"Adjusted",NA,0.2577,1.55116948070951,6670
"49","Lamp2a_Perceptual_VA",2.82701025502107,"Perceptual",NA,0.7639,3.70075959552438,2250
"49","Lamp2a_Adjusted_VA",1.20747926312046,"Adjusted",NA,0.7639,1.58067713459937,2250
"49","Lamp3a_Perceptual_VA",1.41372023374187,"Perceptual",NA,0.3515,4.02196368063121,4890
"49","Lamp3a_Adjusted_VA",0.500733037217084,"Adjusted",NA,0.3515,1.42456056107278,4890
"49","Lamp4a_Perceptual_VA",2.45515766426909,"Perceptual",NA,0.5322,4.61322372091148,3230
"49","Lamp4a_Adjusted_VA",0.757458595371652,"Adjusted",NA,0.5322,1.42325929231802,3230
"49","Moon1_Perceptual_VA",1.41372023374187,"Perceptual",NA,0.52,2.71869275719591,6060
"49","Moon1_Adjusted_VA",0.386262219185347,"Adjusted",NA,0.52,0.74281195997182,6060
"49","Moon2_Perceptual_VA",3.49618962745355,"Perceptual",NA,1.5149,2.30786826025054,2080
"49","Moon2_Adjusted_VA",1.1229613296417,"Adjusted",NA,1.5149,0.74127752963344,2080
"49","Moon3_Perceptual_VA",1.815454614211,"Perceptual",NA,0.6676,2.71937479660126,4720
"49","Moon3_Adjusted_VA",0.488420080751358,"Adjusted",NA,0.6676,0.73160587290497,4720
"49","Moon4_Perceptual_VA",2.45515766426909,"Perceptual",NA,0.96,2.5574559002803,3270
"49","Moon4_Adjusted_VA",0.698283669595114,"Adjusted",NA,0.96,0.72737882249491,3270
"50","Stick1_Perceptual_VA",NA,"Perceptual",NA,2.537,NA,6280
"50","Stick1_Adjusted_VA",NA,"Adjusted",NA,2.537,NA,6280
"50","Stick2_Perceptual_VA",NA,"Perceptual",NA,7.848,NA,2020
"50","Stick2_Adjusted_VA",NA,"Adjusted",NA,7.848,NA,2020
"50","Stick3_Perceptual_VA",NA,"Perceptual",NA,3.17,NA,5027
"50","Stick3_Adjusted_VA",NA,"Adjusted",NA,3.17,NA,5027
"50","Stick4_Perceptual_VA",NA,"Perceptual",NA,4.653,NA,3421
"50","Stick4_Adjusted_VA",NA,"Adjusted",NA,4.653,NA,3421
"50","Lamp1_Perceptual_VA",NA,"Perceptual",NA,0.2737,NA,6280
"50","Lamp1_Adjusted_VA",NA,"Adjusted",NA,0.2737,NA,6280
"50","Lamp2_Perceptual_VA",NA,"Perceptual",NA,0.8509,NA,2020
"50","Lamp2_Adjusted_VA",NA,"Adjusted",NA,0.8509,NA,2020
"50","Lamp3_Perceptual_VA",NA,"Perceptual",NA,0.3419,NA,5027
"50","Lamp3_Adjusted_VA",NA,"Adjusted",NA,0.3419,NA,5027
"50","Lamp4_Perceptual_VA",NA,"Perceptual",NA,0.5024,NA,3421
"50","Lamp4_Adjusted_VA",NA,"Adjusted",NA,0.5024,NA,3421
"50","Lamp1a_Perceptual_VA",2.23425223824891,"Perceptual",NA,0.2577,8.66997376115215,6670
"50","Lamp1a_Adjusted_VA",0.475430336090064,"Adjusted",NA,0.2577,1.84489847143991,6670
"50","Lamp2a_Perceptual_VA",1.66455758859699,"Perceptual",NA,0.7639,2.17902551197407,2250
"50","Lamp2a_Adjusted_VA",1.14587739536697,"Adjusted",NA,0.7639,1.50003586250422,2250
"50","Lamp3a_Perceptual_VA",1.26200465952468,"Perceptual",NA,0.3515,3.59034042539027,4890
"50","Lamp3a_Adjusted_VA",0.572953020554149,"Adjusted",NA,0.3515,1.63002281807724,4890
"50","Lamp4a_Perceptual_VA",1.11490971756358,"Perceptual",NA,0.5322,2.09490739865385,3230
"50","Lamp4a_Adjusted_VA",0.578515577175834,"Adjusted",NA,0.5322,1.08702663881216,3230
"50","Moon1_Perceptual_VA",0.94458469988587,"Perceptual",NA,0.52,1.81650903824206,6060
"50","Moon1_Adjusted_VA",0.607019878030704,"Adjusted",NA,0.52,1.16734591928981,6060
"50","Moon2_Perceptual_VA",1.66455758859699,"Perceptual",NA,1.5149,1.09879040768169,2080
"50","Moon2_Adjusted_VA",1.22060305031885,"Adjusted",NA,1.5149,0.805731764683379,2080
"50","Moon3_Perceptual_VA",1.26200465952468,"Perceptual",NA,0.6676,1.89036048460857,4720
"50","Moon3_Adjusted_VA",0.556889173749183,"Adjusted",NA,0.6676,0.834165928324121,4720
"50","Moon4_Perceptual_VA",1.47102704255262,"Perceptual",NA,0.96,1.53231983599231,3270
"50","Moon4_Adjusted_VA",0.767210991558389,"Adjusted",NA,0.96,0.799178116206655,3270
"51","Stick1_Perceptual_VA",NA,"Perceptual",NA,2.537,NA,6280
"51","Stick1_Adjusted_VA",NA,"Adjusted",NA,2.537,NA,6280
"51","Stick2_Perceptual_VA",NA,"Perceptual",NA,7.848,NA,2020
"51","Stick2_Adjusted_VA",NA,"Adjusted",NA,7.848,NA,2020
"51","Stick3_Perceptual_VA",NA,"Perceptual",NA,3.17,NA,5027
"51","Stick3_Adjusted_VA",NA,"Adjusted",NA,3.17,NA,5027
"51","Stick4_Perceptual_VA",NA,"Perceptual",NA,4.653,NA,3421
"51","Stick4_Adjusted_VA",NA,"Adjusted",NA,4.653,NA,3421
"51","Lamp1_Perceptual_VA",NA,"Perceptual",NA,0.2737,NA,6280
"51","Lamp1_Adjusted_VA",NA,"Adjusted",NA,0.2737,NA,6280
"51","Lamp2_Perceptual_VA",NA,"Perceptual",NA,0.8509,NA,2020
"51","Lamp2_Adjusted_VA",NA,"Adjusted",NA,0.8509,NA,2020
"51","Lamp3_Perceptual_VA",NA,"Perceptual",NA,0.3419,NA,5027
"51","Lamp3_Adjusted_VA",NA,"Adjusted",NA,0.3419,NA,5027
"51","Lamp4_Perceptual_VA",NA,"Perceptual",NA,0.5024,NA,3421
"51","Lamp4_Adjusted_VA",NA,"Adjusted",NA,0.5024,NA,3421
"51","Lamp1a_Perceptual_VA",1.86194895541551,"Perceptual",NA,0.2577,7.22525787898917,6670
"51","Lamp1a_Adjusted_VA",0.698283669595114,"Adjusted",NA,0.2577,2.70967663793215,6670
"51","Lamp2a_Perceptual_VA",2.76781216013388,"Perceptual",NA,0.7639,3.62326503486566,2250
"51","Lamp2a_Adjusted_VA",1.65135226424648,"Adjusted",NA,0.7639,2.1617387933584,2250
"51","Lamp3a_Perceptual_VA",2.15542855826005,"Perceptual",NA,0.3515,6.13208693672846,4890
"51","Lamp3a_Adjusted_VA",0.818497216069878,"Adjusted",NA,0.3515,2.32858382950179,4890
"51","Lamp4a_Perceptual_VA",2.43895691308944,"Perceptual",NA,0.5322,4.58278262512108,3230
"51","Lamp4a_Adjusted_VA",1.20747926312046,"Adjusted",NA,0.5322,2.26884491379267,3230
"51","Moon1_Perceptual_VA",2.15542855826005,"Perceptual",NA,0.52,4.14505491973087,6060
"51","Moon1_Adjusted_VA",0.794488745425679,"Adjusted",NA,0.52,1.52786297197246,6060
"51","Moon2_Perceptual_VA",4.30933299892624,"Perceptual",NA,1.5149,2.84463198820136,2080
"51","Moon2_Adjusted_VA",2.02590052632231,"Adjusted",NA,1.5149,1.33731634188548,2080
"51","Moon3_Perceptual_VA",2.76781216013388,"Perceptual",NA,0.6676,4.1459139606559,4720
"51","Moon3_Adjusted_VA",1.51949465365048,"Adjusted",NA,0.6676,2.27605550277184,4720
"51","Moon4_Perceptual_VA",3.74274917257612,"Perceptual",NA,0.96,3.89869705476679,3270
"51","Moon4_Adjusted_VA",1.38410795292895,"Adjusted",NA,0.96,1.44177911763432,3270
"52","Stick1_Perceptual_VA",NA,"Perceptual",NA,2.537,NA,6280
"52","Stick1_Adjusted_VA",NA,"Adjusted",NA,2.537,NA,6280
"52","Stick2_Perceptual_VA",NA,"Perceptual",NA,7.848,NA,2020
"52","Stick2_Adjusted_VA",NA,"Adjusted",NA,7.848,NA,2020
"52","Stick3_Perceptual_VA",NA,"Perceptual",NA,3.17,NA,5027
"52","Stick3_Adjusted_VA",NA,"Adjusted",NA,3.17,NA,5027
"52","Stick4_Perceptual_VA",NA,"Perceptual",NA,4.653,NA,3421
"52","Stick4_Adjusted_VA",NA,"Adjusted",NA,4.653,NA,3421
"52","Lamp1_Perceptual_VA",NA,"Perceptual",NA,0.2737,NA,6280
"52","Lamp1_Adjusted_VA",NA,"Adjusted",NA,0.2737,NA,6280
"52","Lamp2_Perceptual_VA",NA,"Perceptual",NA,0.8509,NA,2020
"52","Lamp2_Adjusted_VA",NA,"Adjusted",NA,0.8509,NA,2020
"52","Lamp3_Perceptual_VA",NA,"Perceptual",NA,0.3419,NA,5027
"52","Lamp3_Adjusted_VA",NA,"Adjusted",NA,0.3419,NA,5027
"52","Lamp4_Perceptual_VA",NA,"Perceptual",NA,0.5024,NA,3421
"52","Lamp4_Adjusted_VA",NA,"Adjusted",NA,0.5024,NA,3421
"52","Lamp1a_Perceptual_VA",3.30950235297364,"Perceptual",NA,0.2577,12.8424615947755,6670
"52","Lamp1a_Adjusted_VA",0.480542430626895,"Adjusted",NA,0.2577,1.86473585807875,6670
"52","Lamp2a_Perceptual_VA",1.2970573908472,"Perceptual",NA,0.7639,1.69794134159863,2250
"52","Lamp2a_Adjusted_VA",1.22628390640326,"Adjusted",NA,0.7639,1.60529376410951,2250
"52","Lamp3a_Perceptual_VA",0.763932409458051,"Perceptual",NA,0.3515,2.17334967128891,4890
"52","Lamp3a_Adjusted_VA",0.559503635456979,"Adjusted",NA,0.3515,1.59175998707533,4890
"52","Lamp4a_Perceptual_VA",0.970821925241984,"Perceptual",NA,0.5322,1.82416746569332,3230
"52","Lamp4a_Adjusted_VA",0.843205687134125,"Adjusted",NA,0.5322,1.58437746549065,3230
"52","Moon1_Perceptual_VA",0.763932409458051,"Perceptual",NA,0.52,1.46910078741933,6060
"52","Moon1_Adjusted_VA",0.500733037217084,"Adjusted",NA,0.52,0.962948148494392,6060
"52","Moon2_Perceptual_VA",1.2970573908472,"Perceptual",NA,1.5149,0.856200007160338,2080
"52","Moon2_Adjusted_VA",1.2371351368506,"Adjusted",NA,1.5149,0.816644753350451,2080
"52","Moon3_Perceptual_VA",0.779847181605806,"Perceptual",NA,0.6676,1.16813538287269,4720
"52","Moon3_Adjusted_VA",0.589971130709289,"Adjusted",NA,0.6676,0.883719488779643,4720
"52","Moon4_Perceptual_VA",1.14587739536697,"Perceptual",NA,0.96,1.1936222868406,3270
"52","Moon4_Adjusted_VA",0.876271312098295,"Adjusted",NA,0.96,0.912782616769057,3270
"53","Stick1_Perceptual_VA",NA,"Perceptual",NA,2.537,NA,6280
"53","Stick1_Adjusted_VA",NA,"Adjusted",NA,2.537,NA,6280
"53","Stick2_Perceptual_VA",NA,"Perceptual",NA,7.848,NA,2020
"53","Stick2_Adjusted_VA",NA,"Adjusted",NA,7.848,NA,2020
"53","Stick3_Perceptual_VA",NA,"Perceptual",NA,3.17,NA,5027
"53","Stick3_Adjusted_VA",NA,"Adjusted",NA,3.17,NA,5027
"53","Stick4_Perceptual_VA",NA,"Perceptual",NA,4.653,NA,3421
"53","Stick4_Adjusted_VA",NA,"Adjusted",NA,4.653,NA,3421
"53","Lamp1_Perceptual_VA",NA,"Perceptual",NA,0.2737,NA,6280
"53","Lamp1_Adjusted_VA",NA,"Adjusted",NA,0.2737,NA,6280
"53","Lamp2_Perceptual_VA",NA,"Perceptual",NA,0.8509,NA,2020
"53","Lamp2_Adjusted_VA",NA,"Adjusted",NA,0.8509,NA,2020
"53","Lamp3_Perceptual_VA",NA,"Perceptual",NA,0.3419,NA,5027
"53","Lamp3_Adjusted_VA",NA,"Adjusted",NA,0.3419,NA,5027
"53","Lamp4_Perceptual_VA",NA,"Perceptual",NA,0.5024,NA,3421
"53","Lamp4_Adjusted_VA",NA,"Adjusted",NA,0.5024,NA,3421
"53","Lamp1a_Perceptual_VA",1.71874448728936,"Perceptual",NA,0.2577,6.66955563558154,6670
"53","Lamp1a_Adjusted_VA",0.417668318844712,"Adjusted",NA,0.2577,1.62075405061976,6670
"53","Lamp2a_Perceptual_VA",1.815454614211,"Perceptual",NA,0.7639,2.37656056317712,2250
"53","Lamp2a_Adjusted_VA",1.27087245618219,"Adjusted",NA,0.7639,1.66366338026207,2250
"53","Lamp3a_Perceptual_VA",1.41372023374187,"Perceptual",NA,0.3515,4.02196368063121,4890
"53","Lamp3a_Adjusted_VA",0.59114168760263,"Adjusted",NA,0.3515,1.68176867027775,4890
"53","Lamp4a_Perceptual_VA",1.815454614211,"Perceptual",NA,0.5322,3.41122625744269,3230
"53","Lamp4a_Adjusted_VA",0.859420578802087,"Adjusted",NA,0.5322,1.61484513115762,3230
"53","Moon1_Perceptual_VA",1.815454614211,"Perceptual",NA,0.52,3.49125887348269,6060
"53","Moon1_Adjusted_VA",0.595870736193214,"Adjusted",NA,0.52,1.14590526191003,6060
"53","Moon2_Perceptual_VA",2.45515766426909,"Perceptual",NA,1.5149,1.62067309015056,2080
"53","Moon2_Adjusted_VA",1.35723460864245,"Adjusted",NA,1.5149,0.895923565015811,2080
"53","Moon3_Perceptual_VA",1.41372023374187,"Perceptual",NA,0.6676,2.1176156886487,4720
"53","Moon3_Adjusted_VA",0.631218305188749,"Adjusted",NA,0.6676,0.945503752529583,4720
"53","Moon4_Perceptual_VA",1.815454614211,"Perceptual",NA,0.96,1.89109855646979,3270
"53","Moon4_Adjusted_VA",0.912986598751953,"Adjusted",NA,0.96,0.951027707033285,3270
"54","Stick1_Perceptual_VA",NA,"Perceptual",NA,2.537,NA,6280
"54","Stick1_Adjusted_VA",NA,"Adjusted",NA,2.537,NA,6280
"54","Stick2_Perceptual_VA",NA,"Perceptual",NA,7.848,NA,2020
"54","Stick2_Adjusted_VA",NA,"Adjusted",NA,7.848,NA,2020
"54","Stick3_Perceptual_VA",NA,"Perceptual",NA,3.17,NA,5027
"54","Stick3_Adjusted_VA",NA,"Adjusted",NA,3.17,NA,5027
"54","Stick4_Perceptual_VA",NA,"Perceptual",NA,4.653,NA,3421
"54","Stick4_Adjusted_VA",NA,"Adjusted",NA,4.653,NA,3421
"54","Lamp1_Perceptual_VA",NA,"Perceptual",NA,0.2737,NA,6280
"54","Lamp1_Adjusted_VA",NA,"Adjusted",NA,0.2737,NA,6280
"54","Lamp2_Perceptual_VA",NA,"Perceptual",NA,0.8509,NA,2020
"54","Lamp2_Adjusted_VA",NA,"Adjusted",NA,0.8509,NA,2020
"54","Lamp3_Perceptual_VA",NA,"Perceptual",NA,0.3419,NA,5027
"54","Lamp3_Adjusted_VA",NA,"Adjusted",NA,0.3419,NA,5027
"54","Lamp4_Perceptual_VA",NA,"Perceptual",NA,0.5024,NA,3421
"54","Lamp4_Adjusted_VA",NA,"Adjusted",NA,0.5024,NA,3421
"54","Lamp1a_Perceptual_VA",2.80693166576533,"Perceptual",NA,0.2577,10.8922455016117,6670
"54","Lamp1a_Adjusted_VA",0.524761415107994,"Adjusted",NA,0.2577,2.03632679514161,6670
"54","Lamp2a_Perceptual_VA",2.6957745603972,"Perceptual",NA,0.7639,3.52896263960884,2250
"54","Lamp2a_Adjusted_VA",1.33138486989719,"Adjusted",NA,0.7639,1.74287847872391,2250
"54","Lamp3a_Perceptual_VA",1.28067586632604,"Perceptual",NA,0.3515,3.64345907916369,4890
"54","Lamp3a_Adjusted_VA",0.642101153543711,"Adjusted",NA,0.3515,1.82674581378012,4890
"54","Lamp4a_Perceptual_VA",2.22414504423126,"Perceptual",NA,0.5322,4.17915265733044,3230
"54","Lamp4a_Adjusted_VA",0.940217333643014,"Adjusted",NA,0.5322,1.76666165660093,3230
"54","Moon1_Perceptual_VA",0.822348835742584,"Perceptual",NA,0.52,1.58144006873574,6060
"54","Moon1_Adjusted_VA",0.524761415107994,"Adjusted",NA,0.52,1.00915656751537,6060
"54","Moon2_Perceptual_VA",2.22414504423126,"Perceptual",NA,1.5149,1.46817944698083,2080
"54","Moon2_Adjusted_VA",1.57144286602442,"Adjusted",NA,1.5149,1.03732448744103,2080
"54","Moon3_Perceptual_VA",1.28067586632604,"Perceptual",NA,0.6676,1.91832814009292,4720
"54","Moon3_Adjusted_VA",0.777217786526536,"Adjusted",NA,0.6676,1.16419680426384,4720
"54","Moon4_Perceptual_VA",1.8198305779284,"Perceptual",NA,0.96,1.89565685200875,3270
"54","Moon4_Adjusted_VA",1.1183781056593,"Adjusted",NA,0.96,1.16497719339511,3270
"55","Stick1_Perceptual_VA",NA,"Perceptual",NA,2.537,NA,6280
"55","Stick1_Adjusted_VA",NA,"Adjusted",NA,2.537,NA,6280
"55","Stick2_Perceptual_VA",NA,"Perceptual",NA,7.848,NA,2020
"55","Stick2_Adjusted_VA",NA,"Adjusted",NA,7.848,NA,2020
"55","Stick3_Perceptual_VA",NA,"Perceptual",NA,3.17,NA,5027
"55","Stick3_Adjusted_VA",NA,"Adjusted",NA,3.17,NA,5027
"55","Stick4_Perceptual_VA",NA,"Perceptual",NA,4.653,NA,3421
"55","Stick4_Adjusted_VA",NA,"Adjusted",NA,4.653,NA,3421
"55","Lamp1_Perceptual_VA",NA,"Perceptual",NA,0.2737,NA,6280
"55","Lamp1_Adjusted_VA",NA,"Adjusted",NA,0.2737,NA,6280
"55","Lamp2_Perceptual_VA",NA,"Perceptual",NA,0.8509,NA,2020
"55","Lamp2_Adjusted_VA",NA,"Adjusted",NA,0.8509,NA,2020
"55","Lamp3_Perceptual_VA",NA,"Perceptual",NA,0.3419,NA,5027
"55","Lamp3_Adjusted_VA",NA,"Adjusted",NA,0.3419,NA,5027
"55","Lamp4_Perceptual_VA",NA,"Perceptual",NA,0.5024,NA,3421
"55","Lamp4_Adjusted_VA",NA,"Adjusted",NA,0.5024,NA,3421
"55","Lamp1a_Perceptual_VA",2.9787094531028,"Perceptual",NA,0.2577,11.5588259724594,6670
"55","Lamp1a_Adjusted_VA",0.504976482825877,"Adjusted",NA,0.2577,1.95955173777989,6670
"55","Lamp2a_Perceptual_VA",1.2451792641937,"Perceptual",NA,0.7639,1.63002914542963,2250
"55","Lamp2a_Adjusted_VA",1.30650134849125,"Adjusted",NA,0.7639,1.71030416087348,2250
"55","Lamp3a_Perceptual_VA",0.931990796366406,"Perceptual",NA,0.3515,2.65146741498266,4890
"55","Lamp3a_Adjusted_VA",0.630550362800435,"Adjusted",NA,0.3515,1.79388438919043,4890
"55","Lamp4a_Perceptual_VA",1.2451792641937,"Perceptual",NA,0.5322,2.33968294662476,3230
"55","Lamp4a_Adjusted_VA",0.927012614242197,"Adjusted",NA,0.5322,1.74185008313077,3230
"55","Moon1_Perceptual_VA",1.2451792641937,"Perceptual",NA,0.52,2.3945755080648,6060
"55","Moon1_Adjusted_VA",0.4819702387965,"Adjusted",NA,0.52,0.926865843839423,6060
"55","Moon2_Perceptual_VA",1.86385831002637,"Perceptual",NA,1.5149,1.23035072283739,2080
"55","Moon2_Adjusted_VA",1.22628390640326,"Adjusted",NA,1.5149,0.809481752197014,2080
"55","Moon3_Perceptual_VA",1.1000451740939,"Perceptual",NA,0.6676,1.64776089588661,4720
"55","Moon3_Adjusted_VA",0.589971130709289,"Adjusted",NA,0.6676,0.883719488779643,4720
"55","Moon4_Perceptual_VA",1.45141546046989,"Perceptual",NA,0.96,1.51189110465613,3270
"55","Moon4_Adjusted_VA",0.889054601771869,"Adjusted",NA,0.96,0.926098543512363,3270
"56","Stick1_Perceptual_VA",NA,"Perceptual",NA,2.537,NA,6280
"56","Stick1_Adjusted_VA",NA,"Adjusted",NA,2.537,NA,6280
"56","Stick2_Perceptual_VA",NA,"Perceptual",NA,7.848,NA,2020
"56","Stick2_Adjusted_VA",NA,"Adjusted",NA,7.848,NA,2020
"56","Stick3_Perceptual_VA",NA,"Perceptual",NA,3.17,NA,5027
"56","Stick3_Adjusted_VA",NA,"Adjusted",NA,3.17,NA,5027
"56","Stick4_Perceptual_VA",NA,"Perceptual",NA,4.653,NA,3421
"56","Stick4_Adjusted_VA",NA,"Adjusted",NA,4.653,NA,3421
"56","Lamp1_Perceptual_VA",NA,"Perceptual",NA,0.2737,NA,6280
"56","Lamp1_Adjusted_VA",NA,"Adjusted",NA,0.2737,NA,6280
"56","Lamp2_Perceptual_VA",NA,"Perceptual",NA,0.8509,NA,2020
"56","Lamp2_Adjusted_VA",NA,"Adjusted",NA,0.8509,NA,2020
"56","Lamp3_Perceptual_VA",NA,"Perceptual",NA,0.3419,NA,5027
"56","Lamp3_Adjusted_VA",NA,"Adjusted",NA,0.3419,NA,5027
"56","Lamp4_Perceptual_VA",NA,"Perceptual",NA,0.5024,NA,3421
"56","Lamp4_Adjusted_VA",NA,"Adjusted",NA,0.5024,NA,3421
"56","Lamp1a_Perceptual_VA",2.79261626993703,"Perceptual",NA,0.2577,10.8366948775205,6670
"56","Lamp1a_Adjusted_VA",0.460726466067454,"Adjusted",NA,0.2577,1.78784038054891,6670
"56","Lamp2a_Perceptual_VA",1.53092728112379,"Perceptual",NA,0.7639,2.00409383574263,2250
"56","Lamp2a_Adjusted_VA",1.1576897646967,"Adjusted",NA,0.7639,1.51549910288873,2250
"56","Lamp3a_Perceptual_VA",1.14587739536697,"Perceptual",NA,0.3515,3.25996414044658,4890
"56","Lamp3a_Adjusted_VA",0.510449932125362,"Adjusted",NA,0.3515,1.4522046433154,4890
"56","Lamp4a_Perceptual_VA",1.53092728112379,"Perceptual",NA,0.5322,2.87660143014618,3230
"56","Lamp4a_Adjusted_VA",0.81625483390123,"Adjusted",NA,0.5322,1.53373700469979,3230
"56","Moon1_Perceptual_VA",0.901685460893871,"Perceptual",NA,0.52,1.73401050171898,6060
"56","Moon1_Adjusted_VA",0.485765655677938,"Adjusted",NA,0.52,0.934164722457572,6060
"56","Moon2_Perceptual_VA",1.78447837938828,"Perceptual",NA,1.5149,1.17795127030714,2080
"56","Moon2_Adjusted_VA",1.38410795292895,"Adjusted",NA,1.5149,0.913662916977324,2080
"56","Moon3_Perceptual_VA",1.35249330026039,"Perceptual",NA,0.6676,2.02590368523125,4720
"56","Moon3_Adjusted_VA",0.501334872134867,"Adjusted",NA,0.6676,0.750950976834733,4720
"56","Moon4_Perceptual_VA",1.53092728112379,"Perceptual",NA,0.96,1.59471591783729,3270
"56","Moon4_Adjusted_VA",0.928076631804784,"Adjusted",NA,0.96,0.966746491463316,3270
"57","Stick1_Perceptual_VA",NA,"Perceptual",NA,2.537,NA,6280
"57","Stick1_Adjusted_VA",NA,"Adjusted",NA,2.537,NA,6280
"57","Stick2_Perceptual_VA",NA,"Perceptual",NA,7.848,NA,2020
"57","Stick2_Adjusted_VA",NA,"Adjusted",NA,7.848,NA,2020
"57","Stick3_Perceptual_VA",NA,"Perceptual",NA,3.17,NA,5027
"57","Stick3_Adjusted_VA",NA,"Adjusted",NA,3.17,NA,5027
"57","Stick4_Perceptual_VA",NA,"Perceptual",NA,4.653,NA,3421
"57","Stick4_Adjusted_VA",NA,"Adjusted",NA,4.653,NA,3421
"57","Lamp1_Perceptual_VA",NA,"Perceptual",NA,0.2737,NA,6280
"57","Lamp1_Adjusted_VA",NA,"Adjusted",NA,0.2737,NA,6280
"57","Lamp2_Perceptual_VA",NA,"Perceptual",NA,0.8509,NA,2020
"57","Lamp2_Adjusted_VA",NA,"Adjusted",NA,0.8509,NA,2020
"57","Lamp3_Perceptual_VA",NA,"Perceptual",NA,0.3419,NA,5027
"57","Lamp3_Adjusted_VA",NA,"Adjusted",NA,0.3419,NA,5027
"57","Lamp4_Perceptual_VA",NA,"Perceptual",NA,0.5024,NA,3421
"57","Lamp4_Adjusted_VA",NA,"Adjusted",NA,0.5024,NA,3421
"57","Lamp1a_Perceptual_VA",1.71874448728936,"Perceptual",NA,0.2577,6.66955563558154,6670
"57","Lamp1a_Adjusted_VA",0.461440025421175,"Adjusted",NA,0.2577,1.7906093341916,6670
"57","Lamp2a_Perceptual_VA",2.02754025746889,"Perceptual",NA,0.7639,2.65419591238237,2250
"57","Lamp2a_Adjusted_VA",1.06403389544809,"Adjusted",NA,0.7639,1.39289683917802,2250
"57","Lamp3a_Perceptual_VA",1.35805859623531,"Perceptual",NA,0.3515,3.86360909313031,4890
"57","Lamp3a_Adjusted_VA",0.549190363796324,"Adjusted",NA,0.3515,1.5624192426638,4890
"57","Lamp4a_Perceptual_VA",2.30095329379831,"Perceptual",NA,0.5322,4.32347480984275,3230
"57","Lamp4a_Adjusted_VA",0.790973420408377,"Adjusted",NA,0.5322,1.48623340926039,3230
"57","Moon1_Perceptual_VA",0.490430015437819,"Perceptual",NA,0.52,0.943134645072728,6060
"57","Moon1_Adjusted_VA",0.440734592246325,"Adjusted",NA,0.52,0.847566523550625,6060
"57","Moon2_Perceptual_VA",2.30095329379831,"Perceptual",NA,1.5149,1.51888130820405,2080
"57","Moon2_Adjusted_VA",1.02734507258561,"Adjusted",NA,1.5149,0.67816032252004,2080
"57","Moon3_Perceptual_VA",0.90539594653981,"Perceptual",NA,0.6676,1.35619524646467,4720
"57","Moon3_Adjusted_VA",0.5417015166301,"Adjusted",NA,0.6676,0.811416292136159,4720
"57","Moon4_Perceptual_VA",1.35805859623531,"Perceptual",NA,0.96,1.41464437107844,3270
"57","Moon4_Adjusted_VA",0.73867915705323,"Adjusted",NA,0.96,0.769457455263782,3270
"58","Stick1_Perceptual_VA",NA,"Perceptual",NA,2.537,NA,6280
"58","Stick1_Adjusted_VA",NA,"Adjusted",NA,2.537,NA,6280
"58","Stick2_Perceptual_VA",NA,"Perceptual",NA,7.848,NA,2020
"58","Stick2_Adjusted_VA",NA,"Adjusted",NA,7.848,NA,2020
"58","Stick3_Perceptual_VA",NA,"Perceptual",NA,3.17,NA,5027
"58","Stick3_Adjusted_VA",NA,"Adjusted",NA,3.17,NA,5027
"58","Stick4_Perceptual_VA",NA,"Perceptual",NA,4.653,NA,3421
"58","Stick4_Adjusted_VA",NA,"Adjusted",NA,4.653,NA,3421
"58","Lamp1_Perceptual_VA",NA,"Perceptual",NA,0.2737,NA,6280
"58","Lamp1_Adjusted_VA",NA,"Adjusted",NA,0.2737,NA,6280
"58","Lamp2_Perceptual_VA",NA,"Perceptual",NA,0.8509,NA,2020
"58","Lamp2_Adjusted_VA",NA,"Adjusted",NA,0.8509,NA,2020
"58","Lamp3_Perceptual_VA",NA,"Perceptual",NA,0.3419,NA,5027
"58","Lamp3_Adjusted_VA",NA,"Adjusted",NA,0.3419,NA,5027
"58","Lamp4_Perceptual_VA",NA,"Perceptual",NA,0.5024,NA,3421
"58","Lamp4_Adjusted_VA",NA,"Adjusted",NA,0.5024,NA,3421
"58","Lamp1a_Perceptual_VA",1.59599351005171,"Perceptual",NA,0.2577,6.19322277862519,6670
"58","Lamp1a_Adjusted_VA",0.502139572712056,"Adjusted",NA,0.2577,1.9485431614748,6670
"58","Lamp2a_Perceptual_VA",2.65469525137005,"Perceptual",NA,0.7639,3.47518687180266,2250
"58","Lamp2a_Adjusted_VA",1.11115604849173,"Adjusted",NA,0.7639,1.45458312408919,2250
"58","Lamp3a_Perceptual_VA",1.8863979298442,"Perceptual",NA,0.3515,5.36670819301336,4890
"58","Lamp3a_Adjusted_VA",0.507125290925812,"Adjusted",NA,0.3515,1.44274620462535,4890
"58","Lamp4a_Perceptual_VA",2.65469525137005,"Perceptual",NA,0.5322,4.98815342234133,3230
"58","Lamp4a_Adjusted_VA",NA,"Adjusted",NA,0.5322,NA,3230
"58","Moon1_Perceptual_VA",1.50218133579795,"Perceptual",NA,0.52,2.88881026114991,6060
"58","Moon1_Adjusted_VA",0.584889336618137,"Adjusted",NA,0.52,1.12478718580411,6060
"58","Moon2_Perceptual_VA",2.65469525137005,"Perceptual",NA,1.5149,1.75238976260483,2080
"58","Moon2_Adjusted_VA",1.14587739536697,"Adjusted",NA,1.5149,0.756404644113124,2080
"58","Moon3_Perceptual_VA",1.8863979298442,"Perceptual",NA,0.6676,2.82564099736998,4720
"58","Moon3_Adjusted_VA",0.625914055632534,"Adjusted",NA,0.6676,0.937558501546636,4720
"58","Moon4_Perceptual_VA",2.30549463499594,"Perceptual",NA,0.96,2.40155691145411,3270
"58","Moon4_Adjusted_VA",0.774691695301452,"Adjusted",NA,0.96,0.806970515939012,3270
"59","Stick1_Perceptual_VA",NA,"Perceptual",NA,2.537,NA,6280
"59","Stick1_Adjusted_VA",NA,"Adjusted",NA,2.537,NA,6280
"59","Stick2_Perceptual_VA",NA,"Perceptual",NA,7.848,NA,2020
"59","Stick2_Adjusted_VA",NA,"Adjusted",NA,7.848,NA,2020
"59","Stick3_Perceptual_VA",NA,"Perceptual",NA,3.17,NA,5027
"59","Stick3_Adjusted_VA",NA,"Adjusted",NA,3.17,NA,5027
"59","Stick4_Perceptual_VA",NA,"Perceptual",NA,4.653,NA,3421
"59","Stick4_Adjusted_VA",NA,"Adjusted",NA,4.653,NA,3421
"59","Lamp1_Perceptual_VA",NA,"Perceptual",NA,0.2737,NA,6280
"59","Lamp1_Adjusted_VA",NA,"Adjusted",NA,0.2737,NA,6280
"59","Lamp2_Perceptual_VA",NA,"Perceptual",NA,0.8509,NA,2020
"59","Lamp2_Adjusted_VA",NA,"Adjusted",NA,0.8509,NA,2020
"59","Lamp3_Perceptual_VA",NA,"Perceptual",NA,0.3419,NA,5027
"59","Lamp3_Adjusted_VA",NA,"Adjusted",NA,0.3419,NA,5027
"59","Lamp4_Perceptual_VA",NA,"Perceptual",NA,0.5024,NA,3421
"59","Lamp4_Adjusted_VA",NA,"Adjusted",NA,0.5024,NA,3421
"59","Lamp1a_Perceptual_VA",3.50826997817949,"Perceptual",NA,0.2577,13.6137756235137,6670
"59","Lamp1a_Adjusted_VA",0.395420007456842,"Adjusted",NA,0.2577,1.53441989699977,6670
"59","Lamp2a_Perceptual_VA",1.21283939314558,"Perceptual",NA,0.7639,1.58769393002433,2250
"59","Lamp2a_Adjusted_VA",1.06310031298248,"Adjusted",NA,0.7639,1.39167471263579,2250
"59","Lamp3a_Perceptual_VA",0.729209168771621,"Perceptual",NA,0.3515,2.07456378028911,4890
"59","Lamp3a_Adjusted_VA",0.496560314362531,"Adjusted",NA,0.3515,1.41268937229739,4890
"59","Lamp4a_Perceptual_VA",1.07147425973608,"Perceptual",NA,0.5322,2.01329248353267,3230
"59","Lamp4a_Adjusted_VA",0.859420578802087,"Adjusted",NA,0.5322,1.61484513115762,3230
"59","Moon1_Perceptual_VA",NA,"Perceptual",NA,0.52,NA,6060
"59","Moon1_Adjusted_VA",NA,"Adjusted",NA,0.52,NA,6060
"59","Moon2_Perceptual_VA",NA,"Perceptual",NA,1.5149,NA,2080
"59","Moon2_Adjusted_VA",NA,"Adjusted",NA,1.5149,NA,2080
"59","Moon3_Perceptual_VA",NA,"Perceptual",NA,0.6676,NA,4720
"59","Moon3_Adjusted_VA",NA,"Adjusted",NA,0.6676,NA,4720
"59","Moon4_Perceptual_VA",NA,"Perceptual",NA,0.96,NA,3270
"59","Moon4_Adjusted_VA",NA,"Adjusted",NA,0.96,NA,3270
"60","Stick1_Perceptual_VA",NA,"Perceptual",NA,2.537,NA,6280
"60","Stick1_Adjusted_VA",NA,"Adjusted",NA,2.537,NA,6280
"60","Stick2_Perceptual_VA",NA,"Perceptual",NA,7.848,NA,2020
"60","Stick2_Adjusted_VA",NA,"Adjusted",NA,7.848,NA,2020
"60","Stick3_Perceptual_VA",NA,"Perceptual",NA,3.17,NA,5027
"60","Stick3_Adjusted_VA",NA,"Adjusted",NA,3.17,NA,5027
"60","Stick4_Perceptual_VA",NA,"Perceptual",NA,4.653,NA,3421
"60","Stick4_Adjusted_VA",NA,"Adjusted",NA,4.653,NA,3421
"60","Lamp1_Perceptual_VA",NA,"Perceptual",NA,0.2737,NA,6280
"60","Lamp1_Adjusted_VA",NA,"Adjusted",NA,0.2737,NA,6280
"60","Lamp2_Perceptual_VA",NA,"Perceptual",NA,0.8509,NA,2020
"60","Lamp2_Adjusted_VA",NA,"Adjusted",NA,0.8509,NA,2020
"60","Lamp3_Perceptual_VA",NA,"Perceptual",NA,0.3419,NA,5027
"60","Lamp3_Adjusted_VA",NA,"Adjusted",NA,0.3419,NA,5027
"60","Lamp4_Perceptual_VA",NA,"Perceptual",NA,0.5024,NA,3421
"60","Lamp4_Adjusted_VA",NA,"Adjusted",NA,0.5024,NA,3421
"60","Lamp1a_Perceptual_VA",2.79261626993703,"Perceptual",NA,0.2577,10.8366948775205,6670
"60","Lamp1a_Adjusted_VA",0.417668318844712,"Adjusted",NA,0.2577,1.62075405061976,6670
"60","Lamp2a_Perceptual_VA",1.53317584763577,"Perceptual",NA,0.7639,2.00703737090688,2250
"60","Lamp2a_Adjusted_VA",1.33138486989719,"Adjusted",NA,0.7639,1.74287847872391,2250
"60","Lamp3a_Perceptual_VA",0.774691695301452,"Perceptual",NA,0.3515,2.20395930384481,4890
"60","Lamp3a_Adjusted_VA",0.625914055632534,"Adjusted",NA,0.3515,1.78069432612385,4890
"60","Lamp4a_Perceptual_VA",0.984494805327187,"Perceptual",NA,0.5322,1.84985870974669,3230
"60","Lamp4a_Adjusted_VA",0.909137095434154,"Adjusted",NA,0.5322,1.70826211092475,3230
"60","Moon1_Perceptual_VA",NA,"Perceptual",NA,0.52,NA,6060
"60","Moon1_Adjusted_VA",NA,"Adjusted",NA,0.52,NA,6060
"60","Moon2_Perceptual_VA",NA,"Perceptual",NA,1.5149,NA,2080
"60","Moon2_Adjusted_VA",NA,"Adjusted",NA,1.5149,NA,2080
"60","Moon3_Perceptual_VA",NA,"Perceptual",NA,0.6676,NA,4720
"60","Moon3_Adjusted_VA",NA,"Adjusted",NA,0.6676,NA,4720
"60","Moon4_Perceptual_VA",NA,"Perceptual",NA,0.96,NA,3270
"60","Moon4_Adjusted_VA",NA,"Adjusted",NA,0.96,NA,3270
"31453","Stick1_Perceptual_VA",NA,"Perceptual",NA,2.537,NA,6280
"31453","Stick1_Adjusted_VA",NA,"Adjusted",NA,2.537,NA,6280
"31453","Stick2_Perceptual_VA",NA,"Perceptual",NA,7.848,NA,2020
"31453","Stick2_Adjusted_VA",NA,"Adjusted",NA,7.848,NA,2020
"31453","Stick3_Perceptual_VA",NA,"Perceptual",NA,3.17,NA,5027
"31453","Stick3_Adjusted_VA",NA,"Adjusted",NA,3.17,NA,5027
"31453","Stick4_Perceptual_VA",NA,"Perceptual",NA,4.653,NA,3421
"31453","Stick4_Adjusted_VA",NA,"Adjusted",NA,4.653,NA,3421
"31453","Lamp1_Perceptual_VA",NA,"Perceptual",NA,0.2737,NA,6280
"31453","Lamp1_Adjusted_VA",NA,"Adjusted",NA,0.2737,NA,6280
"31453","Lamp2_Perceptual_VA",NA,"Perceptual",NA,0.8509,NA,2020
"31453","Lamp2_Adjusted_VA",NA,"Adjusted",NA,0.8509,NA,2020
"31453","Lamp3_Perceptual_VA",NA,"Perceptual",NA,0.3419,NA,5027
"31453","Lamp3_Adjusted_VA",NA,"Adjusted",NA,0.3419,NA,5027
"31453","Lamp4_Perceptual_VA",NA,"Perceptual",NA,0.5024,NA,3421
"31453","Lamp4_Adjusted_VA",NA,"Adjusted",NA,0.5024,NA,3421
"31453","Lamp1a_Perceptual_VA",2.79261626993703,"Perceptual",NA,0.2577,10.8366948775205,6670
"31453","Lamp1a_Adjusted_VA",0.417668318844712,"Adjusted",NA,0.2577,1.62075405061976,6670
"31453","Lamp2a_Perceptual_VA",1.31532421137466,"Perceptual",NA,0.7639,1.72185392246977,2250
"31453","Lamp2a_Adjusted_VA",1.25942408093362,"Adjusted",NA,0.7639,1.64867663428933,2250
"31453","Lamp3a_Perceptual_VA",0.984494805327187,"Perceptual",NA,0.3515,2.80083870647848,4890
"31453","Lamp3a_Adjusted_VA",0.654801781688776,"Adjusted",NA,0.3515,1.86287846853137,4890
"31453","Lamp4a_Perceptual_VA",1.16201541492958,"Perceptual",NA,0.5322,2.18341866766174,3230
"31453","Lamp4a_Adjusted_VA",0.877324481678558,"Adjusted",NA,0.5322,1.64848643682555,3230
"31453","Moon1_Perceptual_VA",0.790830598396201,"Perceptual",NA,0.52,1.52082807383885,6060
"31453","Moon1_Adjusted_VA",0.475843569356575,"Adjusted",NA,0.52,0.915083787224183,6060
"31453","Moon2_Perceptual_VA",1.53317584763577,"Perceptual",NA,1.5149,1.01206406207391,2080
"31453","Moon2_Adjusted_VA",1.22628390640326,"Adjusted",NA,1.5149,0.809481752197014,2080
"31453","Moon3_Perceptual_VA",0.984494805327187,"Perceptual",NA,0.6676,1.47467765926781,4720
"31453","Moon3_Adjusted_VA",0.522694714305595,"Adjusted",NA,0.6676,0.782945947132408,4720
"31453","Moon4_Perceptual_VA",1.16201541492958,"Perceptual",NA,0.96,1.21043272388498,3270
"31453","Moon4_Adjusted_VA",0.732624575536509,"Adjusted",NA,0.96,0.763150599517197,3270
"31849","Stick1_Perceptual_VA",NA,"Perceptual",NA,2.537,NA,6280
"31849","Stick1_Adjusted_VA",NA,"Adjusted",NA,2.537,NA,6280
"31849","Stick2_Perceptual_VA",NA,"Perceptual",NA,7.848,NA,2020
"31849","Stick2_Adjusted_VA",NA,"Adjusted",NA,7.848,NA,2020
"31849","Stick3_Perceptual_VA",NA,"Perceptual",NA,3.17,NA,5027
"31849","Stick3_Adjusted_VA",NA,"Adjusted",NA,3.17,NA,5027
"31849","Stick4_Perceptual_VA",NA,"Perceptual",NA,4.653,NA,3421
"31849","Stick4_Adjusted_VA",NA,"Adjusted",NA,4.653,NA,3421
"31849","Lamp1_Perceptual_VA",NA,"Perceptual",NA,0.2737,NA,6280
"31849","Lamp1_Adjusted_VA",NA,"Adjusted",NA,0.2737,NA,6280
"31849","Lamp2_Perceptual_VA",NA,"Perceptual",NA,0.8509,NA,2020
"31849","Lamp2_Adjusted_VA",NA,"Adjusted",NA,0.8509,NA,2020
"31849","Lamp3_Perceptual_VA",NA,"Perceptual",NA,0.3419,NA,5027
"31849","Lamp3_Adjusted_VA",NA,"Adjusted",NA,0.3419,NA,5027
"31849","Lamp4_Perceptual_VA",NA,"Perceptual",NA,0.5024,NA,3421
"31849","Lamp4_Adjusted_VA",NA,"Adjusted",NA,0.5024,NA,3421
"31849","Lamp1a_Perceptual_VA",3.11866667477102,"Perceptual",NA,0.2577,12.1019273371013,6670
"31849","Lamp1a_Adjusted_VA",0.61031883688777,"Adjusted",NA,0.2577,2.3683307601388,6670
"31849","Lamp2a_Perceptual_VA",1.80374394465054,"Perceptual",NA,0.7639,2.36123045509954,2250
"31849","Lamp2a_Adjusted_VA",1.42647429247901,"Adjusted",NA,0.7639,1.86735736677446,2250
"31849","Lamp3a_Perceptual_VA",0.901927839449517,"Perceptual",NA,0.3515,2.56593979928739,4890
"31849","Lamp3a_Adjusted_VA",0.696108384659822,"Adjusted",NA,0.3515,1.98039369746749,4890
"31849","Lamp4a_Perceptual_VA",1.4046003745463,"Perceptual",NA,0.5322,2.63923407468301,3230
"31849","Lamp4a_Adjusted_VA",1.03024497319474,"Adjusted",NA,0.5322,1.93582294850571,3230
"31849","Moon1_Perceptual_VA",0.480542430626895,"Perceptual",NA,0.52,0.924120058897874,6060
"31849","Moon1_Adjusted_VA",0.599869795834209,"Adjusted",NA,0.52,1.15359576121963,6060
"31849","Moon2_Perceptual_VA",1.99590916901365,"Perceptual",NA,1.5149,1.31751875966311,2080
"31849","Moon2_Adjusted_VA",1.7545461251312,"Adjusted",NA,1.5149,1.15819270257522,2080
"31849","Moon3_Perceptual_VA",0.724504719268929,"Perceptual",NA,0.6676,1.08523774605891,4720
"31849","Moon3_Adjusted_VA",0.744834644033682,"Adjusted",NA,0.6676,1.11569000005045,4720
"31849","Moon4_Perceptual_VA",1.4046003745463,"Perceptual",NA,0.96,1.46312539015239,3270
"31849","Moon4_Adjusted_VA",1.01168297412184,"Adjusted",NA,0.96,1.05383643137692,3270
"31624","Stick1_Perceptual_VA",NA,"Perceptual",NA,2.537,NA,6280
"31624","Stick1_Adjusted_VA",NA,"Adjusted",NA,2.537,NA,6280
"31624","Stick2_Perceptual_VA",NA,"Perceptual",NA,7.848,NA,2020
"31624","Stick2_Adjusted_VA",NA,"Adjusted",NA,7.848,NA,2020
"31624","Stick3_Perceptual_VA",NA,"Perceptual",NA,3.17,NA,5027
"31624","Stick3_Adjusted_VA",NA,"Adjusted",NA,3.17,NA,5027
"31624","Stick4_Perceptual_VA",NA,"Perceptual",NA,4.653,NA,3421
"31624","Stick4_Adjusted_VA",NA,"Adjusted",NA,4.653,NA,3421
"31624","Lamp1_Perceptual_VA",NA,"Perceptual",NA,0.2737,NA,6280
"31624","Lamp1_Adjusted_VA",NA,"Adjusted",NA,0.2737,NA,6280
"31624","Lamp2_Perceptual_VA",NA,"Perceptual",NA,0.8509,NA,2020
"31624","Lamp2_Adjusted_VA",NA,"Adjusted",NA,0.8509,NA,2020
"31624","Lamp3_Perceptual_VA",NA,"Perceptual",NA,0.3419,NA,5027
"31624","Lamp3_Adjusted_VA",NA,"Adjusted",NA,0.3419,NA,5027
"31624","Lamp4_Perceptual_VA",NA,"Perceptual",NA,0.5024,NA,3421
"31624","Lamp4_Adjusted_VA",NA,"Adjusted",NA,0.5024,NA,3421
"31624","Lamp1a_Perceptual_VA",2.80693166576533,"Perceptual",NA,0.2577,10.8922455016117,6670
"31624","Lamp1a_Adjusted_VA",0.570044677690556,"Adjusted",NA,0.2577,2.21204764334713,6670
"31624","Lamp2a_Perceptual_VA",1.46508814719775,"Perceptual",NA,0.7639,1.91790567770356,2250
"31624","Lamp2a_Adjusted_VA",1.22060305031885,"Adjusted",NA,0.7639,1.597857115223,2250
"31624","Lamp3a_Perceptual_VA",1.110408345619,"Perceptual",NA,0.3515,3.159056459798,4890
"31624","Lamp3a_Adjusted_VA",0.730131026477661,"Adjusted",NA,0.3515,2.0771864195666,4890
"31624","Lamp4a_Perceptual_VA",1.25690949168328,"Perceptual",NA,0.5322,2.36172396032184,3230
"31624","Lamp4a_Adjusted_VA",0.932249743207225,"Adjusted",NA,0.5322,1.75169061106205,3230
"31624","Moon1_Perceptual_VA",0.940770936073617,"Perceptual",NA,0.52,1.80917487706465,6060
"31624","Moon1_Adjusted_VA",0.502139572712056,"Adjusted",NA,0.52,0.965653024446262,6060
"31624","Moon2_Perceptual_VA",1.25690949168328,"Perceptual",NA,1.5149,0.829697994378034,2080
"31624","Moon2_Adjusted_VA",1.17025608803184,"Adjusted",NA,1.5149,0.772497252644953,2080
"31624","Moon3_Perceptual_VA",1.110408345619,"Perceptual",NA,0.6676,1.66328392093918,4720
"31624","Moon3_Adjusted_VA",0.665032831565333,"Adjusted",NA,0.6676,0.99615463086479,4720
"31624","Moon4_Perceptual_VA",1.46508814719775,"Perceptual",NA,0.96,1.52613348666432,3270
"31624","Moon4_Adjusted_VA",0.698283669595114,"Adjusted",NA,0.96,0.72737882249491,3270
"61","Stick1_Perceptual_VA",NA,"Perceptual",NA,2.537,NA,6280
"61","Stick1_Adjusted_VA",NA,"Adjusted",NA,2.537,NA,6280
"61","Stick2_Perceptual_VA",NA,"Perceptual",NA,7.848,NA,2020
"61","Stick2_Adjusted_VA",NA,"Adjusted",NA,7.848,NA,2020
"61","Stick3_Perceptual_VA",NA,"Perceptual",NA,3.17,NA,5027
"61","Stick3_Adjusted_VA",NA,"Adjusted",NA,3.17,NA,5027
"61","Stick4_Perceptual_VA",NA,"Perceptual",NA,4.653,NA,3421
"61","Stick4_Adjusted_VA",NA,"Adjusted",NA,4.653,NA,3421
"61","Lamp1_Perceptual_VA",NA,"Perceptual",NA,0.2737,NA,6280
"61","Lamp1_Adjusted_VA",NA,"Adjusted",NA,0.2737,NA,6280
"61","Lamp2_Perceptual_VA",NA,"Perceptual",NA,0.8509,NA,2020
"61","Lamp2_Adjusted_VA",NA,"Adjusted",NA,0.8509,NA,2020
"61","Lamp3_Perceptual_VA",NA,"Perceptual",NA,0.3419,NA,5027
"61","Lamp3_Adjusted_VA",NA,"Adjusted",NA,0.3419,NA,5027
"61","Lamp4_Perceptual_VA",NA,"Perceptual",NA,0.5024,NA,3421
"61","Lamp4_Adjusted_VA",NA,"Adjusted",NA,0.5024,NA,3421
"61","Lamp1a_Perceptual_VA",2.86419236832929,"Perceptual",9.33938689978227,0.2577,11.1144445802456,6670
"61","Lamp1a_Adjusted_VA",0.429716332060364,"Adjusted",9.33938689978227,0.2577,1.66750613915547,6670
"61","Lamp2a_Perceptual_VA",1.62410203838201,"Perceptual",8.65789104668803,0.7639,2.12606628928134,2250
"61","Lamp2a_Adjusted_VA",1.24220496643375,"Adjusted",8.65789104668803,0.7639,1.62613557590489,2250
"61","Lamp3a_Perceptual_VA",0.975223765849835,"Perceptual",6.67404253117732,0.3515,2.77446306073922,4890
"61","Lamp3a_Adjusted_VA",0.678357407013856,"Adjusted",6.67404253117732,0.3515,1.92989304982605,4890
"61","Lamp4a_Perceptual_VA",1.23932846797507,"Perceptual",6.77085758304271,0.5322,2.32868934230565,3230
"61","Lamp4a_Adjusted_VA",0.895587136067724,"Adjusted",6.77085758304271,0.5322,1.68280183402428,3230
"61","Moon1_Perceptual_VA",NA,"Perceptual",NA,0.52,NA,6060
"61","Moon1_Adjusted_VA",NA,"Adjusted",NA,0.52,NA,6060
"61","Moon2_Perceptual_VA",NA,"Perceptual",NA,1.5149,NA,2080
"61","Moon2_Adjusted_VA",NA,"Adjusted",NA,1.5149,NA,2080
"61","Moon3_Perceptual_VA",NA,"Perceptual",NA,0.6676,NA,4720
"61","Moon3_Adjusted_VA",NA,"Adjusted",NA,0.6676,NA,4720
"61","Moon4_Perceptual_VA",NA,"Perceptual",NA,0.96,NA,3270
"61","Moon4_Adjusted_VA",NA,"Adjusted",NA,0.96,NA,3270
"62","Stick1_Perceptual_VA",NA,"Perceptual",NA,2.537,NA,6280
"62","Stick1_Adjusted_VA",NA,"Adjusted",NA,2.537,NA,6280
"62","Stick2_Perceptual_VA",NA,"Perceptual",NA,7.848,NA,2020
"62","Stick2_Adjusted_VA",NA,"Adjusted",NA,7.848,NA,2020
"62","Stick3_Perceptual_VA",NA,"Perceptual",NA,3.17,NA,5027
"62","Stick3_Adjusted_VA",NA,"Adjusted",NA,3.17,NA,5027
"62","Stick4_Perceptual_VA",NA,"Perceptual",NA,4.653,NA,3421
"62","Stick4_Adjusted_VA",NA,"Adjusted",NA,4.653,NA,3421
"62","Lamp1_Perceptual_VA",NA,"Perceptual",NA,0.2737,NA,6280
"62","Lamp1_Adjusted_VA",NA,"Adjusted",NA,0.2737,NA,6280
"62","Lamp2_Perceptual_VA",NA,"Perceptual",NA,0.8509,NA,2020
"62","Lamp2_Adjusted_VA",NA,"Adjusted",NA,0.8509,NA,2020
"62","Lamp3_Perceptual_VA",NA,"Perceptual",NA,0.3419,NA,5027
"62","Lamp3_Adjusted_VA",NA,"Adjusted",NA,0.3419,NA,5027
"62","Lamp4_Perceptual_VA",NA,"Perceptual",NA,0.5024,NA,3421
"62","Lamp4_Adjusted_VA",NA,"Adjusted",NA,0.5024,NA,3421
"62","Lamp1a_Perceptual_VA",1.43231989094082,"Perceptual",7.04811128024319,0.2577,5.5580903800575,6670
"62","Lamp1a_Adjusted_VA",0.425461754207389,"Adjusted",7.04811128024319,0.2577,1.65099632986957,6670
"62","Lamp2a_Perceptual_VA",2.77590435396964,"Perceptual",7.07472984992669,0.7639,3.63385829816683,2250
"62","Lamp2a_Adjusted_VA",1.10891595452183,"Adjusted",7.07472984992669,0.7639,1.45165068009141,2250
"62","Lamp3a_Perceptual_VA",1.50145863682283,"Perceptual",7.27754473618416,0.3515,4.27157506919725,4890
"62","Lamp3a_Adjusted_VA",0.48471194666461,"Adjusted",7.27754473618416,0.3515,1.37898135608708,4890
"62","Lamp4a_Perceptual_VA",1.69899171542462,"Perceptual",6.94933973813707,0.5322,3.19239330218831,3230
"62","Lamp4a_Adjusted_VA",0.823929533101967,"Adjusted",6.94933973813707,0.5322,1.5481577096993,3230
"62","Moon1_Perceptual_VA",NA,"Perceptual",NA,0.52,NA,6060
"62","Moon1_Adjusted_VA",NA,"Adjusted",NA,0.52,NA,6060
"62","Moon2_Perceptual_VA",NA,"Perceptual",NA,1.5149,NA,2080
"62","Moon2_Adjusted_VA",NA,"Adjusted",NA,1.5149,NA,2080
"62","Moon3_Perceptual_VA",NA,"Perceptual",NA,0.6676,NA,4720
"62","Moon3_Adjusted_VA",NA,"Adjusted",NA,0.6676,NA,4720
"62","Moon4_Perceptual_VA",NA,"Perceptual",NA,0.96,NA,3270
"62","Moon4_Adjusted_VA",NA,"Adjusted",NA,0.96,NA,3270
"63","Stick1_Perceptual_VA",NA,"Perceptual",NA,2.537,NA,6280
"63","Stick1_Adjusted_VA",NA,"Adjusted",NA,2.537,NA,6280
"63","Stick2_Perceptual_VA",NA,"Perceptual",NA,7.848,NA,2020
"63","Stick2_Adjusted_VA",NA,"Adjusted",NA,7.848,NA,2020
"63","Stick3_Perceptual_VA",NA,"Perceptual",NA,3.17,NA,5027
"63","Stick3_Adjusted_VA",NA,"Adjusted",NA,3.17,NA,5027
"63","Stick4_Perceptual_VA",NA,"Perceptual",NA,4.653,NA,3421
"63","Stick4_Adjusted_VA",NA,"Adjusted",NA,4.653,NA,3421
"63","Lamp1_Perceptual_VA",NA,"Perceptual",NA,0.2737,NA,6280
"63","Lamp1_Adjusted_VA",NA,"Adjusted",NA,0.2737,NA,6280
"63","Lamp2_Perceptual_VA",NA,"Perceptual",NA,0.8509,NA,2020
"63","Lamp2_Adjusted_VA",NA,"Adjusted",NA,0.8509,NA,2020
"63","Lamp3_Perceptual_VA",NA,"Perceptual",NA,0.3419,NA,5027
"63","Lamp3_Adjusted_VA",NA,"Adjusted",NA,0.3419,NA,5027
"63","Lamp4_Perceptual_VA",NA,"Perceptual",NA,0.5024,NA,3421
"63","Lamp4_Adjusted_VA",NA,"Adjusted",NA,0.5024,NA,3421
"63","Lamp1a_Perceptual_VA",4.46680704866627,"Perceptual",6.25001091098009,0.2577,17.3333606855502,6670
"63","Lamp1a_Adjusted_VA",0.360407747260714,"Adjusted",6.25001091098009,0.2577,1.39855548025112,6670
"63","Lamp2a_Perceptual_VA",1.31373101549868,"Perceptual",6.63599351915877,0.7639,1.71976831456824,2250
"63","Lamp2a_Adjusted_VA",1.23494955511109,"Adjusted",6.63599351915877,0.7639,1.6166377210513,2250
"63","Lamp3a_Perceptual_VA",0.644570721372708,"Perceptual",6.28416623870492,0.3515,1.83377161130216,4890
"63","Lamp3a_Adjusted_VA",0.454171483862772,"Adjusted",6.28416623870492,0.3515,1.29209525992254,4890
"63","Lamp4a_Perceptual_VA",1.09216772520983,"Perceptual",6.027645858255,0.5322,2.05217535740292,3230
"63","Lamp4a_Adjusted_VA",1.01010174202328,"Adjusted",6.027645858255,0.5322,1.8979739609607,3230
"63","Moon1_Perceptual_VA",NA,"Perceptual",NA,0.52,NA,6060
"63","Moon1_Adjusted_VA",NA,"Adjusted",NA,0.52,NA,6060
"63","Moon2_Perceptual_VA",NA,"Perceptual",NA,1.5149,NA,2080
"63","Moon2_Adjusted_VA",NA,"Adjusted",NA,1.5149,NA,2080
"63","Moon3_Perceptual_VA",NA,"Perceptual",NA,0.6676,NA,4720
"63","Moon3_Adjusted_VA",NA,"Adjusted",NA,0.6676,NA,4720
"63","Moon4_Perceptual_VA",NA,"Perceptual",NA,0.96,NA,3270
"63","Moon4_Adjusted_VA",NA,"Adjusted",NA,0.96,NA,3270
"64","Stick1_Perceptual_VA",NA,"Perceptual",NA,2.537,NA,6280
"64","Stick1_Adjusted_VA",NA,"Adjusted",NA,2.537,NA,6280
"64","Stick2_Perceptual_VA",NA,"Perceptual",NA,7.848,NA,2020
"64","Stick2_Adjusted_VA",NA,"Adjusted",NA,7.848,NA,2020
"64","Stick3_Perceptual_VA",NA,"Perceptual",NA,3.17,NA,5027
"64","Stick3_Adjusted_VA",NA,"Adjusted",NA,3.17,NA,5027
"64","Stick4_Perceptual_VA",NA,"Perceptual",NA,4.653,NA,3421
"64","Stick4_Adjusted_VA",NA,"Adjusted",NA,4.653,NA,3421
"64","Lamp1_Perceptual_VA",NA,"Perceptual",NA,0.2737,NA,6280
"64","Lamp1_Adjusted_VA",NA,"Adjusted",NA,0.2737,NA,6280
"64","Lamp2_Perceptual_VA",NA,"Perceptual",NA,0.8509,NA,2020
"64","Lamp2_Adjusted_VA",NA,"Adjusted",NA,0.8509,NA,2020
"64","Lamp3_Perceptual_VA",NA,"Perceptual",NA,0.3419,NA,5027
"64","Lamp3_Adjusted_VA",NA,"Adjusted",NA,0.3419,NA,5027
"64","Lamp4_Perceptual_VA",NA,"Perceptual",NA,0.5024,NA,3421
"64","Lamp4_Adjusted_VA",NA,"Adjusted",NA,0.5024,NA,3421
"64","Lamp1a_Perceptual_VA",2.48242870672861,"Perceptual",7.32140211648102,0.2577,9.63301787632368,6670
"64","Lamp1a_Adjusted_VA",0.519655833333058,"Adjusted",7.32140211648102,0.2577,2.01651468115273,6670
"64","Lamp2a_Perceptual_VA",2.2224024210706,"Perceptual",7.94993675946866,0.7639,2.90928448889986,2250
"64","Lamp2a_Adjusted_VA",1.83106219380955,"Adjusted",7.94993675946866,0.7639,2.39699200655786,2250
"64","Lamp3a_Perceptual_VA",0.931990796366406,"Perceptual",6.96031077074886,0.3515,2.65146741498266,4890
"64","Lamp3a_Adjusted_VA",0.84639953212337,"Adjusted",6.96031077074886,0.3515,2.40796452951172,4890
"64","Lamp4a_Perceptual_VA",1.45141546046989,"Perceptual",6.03993957979827,0.5322,2.72719928686563,3230
"64","Lamp4a_Adjusted_VA",1.60195238222086,"Adjusted",6.03993957979827,0.5322,3.01005708797606,3230
"64","Moon1_Perceptual_VA",NA,"Perceptual",NA,0.52,NA,6060
"64","Moon1_Adjusted_VA",NA,"Adjusted",NA,0.52,NA,6060
"64","Moon2_Perceptual_VA",NA,"Perceptual",NA,1.5149,NA,2080
"64","Moon2_Adjusted_VA",NA,"Adjusted",NA,1.5149,NA,2080
"64","Moon3_Perceptual_VA",NA,"Perceptual",NA,0.6676,NA,4720
"64","Moon3_Adjusted_VA",NA,"Adjusted",NA,0.6676,NA,4720
"64","Moon4_Perceptual_VA",NA,"Perceptual",NA,0.96,NA,3270
"64","Moon4_Adjusted_VA",NA,"Adjusted",NA,0.96,NA,3270
"65","Stick1_Perceptual_VA",NA,"Perceptual",NA,2.537,NA,6280
"65","Stick1_Adjusted_VA",NA,"Adjusted",NA,2.537,NA,6280
"65","Stick2_Perceptual_VA",NA,"Perceptual",NA,7.848,NA,2020
"65","Stick2_Adjusted_VA",NA,"Adjusted",NA,7.848,NA,2020
"65","Stick3_Perceptual_VA",NA,"Perceptual",NA,3.17,NA,5027
"65","Stick3_Adjusted_VA",NA,"Adjusted",NA,3.17,NA,5027
"65","Stick4_Perceptual_VA",NA,"Perceptual",NA,4.653,NA,3421
"65","Stick4_Adjusted_VA",NA,"Adjusted",NA,4.653,NA,3421
"65","Lamp1_Perceptual_VA",NA,"Perceptual",NA,0.2737,NA,6280
"65","Lamp1_Adjusted_VA",NA,"Adjusted",NA,0.2737,NA,6280
"65","Lamp2_Perceptual_VA",NA,"Perceptual",NA,0.8509,NA,2020
"65","Lamp2_Adjusted_VA",NA,"Adjusted",NA,0.8509,NA,2020
"65","Lamp3_Perceptual_VA",NA,"Perceptual",NA,0.3419,NA,5027
"65","Lamp3_Adjusted_VA",NA,"Adjusted",NA,0.3419,NA,5027
"65","Lamp4_Perceptual_VA",NA,"Perceptual",NA,0.5024,NA,3421
"65","Lamp4_Adjusted_VA",NA,"Adjusted",NA,0.5024,NA,3421
"65","Lamp1a_Perceptual_VA",3.30950235297364,"Perceptual",7.64757688463984,0.2577,12.8424615947755,6670
"65","Lamp1a_Adjusted_VA",0.555850217722829,"Adjusted",7.64757688463984,0.2577,2.15696630858684,6670
"65","Lamp2a_Perceptual_VA",1.81140684305761,"Perceptual",7.84941250574802,0.7639,2.37126173983193,2250
"65","Lamp2a_Adjusted_VA",1.29680643653629,"Adjusted",7.84941250574802,0.7639,1.69761282437006,2250
"65","Lamp3a_Perceptual_VA",0.813752464656205,"Perceptual",6.9185513696056,0.3515,2.31508524795506,4890
"65","Lamp3a_Adjusted_VA",0.545669966136184,"Adjusted",6.9185513696056,0.3515,1.55240388658943,4890
"65","Lamp4a_Perceptual_VA",1.19569461087798,"Perceptual",7.27853927272168,0.5322,2.2467016363735,3230
"65","Lamp4a_Adjusted_VA",0.840035854721637,"Adjusted",7.27853927272168,0.5322,1.57842137302074,3230
"65","Moon1_Perceptual_VA",NA,"Perceptual",NA,0.52,NA,6060
"65","Moon1_Adjusted_VA",NA,"Adjusted",NA,0.52,NA,6060
"65","Moon2_Perceptual_VA",NA,"Perceptual",NA,1.5149,NA,2080
"65","Moon2_Adjusted_VA",NA,"Adjusted",NA,1.5149,NA,2080
"65","Moon3_Perceptual_VA",NA,"Perceptual",NA,0.6676,NA,4720
"65","Moon3_Adjusted_VA",NA,"Adjusted",NA,0.6676,NA,4720
"65","Moon4_Perceptual_VA",NA,"Perceptual",NA,0.96,NA,3270
"65","Moon4_Adjusted_VA",NA,"Adjusted",NA,0.96,NA,3270
"66","Stick1_Perceptual_VA",NA,"Perceptual",NA,2.537,NA,6280
"66","Stick1_Adjusted_VA",NA,"Adjusted",NA,2.537,NA,6280
"66","Stick2_Perceptual_VA",NA,"Perceptual",NA,7.848,NA,2020
"66","Stick2_Adjusted_VA",NA,"Adjusted",NA,7.848,NA,2020
"66","Stick3_Perceptual_VA",NA,"Perceptual",NA,3.17,NA,5027
"66","Stick3_Adjusted_VA",NA,"Adjusted",NA,3.17,NA,5027
"66","Stick4_Perceptual_VA",NA,"Perceptual",NA,4.653,NA,3421
"66","Stick4_Adjusted_VA",NA,"Adjusted",NA,4.653,NA,3421
"66","Lamp1_Perceptual_VA",NA,"Perceptual",NA,0.2737,NA,6280
"66","Lamp1_Adjusted_VA",NA,"Adjusted",NA,0.2737,NA,6280
"66","Lamp2_Perceptual_VA",NA,"Perceptual",NA,0.8509,NA,2020
"66","Lamp2_Adjusted_VA",NA,"Adjusted",NA,0.8509,NA,2020
"66","Lamp3_Perceptual_VA",NA,"Perceptual",NA,0.3419,NA,5027
"66","Lamp3_Adjusted_VA",NA,"Adjusted",NA,0.3419,NA,5027
"66","Lamp4_Perceptual_VA",NA,"Perceptual",NA,0.5024,NA,3421
"66","Lamp4_Adjusted_VA",NA,"Adjusted",NA,0.5024,NA,3421
"66","Lamp1a_Perceptual_VA",2.70802352980349,"Perceptual",7.11560007566494,0.2577,10.5084343414959,6670
"66","Lamp1a_Adjusted_VA",0.442042397072563,"Adjusted",7.11560007566494,0.2577,1.71533720245465,6670
"66","Lamp2a_Perceptual_VA",2.3190027832077,"Perceptual",7.43357364332652,0.7639,3.03574130541654,2250
"66","Lamp2a_Adjusted_VA",1.1219681754716,"Adjusted",7.43357364332652,0.7639,1.46873697535227,2250
"66","Lamp3a_Perceptual_VA",1.30612693940679,"Perceptual",6.56218175706016,0.3515,3.71586611495529,4890
"66","Lamp3a_Adjusted_VA",0.625914055632534,"Adjusted",6.56218175706016,0.3515,1.78069432612385,4890
"66","Lamp4a_Perceptual_VA",1.5224556042872,"Perceptual",6.27592255674091,0.5322,2.86068320985945,3230
"66","Lamp4a_Adjusted_VA",0.885626907960644,"Adjusted",6.27592255674091,0.5322,1.66408663652883,3230
"66","Moon1_Perceptual_VA",NA,"Perceptual",NA,0.52,NA,6060
"66","Moon1_Adjusted_VA",NA,"Adjusted",NA,0.52,NA,6060
"66","Moon2_Perceptual_VA",NA,"Perceptual",NA,1.5149,NA,2080
"66","Moon2_Adjusted_VA",NA,"Adjusted",NA,1.5149,NA,2080
"66","Moon3_Perceptual_VA",NA,"Perceptual",NA,0.6676,NA,4720
"66","Moon3_Adjusted_VA",NA,"Adjusted",NA,0.6676,NA,4720
"66","Moon4_Perceptual_VA",NA,"Perceptual",NA,0.96,NA,3270
"66","Moon4_Adjusted_VA",NA,"Adjusted",NA,0.96,NA,3270
"67","Stick1_Perceptual_VA",NA,"Perceptual",NA,2.537,NA,6280
"67","Stick1_Adjusted_VA",NA,"Adjusted",NA,2.537,NA,6280
"67","Stick2_Perceptual_VA",NA,"Perceptual",NA,7.848,NA,2020
"67","Stick2_Adjusted_VA",NA,"Adjusted",NA,7.848,NA,2020
"67","Stick3_Perceptual_VA",NA,"Perceptual",NA,3.17,NA,5027
"67","Stick3_Adjusted_VA",NA,"Adjusted",NA,3.17,NA,5027
"67","Stick4_Perceptual_VA",NA,"Perceptual",NA,4.653,NA,3421
"67","Stick4_Adjusted_VA",NA,"Adjusted",NA,4.653,NA,3421
"67","Lamp1_Perceptual_VA",NA,"Perceptual",NA,0.2737,NA,6280
"67","Lamp1_Adjusted_VA",NA,"Adjusted",NA,0.2737,NA,6280
"67","Lamp2_Perceptual_VA",NA,"Perceptual",NA,0.8509,NA,2020
"67","Lamp2_Adjusted_VA",NA,"Adjusted",NA,0.8509,NA,2020
"67","Lamp3_Perceptual_VA",NA,"Perceptual",NA,0.3419,NA,5027
"67","Lamp3_Adjusted_VA",NA,"Adjusted",NA,0.3419,NA,5027
"67","Lamp4_Perceptual_VA",NA,"Perceptual",NA,0.5024,NA,3421
"67","Lamp4_Adjusted_VA",NA,"Adjusted",NA,0.5024,NA,3421
"67","Lamp1a_Perceptual_VA",1.39651548448802,"Perceptual",8.33188765357948,0.2577,5.41915205466828,6670
"67","Lamp1a_Adjusted_VA",0.338052786489691,"Adjusted",8.33188765357948,0.2577,1.31180747570699,6670
"67","Lamp2a_Perceptual_VA",4.05388273854648,"Perceptual",10.2887401479335,0.7639,5.30682384938668,2250
"67","Lamp2a_Adjusted_VA",1.12558136750325,"Adjusted",10.2887401479335,0.7639,1.47346690339475,2250
"67","Lamp3a_Perceptual_VA",2.747672020903,"Perceptual",8.80757991324868,0.3515,7.81699010214223,4890
"67","Lamp3a_Adjusted_VA",0.5417015166301,"Adjusted",8.80757991324868,0.3515,1.54111384532034,4890
"67","Lamp4a_Perceptual_VA",3.16378833953583,"Perceptual",9.280860807618,0.5322,5.94473569999217,3230
"67","Lamp4a_Adjusted_VA",0.838459858765722,"Adjusted",9.280860807618,0.5322,1.57546008787246,3230
"67","Moon1_Perceptual_VA",NA,"Perceptual",NA,0.52,NA,6060
"67","Moon1_Adjusted_VA",NA,"Adjusted",NA,0.52,NA,6060
"67","Moon2_Perceptual_VA",NA,"Perceptual",NA,1.5149,NA,2080
"67","Moon2_Adjusted_VA",NA,"Adjusted",NA,1.5149,NA,2080
"67","Moon3_Perceptual_VA",NA,"Perceptual",NA,0.6676,NA,4720
"67","Moon3_Adjusted_VA",NA,"Adjusted",NA,0.6676,NA,4720
"67","Moon4_Perceptual_VA",NA,"Perceptual",NA,0.96,NA,3270
"67","Moon4_Adjusted_VA",NA,"Adjusted",NA,0.96,NA,3270
"68","Stick1_Perceptual_VA",NA,"Perceptual",NA,2.537,NA,6280
"68","Stick1_Adjusted_VA",NA,"Adjusted",NA,2.537,NA,6280
"68","Stick2_Perceptual_VA",NA,"Perceptual",NA,7.848,NA,2020
"68","Stick2_Adjusted_VA",NA,"Adjusted",NA,7.848,NA,2020
"68","Stick3_Perceptual_VA",NA,"Perceptual",NA,3.17,NA,5027
"68","Stick3_Adjusted_VA",NA,"Adjusted",NA,3.17,NA,5027
"68","Stick4_Perceptual_VA",NA,"Perceptual",NA,4.653,NA,3421
"68","Stick4_Adjusted_VA",NA,"Adjusted",NA,4.653,NA,3421
"68","Lamp1_Perceptual_VA",NA,"Perceptual",NA,0.2737,NA,6280
"68","Lamp1_Adjusted_VA",NA,"Adjusted",NA,0.2737,NA,6280
"68","Lamp2_Perceptual_VA",NA,"Perceptual",NA,0.8509,NA,2020
"68","Lamp2_Adjusted_VA",NA,"Adjusted",NA,0.8509,NA,2020
"68","Lamp3_Perceptual_VA",NA,"Perceptual",NA,0.3419,NA,5027
"68","Lamp3_Adjusted_VA",NA,"Adjusted",NA,0.3419,NA,5027
"68","Lamp4_Perceptual_VA",NA,"Perceptual",NA,0.5024,NA,3421
"68","Lamp4_Adjusted_VA",NA,"Adjusted",NA,0.5024,NA,3421
"68","Lamp1a_Perceptual_VA",2.70802352980349,"Perceptual",8.53713459197587,0.2577,10.5084343414959,6670
"68","Lamp1a_Adjusted_VA",0.486029799142579,"Adjusted",8.53713459197587,0.2577,1.88602948832976,6670
"68","Lamp2a_Perceptual_VA",1.35731782934087,"Perceptual",8.22408749579615,0.7639,1.77682658638679,2250
"68","Lamp2a_Adjusted_VA",1.18271351797535,"Adjusted",8.22408749579615,0.7639,1.54825699433872,2250
"68","Lamp3a_Perceptual_VA",0.698011015790482,"Perceptual",7.16710340093622,0.3515,1.98580658830863,4890
"68","Lamp3a_Adjusted_VA",0.651081397318597,"Adjusted",7.16710340093622,0.3515,1.8522941602236,4890
"68","Lamp4a_Perceptual_VA",0.887048918645416,"Perceptual",7.70100792497796,0.5322,1.66675858445212,3230
"68","Lamp4a_Adjusted_VA",0.951603528398524,"Adjusted",7.70100792497796,0.5322,1.78805623524713,3230
"68","Moon1_Perceptual_VA",NA,"Perceptual",NA,0.52,NA,6060
"68","Moon1_Adjusted_VA",NA,"Adjusted",NA,0.52,NA,6060
"68","Moon2_Perceptual_VA",NA,"Perceptual",NA,1.5149,NA,2080
"68","Moon2_Adjusted_VA",NA,"Adjusted",NA,1.5149,NA,2080
"68","Moon3_Perceptual_VA",NA,"Perceptual",NA,0.6676,NA,4720
"68","Moon3_Adjusted_VA",NA,"Adjusted",NA,0.6676,NA,4720
"68","Moon4_Perceptual_VA",NA,"Perceptual",NA,0.96,NA,3270
"68","Moon4_Adjusted_VA",NA,"Adjusted",NA,0.96,NA,3270
"69","Stick1_Perceptual_VA",NA,"Perceptual",NA,2.537,NA,6280
"69","Stick1_Adjusted_VA",NA,"Adjusted",NA,2.537,NA,6280
"69","Stick2_Perceptual_VA",NA,"Perceptual",NA,7.848,NA,2020
"69","Stick2_Adjusted_VA",NA,"Adjusted",NA,7.848,NA,2020
"69","Stick3_Perceptual_VA",NA,"Perceptual",NA,3.17,NA,5027
"69","Stick3_Adjusted_VA",NA,"Adjusted",NA,3.17,NA,5027
"69","Stick4_Perceptual_VA",NA,"Perceptual",NA,4.653,NA,3421
"69","Stick4_Adjusted_VA",NA,"Adjusted",NA,4.653,NA,3421
"69","Lamp1_Perceptual_VA",NA,"Perceptual",NA,0.2737,NA,6280
"69","Lamp1_Adjusted_VA",NA,"Adjusted",NA,0.2737,NA,6280
"69","Lamp2_Perceptual_VA",NA,"Perceptual",NA,0.8509,NA,2020
"69","Lamp2_Adjusted_VA",NA,"Adjusted",NA,0.8509,NA,2020
"69","Lamp3_Perceptual_VA",NA,"Perceptual",NA,0.3419,NA,5027
"69","Lamp3_Adjusted_VA",NA,"Adjusted",NA,0.3419,NA,5027
"69","Lamp4_Perceptual_VA",NA,"Perceptual",NA,0.5024,NA,3421
"69","Lamp4_Adjusted_VA",NA,"Adjusted",NA,0.5024,NA,3421
"69","Lamp1a_Perceptual_VA",3.38467506180536,"Perceptual",7.43214215610641,0.2577,13.1341678766215,6670
"69","Lamp1a_Adjusted_VA",0.677124058646317,"Adjusted",7.43214215610641,0.2577,2.62756716587628,6670
"69","Lamp2a_Perceptual_VA",1.46311915685552,"Perceptual",8.18984720112296,0.7639,1.91532812783809,2250
"69","Lamp2a_Adjusted_VA",1.22628390640326,"Adjusted",8.18984720112296,0.7639,1.60529376410951,2250
"69","Lamp3a_Perceptual_VA",0.952305746637953,"Perceptual",7.39461194533217,0.3515,2.70926243709233,4890
"69","Lamp3a_Adjusted_VA",0.620698207619945,"Adjusted",7.39461194533217,0.3515,1.76585549820752,4890
"69","Lamp4a_Perceptual_VA",1.2723199295284,"Perceptual",8.57085887056133,0.5322,2.39068006299963,3230
"69","Lamp4a_Adjusted_VA",0.959804287993453,"Adjusted",8.57085887056133,0.5322,1.80346540397116,3230
"69","Moon1_Perceptual_VA",NA,"Perceptual",NA,0.52,NA,6060
"69","Moon1_Adjusted_VA",NA,"Adjusted",NA,0.52,NA,6060
"69","Moon2_Perceptual_VA",NA,"Perceptual",NA,1.5149,NA,2080
"69","Moon2_Adjusted_VA",NA,"Adjusted",NA,1.5149,NA,2080
"69","Moon3_Perceptual_VA",NA,"Perceptual",NA,0.6676,NA,4720
"69","Moon3_Adjusted_VA",NA,"Adjusted",NA,0.6676,NA,4720
"69","Moon4_Perceptual_VA",NA,"Perceptual",NA,0.96,NA,3270
"69","Moon4_Adjusted_VA",NA,"Adjusted",NA,0.96,NA,3270
"70","Stick1_Perceptual_VA",NA,"Perceptual",NA,2.537,NA,6280
"70","Stick1_Adjusted_VA",NA,"Adjusted",NA,2.537,NA,6280
"70","Stick2_Perceptual_VA",NA,"Perceptual",NA,7.848,NA,2020
"70","Stick2_Adjusted_VA",NA,"Adjusted",NA,7.848,NA,2020
"70","Stick3_Perceptual_VA",NA,"Perceptual",NA,3.17,NA,5027
"70","Stick3_Adjusted_VA",NA,"Adjusted",NA,3.17,NA,5027
"70","Stick4_Perceptual_VA",NA,"Perceptual",NA,4.653,NA,3421
"70","Stick4_Adjusted_VA",NA,"Adjusted",NA,4.653,NA,3421
"70","Lamp1_Perceptual_VA",NA,"Perceptual",NA,0.2737,NA,6280
"70","Lamp1_Adjusted_VA",NA,"Adjusted",NA,0.2737,NA,6280
"70","Lamp2_Perceptual_VA",NA,"Perceptual",NA,0.8509,NA,2020
"70","Lamp2_Adjusted_VA",NA,"Adjusted",NA,0.8509,NA,2020
"70","Lamp3_Perceptual_VA",NA,"Perceptual",NA,0.3419,NA,5027
"70","Lamp3_Adjusted_VA",NA,"Adjusted",NA,0.3419,NA,5027
"70","Lamp4_Perceptual_VA",NA,"Perceptual",NA,0.5024,NA,3421
"70","Lamp4_Adjusted_VA",NA,"Adjusted",NA,0.5024,NA,3421
"70","Lamp1a_Perceptual_VA",2.33925266799534,"Perceptual",7.05365952437476,0.2577,9.07742595264003,6670
"70","Lamp1a_Adjusted_VA",0.764973158407671,"Adjusted",7.05365952437476,0.2577,2.96846394415084,6670
"70","Lamp2a_Perceptual_VA",1.11340521081355,"Perceptual",7.97850204370874,0.7639,1.45752743921135,2250
"70","Lamp2a_Adjusted_VA",0.737460248233488,"Adjusted",7.97850204370874,0.7639,0.965388464764352,2250
"70","Lamp3a_Perceptual_VA",0.755537792457979,"Perceptual",7.10186953130127,0.3515,2.14946740386338,4890
"70","Lamp3a_Adjusted_VA",0.671023981986672,"Adjusted",7.10186953130127,0.3515,1.90902982073022,4890
"70","Lamp4a_Perceptual_VA",1.49527201104395,"Perceptual",11.2521829815715,0.5322,2.80960543225094,3230
"70","Lamp4a_Adjusted_VA",1.34477807499867,"Adjusted",11.2521829815715,0.5322,2.52682840097458,3230
"70","Moon1_Perceptual_VA",NA,"Perceptual",NA,0.52,NA,6060
"70","Moon1_Adjusted_VA",NA,"Adjusted",NA,0.52,NA,6060
"70","Moon2_Perceptual_VA",NA,"Perceptual",NA,1.5149,NA,2080
"70","Moon2_Adjusted_VA",NA,"Adjusted",NA,1.5149,NA,2080
"70","Moon3_Perceptual_VA",NA,"Perceptual",NA,0.6676,NA,4720
"70","Moon3_Adjusted_VA",NA,"Adjusted",NA,0.6676,NA,4720
"70","Moon4_Perceptual_VA",NA,"Perceptual",NA,0.96,NA,3270
"70","Moon4_Adjusted_VA",NA,"Adjusted",NA,0.96,NA,3270
"71","Stick1_Perceptual_VA",NA,"Perceptual",NA,2.537,NA,6280
"71","Stick1_Adjusted_VA",NA,"Adjusted",NA,2.537,NA,6280
"71","Stick2_Perceptual_VA",NA,"Perceptual",NA,7.848,NA,2020
"71","Stick2_Adjusted_VA",NA,"Adjusted",NA,7.848,NA,2020
"71","Stick3_Perceptual_VA",NA,"Perceptual",NA,3.17,NA,5027
"71","Stick3_Adjusted_VA",NA,"Adjusted",NA,3.17,NA,5027
"71","Stick4_Perceptual_VA",NA,"Perceptual",NA,4.653,NA,3421
"71","Stick4_Adjusted_VA",NA,"Adjusted",NA,4.653,NA,3421
"71","Lamp1_Perceptual_VA",NA,"Perceptual",NA,0.2737,NA,6280
"71","Lamp1_Adjusted_VA",NA,"Adjusted",NA,0.2737,NA,6280
"71","Lamp2_Perceptual_VA",NA,"Perceptual",NA,0.8509,NA,2020
"71","Lamp2_Adjusted_VA",NA,"Adjusted",NA,0.8509,NA,2020
"71","Lamp3_Perceptual_VA",NA,"Perceptual",NA,0.3419,NA,5027
"71","Lamp3_Adjusted_VA",NA,"Adjusted",NA,0.3419,NA,5027
"71","Lamp4_Perceptual_VA",NA,"Perceptual",NA,0.5024,NA,3421
"71","Lamp4_Adjusted_VA",NA,"Adjusted",NA,0.5024,NA,3421
"71","Lamp1a_Perceptual_VA",3.19136807852478,"Perceptual",6.37828878319062,0.2577,12.3840437661031,6670
"71","Lamp1a_Adjusted_VA",0.532028415534515,"Adjusted",6.37828878319062,0.2577,2.06452625352936,6670
"71","Lamp2a_Perceptual_VA",1.53317584763577,"Perceptual",7.78541218897251,0.7639,2.00703737090688,2250
"71","Lamp2a_Adjusted_VA",1.20488829708586,"Adjusted",7.78541218897251,0.7639,1.57728537385241,2250
"71","Lamp3a_Perceptual_VA",0.977610561491119,"Perceptual",6.94570211542174,0.3515,2.78125337550816,4890
"71","Lamp3a_Adjusted_VA",0.557932020904537,"Adjusted",6.94570211542174,0.3515,1.58728882191902,4890
"71","Lamp4a_Perceptual_VA",1.15388998422791,"Perceptual",7.32083362213515,0.5322,2.16815104139029,3230
"71","Lamp4a_Adjusted_VA",0.80233353175904,"Adjusted",7.32083362213515,0.5322,1.50757897737512,3230
"71","Moon1_Perceptual_VA",NA,"Perceptual",NA,0.52,NA,6060
"71","Moon1_Adjusted_VA",NA,"Adjusted",NA,0.52,NA,6060
"71","Moon2_Perceptual_VA",NA,"Perceptual",NA,1.5149,NA,2080
"71","Moon2_Adjusted_VA",NA,"Adjusted",NA,1.5149,NA,2080
"71","Moon3_Perceptual_VA",NA,"Perceptual",NA,0.6676,NA,4720
"71","Moon3_Adjusted_VA",NA,"Adjusted",NA,0.6676,NA,4720
"71","Moon4_Perceptual_VA",NA,"Perceptual",NA,0.96,NA,3270
"71","Moon4_Adjusted_VA",NA,"Adjusted",NA,0.96,NA,3270
"72","Stick1_Perceptual_VA",NA,"Perceptual",NA,2.537,NA,6280
"72","Stick1_Adjusted_VA",NA,"Adjusted",NA,2.537,NA,6280
"72","Stick2_Perceptual_VA",NA,"Perceptual",NA,7.848,NA,2020
"72","Stick2_Adjusted_VA",NA,"Adjusted",NA,7.848,NA,2020
"72","Stick3_Perceptual_VA",NA,"Perceptual",NA,3.17,NA,5027
"72","Stick3_Adjusted_VA",NA,"Adjusted",NA,3.17,NA,5027
"72","Stick4_Perceptual_VA",NA,"Perceptual",NA,4.653,NA,3421
"72","Stick4_Adjusted_VA",NA,"Adjusted",NA,4.653,NA,3421
"72","Lamp1_Perceptual_VA",NA,"Perceptual",NA,0.2737,NA,6280
"72","Lamp1_Adjusted_VA",NA,"Adjusted",NA,0.2737,NA,6280
"72","Lamp2_Perceptual_VA",NA,"Perceptual",NA,0.8509,NA,2020
"72","Lamp2_Adjusted_VA",NA,"Adjusted",NA,0.8509,NA,2020
"72","Lamp3_Perceptual_VA",NA,"Perceptual",NA,0.3419,NA,5027
"72","Lamp3_Adjusted_VA",NA,"Adjusted",NA,0.3419,NA,5027
"72","Lamp4_Perceptual_VA",NA,"Perceptual",NA,0.5024,NA,3421
"72","Lamp4_Adjusted_VA",NA,"Adjusted",NA,0.5024,NA,3421
"72","Lamp1a_Perceptual_VA",3.50826997817949,"Perceptual",8.68535461366014,0.2577,13.6137756235137,6670
"72","Lamp1a_Adjusted_VA",0.517030229252116,"Adjusted",8.68535461366014,0.2577,2.00632607393138,6670
"72","Lamp2a_Perceptual_VA",1.28910065694572,"Perceptual",6.85756087512233,0.7639,1.68752540508669,2250
"72","Lamp2a_Adjusted_VA",1.06182189352138,"Adjusted",6.85756087512233,0.7639,1.3900011696837,2250
"72","Lamp3a_Perceptual_VA",0.926545219018122,"Perceptual",7.57781679354966,0.3515,2.63597501854373,4890
"72","Lamp3a_Adjusted_VA",0.689663093023205,"Adjusted",7.57781679354966,0.3515,1.96205716365065,4890
"72","Lamp4a_Perceptual_VA",1.15344043333574,"Perceptual",7.20455167708937,0.5322,2.16730633847377,3230
"72","Lamp4a_Adjusted_VA",1.03908893143435,"Adjusted",7.20455167708937,0.5322,1.95244068289055,3230
"72","Moon1_Perceptual_VA",NA,"Perceptual",NA,0.52,NA,6060
"72","Moon1_Adjusted_VA",NA,"Adjusted",NA,0.52,NA,6060
"72","Moon2_Perceptual_VA",NA,"Perceptual",NA,1.5149,NA,2080
"72","Moon2_Adjusted_VA",NA,"Adjusted",NA,1.5149,NA,2080
"72","Moon3_Perceptual_VA",NA,"Perceptual",NA,0.6676,NA,4720
"72","Moon3_Adjusted_VA",NA,"Adjusted",NA,0.6676,NA,4720
"72","Moon4_Perceptual_VA",NA,"Perceptual",NA,0.96,NA,3270
"72","Moon4_Adjusted_VA",NA,"Adjusted",NA,0.96,NA,3270
"73","Stick1_Perceptual_VA",NA,"Perceptual",NA,2.537,NA,6280
"73","Stick1_Adjusted_VA",NA,"Adjusted",NA,2.537,NA,6280
"73","Stick2_Perceptual_VA",NA,"Perceptual",NA,7.848,NA,2020
"73","Stick2_Adjusted_VA",NA,"Adjusted",NA,7.848,NA,2020
"73","Stick3_Perceptual_VA",NA,"Perceptual",NA,3.17,NA,5027
"73","Stick3_Adjusted_VA",NA,"Adjusted",NA,3.17,NA,5027
"73","Stick4_Perceptual_VA",NA,"Perceptual",NA,4.653,NA,3421
"73","Stick4_Adjusted_VA",NA,"Adjusted",NA,4.653,NA,3421
"73","Lamp1_Perceptual_VA",NA,"Perceptual",NA,0.2737,NA,6280
"73","Lamp1_Adjusted_VA",NA,"Adjusted",NA,0.2737,NA,6280
"73","Lamp2_Perceptual_VA",NA,"Perceptual",NA,0.8509,NA,2020
"73","Lamp2_Adjusted_VA",NA,"Adjusted",NA,0.8509,NA,2020
"73","Lamp3_Perceptual_VA",NA,"Perceptual",NA,0.3419,NA,5027
"73","Lamp3_Adjusted_VA",NA,"Adjusted",NA,0.3419,NA,5027
"73","Lamp4_Perceptual_VA",NA,"Perceptual",NA,0.5024,NA,3421
"73","Lamp4_Adjusted_VA",NA,"Adjusted",NA,0.5024,NA,3421
"73","Lamp1a_Perceptual_VA",2.03118306630493,"Perceptual",6.61139195947292,0.2577,7.88196766125313,6670
"73","Lamp1a_Adjusted_VA",0.584187200727894,"Adjusted",6.61139195947292,0.2577,2.26692743782652,6670
"73","Lamp2a_Perceptual_VA",2.77301224257556,"Perceptual",7.83490795817315,0.7639,3.63007231650159,2250
"73","Lamp2a_Adjusted_VA",1.40367638781734,"Adjusted",7.83490795817315,0.7639,1.83751327113148,2250
"73","Lamp3a_Perceptual_VA",1.18213680506133,"Perceptual",7.46207738885428,0.3515,3.36312035579325,4890
"73","Lamp3a_Adjusted_VA",0.633904285848674,"Adjusted",7.46207738885428,0.3515,1.80342613328215,4890
"73","Lamp4a_Perceptual_VA",1.95801960676876,"Perceptual",7.73237191139481,0.5322,3.67910486052004,3230
"73","Lamp4a_Adjusted_VA",0.961067960553996,"Adjusted",7.73237191139481,0.5322,1.80583983568958,3230
"73","Moon1_Perceptual_VA",NA,"Perceptual",NA,0.52,NA,6060
"73","Moon1_Adjusted_VA",NA,"Adjusted",NA,0.52,NA,6060
"73","Moon2_Perceptual_VA",NA,"Perceptual",NA,1.5149,NA,2080
"73","Moon2_Adjusted_VA",NA,"Adjusted",NA,1.5149,NA,2080
"73","Moon3_Perceptual_VA",NA,"Perceptual",NA,0.6676,NA,4720
"73","Moon3_Adjusted_VA",NA,"Adjusted",NA,0.6676,NA,4720
"73","Moon4_Perceptual_VA",NA,"Perceptual",NA,0.96,NA,3270
"73","Moon4_Adjusted_VA",NA,"Adjusted",NA,0.96,NA,3270
"74","Stick1_Perceptual_VA",NA,"Perceptual",NA,2.537,NA,6280
"74","Stick1_Adjusted_VA",NA,"Adjusted",NA,2.537,NA,6280
"74","Stick2_Perceptual_VA",NA,"Perceptual",NA,7.848,NA,2020
"74","Stick2_Adjusted_VA",NA,"Adjusted",NA,7.848,NA,2020
"74","Stick3_Perceptual_VA",NA,"Perceptual",NA,3.17,NA,5027
"74","Stick3_Adjusted_VA",NA,"Adjusted",NA,3.17,NA,5027
"74","Stick4_Perceptual_VA",NA,"Perceptual",NA,4.653,NA,3421
"74","Stick4_Adjusted_VA",NA,"Adjusted",NA,4.653,NA,3421
"74","Lamp1_Perceptual_VA",NA,"Perceptual",NA,0.2737,NA,6280
"74","Lamp1_Adjusted_VA",NA,"Adjusted",NA,0.2737,NA,6280
"74","Lamp2_Perceptual_VA",NA,"Perceptual",NA,0.8509,NA,2020
"74","Lamp2_Adjusted_VA",NA,"Adjusted",NA,0.8509,NA,2020
"74","Lamp3_Perceptual_VA",NA,"Perceptual",NA,0.3419,NA,5027
"74","Lamp3_Adjusted_VA",NA,"Adjusted",NA,0.3419,NA,5027
"74","Lamp4_Perceptual_VA",NA,"Perceptual",NA,0.5024,NA,3421
"74","Lamp4_Adjusted_VA",NA,"Adjusted",NA,0.5024,NA,3421
"74","Lamp1a_Perceptual_VA",2.23425223824891,"Perceptual",7.18756874136335,0.2577,8.66997376115215,6670
"74","Lamp1a_Adjusted_VA",0.551732872573209,"Adjusted",7.18756874136335,0.2577,2.14098902822355,6670
"74","Lamp2a_Perceptual_VA",NA,"Perceptual",6.96297609283182,0.7639,NA,2250
"74","Lamp2a_Adjusted_VA",1.38634875116186,"Adjusted",6.96297609283182,0.7639,1.81483014944608,2250
"74","Lamp3a_Perceptual_VA",0.932249743207225,"Perceptual",11.9685205345547,0.3515,2.6522041058527,4890
"74","Lamp3a_Adjusted_VA",0.647684523433837,"Adjusted",11.9685205345547,0.3515,1.84263022314036,4890
"74","Lamp4a_Perceptual_VA",1.39186291432886,"Perceptual",10.7184930101312,0.5322,2.61530047788211,3230
"74","Lamp4a_Adjusted_VA",0.920469774871083,"Adjusted",10.7184930101312,0.5322,1.72955613466945,3230
"74","Moon1_Perceptual_VA",NA,"Perceptual",NA,0.52,NA,6060
"74","Moon1_Adjusted_VA",NA,"Adjusted",NA,0.52,NA,6060
"74","Moon2_Perceptual_VA",NA,"Perceptual",NA,1.5149,NA,2080
"74","Moon2_Adjusted_VA",NA,"Adjusted",NA,1.5149,NA,2080
"74","Moon3_Perceptual_VA",NA,"Perceptual",NA,0.6676,NA,4720
"74","Moon3_Adjusted_VA",NA,"Adjusted",NA,0.6676,NA,4720
"74","Moon4_Perceptual_VA",NA,"Perceptual",NA,0.96,NA,3270
"74","Moon4_Adjusted_VA",NA,"Adjusted",NA,0.96,NA,3270
"75","Stick1_Perceptual_VA",NA,"Perceptual",NA,2.537,NA,6280
"75","Stick1_Adjusted_VA",NA,"Adjusted",NA,2.537,NA,6280
"75","Stick2_Perceptual_VA",NA,"Perceptual",NA,7.848,NA,2020
"75","Stick2_Adjusted_VA",NA,"Adjusted",NA,7.848,NA,2020
"75","Stick3_Perceptual_VA",NA,"Perceptual",NA,3.17,NA,5027
"75","Stick3_Adjusted_VA",NA,"Adjusted",NA,3.17,NA,5027
"75","Stick4_Perceptual_VA",NA,"Perceptual",NA,4.653,NA,3421
"75","Stick4_Adjusted_VA",NA,"Adjusted",NA,4.653,NA,3421
"75","Lamp1_Perceptual_VA",NA,"Perceptual",NA,0.2737,NA,6280
"75","Lamp1_Adjusted_VA",NA,"Adjusted",NA,0.2737,NA,6280
"75","Lamp2_Perceptual_VA",NA,"Perceptual",NA,0.8509,NA,2020
"75","Lamp2_Adjusted_VA",NA,"Adjusted",NA,0.8509,NA,2020
"75","Lamp3_Perceptual_VA",NA,"Perceptual",NA,0.3419,NA,5027
"75","Lamp3_Adjusted_VA",NA,"Adjusted",NA,0.3419,NA,5027
"75","Lamp4_Perceptual_VA",NA,"Perceptual",NA,0.5024,NA,3421
"75","Lamp4_Adjusted_VA",NA,"Adjusted",NA,0.5024,NA,3421
"75","Lamp1a_Perceptual_VA",4.29517085659701,"Perceptual",7.27189232976354,0.2577,16.6673296724758,6670
"75","Lamp1a_Adjusted_VA",0.337033025301154,"Adjusted",7.27189232976354,0.2577,1.30785031160712,6670
"75","Lamp2a_Perceptual_VA",0.961474699677829,"Perceptual",7.75788299656838,0.7639,1.25863948118579,2250
"75","Lamp2a_Adjusted_VA",1.03594712630621,"Adjusted",7.75788299656838,0.7639,1.3561292398301,2250
"75","Lamp3a_Perceptual_VA",0.503270503169242,"Perceptual",7.22303740455343,0.3515,1.4317795253748,4890
"75","Lamp3a_Adjusted_VA",0.557932020904537,"Adjusted",7.22303740455343,0.3515,1.58728882191902,4890
"75","Lamp4a_Perceptual_VA",0.743286174739155,"Perceptual",7.25027408601721,0.5322,1.39662941514309,3230
"75","Lamp4a_Adjusted_VA",0.777217786526536,"Adjusted",7.25027408601721,0.5322,1.46038667141401,3230
"75","Moon1_Perceptual_VA",NA,"Perceptual",NA,0.52,NA,6060
"75","Moon1_Adjusted_VA",NA,"Adjusted",NA,0.52,NA,6060
"75","Moon2_Perceptual_VA",NA,"Perceptual",NA,1.5149,NA,2080
"75","Moon2_Adjusted_VA",NA,"Adjusted",NA,1.5149,NA,2080
"75","Moon3_Perceptual_VA",NA,"Perceptual",NA,0.6676,NA,4720
"75","Moon3_Adjusted_VA",NA,"Adjusted",NA,0.6676,NA,4720
"75","Moon4_Perceptual_VA",NA,"Perceptual",NA,0.96,NA,3270
"75","Moon4_Adjusted_VA",NA,"Adjusted",NA,0.96,NA,3270
"76","Stick1_Perceptual_VA",NA,"Perceptual",NA,2.537,NA,6280
"76","Stick1_Adjusted_VA",NA,"Adjusted",NA,2.537,NA,6280
"76","Stick2_Perceptual_VA",NA,"Perceptual",NA,7.848,NA,2020
"76","Stick2_Adjusted_VA",NA,"Adjusted",NA,7.848,NA,2020
"76","Stick3_Perceptual_VA",NA,"Perceptual",NA,3.17,NA,5027
"76","Stick3_Adjusted_VA",NA,"Adjusted",NA,3.17,NA,5027
"76","Stick4_Perceptual_VA",NA,"Perceptual",NA,4.653,NA,3421
"76","Stick4_Adjusted_VA",NA,"Adjusted",NA,4.653,NA,3421
"76","Lamp1_Perceptual_VA",NA,"Perceptual",NA,0.2737,NA,6280
"76","Lamp1_Adjusted_VA",NA,"Adjusted",NA,0.2737,NA,6280
"76","Lamp2_Perceptual_VA",NA,"Perceptual",NA,0.8509,NA,2020
"76","Lamp2_Adjusted_VA",NA,"Adjusted",NA,0.8509,NA,2020
"76","Lamp3_Perceptual_VA",NA,"Perceptual",NA,0.3419,NA,5027
"76","Lamp3_Adjusted_VA",NA,"Adjusted",NA,0.3419,NA,5027
"76","Lamp4_Perceptual_VA",NA,"Perceptual",NA,0.5024,NA,3421
"76","Lamp4_Adjusted_VA",NA,"Adjusted",NA,0.5024,NA,3421
"76","Lamp1a_Perceptual_VA",1.86194895541551,"Perceptual",12.1461877732227,0.2577,7.22525787898917,6670
"76","Lamp1a_Adjusted_VA",0.651461028439795,"Adjusted",12.1461877732227,0.2577,2.52798226014666,6670
"76","Lamp2a_Perceptual_VA",1.42482160884379,"Perceptual",9.99929175266461,0.7639,1.86519388512081,2250
"76","Lamp2a_Adjusted_VA",0.713899837631708,"Adjusted",9.99929175266461,0.7639,0.934546194045959,2250
"76","Lamp3a_Perceptual_VA",1.64236654717519,"Perceptual",9.39349012102379,0.3515,4.6724510588199,4890
"76","Lamp3a_Adjusted_VA",0.711060213623038,"Adjusted",9.39349012102379,0.3515,2.02293090646668,4890
"76","Lamp4a_Perceptual_VA",2.52060769300718,"Perceptual",10.252009914031,0.5322,4.73620385758583,3230
"76","Lamp4a_Adjusted_VA",0.985220609266672,"Adjusted",10.252009914031,0.5322,1.85122249016661,3230
"76","Moon1_Perceptual_VA",NA,"Perceptual",NA,0.52,NA,6060
"76","Moon1_Adjusted_VA",NA,"Adjusted",NA,0.52,NA,6060
"76","Moon2_Perceptual_VA",NA,"Perceptual",NA,1.5149,NA,2080
"76","Moon2_Adjusted_VA",NA,"Adjusted",NA,1.5149,NA,2080
"76","Moon3_Perceptual_VA",NA,"Perceptual",NA,0.6676,NA,4720
"76","Moon3_Adjusted_VA",NA,"Adjusted",NA,0.6676,NA,4720
"76","Moon4_Perceptual_VA",NA,"Perceptual",NA,0.96,NA,3270
"76","Moon4_Adjusted_VA",NA,"Adjusted",NA,0.96,NA,3270
"77","Stick1_Perceptual_VA",NA,"Perceptual",NA,2.537,NA,6280
"77","Stick1_Adjusted_VA",NA,"Adjusted",NA,2.537,NA,6280
"77","Stick2_Perceptual_VA",NA,"Perceptual",NA,7.848,NA,2020
"77","Stick2_Adjusted_VA",NA,"Adjusted",NA,7.848,NA,2020
"77","Stick3_Perceptual_VA",NA,"Perceptual",NA,3.17,NA,5027
"77","Stick3_Adjusted_VA",NA,"Adjusted",NA,3.17,NA,5027
"77","Stick4_Perceptual_VA",NA,"Perceptual",NA,4.653,NA,3421
"77","Stick4_Adjusted_VA",NA,"Adjusted",NA,4.653,NA,3421
"77","Lamp1_Perceptual_VA",NA,"Perceptual",NA,0.2737,NA,6280
"77","Lamp1_Adjusted_VA",NA,"Adjusted",NA,0.2737,NA,6280
"77","Lamp2_Perceptual_VA",NA,"Perceptual",NA,0.8509,NA,2020
"77","Lamp2_Adjusted_VA",NA,"Adjusted",NA,0.8509,NA,2020
"77","Lamp3_Perceptual_VA",NA,"Perceptual",NA,0.3419,NA,5027
"77","Lamp3_Adjusted_VA",NA,"Adjusted",NA,0.3419,NA,5027
"77","Lamp4_Perceptual_VA",NA,"Perceptual",NA,0.5024,NA,3421
"77","Lamp4_Adjusted_VA",NA,"Adjusted",NA,0.5024,NA,3421
"77","Lamp1a_Perceptual_VA",2.86419236832929,"Perceptual",8.15186180324906,0.2577,11.1144445802456,6670
"77","Lamp1a_Adjusted_VA",0.404439117236538,"Adjusted",8.15186180324906,0.2577,1.56941838275723,6670
"77","Lamp2a_Perceptual_VA",0.681252766892765,"Perceptual",8.19542914554408,0.7639,0.891808832167516,2250
"77","Lamp2a_Adjusted_VA",0.847067964212812,"Adjusted",8.19542914554408,0.7639,1.10887284227361,2250
"77","Lamp3a_Perceptual_VA",0.848169766346786,"Perceptual",6.57906855139169,0.3515,2.41300075774335,4890
"77","Lamp3a_Adjusted_VA",0.542688207749255,"Adjusted",6.57906855139169,0.3515,1.54392093243031,4890
"77","Lamp4a_Perceptual_VA",1.24626388993704,"Perceptual",6.88456064521222,0.5322,2.34172095065208,3230
"77","Lamp4a_Adjusted_VA",0.982189309936894,"Adjusted",6.88456064521222,0.5322,1.84552670036996,3230
"77","Moon1_Perceptual_VA",NA,"Perceptual",NA,0.52,NA,6060
"77","Moon1_Adjusted_VA",NA,"Adjusted",NA,0.52,NA,6060
"77","Moon2_Perceptual_VA",NA,"Perceptual",NA,1.5149,NA,2080
"77","Moon2_Adjusted_VA",NA,"Adjusted",NA,1.5149,NA,2080
"77","Moon3_Perceptual_VA",NA,"Perceptual",NA,0.6676,NA,4720
"77","Moon3_Adjusted_VA",NA,"Adjusted",NA,0.6676,NA,4720
"77","Moon4_Perceptual_VA",NA,"Perceptual",NA,0.96,NA,3270
"77","Moon4_Adjusted_VA",NA,"Adjusted",NA,0.96,NA,3270
"78","Stick1_Perceptual_VA",NA,"Perceptual",NA,2.537,NA,6280
"78","Stick1_Adjusted_VA",NA,"Adjusted",NA,2.537,NA,6280
"78","Stick2_Perceptual_VA",NA,"Perceptual",NA,7.848,NA,2020
"78","Stick2_Adjusted_VA",NA,"Adjusted",NA,7.848,NA,2020
"78","Stick3_Perceptual_VA",NA,"Perceptual",NA,3.17,NA,5027
"78","Stick3_Adjusted_VA",NA,"Adjusted",NA,3.17,NA,5027
"78","Stick4_Perceptual_VA",NA,"Perceptual",NA,4.653,NA,3421
"78","Stick4_Adjusted_VA",NA,"Adjusted",NA,4.653,NA,3421
"78","Lamp1_Perceptual_VA",NA,"Perceptual",NA,0.2737,NA,6280
"78","Lamp1_Adjusted_VA",NA,"Adjusted",NA,0.2737,NA,6280
"78","Lamp2_Perceptual_VA",NA,"Perceptual",NA,0.8509,NA,2020
"78","Lamp2_Adjusted_VA",NA,"Adjusted",NA,0.8509,NA,2020
"78","Lamp3_Perceptual_VA",NA,"Perceptual",NA,0.3419,NA,5027
"78","Lamp3_Adjusted_VA",NA,"Adjusted",NA,0.3419,NA,5027
"78","Lamp4_Perceptual_VA",NA,"Perceptual",NA,0.5024,NA,3421
"78","Lamp4_Adjusted_VA",NA,"Adjusted",NA,0.5024,NA,3421
"78","Lamp1a_Perceptual_VA",7.43798794631609,"Perceptual",6.27536019322783,0.2577,28.8629722402642,6670
"78","Lamp1a_Adjusted_VA",0.506694067560163,"Adjusted",6.27536019322783,0.2577,1.96621679301577,6670
"78","Lamp2a_Perceptual_VA",1.55136523787813,"Perceptual",7.24851964249385,0.7639,2.03084858997006,2250
"78","Lamp2a_Adjusted_VA",1.47323886973195,"Adjusted",7.24851964249385,0.7639,1.92857555927733,2250
"78","Lamp3a_Perceptual_VA",1.00983827025102,"Perceptual",7.21811690966691,0.3515,2.87293960242111,4890
"78","Lamp3a_Adjusted_VA",0.613877479418406,"Adjusted",7.21811690966691,0.3515,1.74645086605521,4890
"78","Lamp4a_Perceptual_VA",1.33239994036628,"Perceptual",6.56028653761112,0.5322,2.50356997438234,3230
"78","Lamp4a_Adjusted_VA",1.01745289811155,"Adjusted",6.56028653761112,0.5322,1.91178673076202,3230
"78","Moon1_Perceptual_VA",NA,"Perceptual",NA,0.52,NA,6060
"78","Moon1_Adjusted_VA",NA,"Adjusted",NA,0.52,NA,6060
"78","Moon2_Perceptual_VA",NA,"Perceptual",NA,1.5149,NA,2080
"78","Moon2_Adjusted_VA",NA,"Adjusted",NA,1.5149,NA,2080
"78","Moon3_Perceptual_VA",NA,"Perceptual",NA,0.6676,NA,4720
"78","Moon3_Adjusted_VA",NA,"Adjusted",NA,0.6676,NA,4720
"78","Moon4_Perceptual_VA",NA,"Perceptual",NA,0.96,NA,3270
"78","Moon4_Adjusted_VA",NA,"Adjusted",NA,0.96,NA,3270
"79","Stick1_Perceptual_VA",NA,"Perceptual",NA,2.537,NA,6280
"79","Stick1_Adjusted_VA",NA,"Adjusted",NA,2.537,NA,6280
"79","Stick2_Perceptual_VA",NA,"Perceptual",NA,7.848,NA,2020
"79","Stick2_Adjusted_VA",NA,"Adjusted",NA,7.848,NA,2020
"79","Stick3_Perceptual_VA",NA,"Perceptual",NA,3.17,NA,5027
"79","Stick3_Adjusted_VA",NA,"Adjusted",NA,3.17,NA,5027
"79","Stick4_Perceptual_VA",NA,"Perceptual",NA,4.653,NA,3421
"79","Stick4_Adjusted_VA",NA,"Adjusted",NA,4.653,NA,3421
"79","Lamp1_Perceptual_VA",NA,"Perceptual",NA,0.2737,NA,6280
"79","Lamp1_Adjusted_VA",NA,"Adjusted",NA,0.2737,NA,6280
"79","Lamp2_Perceptual_VA",NA,"Perceptual",NA,0.8509,NA,2020
"79","Lamp2_Adjusted_VA",NA,"Adjusted",NA,0.8509,NA,2020
"79","Lamp3_Perceptual_VA",NA,"Perceptual",NA,0.3419,NA,5027
"79","Lamp3_Adjusted_VA",NA,"Adjusted",NA,0.3419,NA,5027
"79","Lamp4_Perceptual_VA",NA,"Perceptual",NA,0.5024,NA,3421
"79","Lamp4_Adjusted_VA",NA,"Adjusted",NA,0.5024,NA,3421
"79","Lamp1a_Perceptual_VA",2.33925266799534,"Perceptual",7.28545231202694,0.2577,9.07742595264003,6670
"79","Lamp1a_Adjusted_VA",0.623881212611789,"Adjusted",7.28545231202694,0.2577,2.42095930388742,6670
"79","Lamp2a_Perceptual_VA",1.89159680046215,"Perceptual",8.43643670501455,0.7639,2.47623615716998,2250
"79","Lamp2a_Adjusted_VA",1.44993882878154,"Adjusted",8.43643670501455,0.7639,1.89807413114484,2250
"79","Lamp3a_Perceptual_VA",1.20036895395541,"Perceptual",7.32740075562752,0.3515,3.41498991167969,4890
"79","Lamp3a_Adjusted_VA",0.769633226781237,"Adjusted",7.32740075562752,0.3515,2.1895682127489,4890
"79","Lamp4a_Perceptual_VA",1.79678977598524,"Perceptual",7.21228650568966,0.5322,3.37615515968665,3230
"79","Lamp4a_Adjusted_VA",0.968356320961905,"Adjusted",7.21228650568966,0.5322,1.81953461285589,3230
"79","Moon1_Perceptual_VA",NA,"Perceptual",NA,0.52,NA,6060
"79","Moon1_Adjusted_VA",NA,"Adjusted",NA,0.52,NA,6060
"79","Moon2_Perceptual_VA",NA,"Perceptual",NA,1.5149,NA,2080
"79","Moon2_Adjusted_VA",NA,"Adjusted",NA,1.5149,NA,2080
"79","Moon3_Perceptual_VA",NA,"Perceptual",NA,0.6676,NA,4720
"79","Moon3_Adjusted_VA",NA,"Adjusted",NA,0.6676,NA,4720
"79","Moon4_Perceptual_VA",NA,"Perceptual",NA,0.96,NA,3270
"79","Moon4_Adjusted_VA",NA,"Adjusted",NA,0.96,NA,3270
"80","Stick1_Perceptual_VA",NA,"Perceptual",NA,2.537,NA,6280
"80","Stick1_Adjusted_VA",NA,"Adjusted",NA,2.537,NA,6280
"80","Stick2_Perceptual_VA",NA,"Perceptual",NA,7.848,NA,2020
"80","Stick2_Adjusted_VA",NA,"Adjusted",NA,7.848,NA,2020
"80","Stick3_Perceptual_VA",NA,"Perceptual",NA,3.17,NA,5027
"80","Stick3_Adjusted_VA",NA,"Adjusted",NA,3.17,NA,5027
"80","Stick4_Perceptual_VA",NA,"Perceptual",NA,4.653,NA,3421
"80","Stick4_Adjusted_VA",NA,"Adjusted",NA,4.653,NA,3421
"80","Lamp1_Perceptual_VA",NA,"Perceptual",NA,0.2737,NA,6280
"80","Lamp1_Adjusted_VA",NA,"Adjusted",NA,0.2737,NA,6280
"80","Lamp2_Perceptual_VA",NA,"Perceptual",NA,0.8509,NA,2020
"80","Lamp2_Adjusted_VA",NA,"Adjusted",NA,0.8509,NA,2020
"80","Lamp3_Perceptual_VA",NA,"Perceptual",NA,0.3419,NA,5027
"80","Lamp3_Adjusted_VA",NA,"Adjusted",NA,0.3419,NA,5027
"80","Lamp4_Perceptual_VA",NA,"Perceptual",NA,0.5024,NA,3421
"80","Lamp4_Adjusted_VA",NA,"Adjusted",NA,0.5024,NA,3421
"80","Lamp1a_Perceptual_VA",7.43798794631609,"Perceptual",5.4936357319158,0.2577,28.8629722402642,6670
"80","Lamp1a_Adjusted_VA",0.494089895732803,"Adjusted",5.4936357319158,0.2577,1.91730654145442,6670
"80","Lamp2a_Perceptual_VA",1.73333882642821,"Perceptual",3.9952119092567,0.7639,2.26906509546827,2250
"80","Lamp2a_Adjusted_VA",1.13201688257884,"Adjusted",3.9952119092567,0.7639,1.48189145513659,2250
"80","Lamp3a_Perceptual_VA",0.748577425475401,"Perceptual",4.31655421032326,0.3515,2.12966550633115,4890
"80","Lamp3a_Adjusted_VA",0.721739616717967,"Adjusted",4.31655421032326,0.3515,2.05331327658028,4890
"80","Lamp4a_Perceptual_VA",1.17082778140457,"Perceptual",3.20002988822209,0.5322,2.19997704134642,3230
"80","Lamp4a_Adjusted_VA",0.901003771162865,"Adjusted",3.20002988822209,0.5322,1.69297965269234,3230
"80","Moon1_Perceptual_VA",NA,"Perceptual",NA,0.52,NA,6060
"80","Moon1_Adjusted_VA",NA,"Adjusted",NA,0.52,NA,6060
"80","Moon2_Perceptual_VA",NA,"Perceptual",NA,1.5149,NA,2080
"80","Moon2_Adjusted_VA",NA,"Adjusted",NA,1.5149,NA,2080
"80","Moon3_Perceptual_VA",NA,"Perceptual",NA,0.6676,NA,4720
"80","Moon3_Adjusted_VA",NA,"Adjusted",NA,0.6676,NA,4720
"80","Moon4_Perceptual_VA",NA,"Perceptual",NA,0.96,NA,3270
"80","Moon4_Adjusted_VA",NA,"Adjusted",NA,0.96,NA,3270
"81","Stick1_Perceptual_VA",NA,"Perceptual",NA,2.537,NA,6280
"81","Stick1_Adjusted_VA",NA,"Adjusted",NA,2.537,NA,6280
"81","Stick2_Perceptual_VA",NA,"Perceptual",NA,7.848,NA,2020
"81","Stick2_Adjusted_VA",NA,"Adjusted",NA,7.848,NA,2020
"81","Stick3_Perceptual_VA",NA,"Perceptual",NA,3.17,NA,5027
"81","Stick3_Adjusted_VA",NA,"Adjusted",NA,3.17,NA,5027
"81","Stick4_Perceptual_VA",NA,"Perceptual",NA,4.653,NA,3421
"81","Stick4_Adjusted_VA",NA,"Adjusted",NA,4.653,NA,3421
"81","Lamp1_Perceptual_VA",NA,"Perceptual",NA,0.2737,NA,6280
"81","Lamp1_Adjusted_VA",NA,"Adjusted",NA,0.2737,NA,6280
"81","Lamp2_Perceptual_VA",NA,"Perceptual",NA,0.8509,NA,2020
"81","Lamp2_Adjusted_VA",NA,"Adjusted",NA,0.8509,NA,2020
"81","Lamp3_Perceptual_VA",NA,"Perceptual",NA,0.3419,NA,5027
"81","Lamp3_Adjusted_VA",NA,"Adjusted",NA,0.3419,NA,5027
"81","Lamp4_Perceptual_VA",NA,"Perceptual",NA,0.5024,NA,3421
"81","Lamp4_Adjusted_VA",NA,"Adjusted",NA,0.5024,NA,3421
"81","Lamp1a_Perceptual_VA",1.71874448728936,"Perceptual",6.93082548283899,0.2577,6.66955563558154,6670
"81","Lamp1a_Adjusted_VA",0.809600804879764,"Adjusted",6.93082548283899,0.2577,3.14164068637859,6670
"81","Lamp2a_Perceptual_VA",1.60806579228771,"Perceptual",6.92423058462116,0.7639,2.10507369065023,2250
"81","Lamp2a_Adjusted_VA",1.59421448277288,"Adjusted",6.92423058462116,0.7639,2.08694133102878,2250
"81","Lamp3a_Perceptual_VA",0.900765609214318,"Perceptual",8.72008714434351,0.3515,2.56263331213177,4890
"81","Lamp3a_Adjusted_VA",0.964178066296559,"Adjusted",8.72008714434351,0.3515,2.74303859543829,4890
"81","Lamp4a_Perceptual_VA",1.0631901422293,"Perceptual",8.06668615909847,0.5322,1.99772668588745,3230
"81","Lamp4a_Adjusted_VA",0.951856872318167,"Adjusted",8.06668615909847,0.5322,1.78853226666322,3230
"81","Moon1_Perceptual_VA",NA,"Perceptual",NA,0.52,NA,6060
"81","Moon1_Adjusted_VA",NA,"Adjusted",NA,0.52,NA,6060
"81","Moon2_Perceptual_VA",NA,"Perceptual",NA,1.5149,NA,2080
"81","Moon2_Adjusted_VA",NA,"Adjusted",NA,1.5149,NA,2080
"81","Moon3_Perceptual_VA",NA,"Perceptual",NA,0.6676,NA,4720
"81","Moon3_Adjusted_VA",NA,"Adjusted",NA,0.6676,NA,4720
"81","Moon4_Perceptual_VA",NA,"Perceptual",NA,0.96,NA,3270
"81","Moon4_Adjusted_VA",NA,"Adjusted",NA,0.96,NA,3270
"82","Stick1_Perceptual_VA",NA,"Perceptual",NA,2.537,NA,6280
"82","Stick1_Adjusted_VA",NA,"Adjusted",NA,2.537,NA,6280
"82","Stick2_Perceptual_VA",NA,"Perceptual",NA,7.848,NA,2020
"82","Stick2_Adjusted_VA",NA,"Adjusted",NA,7.848,NA,2020
"82","Stick3_Perceptual_VA",NA,"Perceptual",NA,3.17,NA,5027
"82","Stick3_Adjusted_VA",NA,"Adjusted",NA,3.17,NA,5027
"82","Stick4_Perceptual_VA",NA,"Perceptual",NA,4.653,NA,3421
"82","Stick4_Adjusted_VA",NA,"Adjusted",NA,4.653,NA,3421
"82","Lamp1_Perceptual_VA",NA,"Perceptual",NA,0.2737,NA,6280
"82","Lamp1_Adjusted_VA",NA,"Adjusted",NA,0.2737,NA,6280
"82","Lamp2_Perceptual_VA",NA,"Perceptual",NA,0.8509,NA,2020
"82","Lamp2_Adjusted_VA",NA,"Adjusted",NA,0.8509,NA,2020
"82","Lamp3_Perceptual_VA",NA,"Perceptual",NA,0.3419,NA,5027
"82","Lamp3_Adjusted_VA",NA,"Adjusted",NA,0.3419,NA,5027
"82","Lamp4_Perceptual_VA",NA,"Perceptual",NA,0.5024,NA,3421
"82","Lamp4_Adjusted_VA",NA,"Adjusted",NA,0.5024,NA,3421
"82","Lamp1a_Perceptual_VA",4.46680704866627,"Perceptual",5.94558762058901,0.2577,17.3333606855502,6670
"82","Lamp1a_Adjusted_VA",0.383939353860724,"Adjusted",5.94558762058901,0.2577,1.48986943678977,6670
"82","Lamp2a_Perceptual_VA",1.1555059671712,"Perceptual",6.70193772315835,0.7639,1.51264035498259,2250
"82","Lamp2a_Adjusted_VA",1.22199652606329,"Adjusted",6.70193772315835,0.7639,1.59968127511884,2250
"82","Lamp3a_Perceptual_VA",0.642101153543711,"Perceptual",6.82546158984465,0.3515,1.82674581378012,4890
"82","Lamp3a_Adjusted_VA",0.588482148252502,"Adjusted",6.82546158984465,0.3515,1.67420241323614,4890
"82","Lamp4a_Perceptual_VA",1.00429685771721,"Perceptual",6.76145460530144,0.5322,1.88706662479747,3230
"82","Lamp4a_Adjusted_VA",0.85408276108957,"Adjusted",6.76145460530144,0.5322,1.60481540978875,3230
"82","Moon1_Perceptual_VA",NA,"Perceptual",NA,0.52,NA,6060
"82","Moon1_Adjusted_VA",NA,"Adjusted",NA,0.52,NA,6060
"82","Moon2_Perceptual_VA",NA,"Perceptual",NA,1.5149,NA,2080
"82","Moon2_Adjusted_VA",NA,"Adjusted",NA,1.5149,NA,2080
"82","Moon3_Perceptual_VA",NA,"Perceptual",NA,0.6676,NA,4720
"82","Moon3_Adjusted_VA",NA,"Adjusted",NA,0.6676,NA,4720
"82","Moon4_Perceptual_VA",NA,"Perceptual",NA,0.96,NA,3270
"82","Moon4_Adjusted_VA",NA,"Adjusted",NA,0.96,NA,3270
"83","Stick1_Perceptual_VA",NA,"Perceptual",NA,2.537,NA,6280
"83","Stick1_Adjusted_VA",NA,"Adjusted",NA,2.537,NA,6280
"83","Stick2_Perceptual_VA",NA,"Perceptual",NA,7.848,NA,2020
"83","Stick2_Adjusted_VA",NA,"Adjusted",NA,7.848,NA,2020
"83","Stick3_Perceptual_VA",NA,"Perceptual",NA,3.17,NA,5027
"83","Stick3_Adjusted_VA",NA,"Adjusted",NA,3.17,NA,5027
"83","Stick4_Perceptual_VA",NA,"Perceptual",NA,4.653,NA,3421
"83","Stick4_Adjusted_VA",NA,"Adjusted",NA,4.653,NA,3421
"83","Lamp1_Perceptual_VA",NA,"Perceptual",NA,0.2737,NA,6280
"83","Lamp1_Adjusted_VA",NA,"Adjusted",NA,0.2737,NA,6280
"83","Lamp2_Perceptual_VA",NA,"Perceptual",NA,0.8509,NA,2020
"83","Lamp2_Adjusted_VA",NA,"Adjusted",NA,0.8509,NA,2020
"83","Lamp3_Perceptual_VA",NA,"Perceptual",NA,0.3419,NA,5027
"83","Lamp3_Adjusted_VA",NA,"Adjusted",NA,0.3419,NA,5027
"83","Lamp4_Perceptual_VA",NA,"Perceptual",NA,0.5024,NA,3421
"83","Lamp4_Adjusted_VA",NA,"Adjusted",NA,0.5024,NA,3421
"83","Lamp1a_Perceptual_VA",2.70802352980349,"Perceptual",5.18595142795698,0.2577,10.5084343414959,6670
"83","Lamp1a_Adjusted_VA",0.639345411914623,"Adjusted",5.18595142795698,0.2577,2.48096783824068,6670
"83","Lamp2a_Perceptual_VA",2.29152567635021,"Perceptual",7.43125976931286,0.7639,2.99977179781412,2250
"83","Lamp2a_Adjusted_VA",1.34677519327074,"Adjusted",7.43125976931286,0.7639,1.76302551809234,2250
"83","Lamp3a_Perceptual_VA",1.50978754313405,"Perceptual",6.20098289961556,0.3515,4.2952703929845,4890
"83","Lamp3a_Adjusted_VA",0.635632328982125,"Adjusted",6.20098289961556,0.3515,1.80834232996337,4890
"83","Lamp4a_Perceptual_VA",2.14536102631616,"Perceptual",6.37637751379807,0.5322,4.03111805019948,3230
"83","Lamp4a_Adjusted_VA",0.846199208156729,"Adjusted",6.37637751379807,0.5322,1.59000227011787,3230
"83","Moon1_Perceptual_VA",NA,"Perceptual",NA,0.52,NA,6060
"83","Moon1_Adjusted_VA",NA,"Adjusted",NA,0.52,NA,6060
"83","Moon2_Perceptual_VA",NA,"Perceptual",NA,1.5149,NA,2080
"83","Moon2_Adjusted_VA",NA,"Adjusted",NA,1.5149,NA,2080
"83","Moon3_Perceptual_VA",NA,"Perceptual",NA,0.6676,NA,4720
"83","Moon3_Adjusted_VA",NA,"Adjusted",NA,0.6676,NA,4720
"83","Moon4_Perceptual_VA",NA,"Perceptual",NA,0.96,NA,3270
"83","Moon4_Adjusted_VA",NA,"Adjusted",NA,0.96,NA,3270
"84","Stick1_Perceptual_VA",NA,"Perceptual",NA,2.537,NA,6280
"84","Stick1_Adjusted_VA",NA,"Adjusted",NA,2.537,NA,6280
"84","Stick2_Perceptual_VA",NA,"Perceptual",NA,7.848,NA,2020
"84","Stick2_Adjusted_VA",NA,"Adjusted",NA,7.848,NA,2020
"84","Stick3_Perceptual_VA",NA,"Perceptual",NA,3.17,NA,5027
"84","Stick3_Adjusted_VA",NA,"Adjusted",NA,3.17,NA,5027
"84","Stick4_Perceptual_VA",NA,"Perceptual",NA,4.653,NA,3421
"84","Stick4_Adjusted_VA",NA,"Adjusted",NA,4.653,NA,3421
"84","Lamp1_Perceptual_VA",NA,"Perceptual",NA,0.2737,NA,6280
"84","Lamp1_Adjusted_VA",NA,"Adjusted",NA,0.2737,NA,6280
"84","Lamp2_Perceptual_VA",NA,"Perceptual",NA,0.8509,NA,2020
"84","Lamp2_Adjusted_VA",NA,"Adjusted",NA,0.8509,NA,2020
"84","Lamp3_Perceptual_VA",NA,"Perceptual",NA,0.3419,NA,5027
"84","Lamp3_Adjusted_VA",NA,"Adjusted",NA,0.3419,NA,5027
"84","Lamp4_Perceptual_VA",NA,"Perceptual",NA,0.5024,NA,3421
"84","Lamp4_Adjusted_VA",NA,"Adjusted",NA,0.5024,NA,3421
"84","Lamp1a_Perceptual_VA",2.74966956113881,"Perceptual",8.03492088980846,0.2577,10.6700409823004,6670
"84","Lamp1a_Adjusted_VA",0.669683305286759,"Adjusted",8.03492088980846,0.2577,2.59869346250198,6670
"84","Lamp2a_Perceptual_VA",2.13058922935635,"Perceptual",7.19666133876573,0.7639,2.78909442251126,2250
"84","Lamp2a_Adjusted_VA",1.23277168176084,"Adjusted",7.19666133876573,0.7639,1.61378672831632,2250
"84","Lamp3a_Perceptual_VA",1.67816238887266,"Perceptual",6.70315498766454,0.3515,4.7742884462949,4890
"84","Lamp3a_Adjusted_VA",0.950844305128317,"Adjusted",6.70315498766454,0.3515,2.70510470875766,4890
"84","Lamp4a_Perceptual_VA",1.90447997261799,"Perceptual",5.80387298502342,0.5322,3.57850427023297,3230
"84","Lamp4a_Adjusted_VA",1.17777326536039,"Adjusted",5.80387298502342,0.5322,2.21302755610746,3230
"84","Moon1_Perceptual_VA",NA,"Perceptual",NA,0.52,NA,6060
"84","Moon1_Adjusted_VA",NA,"Adjusted",NA,0.52,NA,6060
"84","Moon2_Perceptual_VA",NA,"Perceptual",NA,1.5149,NA,2080
"84","Moon2_Adjusted_VA",NA,"Adjusted",NA,1.5149,NA,2080
"84","Moon3_Perceptual_VA",NA,"Perceptual",NA,0.6676,NA,4720
"84","Moon3_Adjusted_VA",NA,"Adjusted",NA,0.6676,NA,4720
"84","Moon4_Perceptual_VA",NA,"Perceptual",NA,0.96,NA,3270
"84","Moon4_Adjusted_VA",NA,"Adjusted",NA,0.96,NA,3270
"85","Stick1_Perceptual_VA",NA,"Perceptual",NA,2.537,NA,6280
"85","Stick1_Adjusted_VA",NA,"Adjusted",NA,2.537,NA,6280
"85","Stick2_Perceptual_VA",NA,"Perceptual",NA,7.848,NA,2020
"85","Stick2_Adjusted_VA",NA,"Adjusted",NA,7.848,NA,2020
"85","Stick3_Perceptual_VA",NA,"Perceptual",NA,3.17,NA,5027
"85","Stick3_Adjusted_VA",NA,"Adjusted",NA,3.17,NA,5027
"85","Stick4_Perceptual_VA",NA,"Perceptual",NA,4.653,NA,3421
"85","Stick4_Adjusted_VA",NA,"Adjusted",NA,4.653,NA,3421
"85","Lamp1_Perceptual_VA",NA,"Perceptual",NA,0.2737,NA,6280
"85","Lamp1_Adjusted_VA",NA,"Adjusted",NA,0.2737,NA,6280
"85","Lamp2_Perceptual_VA",NA,"Perceptual",NA,0.8509,NA,2020
"85","Lamp2_Adjusted_VA",NA,"Adjusted",NA,0.8509,NA,2020
"85","Lamp3_Perceptual_VA",NA,"Perceptual",NA,0.3419,NA,5027
"85","Lamp3_Adjusted_VA",NA,"Adjusted",NA,0.3419,NA,5027
"85","Lamp4_Perceptual_VA",NA,"Perceptual",NA,0.5024,NA,3421
"85","Lamp4_Adjusted_VA",NA,"Adjusted",NA,0.5024,NA,3421
"85","Lamp1a_Perceptual_VA",4.2543022257016,"Perceptual",6.836400629929,0.2577,16.5087397194474,6670
"85","Lamp1a_Adjusted_VA",0.440734592246325,"Adjusted",6.836400629929,0.2577,1.71026229043976,6670
"85","Lamp2a_Perceptual_VA",1.388477722863,"Perceptual",8.51725926702824,0.7639,1.8176171264079,2250
"85","Lamp2a_Adjusted_VA",1.3750327092782,"Adjusted",8.51725926702824,0.7639,1.80001663735855,2250
"85","Lamp3a_Perceptual_VA",0.718057812107842,"Perceptual",7.22908107024097,0.3515,2.04283872576911,4890
"85","Lamp3a_Adjusted_VA",0.712079872210953,"Adjusted",7.22908107024097,0.3515,2.02583178438394,4890
"85","Lamp4a_Perceptual_VA",1.0770690969084,"Perceptual",7.9323204964782,0.5322,2.02380514263133,3230
"85","Lamp4a_Adjusted_VA",0.770517836025137,"Adjusted",7.9323204964782,0.5322,1.44779751226068,3230
"85","Moon1_Perceptual_VA",NA,"Perceptual",NA,0.52,NA,6060
"85","Moon1_Adjusted_VA",NA,"Adjusted",NA,0.52,NA,6060
"85","Moon2_Perceptual_VA",NA,"Perceptual",NA,1.5149,NA,2080
"85","Moon2_Adjusted_VA",NA,"Adjusted",NA,1.5149,NA,2080
"85","Moon3_Perceptual_VA",NA,"Perceptual",NA,0.6676,NA,4720
"85","Moon3_Adjusted_VA",NA,"Adjusted",NA,0.6676,NA,4720
"85","Moon4_Perceptual_VA",NA,"Perceptual",NA,0.96,NA,3270
"85","Moon4_Adjusted_VA",NA,"Adjusted",NA,0.96,NA,3270
"86","Stick1_Perceptual_VA",NA,"Perceptual",NA,2.537,NA,6280
"86","Stick1_Adjusted_VA",NA,"Adjusted",NA,2.537,NA,6280
"86","Stick2_Perceptual_VA",NA,"Perceptual",NA,7.848,NA,2020
"86","Stick2_Adjusted_VA",NA,"Adjusted",NA,7.848,NA,2020
"86","Stick3_Perceptual_VA",NA,"Perceptual",NA,3.17,NA,5027
"86","Stick3_Adjusted_VA",NA,"Adjusted",NA,3.17,NA,5027
"86","Stick4_Perceptual_VA",NA,"Perceptual",NA,4.653,NA,3421
"86","Stick4_Adjusted_VA",NA,"Adjusted",NA,4.653,NA,3421
"86","Lamp1_Perceptual_VA",NA,"Perceptual",NA,0.2737,NA,6280
"86","Lamp1_Adjusted_VA",NA,"Adjusted",NA,0.2737,NA,6280
"86","Lamp2_Perceptual_VA",NA,"Perceptual",NA,0.8509,NA,2020
"86","Lamp2_Adjusted_VA",NA,"Adjusted",NA,0.8509,NA,2020
"86","Lamp3_Perceptual_VA",NA,"Perceptual",NA,0.3419,NA,5027
"86","Lamp3_Adjusted_VA",NA,"Adjusted",NA,0.3419,NA,5027
"86","Lamp4_Perceptual_VA",NA,"Perceptual",NA,0.5024,NA,3421
"86","Lamp4_Adjusted_VA",NA,"Adjusted",NA,0.5024,NA,3421
"86","Lamp1a_Perceptual_VA",8.20955529049212,"Perceptual",8.87856007752583,0.2577,31.8570247981844,6670
"86","Lamp1a_Adjusted_VA",3.36774577874455,"Adjusted",8.87856007752583,0.2577,13.0684741123188,6670
"86","Lamp2a_Perceptual_VA",2.28403901685738,"Perceptual",10.2437370012943,0.7639,2.98997122248643,2250
"86","Lamp2a_Adjusted_VA",2.86419236832929,"Adjusted",10.2437370012943,0.7639,3.74943365405065,2250
"86","Lamp3a_Perceptual_VA",2.28777622248284,"Perceptual",8.91463462084577,0.3515,6.50860945229826,4890
"86","Lamp3a_Adjusted_VA",2.11769626021812,"Adjusted",8.91463462084577,0.3515,6.02474042736307,4890
"86","Lamp4a_Perceptual_VA",2.01592827284239,"Perceptual",9.23747359393428,0.5322,3.78791483059449,3230
"86","Lamp4a_Adjusted_VA",2.52907441526102,"Adjusted",9.23747359393428,0.5322,4.75211276824694,3230
"86","Moon1_Perceptual_VA",NA,"Perceptual",NA,0.52,NA,6060
"86","Moon1_Adjusted_VA",NA,"Adjusted",NA,0.52,NA,6060
"86","Moon2_Perceptual_VA",NA,"Perceptual",NA,1.5149,NA,2080
"86","Moon2_Adjusted_VA",NA,"Adjusted",NA,1.5149,NA,2080
"86","Moon3_Perceptual_VA",NA,"Perceptual",NA,0.6676,NA,4720
"86","Moon3_Adjusted_VA",NA,"Adjusted",NA,0.6676,NA,4720
"86","Moon4_Perceptual_VA",NA,"Perceptual",NA,0.96,NA,3270
"86","Moon4_Adjusted_VA",NA,"Adjusted",NA,0.96,NA,3270
"87","Stick1_Perceptual_VA",NA,"Perceptual",NA,2.537,NA,6280
"87","Stick1_Adjusted_VA",NA,"Adjusted",NA,2.537,NA,6280
"87","Stick2_Perceptual_VA",NA,"Perceptual",NA,7.848,NA,2020
"87","Stick2_Adjusted_VA",NA,"Adjusted",NA,7.848,NA,2020
"87","Stick3_Perceptual_VA",NA,"Perceptual",NA,3.17,NA,5027
"87","Stick3_Adjusted_VA",NA,"Adjusted",NA,3.17,NA,5027
"87","Stick4_Perceptual_VA",NA,"Perceptual",NA,4.653,NA,3421
"87","Stick4_Adjusted_VA",NA,"Adjusted",NA,4.653,NA,3421
"87","Lamp1_Perceptual_VA",NA,"Perceptual",NA,0.2737,NA,6280
"87","Lamp1_Adjusted_VA",NA,"Adjusted",NA,0.2737,NA,6280
"87","Lamp2_Perceptual_VA",NA,"Perceptual",NA,0.8509,NA,2020
"87","Lamp2_Adjusted_VA",NA,"Adjusted",NA,0.8509,NA,2020
"87","Lamp3_Perceptual_VA",NA,"Perceptual",NA,0.3419,NA,5027
"87","Lamp3_Adjusted_VA",NA,"Adjusted",NA,0.3419,NA,5027
"87","Lamp4_Perceptual_VA",NA,"Perceptual",NA,0.5024,NA,3421
"87","Lamp4_Adjusted_VA",NA,"Adjusted",NA,0.5024,NA,3421
"87","Lamp1a_Perceptual_VA",2.15935452369589,"Perceptual",7.88735410599954,0.2577,8.37933458942913,6670
"87","Lamp1a_Adjusted_VA",0.521835276781503,"Adjusted",7.88735410599954,0.2577,2.02497197043657,6670
"87","Lamp2a_Perceptual_VA",2.47479284305571,"Perceptual",8.04854876362135,0.7639,3.23968169008471,2250
"87","Lamp2a_Adjusted_VA",1.39515762733534,"Adjusted",8.04854876362135,0.7639,1.82636160143387,2250
"87","Lamp3a_Perceptual_VA",1.95514241782868,"Perceptual",7.03152660310789,0.3515,5.5622828387729,4890
"87","Lamp3a_Adjusted_VA",0.669817131836091,"Adjusted",7.03152660310789,0.3515,1.90559639213682,4890
"87","Lamp4a_Perceptual_VA",2.21879730851814,"Perceptual",6.97251147632089,0.5322,4.16910430010925,3230
"87","Lamp4a_Adjusted_VA",0.771071750177838,"Adjusted",6.97251147632089,0.5322,1.44883831299857,3230
"87","Moon1_Perceptual_VA",NA,"Perceptual",NA,0.52,NA,6060
"87","Moon1_Adjusted_VA",NA,"Adjusted",NA,0.52,NA,6060
"87","Moon2_Perceptual_VA",NA,"Perceptual",NA,1.5149,NA,2080
"87","Moon2_Adjusted_VA",NA,"Adjusted",NA,1.5149,NA,2080
"87","Moon3_Perceptual_VA",NA,"Perceptual",NA,0.6676,NA,4720
"87","Moon3_Adjusted_VA",NA,"Adjusted",NA,0.6676,NA,4720
"87","Moon4_Perceptual_VA",NA,"Perceptual",NA,0.96,NA,3270
"87","Moon4_Adjusted_VA",NA,"Adjusted",NA,0.96,NA,3270
"88","Stick1_Perceptual_VA",NA,"Perceptual",NA,2.537,NA,6280
"88","Stick1_Adjusted_VA",NA,"Adjusted",NA,2.537,NA,6280
"88","Stick2_Perceptual_VA",NA,"Perceptual",NA,7.848,NA,2020
"88","Stick2_Adjusted_VA",NA,"Adjusted",NA,7.848,NA,2020
"88","Stick3_Perceptual_VA",NA,"Perceptual",NA,3.17,NA,5027
"88","Stick3_Adjusted_VA",NA,"Adjusted",NA,3.17,NA,5027
"88","Stick4_Perceptual_VA",NA,"Perceptual",NA,4.653,NA,3421
"88","Stick4_Adjusted_VA",NA,"Adjusted",NA,4.653,NA,3421
"88","Lamp1_Perceptual_VA",NA,"Perceptual",NA,0.2737,NA,6280
"88","Lamp1_Adjusted_VA",NA,"Adjusted",NA,0.2737,NA,6280
"88","Lamp2_Perceptual_VA",NA,"Perceptual",NA,0.8509,NA,2020
"88","Lamp2_Adjusted_VA",NA,"Adjusted",NA,0.8509,NA,2020
"88","Lamp3_Perceptual_VA",NA,"Perceptual",NA,0.3419,NA,5027
"88","Lamp3_Adjusted_VA",NA,"Adjusted",NA,0.3419,NA,5027
"88","Lamp4_Perceptual_VA",NA,"Perceptual",NA,0.5024,NA,3421
"88","Lamp4_Adjusted_VA",NA,"Adjusted",NA,0.5024,NA,3421
"88","Lamp1a_Perceptual_VA",2.55184462950498,"Perceptual",7.45061058228215,0.2577,9.90238505822653,6670
"88","Lamp1a_Adjusted_VA",0.570623981815573,"Adjusted",7.45061058228215,0.2577,2.21429562210156,6670
"88","Lamp2a_Perceptual_VA",3.0988521247398,"Perceptual",8.95540974343661,0.7639,4.05662013973007,2250
"88","Lamp2a_Adjusted_VA",1.12249365388949,"Adjusted",8.95540974343661,0.7639,1.46942486436639,2250
"88","Lamp3a_Perceptual_VA",1.98028396965213,"Perceptual",8.42764580892129,0.3515,5.63380930199753,4890
"88","Lamp3a_Adjusted_VA",0.597064844334641,"Adjusted",8.42764580892129,0.3515,1.69861975628632,4890
"88","Lamp4a_Perceptual_VA",2.24732762413516,"Perceptual",8.33732209100009,0.5322,4.22271255944223,3230
"88","Lamp4a_Adjusted_VA",0.82835828681866,"Adjusted",8.33732209100009,0.5322,1.5564793063109,3230
"88","Moon1_Perceptual_VA",NA,"Perceptual",NA,0.52,NA,6060
"88","Moon1_Adjusted_VA",NA,"Adjusted",NA,0.52,NA,6060
"88","Moon2_Perceptual_VA",NA,"Perceptual",NA,1.5149,NA,2080
"88","Moon2_Adjusted_VA",NA,"Adjusted",NA,1.5149,NA,2080
"88","Moon3_Perceptual_VA",NA,"Perceptual",NA,0.6676,NA,4720
"88","Moon3_Adjusted_VA",NA,"Adjusted",NA,0.6676,NA,4720
"88","Moon4_Perceptual_VA",NA,"Perceptual",NA,0.96,NA,3270
"88","Moon4_Adjusted_VA",NA,"Adjusted",NA,0.96,NA,3270
"89","Stick1_Perceptual_VA",NA,"Perceptual",NA,2.537,NA,6280
"89","Stick1_Adjusted_VA",NA,"Adjusted",NA,2.537,NA,6280
"89","Stick2_Perceptual_VA",NA,"Perceptual",NA,7.848,NA,2020
"89","Stick2_Adjusted_VA",NA,"Adjusted",NA,7.848,NA,2020
"89","Stick3_Perceptual_VA",NA,"Perceptual",NA,3.17,NA,5027
"89","Stick3_Adjusted_VA",NA,"Adjusted",NA,3.17,NA,5027
"89","Stick4_Perceptual_VA",NA,"Perceptual",NA,4.653,NA,3421
"89","Stick4_Adjusted_VA",NA,"Adjusted",NA,4.653,NA,3421
"89","Lamp1_Perceptual_VA",NA,"Perceptual",NA,0.2737,NA,6280
"89","Lamp1_Adjusted_VA",NA,"Adjusted",NA,0.2737,NA,6280
"89","Lamp2_Perceptual_VA",NA,"Perceptual",NA,0.8509,NA,2020
"89","Lamp2_Adjusted_VA",NA,"Adjusted",NA,0.8509,NA,2020
"89","Lamp3_Perceptual_VA",NA,"Perceptual",NA,0.3419,NA,5027
"89","Lamp3_Adjusted_VA",NA,"Adjusted",NA,0.3419,NA,5027
"89","Lamp4_Perceptual_VA",NA,"Perceptual",NA,0.5024,NA,3421
"89","Lamp4_Adjusted_VA",NA,"Adjusted",NA,0.5024,NA,3421
"89","Lamp1a_Perceptual_VA",2.03118306630493,"Perceptual",6.24886380019502,0.2577,7.88196766125313,6670
"89","Lamp1a_Adjusted_VA",0.49989289178231,"Adjusted",6.24886380019502,0.2577,1.9398249584102,6670
"89","Lamp2a_Perceptual_VA",2.08185174042681,"Perceptual",9.15276098398425,0.7639,2.72529354683441,2250
"89","Lamp2a_Adjusted_VA",1.07357975315539,"Adjusted",9.15276098398425,0.7639,1.40539305295902,2250
"89","Lamp3a_Perceptual_VA",1.18815233837221,"Perceptual",6.34105794105841,0.3515,3.38023424856959,4890
"89","Lamp3a_Adjusted_VA",0.548684671378362,"Adjusted",6.34105794105841,0.3515,1.56098057291141,4890
"89","Lamp4a_Perceptual_VA",1.7785047911136,"Perceptual",7.02385723968735,0.5322,3.34179780367081,3230
"89","Lamp4a_Adjusted_VA",0.966411922649632,"Adjusted",7.02385723968735,0.5322,1.81588110231047,3230
"89","Moon1_Perceptual_VA",NA,"Perceptual",NA,0.52,NA,6060
"89","Moon1_Adjusted_VA",NA,"Adjusted",NA,0.52,NA,6060
"89","Moon2_Perceptual_VA",NA,"Perceptual",NA,1.5149,NA,2080
"89","Moon2_Adjusted_VA",NA,"Adjusted",NA,1.5149,NA,2080
"89","Moon3_Perceptual_VA",NA,"Perceptual",NA,0.6676,NA,4720
"89","Moon3_Adjusted_VA",NA,"Adjusted",NA,0.6676,NA,4720
"89","Moon4_Perceptual_VA",NA,"Perceptual",NA,0.96,NA,3270
"89","Moon4_Adjusted_VA",NA,"Adjusted",NA,0.96,NA,3270
"90","Stick1_Perceptual_VA",NA,"Perceptual",NA,2.537,NA,6280
"90","Stick1_Adjusted_VA",NA,"Adjusted",NA,2.537,NA,6280
"90","Stick2_Perceptual_VA",NA,"Perceptual",NA,7.848,NA,2020
"90","Stick2_Adjusted_VA",NA,"Adjusted",NA,7.848,NA,2020
"90","Stick3_Perceptual_VA",NA,"Perceptual",NA,3.17,NA,5027
"90","Stick3_Adjusted_VA",NA,"Adjusted",NA,3.17,NA,5027
"90","Stick4_Perceptual_VA",NA,"Perceptual",NA,4.653,NA,3421
"90","Stick4_Adjusted_VA",NA,"Adjusted",NA,4.653,NA,3421
"90","Lamp1_Perceptual_VA",NA,"Perceptual",NA,0.2737,NA,6280
"90","Lamp1_Adjusted_VA",NA,"Adjusted",NA,0.2737,NA,6280
"90","Lamp2_Perceptual_VA",NA,"Perceptual",NA,0.8509,NA,2020
"90","Lamp2_Adjusted_VA",NA,"Adjusted",NA,0.8509,NA,2020
"90","Lamp3_Perceptual_VA",NA,"Perceptual",NA,0.3419,NA,5027
"90","Lamp3_Adjusted_VA",NA,"Adjusted",NA,0.3419,NA,5027
"90","Lamp4_Perceptual_VA",NA,"Perceptual",NA,0.5024,NA,3421
"90","Lamp4_Adjusted_VA",NA,"Adjusted",NA,0.5024,NA,3421
"90","Lamp1a_Perceptual_VA",2.80693166576533,"Perceptual",8.08393715619386,0.2577,10.8922455016117,6670
"90","Lamp1a_Adjusted_VA",0.530713255788686,"Adjusted",8.08393715619386,0.2577,2.05942280088741,6670
"90","Lamp2a_Perceptual_VA",1.62227583040223,"Perceptual",8.34366680737014,0.7639,2.12367565178981,2250
"90","Lamp2a_Adjusted_VA",0.874556562093225,"Adjusted",8.34366680737014,0.7639,1.14485739245088,2250
"90","Lamp3a_Perceptual_VA",1.39592676997645,"Perceptual",8.64610032943377,0.3515,3.97134216209515,4890
"90","Lamp3a_Adjusted_VA",0.730131026477661,"Adjusted",8.64610032943377,0.3515,2.0771864195666,4890
"90","Lamp4a_Perceptual_VA",1.84118572775701,"Perceptual",8.11596523564371,0.5322,3.45957483607104,3230
"90","Lamp4a_Adjusted_VA",0.958234603808351,"Adjusted",8.11596523564371,0.5322,1.80051597859517,3230
"90","Moon1_Perceptual_VA",NA,"Perceptual",NA,0.52,NA,6060
"90","Moon1_Adjusted_VA",NA,"Adjusted",NA,0.52,NA,6060
"90","Moon2_Perceptual_VA",NA,"Perceptual",NA,1.5149,NA,2080
"90","Moon2_Adjusted_VA",NA,"Adjusted",NA,1.5149,NA,2080
"90","Moon3_Perceptual_VA",NA,"Perceptual",NA,0.6676,NA,4720
"90","Moon3_Adjusted_VA",NA,"Adjusted",NA,0.6676,NA,4720
"90","Moon4_Perceptual_VA",NA,"Perceptual",NA,0.96,NA,3270
"90","Moon4_Adjusted_VA",NA,"Adjusted",NA,0.96,NA,3270
"91","Stick1_Perceptual_VA",NA,"Perceptual",NA,2.537,NA,6280
"91","Stick1_Adjusted_VA",NA,"Adjusted",NA,2.537,NA,6280
"91","Stick2_Perceptual_VA",NA,"Perceptual",NA,7.848,NA,2020
"91","Stick2_Adjusted_VA",NA,"Adjusted",NA,7.848,NA,2020
"91","Stick3_Perceptual_VA",NA,"Perceptual",NA,3.17,NA,5027
"91","Stick3_Adjusted_VA",NA,"Adjusted",NA,3.17,NA,5027
"91","Stick4_Perceptual_VA",NA,"Perceptual",NA,4.653,NA,3421
"91","Stick4_Adjusted_VA",NA,"Adjusted",NA,4.653,NA,3421
"91","Lamp1_Perceptual_VA",NA,"Perceptual",NA,0.2737,NA,6280
"91","Lamp1_Adjusted_VA",NA,"Adjusted",NA,0.2737,NA,6280
"91","Lamp2_Perceptual_VA",NA,"Perceptual",NA,0.8509,NA,2020
"91","Lamp2_Adjusted_VA",NA,"Adjusted",NA,0.8509,NA,2020
"91","Lamp3_Perceptual_VA",NA,"Perceptual",NA,0.3419,NA,5027
"91","Lamp3_Adjusted_VA",NA,"Adjusted",NA,0.3419,NA,5027
"91","Lamp4_Perceptual_VA",NA,"Perceptual",NA,0.5024,NA,3421
"91","Lamp4_Adjusted_VA",NA,"Adjusted",NA,0.5024,NA,3421
"91","Lamp1a_Perceptual_VA",4.29517085659701,"Perceptual",9.37980016440575,0.2577,16.6673296724758,6670
"91","Lamp1a_Adjusted_VA",0.401604286905893,"Adjusted",9.37980016440575,0.2577,1.55841787701161,6670
"91","Lamp2a_Perceptual_VA",2.27802982833733,"Perceptual",10.3341639162498,0.7639,2.98210476284504,2250
"91","Lamp2a_Adjusted_VA",1.35621358034355,"Adjusted",10.3341639162498,0.7639,1.77538104508909,2250
"91","Lamp3a_Perceptual_VA",0.647684523433837,"Perceptual",9.52899983892373,0.3515,1.84263022314036,4890
"91","Lamp3a_Adjusted_VA",0.545140197466934,"Adjusted",9.52899983892373,0.3515,1.55089672110081,4890
"91","Lamp4a_Perceptual_VA",1.19569461087798,"Perceptual",9.90867397390834,0.5322,2.2467016363735,3230
"91","Lamp4a_Adjusted_VA",1.02045444077406,"Adjusted",9.90867397390834,0.5322,1.91742660799335,3230
"91","Moon1_Perceptual_VA",NA,"Perceptual",NA,0.52,NA,6060
"91","Moon1_Adjusted_VA",NA,"Adjusted",NA,0.52,NA,6060
"91","Moon2_Perceptual_VA",NA,"Perceptual",NA,1.5149,NA,2080
"91","Moon2_Adjusted_VA",NA,"Adjusted",NA,1.5149,NA,2080
"91","Moon3_Perceptual_VA",NA,"Perceptual",NA,0.6676,NA,4720
"91","Moon3_Adjusted_VA",NA,"Adjusted",NA,0.6676,NA,4720
"91","Moon4_Perceptual_VA",NA,"Perceptual",NA,0.96,NA,3270
"91","Moon4_Adjusted_VA",NA,"Adjusted",NA,0.96,NA,3270
"92","Stick1_Perceptual_VA",NA,"Perceptual",NA,2.537,NA,6280
"92","Stick1_Adjusted_VA",NA,"Adjusted",NA,2.537,NA,6280
"92","Stick2_Perceptual_VA",NA,"Perceptual",NA,7.848,NA,2020
"92","Stick2_Adjusted_VA",NA,"Adjusted",NA,7.848,NA,2020
"92","Stick3_Perceptual_VA",NA,"Perceptual",NA,3.17,NA,5027
"92","Stick3_Adjusted_VA",NA,"Adjusted",NA,3.17,NA,5027
"92","Stick4_Perceptual_VA",NA,"Perceptual",NA,4.653,NA,3421
"92","Stick4_Adjusted_VA",NA,"Adjusted",NA,4.653,NA,3421
"92","Lamp1_Perceptual_VA",NA,"Perceptual",NA,0.2737,NA,6280
"92","Lamp1_Adjusted_VA",NA,"Adjusted",NA,0.2737,NA,6280
"92","Lamp2_Perceptual_VA",NA,"Perceptual",NA,0.8509,NA,2020
"92","Lamp2_Adjusted_VA",NA,"Adjusted",NA,0.8509,NA,2020
"92","Lamp3_Perceptual_VA",NA,"Perceptual",NA,0.3419,NA,5027
"92","Lamp3_Adjusted_VA",NA,"Adjusted",NA,0.3419,NA,5027
"92","Lamp4_Perceptual_VA",NA,"Perceptual",NA,0.5024,NA,3421
"92","Lamp4_Adjusted_VA",NA,"Adjusted",NA,0.5024,NA,3421
"92","Lamp1a_Perceptual_VA",5.72481045222349,"Perceptual",8.36285342004505,0.2577,22.2150192170101,6670
"92","Lamp1a_Adjusted_VA",0.352950297705685,"Adjusted",8.36285342004505,0.2577,1.36961698760452,6670
"92","Lamp2a_Perceptual_VA",1.21327705058698,"Perceptual",9.08529182370373,0.7639,1.58826685506869,2250
"92","Lamp2a_Adjusted_VA",0.883198084796187,"Adjusted",9.08529182370373,0.7639,1.1561697667184,2250
"92","Lamp3a_Perceptual_VA",0.560872880795345,"Perceptual",9.32920554919899,0.3515,1.59565542189287,4890
"92","Lamp3a_Adjusted_VA",0.447800406125703,"Adjusted",9.32920554919899,0.3515,1.27396986095506,4890
"92","Lamp4a_Perceptual_VA",0.845615131019655,"Perceptual",11.3332283869725,0.5322,1.58890479334772,3230
"92","Lamp4a_Adjusted_VA",0.717567820794766,"Adjusted",11.3332283869725,0.5322,1.34830481171508,3230
"92","Moon1_Perceptual_VA",NA,"Perceptual",NA,0.52,NA,6060
"92","Moon1_Adjusted_VA",NA,"Adjusted",NA,0.52,NA,6060
"92","Moon2_Perceptual_VA",NA,"Perceptual",NA,1.5149,NA,2080
"92","Moon2_Adjusted_VA",NA,"Adjusted",NA,1.5149,NA,2080
"92","Moon3_Perceptual_VA",NA,"Perceptual",NA,0.6676,NA,4720
"92","Moon3_Adjusted_VA",NA,"Adjusted",NA,0.6676,NA,4720
"92","Moon4_Perceptual_VA",NA,"Perceptual",NA,0.96,NA,3270
"92","Moon4_Adjusted_VA",NA,"Adjusted",NA,0.96,NA,3270
