ID,Gender,Age,Notes,Date,Time,Lamp1 Estimate Template Number,Lamp1 Estimate Template Size (cm),Lamp1 Estimate Distance (cm),Lamp1 Adjusted Template Number,Lamp1 Adjusted Template Size (cm),Lamp1 Adjusted Distance (cm),Lamp1 Width (cm),Lamp1 Distance (cm),Lamp2 Estimate Template Number,Lamp2 Estimate Template Size (cm),Lamp2 Estimate Distance (cm),Lamp2 Adjusted Template Number,Lamp2 Adjusted Template Size (cm),Lamp2 Adjusted Distance (cm),Lamp2 Width (cm),Lamp2 Distance (cm),Lamp3 Estimate Template Number,Lamp3 Estimate Template Size (cm),Lamp3 Estimate Distance (cm),Lamp3 Adjusted Template Number,Lamp3 Adjusted Template Size (cm),Lamp3 Adjusted Distance (cm),Lamp3 Width (cm),Lamp3 Distance (cm),Lamp4 Estimate Template Number,Lamp4 Estimate Template Size (cm),Lamp4 Estimate Distance (cm),Lamp4 Adjusted Template Number,Lamp4 Adjusted Template Size (cm),Lamp4 Adjusted Distance (cm),Lamp4 Width (cm),Lamp4 Distance (cm),Lamp1a Estimate Template Number,Lamp1a Estimate Template Size (cm),Lamp1a Estimate Distance (cm),Lamp1a Adjusted Template Number,Lamp1a Adjusted Template Size (cm),Lamp1a Adjusted Distance (cm),Lamp1a Width (cm),Lamp1a Distance (cm),Lamp1a 1st Caliper Aperture (cm),Lamp1a 1st Caliper Distance (cm),Lamp2a Estimate Template Number,Lamp2a Estimate Template Size (cm),Lamp2a Estimate Distance (cm),Lamp2a Adjusted Template Number,Lamp2a Adjusted Template Size (cm),Lamp2a Adjusted Distance (cm),Lamp2a Width (cm),Lamp2a Distance (cm),Lamp2a 1st Caliper Aperture (cm),Lamp2a 1st Caliper Distance (cm),Lamp3a Estimate Template Number,Lamp3a Estimate Template Size (cm),Lamp3a Estimate Distance (cm),Lamp3a Adjusted Template Number,Lamp3a Adjusted Template Size (cm),Lamp3a Adjusted Distance (cm),Lamp3a Width (cm),Lamp3a Distance (cm),Lamp3a 1st Caliper Aperture (cm),Lamp3a 1st Caliper Distance (cm),Lamp4a Estimate Template Number,Lamp4a Estimate Template Size (cm),Lamp4a Estimate Distance (cm),Lamp4a Adjusted Template Number,Lamp4a Adjusted Template Size (cm),Lamp4a Adjusted Distance (cm),Lamp4a Width (cm),Lamp4a Distance (cm),Lamp4a 1st Caliper Aperture (cm),Lamp4a 1st Caliper Distance (cm),Lamp5 Estimate Template Number,Lamp5 Estimate Template Size (cm),Lamp5 Estimate Distance (cm),Lamp5 Adjusted Template Number,Lamp5 Adjusted Template Size (cm),Lamp5 Adjusted Distance (cm),Lamp5 Width (cm),Lamp5 Distance (cm),Lamp5 1st Caliper Aperture (cm),Lamp5 1st Caliper Distance (cm),Lamp5 2nd Caliper Aperture (cm),Lamp5 2nd Caliper Distance (cm),Lamp6 Estimate Template Number,Lamp6 Estimate Template Size (cm),Lamp6 Estimate Distance (cm),Lamp6 Adjusted Template Number,Lamp6 Adjusted Template Size (cm),Lamp6 Adjusted Distance (cm),Lamp6 Width (cm),Lamp6 Distance (cm),Lamp6 1st Caliper Aperture (cm),Lamp6 1st Caliper Distance (cm),Lamp6 2nd Caliper Aperture (cm),Lamp6 2nd Caliper Distance (cm),Lamp7 Estimate Template Number,Lamp7 Estimate Template Size (cm),Lamp7 Estimate Distance (cm),Lamp7 Adjusted Template Number,Lamp7 Adjusted Template Size (cm),Lamp7 Adjusted Distance (cm),Lamp7 Width (cm),Lamp7 Distance (cm),Lamp7 1st Caliper Aperture (cm),Lamp7 1st Caliper Distance (cm),Lamp7 2nd Caliper Aperture (cm),Lamp7 2nd Caliper Distance (cm),Stick1 Estimate Template Number,Stick1 Estimate Template Size (cm),Stick1 Estimate Distance (cm),Stick1 Adjusted Template Number,Stick1 Adjusted Template Size (cm),Stick1 Adjusted Distance (cm),Stick1 Width (cm),Stick1 Height (cm),Stick1 Distance (cm),Stick2 Estimate Template Number,Stick2 Estimate Template Size (cm),Stick2 Estimate Distance (cm),Stick2 Adjusted Template Number,Stick2 Adjusted Template Size (cm),Stick2 Adjusted Distance (cm),Stick2 Width (cm),Stick2 Height (cm),Stick2 Distance (cm),Stick3 Estimate Template Number,Stick3 Estimate Template Size (cm),Stick3 Estimate Distance (cm),Stick3 Adjusted Template Number,Stick3 Adjusted Template Size (cm),Stick3 Adjusted Distance (cm),Stick3 Width (cm),Stick3 Height (cm),Stick3 Distance (cm),Stick4 Estimate Template Number,Stick4 Estimate Template Size (cm),Stick4 Estimate Distance (cm),Stick4 Adjusted Template Number,Stick4 Adjusted Template Size (cm),Stick4 Adjusted Distance (cm),Stick4 Width (cm),Stick4 Height (cm),Stick4 Distance (cm),Stick7 Estimate Template Number,Stick7 Estimate Template Size (cm),Stick7 Estimate Distance (cm),Stick7 Adjusted Template Number,Stick7 Adjusted Template Size (cm),Stick7 Adjusted Distance (cm),Stick7 Width (cm),Stick7 Height (cm),Stick7 Distance (cm),Stick7 1st Caliper Aperture (cm),Stick7 1st Caliper Distance (cm),Stick7 2nd Caliper Aperture (cm),Stick7 2nd Caliper Distance (cm),Stick8 Estimate Template Number,Stick8 Estimate Template Size (cm),Stick8 Estimate Distance (cm),Stick8 Adjusted Template Number,Stick8 Adjusted Template Size (cm),Stick8 Adjusted Distance (cm),Stick8 Width (cm),Stick8 Height (cm),Stick8 Distance (cm),Stick8 1st Caliper Aperture (cm),Stick8 1st Caliper Distance (cm),Stick8 2nd Caliper Aperture (cm),Stick8 2nd Caliper Distance (cm),Stick9 Estimate Template Number,Stick9 Estimate Template Size (cm),Stick9 Estimate Distance (cm),Stick9 Adjusted Template Number,Stick9 Adjusted Template Size (cm),Stick9 Adjusted Distance (cm),Stick9 Width (cm),Stick9 Height (cm),Stick9 Distance (cm),Stick9 1st Caliper Aperture (cm),Stick9 1st Caliper Distance (cm),Stick9 2nd Caliper Aperture (cm),Stick9 2nd Caliper Distance (cm),Stick9a Estimate Template Number,Stick9a Estimate Template Size (cm),Stick9a Estimate Distance (cm),Stick9a Adjusted Template Number,Stick9a Adjusted Template Size (cm),Stick9a Adjusted Distance (cm),Stick9a Width (cm),Stick9a Height (cm),Stick9a Distance (cm),Stick9a 1st Caliper Aperture (cm),Stick9a 1st Caliper Distance (cm),Stick9a 2nd Caliper Aperture (cm),Stick9a 2nd Caliper Distance (cm),Stick10 Estimate Template Number,Stick10 Estimate Template Size (cm),Stick10 Estimate Distance (cm),Stick10 Adjusted Template Number,Stick10 Adjusted Template Size (cm),Stick10 Adjusted Distance (cm),Stick10 Width (cm),Stick10 Height (cm),Stick10 Distance (cm),Stick10 1st Caliper Aperture (cm),Stick10 1st Caliper Distance (cm),Stick10 2nd Caliper Aperture (cm),Stick10 2nd Caliper Distance (cm),MoonBallBall1 Estimate Template Number,MoonBall1 Estimate Template Size (cm),MoonBall1 Estimate Distance (cm),MoonBall1 Adjusted Template Number,MoonBall1 Adjusted Template Size (cm),MoonBall1 Adjusted Distance (cm),MoonBall1 Width (cm),MoonBall1 Distance (cm),MoonBall2 Estimate Template Number,MoonBall2 Estimate Template Size (cm),MoonBall2 Estimate Distance (cm),MoonBall2 Adjusted Template Number,MoonBall2 Adjusted Template Size (cm),MoonBall2 Adjusted Distance (cm),MoonBall2 Width (cm),MoonBall2 Distance (cm),MoonBall3 Estimate Template Number,MoonBall3 Estimate Template Size (cm),MoonBall3 Estimate Distance (cm),MoonBall3 Adjusted Template Number,MoonBall3 Adjusted Template Size (cm),MoonBall3 Adjusted Distance (cm),MoonBall3 Width (cm),MoonBall3 Distance (cm),MoonBall4 Estimate Template Number,MoonBall4 Estimate Template Size (cm),MoonBall4 Estimate Distance (cm),MoonBall4 Adjusted Template Number,MoonBall4 Adjusted Template Size (cm),MoonBall4 Adjusted Distance (cm),MoonBall4 Width (cm),MoonBall4 Distance (cm),BlueBall Estimate Template Number,BlueBall Estimate Template Size (cm),BlueBall Estimate Distance (cm),BlueBall Adjusted Template Number,BlueBall Adjusted Template Size (cm),BlueBall Adjusted Distance (cm),BlueBall Width (cm),BlueBall Distance (cm),BlueBall 1st Caliper Aperture (cm),BlueBall 1st Caliper Distance (cm),BlueBall 2nd Caliper Aperture (cm),BlueBall 2nd Caliper Distance (cm)
1,Male,56,,2/16/2024,9:00,10,1.22,67,3,0.49,43.50,40.64,6280,13,1.90,67.00,5,0.65,30.00,40.64,2020,11,1.44,67.00,3,0.49,27.00,40.64,5027,12,1.63,67.00,6,0.72,25.50,40.64,3421,,,,,,,40.64,6670,,,,,,,,,40.64,2250,,,,,,,,,40.64,4890,,,,,,,,,40.64,3230,,,,,,,,,40.64,1690,,,,,,,,,,,40.64,2980,,,,,,,,,,,40.64,6110,,,,,11,6.1,67,3,2.08,39.50,14,259.08,6280,14,9,67,7,3.32,29.50,14,259.08,2020,10,5.17,67,3,2.08,27.00,14,259.08,5027,12,6.89,67,4,2.22,25.00,14,259.08,3421,,,,,,,14,289.56,6110,,,,,,,,,,,14,289.56,10700,,,,,,,,,,,14,289.56,15100,,,,,,,,,,,14,289.56,15188.5,,,,,,,,,,,14,289.56,2318,,,,,,,,,,,55,6060,,,,,,,55,2080,,,,,,,55,4720,,,,,,,55,3270,,,,,,,26.74,1520,,,,
2,Female,26,,2/16/2024,13:30,8,0.96,59.00,2,0.39,45.00,40.64,6280,14,2.15,59.00,7,0.78,28.50,40.64,2020,10,1.22,59.00,3,0.49,42.50,40.64,5027,12,1.63,59.00,5,0.65,42.50,40.64,3421,,,,,,,40.64,6670,,,,,,,,,40.64,2250,,,,,,,,,40.64,4890,,,,,,,,,40.64,3230,,,,,,,,,40.64,1690,,,,,,,,,,,40.64,2980,,,,,,,,,,,40.64,6110,,,,,7,3.32,59,1,1.4,47.50,14,259.08,6280,13,7.7,59,8,4.07,35.00,14,259.08,2020,10,5.17,59,4,2.22,42.00,14,259.08,5027,12,6.89,59,7,3.32,42.50,14,259.08,3421,,,,,,,14,289.56,6110,,,,,,,,,,,14,289.56,10700,,,,,,,,,,,14,289.56,15100,,,,,,,,,,,14,289.56,15188.5,,,,,,,,,,,14,289.56,2318,,,,,,,,,,,55,6060,,,,,,,55,2080,,,,,,,55,4720,,,,,,,55,3270,,,,,,,26.74,1520,,,,
3,Male,21,,2/16/2024,14:30,4,0.52,60.00,3,0.49,59.50,40.64,6280,10,1.22,60.00,11,1.44,59.50,40.64,2020,5,0.65,60.00,4,0.52,53.00,40.64,5027,7,0.78,60.00,6,0.72,52.00,40.64,3421,,,,,,,40.64,6670,,,,,,,,,40.64,2250,,,,,,,,,40.64,4890,,,,,,,,,40.64,3230,,,,,,,,,40.64,1690,,,,,,,,,,,40.64,2980,,,,,,,,,,,40.64,6110,,,,,3,2.08,60,4,2.22,63.00,14,259.08,6280,10,5.17,60,12,6.89,55.50,14,259.08,2020,5,2.77,60,6,3.05,54.50,14,259.08,5027,7,3.32,60,8,4.07,50.00,14,259.08,3421,,,,,,,14,289.56,6110,,,,,,,,,,,14,289.56,10700,,,,,,,,,,,14,289.56,15100,,,,,,,,,,,14,289.56,15188.5,,,,,,,,,,,14,289.56,2318,,,,,,,,,,,55,6060,,,,,,,55,2080,,,,,,,55,4720,,,,,,,55,3270,,,,,,,26.74,1520,,,,
4,Male,21,,2/16/2024,15:30,9,0.98,58.00,4,0.52,64.50,40.64,6280,13,1.90,58.00,10,1.22,58.00,40.64,2020,8,0.96,58.00,3,0.49,56.50,40.64,5027,10,1.22,58.00,7,0.78,58.50,40.64,3421,,,,,,,40.64,6670,,,,,,,,,40.64,2250,,,,,,,,,40.64,4890,,,,,,,,,40.64,3230,,,,,,,,,40.64,1690,,,,,,,,,,,40.64,2980,,,,,,,,,,,40.64,6110,,,,,10,5.17,58,6,3.05,68.50,14,259.08,6280,14,9,58,14,9,63.50,14,259.08,2020,10,5.17,58,7,3.32,59.50,14,259.08,5027,12,6.89,58,10,5.17,55.50,14,259.08,3421,,,,,,,14,289.56,6110,,,,,,,,,,,14,289.56,10700,,,,,,,,,,,14,289.56,15100,,,,,,,,,,,14,289.56,15188.5,,,,,,,,,,,14,289.56,2318,,,,,,,,,,,55,6060,,,,,,,55,2080,,,,,,,55,4720,,,,,,,55,3270,,,,,,,26.74,1520,,,,
5,Male,23,,2/23/2024,14:25,15,2.44,71.50,2,0.39,21.50,40.64,6280,16,2.7,71.50,6,0.72,19.00,40.64,2020,15,2.44,71.50,2,0.39,23.50,40.64,5027,16,2.7,71.50,4,0.52,21.50,40.64,3421,,,,,,,40.64,6670,,,,,,,,,40.64,2250,,,,,,,,,40.64,4890,,,,,,,,,40.64,3230,,,,,,,,,40.64,1690,,,,,,,,,,,40.64,2980,,,,,,,,,,,40.64,6110,,,,,15,10.34,71.5,1,1.4,20.00,14,259.08,6280,16,11,71.5,6,3.05,20.00,14,259.08,2020,14,9,71.5,1,1.4,24.50,14,259.08,5027,16,11,71.5,5,2.77,22.00,14,259.08,3421,,,,,,,14,289.56,6110,,,,,,,,,,,14,289.56,10700,,,,,,,,,,,14,289.56,15100,,,,,,,,,,,14,289.56,15188.5,,,,,,,,,,,14,289.56,2318,,,,,,,,,,,55,6060,,,,,,,55,2080,,,,,,,55,4720,,,,,,,55,3270,,,,,,,26.74,1520,,,,
6,Male,34,,2/23/2024,15:10,15,2.44,61.50,4,0.52,66.00,40.64,6280,16,2.7,61.50,11,1.44,63.50,40.64,2020,16,2.7,61.50,5,0.65,58.00,40.64,5027,16,2.7,61.50,7,0.78,62.50,40.64,3421,,,,,,,40.64,6670,,,,,,,,,40.64,2250,,,,,,,,,40.64,4890,,,,,,,,,40.64,3230,,,,,,,,,40.64,1690,,,,,,,,,,,40.64,2980,,,,,,,,,,,40.64,6110,,,,,13,7.7,61.5,7,3.32,71.00,14,259.08,6280,15,10.34,61.5,14,9,55.00,14,259.08,2020,14,9,61.5,6,3.05,63.50,14,259.08,5027,15,10.34,61.5,11,6.1,57.50,14,259.08,3421,,,,,,,14,289.56,6110,,,,,,,,,,,14,289.56,10700,,,,,,,,,,,14,289.56,15100,,,,,,,,,,,14,289.56,15188.5,,,,,,,,,,,14,289.56,2318,,,,,,,,,,,55,6060,,,,,,,55,2080,,,,,,,55,4720,,,,,,,55,3270,,,,,,,26.74,1520,,,,
7,Female,21,,2/23/2024,16:24,8,0.96,46.00,2,0.39,59.00,40.64,6280,14,2.15,46.00,8,0.96,50.00,40.64,2020,9,0.98,46.00,3,0.49,56.75,40.64,5027,11,1.44,46.00,6,0.72,60.00,40.64,3421,,,,,,,40.64,6670,,,,,,,,,40.64,2250,,,,,,,,,40.64,4890,,,,,,,,,40.64,3230,,,,,,,,,40.64,1690,,,,,,,,,,,40.64,2980,,,,,,,,,,,40.64,6110,,,,,6,3.05,46,3,2.08,46.00,14,259.08,6280,14,9,46,11,6.1,46.00,14,259.08,2020,8,4.07,46,6,3.05,50.50,14,259.08,5027,10,5.17,46,10,5.17,59.00,14,259.08,3421,,,,,,,14,289.56,6110,,,,,,,,,,,14,289.56,10700,,,,,,,,,,,14,289.56,15100,,,,,,,,,,,14,289.56,15188.5,,,,,,,,,,,14,289.56,2318,,,,,,,,,,,55,6060,,,,,,,55,2080,,,,,,,55,4720,,,,,,,55,3270,,,,,,,26.74,1520,,,,
30337,Female,20,,3/7/2024,14:18,10,1.22,66.00,1,0.3,34.00,40.64,6280,18,3.8,66.00,8,0.96,43.00,40.64,2020,12,1.63,66.00,2,0.39,35.50,40.64,5027,14,2.15,66.00,4,0.52,36.00,40.64,3421,,,,,,,40.64,6670,,,,,,,,,40.64,2250,,,,,,,,,40.64,4890,,,,,,,,,40.64,3230,,,,,,,,,40.64,1690,,,,,,,,,,,40.64,2980,,,,,,,,,,,40.64,6110,,,,,13,7.7,66,2,1.66,33.00,14,259.08,6280,17,13,66,8,4.07,24.50,14,259.08,2020,15,10.34,66,4,2.22,38.00,14,259.08,5027,17,13,66,6,3.05,32.00,14,259.08,3421,,,,,,,14,289.56,6110,,,,,,,,,,,14,289.56,10700,,,,,,,,,,,14,289.56,15100,,,,,,,,,,,14,289.56,15188.5,,,,,,,,,,,14,289.56,2318,,,,,,,,,,,55,6060,,,,,,,55,2080,,,,,,,55,4720,,,,,,,55,3270,,,,,,,26.74,1520,,,,
8,Female,66,,3/7/2024,15:22,13,1.90,73.00,6,0.72,42.00,40.64,6280,17,3.3,73.00,10,1.22,51.00,40.64,2020,12,1.63,73.00,7,0.78,56.50,40.64,5027,14,2.15,73.00,9,0.98,55.50,40.64,3421,,,,,,,40.64,6670,,,,,,,,,40.64,2250,,,,,,,,,40.64,4890,,,,,,,,,40.64,3230,,,,,,,,,40.64,1690,,,,,,,,,,,40.64,2980,,,,,,,,,,,40.64,6110,,,,,11,6.1,73,2,1.66,42.00,14,259.08,6280,17,13,73,10,5.17,43.00,14,259.08,2020,13,7.7,73,4,2.22,52.00,14,259.08,5027,15,10.34,73,8,4.07,56.00,14,259.08,3421,,,,,,,14,289.56,6110,,,,,,,,,,,14,289.56,10700,,,,,,,,,,,14,289.56,15100,,,,,,,,,,,14,289.56,15188.5,,,,,,,,,,,14,289.56,2318,,,,,,,,,,,55,6060,,,,,,,55,2080,,,,,,,55,4720,,,,,,,55,3270,,,,,,,26.74,1520,,,,
9,Male,24,,3/8/2024,9:12,8,0.96,76.00,5,0.65,46.00,40.64,6280,15,2.44,76.00,10,1.22,47.00,40.64,2020,9,0.98,76.00,4,0.52,41.00,40.64,5027,11,1.44,76.00,7,0.78,36.50,40.64,3421,,,,,,,40.64,6670,,,,,,,,,40.64,2250,,,,,,,,,40.64,4890,,,,,,,,,40.64,3230,,,,,,,,,40.64,1690,,,,,,,,,,,40.64,2980,,,,,,,,,,,40.64,6110,,,,,8,4.07,76,4,2.22,52.50,14,259.08,6280,17,13,76,11,6.1,43.50,14,259.08,2020,14,9,76,4,2.22,40.50,14,259.08,5027,15,10.34,76,8,4.07,33.50,14,259.08,3421,,,,,,,14,289.56,6110,,,,,,,,,,,14,289.56,10700,,,,,,,,,,,14,289.56,15100,,,,,,,,,,,14,289.56,15188.5,,,,,,,,,,,14,289.56,2318,,,,,,,,,,,55,6060,,,,,,,55,2080,,,,,,,55,4720,,,,,,,55,3270,,,,,,,26.74,1520,,,,
10,Female,21,,3/8/2024,15:35,10,1.22,54.00,4,0.52,41.00,40.64,6280,15,2.44,54.00,10,1.22,44.50,40.64,2020,12,1.63,54.00,7,0.78,48.00,40.64,5027,13,1.90,54.00,9,0.98,51.00,40.64,3421,,,,,,,40.64,6670,,,,,,,,,40.64,2250,,,,,,,,,40.64,4890,,,,,,,,,40.64,3230,,,,,,,,,40.64,1690,,,,,,,,,,,40.64,2980,,,,,,,,,,,40.64,6110,,,,,14,9,54,5,2.77,38.50,14,259.08,6280,17,13,54,10,5.17,30.00,14,259.08,2020,15,10.34,54,7,3.32,35.50,14,259.08,5027,16,11,54,9,4.15,37.00,14,259.08,3421,,,,,,,14,289.56,6110,,,,,,,,,,,14,289.56,10700,,,,,,,,,,,14,289.56,15100,,,,,,,,,,,14,289.56,15188.5,,,,,,,,,,,14,289.56,2318,,,,,,,,,,,55,6060,,,,,,,55,2080,,,,,,,55,4720,,,,,,,55,3270,,,,,,,26.74,1520,,,,
11,Male,22,,3/13/2024,14:09,10,1.22,46.00,5,0.65,51.00,40.64,6280,17,3.3,46.00,12,1.63,56.00,40.64,2020,11,1.44,46.00,6,0.72,63.50,40.64,5027,14,2.15,46.00,8,0.96,63.00,40.64,3421,,,,,,,40.64,6670,,,,,,,,,40.64,2250,,,,,,,,,40.64,4890,,,,,,,,,40.64,3230,,,,,,,,,40.64,1690,,,,,,,,,,,40.64,2980,,,,,,,,,,,40.64,6110,,,,,9,4.15,46,5,2.77,55.50,14,259.08,6280,16,11,46,14,9,59.00,14,259.08,2020,10,5.17,46,7,3.32,64.50,14,259.08,5027,13,7.7,46,10,5.17,63.50,14,259.08,3421,,,,,,,14,289.56,6110,,,,,,,,,,,14,289.56,10700,,,,,,,,,,,14,289.56,15100,,,,,,,,,,,14,289.56,15188.5,,,,,,,,,,,14,289.56,2318,,,,,,,,,,,55,6060,,,,,,,55,2080,,,,,,,55,4720,,,,,,,55,3270,,,,,,,26.74,1520,,,,
12,Female,18,,3/13/2024,15:12,9,0.98,64.00,3,0.49,61.50,40.64,6280,12,1.63,64.00,10,1.22,60.50,40.64,2020,10,1.22,64.00,5,0.65,59.00,40.64,5027,12,1.63,64.00,8,0.96,62.00,40.64,3421,,,,,,,40.64,6670,,,,,,,,,40.64,2250,,,,,,,,,40.64,4890,,,,,,,,,40.64,3230,,,,,,,,,40.64,1690,,,,,,,,,,,40.64,2980,,,,,,,,,,,40.64,6110,,,,,9,4.15,64,6,3.05,55.50,14,259.08,6280,12,6.89,64,14,9,62.00,14,259.08,2020,10,5.17,64,8,4.07,63.00,14,259.08,5027,12,6.89,64,11,6.1,62.50,14,259.08,3421,,,,,,,14,289.56,6110,,,,,,,,,,,14,289.56,10700,,,,,,,,,,,14,289.56,15100,,,,,,,,,,,14,289.56,15188.5,,,,,,,,,,,14,289.56,2318,,,,,,,,,,,55,6060,,,,,,,55,2080,,,,,,,55,4720,,,,,,,55,3270,,,,,,,26.74,1520,,,,
13,Female,24,,3/13/2024,16:17,9,0.98,35.00,1,0.3,26.50,40.64,6280,13,1.90,35.00,6,0.72,32.50,40.64,2020,10,1.22,35.00,1,0.3,32.00,40.64,5027,12,1.63,35.00,3,0.49,31.50,40.64,3421,,,,,,,40.64,6670,,,,,,,,,40.64,2250,,,,,,,,,40.64,4890,,,,,,,,,40.64,3230,,,,,,,,,40.64,1690,,,,,,,,,,,40.64,2980,,,,,,,,,,,40.64,6110,,,,,11,6.1,35,1,1.4,33.00,14,259.08,6280,14,9,35,8,4.07,34.00,14,259.08,2020,11,6.1,35,2,1.66,33.00,14,259.08,5027,14,9,35,7,3.32,35.00,14,259.08,3421,,,,,,,14,289.56,6110,,,,,,,,,,,14,289.56,10700,,,,,,,,,,,14,289.56,15100,,,,,,,,,,,14,289.56,15188.5,,,,,,,,,,,14,289.56,2318,,,,,,,,,,,55,6060,,,,,,,55,2080,,,,,,,55,4720,,,,,,,55,3270,,,,,,,26.74,1520,,,,
14,Female,33,,4/16/2024,13:14,10,1.22,57.00,1,0.3,50.50,40.64,6280,14,2.15,57.00,10,1.22,52.50,40.64,2020,13,1.90,57.00,4,0.52,54.50,40.64,5027,15,2.44,57.00,9,0.98,55.00,40.64,3421,,,,,,,40.64,6670,,,,,,,,,40.64,2250,,,,,,,,,40.64,4890,,,,,,,,,40.64,3230,,,,,,,,,40.64,1690,,,,,,,,,,,40.64,2980,,,,,,,,,,,40.64,6110,,,,,11,6.1,57,1,1.4,42.00,14,259.08,6280,15,10.34,57,11,6.1,45.00,14,259.08,2020,12,6.89,57,6,3.05,53.00,14,259.08,5027,15,10.34,57,11,6.1,56.00,14,259.08,3421,,,,,,,14,289.56,6110,,,,,,,,,,,14,289.56,10700,,,,,,,,,,,14,289.56,15100,,,,,,,,,,,14,289.56,15188.5,,,,,,,,,,,14,289.56,2318,,,,,,,,,,,55,6060,,,,,,,55,2080,,,,,,,55,4720,,,,,,,55,3270,,,,,,,26.74,1520,,,,
15,Female,27,,4/16/2024,14:12,10,1.22,53.50,4,0.52,46.50,40.64,6280,14,2.15,53.50,9,0.98,33.50,40.64,2020,12,1.63,53.50,2,0.39,27.00,40.64,5027,13,1.90,53.50,2,0.39,16.00,40.64,3421,,,,,,,40.64,6670,,,,,,,,,40.64,2250,,,,,,,,,40.64,4890,,,,,,,,,40.64,3230,,,,,,,,,40.64,1690,,,,,,,,,,,40.64,2980,,,,,,,,,,,40.64,6110,,,,,14,9,53.5,1,1.4,28.00,14,259.08,6280,15,10.34,53.5,5,2.77,18.00,14,259.08,2020,13,7.7,53.5,2,1.66,27.50,14,259.08,5027,14,9,53.5,3,2.08,16.00,14,259.08,3421,,,,,,,14,289.56,6110,,,,,,,,,,,14,289.56,10700,,,,,,,,,,,14,289.56,15100,,,,,,,,,,,14,289.56,15188.5,,,,,,,,,,,14,289.56,2318,,,,,,,,,,,55,6060,,,,,,,55,2080,,,,,,,55,4720,,,,,,,55,3270,,,,,,,26.74,1520,,,,
16,Male,28,,4/18/2024,16:00,9,0.98,60.00,2,0.39,35.50,40.64,6280,14,2.15,60.00,6,0.72,27.50,40.64,2020,11,1.44,60.00,2,0.39,35.00,40.64,5027,13,1.90,60.00,4,0.52,41.00,40.64,3421,,,,,,,40.64,6670,,,,,,,,,40.64,2250,,,,,,,,,40.64,4890,,,,,,,,,40.64,3230,,,,,,,,,40.64,1690,,,,,,,,,,,40.64,2980,,,,,,,,,,,40.64,6110,,,,,12,6.89,60,5,2.77,63.50,14,259.08,6280,16,11,60,7,3.32,25.50,14,259.08,2020,14,9,60,6,3.05,47.50,14,259.08,5027,15,10.34,60,7,3.32,43.00,14,259.08,3421,,,,,,,14,289.56,6110,,,,,,,,,,,14,289.56,10700,,,,,,,,,,,14,289.56,15100,,,,,,,,,,,14,289.56,15188.5,,,,,,,,,,,14,289.56,2318,,,,,,,,,,,55,6060,,,,,,,55,2080,,,,,,,55,4720,,,,,,,55,3270,,,,,,,26.74,1520,,,,
17,Male,31,,4/19/2024,14:18,8,0.96,57.50,4,0.52,49.00,40.64,6280,12,1.63,57.50,11,1.44,54.00,40.64,2020,7,0.78,57.50,6,0.72,58.25,40.64,5027,9,0.98,57.50,9,0.98,59.50,40.64,3421,,,,,,,40.64,6670,,,,,,,,,40.64,2250,,,,,,,,,40.64,4890,,,,,,,,,40.64,3230,,,,,,,,,40.64,1690,,,,,,,,,,,40.64,2980,,,,,,,,,,,40.64,6110,,,,,11,6.1,57.5,5,2.77,55.00,14,259.08,6280,16,11,57.5,13,7.7,57.25,14,259.08,2020,12,6.89,57.5,5,2.77,54.50,14,259.08,5027,13,7.7,57.5,9,4.15,53.25,14,259.08,3421,,,,,,,14,289.56,6110,,,,,,,,,,,14,289.56,10700,,,,,,,,,,,14,289.56,15100,,,,,,,,,,,14,289.56,15188.5,,,,,,,,,,,14,289.56,2318,,,,,,,,,,,55,6060,,,,,,,55,2080,,,,,,,55,4720,,,,,,,55,3270,,,,,,,26.74,1520,,,,
18,Female,28,,4/19/2024,15:09,10,1.22,57.50,2,0.39,32.50,40.64,6280,12,1.63,57.50,9,0.98,40.50,40.64,2020,11,1.44,57.50,4,0.52,48.50,40.64,5027,11,1.44,57.50,7,0.78,50.00,40.64,3421,,,,,,,40.64,6670,,,,,,,,,40.64,2250,,,,,,,,,40.64,4890,,,,,,,,,40.64,3230,,,,,,,,,40.64,1690,,,,,,,,,,,40.64,2980,,,,,,,,,,,40.64,6110,,,,,13,7.7,57.5,3,2.08,37.50,14,259.08,6280,17,13,57.5,10,5.17,35.50,14,259.08,2020,14,9,57.5,6,3.05,48.00,14,259.08,5027,15,10.34,57.5,8,4.07,47.00,14,259.08,3421,,,,,,,14,289.56,6110,,,,,,,,,,,14,289.56,10700,,,,,,,,,,,14,289.56,15100,,,,,,,,,,,14,289.56,15188.5,,,,,,,,,,,14,289.56,2318,,,,,,,,,,,55,6060,,,,,,,55,2080,,,,,,,55,4720,,,,,,,55,3270,,,,,,,26.74,1520,,,,
19,Male,25,,4/19/2024,16:16,10,1.22,69.00,2,0.39,19.00,40.64,6280,16,2.7,69.00,9,0.98,33.00,40.64,2020,12,1.63,69.00,5,0.65,61.00,40.64,5027,15,2.44,69.00,8,0.96,59.50,40.64,3421,,,,,,,40.64,6670,,,,,,,,,40.64,2250,,,,,,,,,40.64,4890,,,,,,,,,40.64,3230,,,,,,,,,40.64,1690,,,,,,,,,,,40.64,2980,,,,,,,,,,,40.64,6110,,,,,9,4.15,69,3,2.08,43.00,14,259.08,6280,15,10.34,69,8,4.07,35.00,14,259.08,2020,12,6.89,69,5,2.77,58.50,14,259.08,5027,10,5.17,69,7,3.32,52.00,14,259.08,3421,,,,,,,14,289.56,6110,,,,,,,,,,,14,289.56,10700,,,,,,,,,,,14,289.56,15100,,,,,,,,,,,14,289.56,15188.5,,,,,,,,,,,14,289.56,2318,,,,,,,,,,,55,6060,,,,,,,55,2080,,,,,,,55,4720,,,,,,,55,3270,,,,,,,26.74,1520,,,,
20,Female,21,,5/10/2024,14:49,6,0.72,41.00,1,0.3,41.75,40.64,6280,11,1.44,41.00,5,0.65,32.00,40.64,2020,5,0.65,41.00,2,0.39,44.50,40.64,5027,9,0.98,41.00,3,0.49,40.00,40.64,3421,,,,,,,40.64,6670,,,,,,,,,40.64,2250,,,,,,,,,40.64,4890,,,,,,,,,40.64,3230,,,,,,,,,40.64,1690,,,,,,,,,,,40.64,2980,,,,,,,,,,,40.64,6110,,,,,6,3.05,41,1,1.4,40.00,14,259.08,6280,14,9,41,5,2.77,25.50,14,259.08,2020,10,5.17,41,2,1.66,34.50,14,259.08,5027,12,6.89,41,6,3.05,39.80,14,259.08,3421,,,,,,,14,289.56,6110,,,,,,,,,,,14,289.56,10700,,,,,,,,,,,14,289.56,15100,,,,,,,,,,,14,289.56,15188.5,,,,,,,,,,,14,289.56,2318,,,,,,,,,,,55,6060,,,,,,,55,2080,,,,,,,55,4720,,,,,,,55,3270,,,,,,,26.74,1520,,,,
21,Male,34,,5/15/2024,12:50,12,1.63,62.00,2,0.39,38.50,40.64,6280,17,3.3,62.00,8,0.96,39.25,40.64,2020,15,2.44,62.00,3,0.49,42.50,40.64,5027,16,2.7,62.00,6,0.72,47.25,40.64,3421,,,,,,,40.64,6670,,,,,,,,,40.64,2250,,,,,,,,,40.64,4890,,,,,,,,,40.64,3230,,,,,,,,,40.64,1690,,,,,,,,,,,40.64,2980,,,,,,,,,,,40.64,6110,,,,,16,11,62,2,1.66,38.00,14,259.08,6280,18,15,62,10,5.17,42.50,14,259.08,2020,17,13,62,5,2.77,44.50,14,259.08,5027,18,15,62,8,4.07,53.00,14,259.08,3421,,,,,,,14,289.56,6110,,,,,,,,,,,14,289.56,10700,,,,,,,,,,,14,289.56,15100,,,,,,,,,,,14,289.56,15188.5,,,,,,,,,,,14,289.56,2318,,,,,,,,,,,55,6060,,,,,,,55,2080,,,,,,,55,4720,,,,,,,55,3270,,,,,,,26.74,1520,,,,
22,Male,39,,5/15/2024,13:44,14,2.15,45.00,1,0.3,14.50,40.64,6280,18,3.8,45.00,5,0.65,23.50,40.64,2020,17,3.3,45.00,2,0.39,24.50,40.64,5027,18,3.8,45.00,5,0.65,28.00,40.64,3421,,,,,,,40.64,6670,,,,,,,,,40.64,2250,,,,,,,,,40.64,4890,,,,,,,,,40.64,3230,,,,,,,,,40.64,1690,,,,,,,,,,,40.64,2980,,,,,,,,,,,40.64,6110,,,,,17,13,45,1,1.4,34.00,14,259.08,6280,18,15,45,6,3.05,21.50,14,259.08,2020,16,11,45,2,1.66,31.00,14,259.08,5027,18,15,45,6,3.05,31.00,14,259.08,3421,,,,,,,14,289.56,6110,,,,,,,,,,,14,289.56,10700,,,,,,,,,,,14,289.56,15100,,,,,,,,,,,14,289.56,15188.5,,,,,,,,,,,14,289.56,2318,,,,,,,,,,,55,6060,,,,,,,55,2080,,,,,,,55,4720,,,,,,,55,3270,,,,,,,26.74,1520,,,,
23,Male,22,,5/15/2024,14:56,7,0.78,65.50,3,0.49,39.50,40.64,6280,18,3.8,65.50,10,1.22,43.00,40.64,2020,12,1.63,65.50,5,0.65,44.00,40.64,5027,14,2.15,65.50,7,0.78,44.50,40.64,3421,,,,,,,40.64,6670,,,,,,,,,40.64,2250,,,,,,,,,40.64,4890,,,,,,,,,40.64,3230,,,,,,,,,40.64,1690,,,,,,,,,,,40.64,2980,,,,,,,,,,,40.64,6110,,,,,8,4.07,65.5,2,1.66,33.50,14,259.08,6280,17,13,65.5,10,5.17,31.00,14,259.08,2020,13,7.7,65.5,4,2.22,37.50,14,259.08,5027,14,9,65.5,7,3.32,36.50,14,259.08,3421,,,,,,,14,289.56,6110,,,,,,,,,,,14,289.56,10700,,,,,,,,,,,14,289.56,15100,,,,,,,,,,,14,289.56,15188.5,,,,,,,,,,,14,289.56,2318,,,,,,,,,,,55,6060,,,,,,,55,2080,,,,,,,55,4720,,,,,,,55,3270,,,,,,,26.74,1520,,,,
24,Female,24,,5/17/2024,13:46,6,0.72,68.00,3,0.49,50.00,40.64,6280,11,1.44,68.00,11,1.44,65.00,40.64,2020,9,0.98,68.00,4,0.52,68.50,40.64,5027,10,1.22,68.00,7,0.78,65.50,40.64,3421,,,,,,,40.64,6670,,,,,,,,,40.64,2250,,,,,,,,,40.64,4890,,,,,,,,,40.64,3230,,,,,,,,,40.64,1690,,,,,,,,,,,40.64,2980,,,,,,,,,,,40.64,6110,,,,,8,4.07,68,4,2.22,54.00,14,259.08,6280,13,7.7,68,13,7.7,56.50,14,259.08,2020,10,5.17,68,8,4.07,68.00,14,259.08,5027,12,6.89,68,12,6.89,67.00,14,259.08,3421,,,,,,,14,289.56,6110,,,,,,,,,,,14,289.56,10700,,,,,,,,,,,14,289.56,15100,,,,,,,,,,,14,289.56,15188.5,,,,,,,,,,,14,289.56,2318,,,,,,,,,,,55,6060,,,,,,,55,2080,,,,,,,55,4720,,,,,,,55,3270,,,,,,,26.74,1520,,,,
25,Female,19,,5/17/2024,14:36,11,1.44,52.00,2,0.39,33.50,40.64,6280,15,2.44,52.00,6,0.72,34.00,40.64,2020,13,1.90,52.00,3,0.49,44.50,40.64,5027,16,2.7,52.00,7,0.78,45.25,40.64,3421,,,,,,,40.64,6670,,,,,,,,,40.64,2250,,,,,,,,,40.64,4890,,,,,,,,,40.64,3230,,,,,,,,,40.64,1690,,,,,,,,,,,40.64,2980,,,,,,,,,,,40.64,6110,,,,,16,11,52,5,2.77,41.25,14,259.08,6280,18,15,52,10,5.17,36.00,14,259.08,2020,17,13,52,4,2.22,40.50,14,259.08,5027,15,10.34,52,7,3.32,42.50,14,259.08,3421,,,,,,,14,289.56,6110,,,,,,,,,,,14,289.56,10700,,,,,,,,,,,14,289.56,15100,,,,,,,,,,,14,289.56,15188.5,,,,,,,,,,,14,289.56,2318,,,,,,,,,,,55,6060,,,,,,,55,2080,,,,,,,55,4720,,,,,,,55,3270,,,,,,,26.74,1520,,,,
26,Female,46,,5/17/2024,15:43,14,2.15,47.00,4,0.52,7.25,40.64,6280,18,3.8,47.00,8,0.96,9.00,40.64,2020,15,2.44,47.00,4,0.52,15.00,40.64,5027,17,3.3,47.00,6,0.72,15.50,40.64,3421,,,,,,,40.64,6670,,,,,,,,,40.64,2250,,,,,,,,,40.64,4890,,,,,,,,,40.64,3230,,,,,,,,,40.64,1690,,,,,,,,,,,40.64,2980,,,,,,,,,,,40.64,6110,,,,,12,6.89,47,2,1.66,10.25,14,259.08,6280,17,13,47,9,4.15,10.20,14,259.08,2020,14,9,47,1,1.4,10.00,14,259.08,5027,15,10.34,47,4,2.22,12.00,14,259.08,3421,,,,,,,14,289.56,6110,,,,,,,,,,,14,289.56,10700,,,,,,,,,,,14,289.56,15100,,,,,,,,,,,14,289.56,15188.5,,,,,,,,,,,14,289.56,2318,,,,,,,,,,,55,6060,,,,,,,55,2080,,,,,,,55,4720,,,,,,,55,3270,,,,,,,26.74,1520,,,,
27,Male,21,,5/31/2024,13:46,12,1.63,63.00,1,0.3,15.50,40.64,6280,15,2.44,63.00,4,0.52,24.00,40.64,2020,13,1.90,63.00,2,0.39,38.00,40.64,5027,14,2.15,63.00,4,0.52,41.25,40.64,3421,,,,,,,40.64,6670,,,,,,,,,40.64,2250,,,,,,,,,40.64,4890,,,,,,,,,40.64,3230,,,,,,,,,40.64,1690,,,,,,,,,,,40.64,2980,,,,,,,,,,,40.64,6110,,,,,10,5.17,63,1,1.4,22.50,14,259.08,6280,16,11,63,8,4.07,30.00,14,259.08,2020,17,13,63,5,2.77,38.50,14,259.08,5027,17,13,63,7,3.32,40.00,14,259.08,3421,,,,,,,14,289.56,6110,,,,,,,,,,,14,289.56,10700,,,,,,,,,,,14,289.56,15100,,,,,,,,,,,14,289.56,15188.5,,,,,,,,,,,14,289.56,2318,,,,,,,,,,,55,6060,,,,,,,55,2080,,,,,,,55,4720,,,,,,,55,3270,,,,,,,26.74,1520,,,,
28,Female,20,,5/31/2024,14:12,9,0.98,67.00,2,0.39,28.25,40.64,6280,15,2.44,67.00,9,0.98,36.50,40.64,2020,13,1.90,67.00,3,0.49,36.00,40.64,5027,14,2.15,67.00,7,0.78,46.00,40.64,3421,,,,,,,40.64,6670,,,,,,,,,40.64,2250,,,,,,,,,40.64,4890,,,,,,,,,40.64,3230,,,,,,,,,40.64,1690,,,,,,,,,,,40.64,2980,,,,,,,,,,,40.64,6110,,,,,8,4.07,67,3,2.08,42.00,14,259.08,6280,14,9,67,13,7.7,50.00,14,259.08,2020,11,6.1,67,7,3.32,54.25,14,259.08,5027,13,7.7,67,9,4.15,49.00,14,259.08,3421,,,,,,,14,289.56,6110,,,,,,,,,,,14,289.56,10700,,,,,,,,,,,14,289.56,15100,,,,,,,,,,,14,289.56,15188.5,,,,,,,,,,,14,289.56,2318,,,,,,,,,,,55,6060,,,,,,,55,2080,,,,,,,55,4720,,,,,,,55,3270,,,,,,,26.74,1520,,,,
29,Female,22,,5/31/2024,14:47,11,1.44,49.00,2,0.39,44.50,40.64,6280,14,2.15,49.00,2,0.39,17.00,40.64,2020,12,1.63,49.00,2,0.39,47.00,40.64,5027,13,1.90,49.00,2,0.39,31.00,40.64,3421,,,,,,,40.64,6670,,,,,,,,,40.64,2250,,,,,,,,,40.64,4890,,,,,,,,,40.64,3230,,,,,,,,,40.64,1690,,,,,,,,,,,40.64,2980,,,,,,,,,,,40.64,6110,,,,,13,7.7,49,2,1.66,38.00,14,259.08,6280,16,11,49,2,1.66,15.00,14,259.08,2020,14,9,49,2,1.66,30.75,14,259.08,5027,15,10.34,49,2,1.66,20.00,14,259.08,3421,,,,,,,14,289.56,6110,,,,,,,,,,,14,289.56,10700,,,,,,,,,,,14,289.56,15100,,,,,,,,,,,14,289.56,15188.5,,,,,,,,,,,14,289.56,2318,,,,,,,,,,,55,6060,,,,,,,55,2080,,,,,,,55,4720,,,,,,,55,3270,,,,,,,26.74,1520,,,,
30,Female,30,,5/31/2024,15:23,4,0.52,48.00,1,0.3,25.75,40.64,6280,12,1.63,48.00,7,0.78,32.00,40.64,2020,3,0.49,48.00,2,0.39,36.25,40.64,5027,8,0.96,48.00,4,0.52,33.75,40.64,3421,,,,,,,40.64,6670,,,,,,,,,40.64,2250,,,,,,,,,40.64,4890,,,,,,,,,40.64,3230,,,,,,,,,40.64,1690,,,,,,,,,,,40.64,2980,,,,,,,,,,,40.64,6110,,,,,7,3.32,48,4,2.22,43.50,14,259.08,6280,16,11,48,10,5.17,38.50,14,259.08,2020,9,4.15,48,5,2.77,45.75,14,259.08,5027,12,6.89,48,8,4.07,45.50,14,259.08,3421,,,,,,,14,289.56,6110,,,,,,,,,,,14,289.56,10700,,,,,,,,,,,14,289.56,15100,,,,,,,,,,,14,289.56,15188.5,,,,,,,,,,,14,289.56,2318,,,,,,,,,,,55,6060,,,,,,,55,2080,,,,,,,55,4720,,,,,,,55,3270,,,,,,,26.74,1520,,,,
31,Female,19,,7/9/2024,10:12,,,,,,,40.64,6280,,,,,,,40.64,2020,,,,,,,40.64,5027,,,,,,,40.64,3421,,,,,,,40.64,6670,,,,,,,,,40.64,2250,,,,,,,,,40.64,4890,,,,,,,,,40.64,3230,,,,,,,,,40.64,1690,,,,,,,,,,,40.64,2980,,,,,,,,,,,40.64,6110,,,,,,,,,,,14,259.08,6280,,,,,,,14,259.08,2020,,,,,,,14,259.08,5027,,,,,,,14,259.08,3421,,,,,,,14,289.56,6110,,,,,,,,,,,14,289.56,10700,,,,,,,,,,,14,289.56,15100,,,,,,,,,,,14,289.56,15188.5,,,,,,,,,,,14,289.56,2318,,,,,4,0.52,58,1,0.3,44,55,6060,9,0.98,58,9,0.98,48,55,2080,5,0.65,58,3,0.49,55.00,55,4720,7,0.78,58,6,0.72,57.00,55,3270,,,,,,,26.74,1520,,,,
32,Non binary,31,Did stick task at new location ,7/9/2024,11:00,,,,,,,40.64,6280,,,,,,,40.64,2020,,,,,,,40.64,5027,,,,,,,40.64,3421,4,0.52,54,1,0.3,38,40.64,6670,,,13,1.90,54,8,0.96,48,40.64,2250,,,4,0.52,54,4,0.52,53,40.64,4890,,,7,0.78,54,5,0.65,55,40.64,3230,,,,,,,,,40.64,1690,,,,,,,,,,,40.64,2980,,,,,,,,,,,40.64,6110,,,,,7,3.32,54,2,1.66,41.5,14,259.08,6670,12,6.89,54,11,6.1,47.5,14,259.08,2250,10,5.17,54,6,3.05,51.5,14,259.08,4890,10,5.17,54,9,4.15,47,14,259.08,3230,,,,,,,14,289.56,6110,,,,,,,,,,,14,289.56,10700,,,,,,,,,,,14,289.56,15100,,,,,,,,,,,14,289.56,15188.5,,,,,,,,,,,14,289.56,2318,,,,,,,,,,,55,6060,,,,,,,55,2080,,,,,,,55,4720,,,,,,,55,3270,,,,,,,26.74,1520,,,,
33,Male,24,,7/10/2024,10:29,,,,,,,40.64,6280,,,,,,,40.64,2020,,,,,,,40.64,5027,,,,,,,40.64,3421,,,,,,,40.64,6670,,,,,,,,,40.64,2250,,,,,,,,,40.64,4890,,,,,,,,,40.64,3230,,,,,,,,,40.64,1690,,,,,,,,,,,40.64,2980,,,,,,,,,,,40.64,6110,,,,,,,,,,,14,259.08,6280,,,,,,,14,259.08,2020,,,,,,,14,259.08,5027,,,,,,,14,259.08,3421,,,,,,,14,289.56,6110,,,,,,,,,,,14,289.56,10700,,,,,,,,,,,14,289.56,15100,,,,,,,,,,,14,289.56,15188.5,,,,,,,,,,,14,289.56,2318,,,,,11,1.44,67.00,2,0.39,59.50,55,6060,14,2.15,67.00,9,0.98,58.50,55,2080,12,1.63,67.00,7,0.78,64.75,55,4720,13,1.90,67.00,8,0.96,65.50,55,3270,,,,,,,26.74,1520,,,,
34,Female,19,,7/10/2024,11:04,,,,,,,40.64,6280,,,,,,,40.64,2020,,,,,,,40.64,5027,,,,,,,40.64,3421,,,,,,,40.64,6670,,,,,,,,,40.64,2250,,,,,,,,,40.64,4890,,,,,,,,,40.64,3230,,,,,,,,,40.64,1690,,,,,,,,,,,40.64,2980,,,,,,,,,,,40.64,6110,,,,,,,,,,,14,259.08,6280,,,,,,,14,259.08,2020,,,,,,,14,259.08,5027,,,,,,,14,259.08,3421,,,,,,,14,289.56,6110,,,,,,,,,,,14,289.56,10700,,,,,,,,,,,14,289.56,15100,,,,,,,,,,,14,289.56,15188.5,,,,,,,,,,,14,289.56,2318,,,,,4,0.52,52.00,1,0.3,55.00,55,6060,8,0.96,52.00,6,0.72,39.50,55,2080,5,0.65,52.00,1,0.3,37.50,55,4720,7,0.78,52.00,4,0.52,43.00,55,3270,,,,,,,26.74,1520,,,,
35,Female,22,,7/15/2024,11:48,,,,,,,40.64,6280,,,,,,,40.64,2020,,,,,,,40.64,5027,,,,,,,40.64,3421,,,,,,,40.64,6670,,,,,,,,,40.64,2250,,,,,,,,,40.64,4890,,,,,,,,,40.64,3230,,,,,,,,,40.64,1690,,,,,,,,,,,40.64,2980,,,,,,,,,,,40.64,6110,,,,,,,,,,,14,259.08,6280,,,,,,,14,259.08,2020,,,,,,,14,259.08,5027,,,,,,,14,259.08,3421,,,,,,,14,289.56,6110,,,,,,,,,,,14,289.56,10700,,,,,,,,,,,14,289.56,15100,,,,,,,,,,,14,289.56,15188.5,,,,,,,,,,,14,289.56,2318,,,,,6,0.72,58.00,1,0.3,51.00,55,6060,12,1.63,58.00,8,0.96,51.50,55,2080,7,0.78,58.00,4,0.52,59.00,55,4720,10,1.22,58.00,6,0.72,62.50,55,3270,,,,,,,26.74,1520,,,,
36,Female,29,,7/16/2024,10:41,,,,,,,40.64,6280,,,,,,,40.64,2020,,,,,,,40.64,5027,,,,,,,40.64,3421,,,,,,,40.64,6670,,,,,,,,,40.64,2250,,,,,,,,,40.64,4890,,,,,,,,,40.64,3230,,,,,,,,,40.64,1690,,,,,,,,,,,40.64,2980,,,,,,,,,,,40.64,6110,,,,,,,,,,,14,259.08,6280,,,,,,,14,259.08,2020,,,,,,,14,259.08,5027,,,,,,,14,259.08,3421,,,,,,,14,289.56,6110,,,,,,,,,,,14,289.56,10700,,,,,,,,,,,14,289.56,15100,,,,,,,,,,,14,289.56,15188.5,,,,,,,,,,,14,289.56,2318,,,,,6,0.72,72.00,1,0.3,45.50,55,6060,16,2.7,72.00,8,0.96,49.75,55,2080,8,0.96,72.00,3,0.49,60.30,55,4720,13,1.90,72.00,6,0.72,60.00,55,3270,,,,,,,26.74,1520,,,,
37,Male,20,,7/16/2024,13:46,,,,,,,40.64,6280,,,,,,,40.64,2020,,,,,,,40.64,5027,,,,,,,40.64,3421,,,,,,,40.64,6670,,,,,,,,,40.64,2250,,,,,,,,,40.64,4890,,,,,,,,,40.64,3230,,,,,,,,,40.64,1690,,,,,,,,,,,40.64,2980,,,,,,,,,,,40.64,6110,,,,,,,,,,,14,259.08,6280,,,,,,,14,259.08,2020,,,,,,,14,259.08,5027,,,,,,,14,259.08,3421,,,,,,,14,289.56,6110,,,,,,,,,,,14,289.56,10700,,,,,,,,,,,14,289.56,15100,,,,,,,,,,,14,289.56,15188.5,,,,,,,,,,,14,289.56,2318,,,,,9,0.98,59.50,2,0.39,51.00,55,6060,16,2.7,59.50,10,1.22,56.25,55,2080,10,1.22,59.50,5,0.65,65.50,55,4720,12,1.63,59.50,8,0.96,75.75,55,3270,,,,,,,26.74,1520,,,,
38,Male,21,,7/18/2024,14:33,,,,,,,40.64,6280,,,,,,,40.64,2020,,,,,,,40.64,5027,,,,,,,40.64,3421,,,,,,,40.64,6670,,,,,,,,,40.64,2250,,,,,,,,,40.64,4890,,,,,,,,,40.64,3230,,,,,,,,,40.64,1690,,,,,,,,,,,40.64,2980,,,,,,,,,,,40.64,6110,,,,,,,,,,,14,259.08,6280,,,,,,,14,259.08,2020,,,,,,,14,259.08,5027,,,,,,,14,259.08,3421,,,,,,,14,289.56,6110,,,,,,,,,,,14,289.56,10700,,,,,,,,,,,14,289.56,15100,,,,,,,,,,,14,289.56,15188.5,,,,,,,,,,,14,289.56,2318,,,,,9,0.98,73.00,3,0.49,56.50,55,6060,14,2.15,73.00,9,0.98,47.50,55,2080,10,1.22,73.00,4,0.52,58.00,55,4720,12,1.63,73.00,7,0.78,63.50,55,3270,,,,,,,26.74,1520,,,,
39,Male,21,,7/17/2024,10:53,,,,,,,40.64,6280,,,,,,,40.64,2020,,,,,,,40.64,5027,,,,,,,40.64,3421,,,,,,,40.64,6670,,,,,,,,,40.64,2250,,,,,,,,,40.64,4890,,,,,,,,,40.64,3230,,,,,,,,,40.64,1690,,,,,,,,,,,40.64,2980,,,,,,,,,,,40.64,6110,,,,,,,,,,,14,259.08,6280,,,,,,,14,259.08,2020,,,,,,,14,259.08,5027,,,,,,,14,259.08,3421,,,,,,,14,289.56,6110,,,,,,,,,,,14,289.56,10700,,,,,,,,,,,14,289.56,15100,,,,,,,,,,,14,289.56,15188.5,,,,,,,,,,,14,289.56,2318,,,,,13,1.90,51.00,1,0.3,27.00,55,6060,17,3.3,51.00,5,0.65,28.00,55,2080,13,1.90,51.00,1,0.3,30.00,55,4720,16,2.7,51.00,5,0.65,40.00,55,3270,,,,,,,26.74,1520,,,,
40,Male,23,,7/18/2024,11:31,,,,,,,40.64,6280,,,,,,,40.64,2020,,,,,,,40.64,5027,,,,,,,40.64,3421,,,,,,,40.64,6670,,,,,,,,,40.64,2250,,,,,,,,,40.64,4890,,,,,,,,,40.64,3230,,,,,,,,,40.64,1690,,,,,,,,,,,40.64,2980,,,,,,,,,,,40.64,6110,,,,,,,,,,,14,259.08,6280,,,,,,,14,259.08,2020,,,,,,,14,259.08,5027,,,,,,,14,259.08,3421,,,,,,,14,289.56,6110,,,,,,,,,,,14,289.56,10700,,,,,,,,,,,14,289.56,15100,,,,,,,,,,,14,289.56,15188.5,,,,,,,,,,,14,289.56,2318,,,,,10,1.22,76.00,4,0.52,72.25,55,6060,16,2.7,76.00,11,1.44,73.00,55,2080,11,1.44,76.00,6,0.72,61.50,55,4720,13,1.90,76.00,7,0.78,56.00,55,3270,,,,,,,26.74,1520,,,,
41,Female,20,,7/18/2024,15:18,,,,,,,40.64,6280,,,,,,,40.64,2020,,,,,,,40.64,5027,,,,,,,40.64,3421,,,,,,,40.64,6670,,,,,,,,,40.64,2250,,,,,,,,,40.64,4890,,,,,,,,,40.64,3230,,,,,,,,,40.64,1690,,,,,,,,,,,40.64,2980,,,,,,,,,,,40.64,6110,,,,,,,,,,,14,259.08,6280,,,,,,,14,259.08,2020,,,,,,,14,259.08,5027,,,,,,,14,259.08,3421,,,,,,,14,289.56,6110,,,,,,,,,,,14,289.56,10700,,,,,,,,,,,14,289.56,15100,,,,,,,,,,,14,289.56,15188.5,,,,,,,,,,,14,289.56,2318,,,,,8,0.96,74.00,3,0.49,65.00,55,6060,14,2.15,74.00,10,1.22,61.50,55,2080,10,1.22,74.00,5,0.65,61.25,55,4720,13,1.90,74.00,8,0.96,69.50,55,3270,,,,,,,26.74,1520,,,,
42,Male,18,,7/19/2024,13:50,,,,,,,40.64,6280,,,,,,,40.64,2020,,,,,,,40.64,5027,,,,,,,40.64,3421,,,,,,,40.64,6670,,,,,,,,,40.64,2250,,,,,,,,,40.64,4890,,,,,,,,,40.64,3230,,,,,,,,,40.64,1690,,,,,,,,,,,40.64,2980,,,,,,,,,,,40.64,6110,,,,,,,,,,,14,259.08,6280,,,,,,,14,259.08,2020,,,,,,,14,259.08,5027,,,,,,,14,259.08,3421,,,,,,,14,289.56,6110,,,,,,,,,,,14,289.56,10700,,,,,,,,,,,14,289.56,15100,,,,,,,,,,,14,289.56,15188.5,,,,,,,,,,,14,289.56,2318,,,,,10,1.22,74.00,6,0.72,59.50,55,6060,13,1.90,74.00,10,1.22,53.00,55,2080,11,1.44,74.00,7,0.78,63.00,55,4720,12,1.63,74.00,9,0.98,68.50,55,3270,,,,,,,26.74,1520,,,,
43,Female,22,,7/19/2024,14:34,,,,,,,40.64,6280,,,,,,,40.64,2020,,,,,,,40.64,5027,,,,,,,40.64,3421,,,,,,,40.64,6670,,,,,,,,,40.64,2250,,,,,,,,,40.64,4890,,,,,,,,,40.64,3230,,,,,,,,,40.64,1690,,,,,,,,,,,40.64,2980,,,,,,,,,,,40.64,6110,,,,,,,,,,,14,259.08,6280,,,,,,,14,259.08,2020,,,,,,,14,259.08,5027,,,,,,,14,259.08,3421,,,,,,,14,289.56,6110,,,,,,,,,,,14,289.56,10700,,,,,,,,,,,14,289.56,15100,,,,,,,,,,,14,289.56,15188.5,,,,,,,,,,,14,289.56,2318,,,,,9,0.98,63.00,1,0.3,47.50,55,6060,14,2.15,63.00,10,1.22,51.75,55,2080,11,1.44,63.00,5,0.65,62.50,55,4720,13,1.90,63.00,9,0.98,71.25,55,3270,,,,,,,26.74,1520,,,,
44,Female,22,,7/19/2024,15:11,,,,,,,40.64,6280,,,,,,,40.64,2020,,,,,,,40.64,5027,,,,,,,40.64,3421,,,,,,,40.64,6670,,,,,,,,,40.64,2250,,,,,,,,,40.64,4890,,,,,,,,,40.64,3230,,,,,,,,,40.64,1690,,,,,,,,,,,40.64,2980,,,,,,,,,,,40.64,6110,,,,,,,,,,,14,259.08,6280,,,,,,,14,259.08,2020,,,,,,,14,259.08,5027,,,,,,,14,259.08,3421,,,,,,,14,289.56,6110,,,,,,,,,,,14,289.56,10700,,,,,,,,,,,14,289.56,15100,,,,,,,,,,,14,289.56,15188.5,,,,,,,,,,,14,289.56,2318,,,,,7,0.78,66.00,3,0.49,48.50,55,6060,12,1.63,66.00,9,0.98,49.00,55,2080,6,0.72,66.00,5,0.65,56.50,55,4720,8,0.96,66.00,8,0.96,62.00,55,3270,,,,,,,26.74,1520,,,,
45,Male,19,,7/25/2024,11:28,,,,,,,40.64,6280,,,,,,,40.64,2020,,,,,,,40.64,5027,,,,,,,40.64,3421,10,1.22,72.00,3,0.49,53.50,40.64,6670,,,17,3.3,72.00,10,1.22,53.00,40.64,2250,,,12,1.63,72.00,4,0.52,60.00,40.64,4890,,,14,2.15,72.00,7,0.78,58.00,40.64,3230,,,,,,,,,40.64,1690,,,,,,,,,,,40.64,2980,,,,,,,,,,,40.64,6110,,,,,,,,,,,14,259.08,6280,,,,,,,14,259.08,2020,,,,,,,14,259.08,5027,,,,,,,14,259.08,3421,,,,,,,14,289.56,6110,,,,,,,,,,,14,289.56,10700,,,,,,,,,,,14,289.56,15100,,,,,,,,,,,14,289.56,15188.5,,,,,,,,,,,14,289.56,2318,,,,,10,1.22,72.00,3,0.49,52.75,55,6060,15,2.44,72.00,11,1.44,55.50,55,2080,10,1.22,72.00,5,0.65,60.75,55,4720,13,1.90,72.00,8,0.96,67.00,55,3270,,,,,,,26.74,1520,,,,
46,Male,41,,7/25/2024,13:45,,,,,,,40.64,6280,,,,,,,40.64,2020,,,,,,,40.64,5027,,,,,,,40.64,3421,10,1.22,74.00,2,0.39,30.50,40.64,6670,,,15,2.44,74.00,9,0.98,37.00,40.64,2250,,,11,1.44,74.00,5,0.65,54.00,40.64,4890,,,14,2.15,74.00,8,0.96,59.00,40.64,3230,,,,,,,,,40.64,1690,,,,,,,,,,,40.64,2980,,,,,,,,,,,40.64,6110,,,,,,,,,,,14,259.08,6280,,,,,,,14,259.08,2020,,,,,,,14,259.08,5027,,,,,,,14,259.08,3421,,,,,,,14,289.56,6110,,,,,,,,,,,14,289.56,10700,,,,,,,,,,,14,289.56,15100,,,,,,,,,,,14,289.56,15188.5,,,,,,,,,,,14,289.56,2318,,,,,11,1.44,74.00,2,0.39,32.00,55,6060,16,2.7,74.00,8,0.96,41.00,55,2080,12,1.63,74.00,5,0.65,57.00,55,4720,13,1.90,74.00,9,0.98,64.00,55,3270,,,,,,,26.74,1520,,,,
47,Male,33,No Adjusted Data,7/26/2024,14:42,,,,,,,40.64,6280,,,,,,,40.64,2020,,,,,,,40.64,5027,,,,,,,40.64,3421,13,1.90,59.00,,,,40.64,6670,,,15,2.44,59.00,,,,40.64,2250,,,13,1.90,59.00,,,,40.64,4890,,,12,1.63,59.00,,,,40.64,3230,,,,,,,,,40.64,1690,,,,,,,,,,,40.64,2980,,,,,,,,,,,40.64,6110,,,,,,,,,,,14,259.08,6280,,,,,,,14,259.08,2020,,,,,,,14,259.08,5027,,,,,,,14,259.08,3421,,,,,,,14,289.56,6110,,,,,,,,,,,14,289.56,10700,,,,,,,,,,,14,289.56,15100,,,,,,,,,,,14,289.56,15188.5,,,,,,,,,,,14,289.56,2318,,,,,11,1.44,59.00,5,0.65,50.50,55,6060,15,2.44,59.00,10,1.22,48.00,55,2080,12,1.63,59.00,6,0.72,43.00,55,4720,13,1.90,59.00,10,1.22,44.00,55,3270,,,,,,,26.74,1520,,,,
48,Female,18,,7/26/2024,15:10,,,,,,,40.64,6280,,,,,,,40.64,2020,,,,,,,40.64,5027,,,,,,,40.64,3421,8,0.96,56.00,2,0.39,45.00,40.64,6670,,,15,2.44,56.00,9,0.98,40.00,40.64,2250,,,9,0.98,56.00,5,0.65,48.25,40.64,4890,,,11,1.44,56.00,7,0.78,51.50,40.64,3230,,,,,,,,,40.64,1690,,,,,,,,,,,40.64,2980,,,,,,,,,,,40.64,6110,,,,,,,,,,,14,259.08,6280,,,,,,,14,259.08,2020,,,,,,,14,259.08,5027,,,,,,,14,259.08,3421,,,,,,,14,289.56,6110,,,,,,,,,,,14,289.56,10700,,,,,,,,,,,14,289.56,15100,,,,,,,,,,,14,289.56,15188.5,,,,,,,,,,,14,289.56,2318,,,,,8,0.96,56.00,2,0.39,41.50,55,6060,16,2.7,56.00,9,0.98,41.00,55,2080,10,1.22,56.00,4,0.52,57.25,55,4720,13,1.90,56.00,7,0.78,59.50,55,3270,,,,,,,26.74,1520,,,,
49,Female,22,,7/30/2024,11:38,,,,,,,40.64,6280,,,,,,,40.64,2020,,,,,,,40.64,5027,,,,,,,40.64,3421,12,1.63,77.00,1,0.3,43.00,40.64,6670,,,18,3.8,77.00,9,0.98,46.50,40.64,2250,,,13,1.90,77.00,4,0.52,59.50,40.64,4890,,,17,3.3,77.00,7,0.78,59.00,40.64,3230,,,,,,,,,40.64,1690,,,,,,,,,,,40.64,2980,,,,,,,,,,,40.64,6110,,,,,,,,,,,14,259.08,6280,,,,,,,14,259.08,2020,,,,,,,14,259.08,5027,,,,,,,14,259.08,3421,,,,,,,14,289.56,6110,,,,,,,,,,,14,289.56,10700,,,,,,,,,,,14,289.56,15100,,,,,,,,,,,14,289.56,15188.5,,,,,,,,,,,14,289.56,2318,,,,,13,1.90,77.00,1,0.3,44.50,55,6060,20,4.7,77.00,9,0.98,50.00,55,2080,15,2.44,77.00,4,0.52,61.00,55,4720,17,3.3,77.00,7,0.78,64.00,55,3270,,,,,,,26.74,1520,,,,
50,Female,24,,7/31/2024,11:48,,,,,,,40.64,6280,,,,,,,40.64,2020,,,,,,,40.64,5027,,,,,,,40.64,3421,10,1.22,74.00,2,0.39,47.00,40.64,6670,,,14,2.15,74.00,8,0.96,48.00,40.64,2250,,,12,1.63,74.00,4,0.52,52.00,40.64,4890,,,11,1.44,74.00,4,0.52,51.50,40.64,3230,,,,,,,,,40.64,1690,,,,,,,,,,,40.64,2980,,,,,,,,,,,40.64,6110,,,,,,,,,,,14,259.08,6280,,,,,,,14,259.08,2020,,,,,,,14,259.08,5027,,,,,,,14,259.08,3421,,,,,,,14,289.56,6110,,,,,,,,,,,14,289.56,10700,,,,,,,,,,,14,289.56,15100,,,,,,,,,,,14,289.56,15188.5,,,,,,,,,,,14,289.56,2318,,,,,10,1.22,74.00,3,0.49,46.25,55,6060,14,2.15,74.00,9,0.98,46.00,55,2080,12,1.63,74.00,4,0.52,53.50,55,4720,13,1.90,74.00,7,0.78,58.25,55,3270,,,,,,,26.74,1520,,,,
51,Female,64,,7/31/2024,13:53,,,,,,,40.64,6280,,,,,,,40.64,2020,,,,,,,40.64,5027,,,,,,,40.64,3421,12,1.63,50.50,2,0.39,32.00,40.64,6670,,,15,2.44,50.50,9,0.98,34.00,40.64,2250,,,13,1.90,50.50,5,0.65,45.50,40.64,4890,,,14,2.15,50.50,9,0.98,46.50,40.64,3230,,,,,,,,,40.64,1690,,,,,,,,,,,40.64,2980,,,,,,,,,,,40.64,6110,,,,,,,,,,,14,259.08,6280,,,,,,,14,259.08,2020,,,,,,,14,259.08,5027,,,,,,,14,259.08,3421,,,,,,,14,289.56,6110,,,,,,,,,,,14,289.56,10700,,,,,,,,,,,14,289.56,15100,,,,,,,,,,,14,289.56,15188.5,,,,,,,,,,,14,289.56,2318,,,,,13,1.90,50.50,4,0.52,37.50,55,6060,18,3.8,50.50,10,1.22,34.50,55,2080,15,2.44,50.50,10,1.22,46.00,55,4720,17,3.3,50.50,10,1.22,50.50,55,3270,,,,,,,26.74,1520,,,,
52,Female,19,,8/1/2024,11:48,,,,,,,40.64,6280,,,,,,,40.64,2020,,,,,,,40.64,5027,,,,,,,40.64,3421,9,0.98,72.00,4,0.52,62.00,40.64,6670,,,12,1.63,72.00,10,1.22,57.00,40.64,2250,,,8,0.96,72.00,4,0.52,53.25,40.64,4890,,,10,1.22,72.00,7,0.78,53.00,40.64,3230,,,,,,,,,40.64,1690,,,,,,,,,,,40.64,2980,,,,,,,,,,,40.64,6110,,,,,,,,,,,14,259.08,6280,,,,,,,14,259.08,2020,,,,,,,14,259.08,5027,,,,,,,14,259.08,3421,,,,,,,14,289.56,6110,,,,,,,,,,,14,289.56,10700,,,,,,,,,,,14,289.56,15100,,,,,,,,,,,14,289.56,15188.5,,,,,,,,,,,14,289.56,2318,,,,,8,0.96,72.00,4,0.52,59.50,55,6060,12,1.63,72.00,10,1.22,56.50,55,2080,9,0.98,72.00,4,0.52,50.50,55,4720,11,1.44,72.00,7,0.78,51.00,55,3270,,,,,,,26.74,1520,,,,
53,Female,22,,8/2/2024,14:41,,,,,,,40.64,6280,,,,,,,40.64,2020,,,,,,,40.64,5027,,,,,,,40.64,3421,13,1.90,77.00,2,0.39,53.50,40.64,6670,,,15,2.44,77.00,10,1.22,55.00,40.64,2250,,,13,1.90,77.00,5,0.65,63.00,40.64,4890,,,15,2.44,77.00,8,0.96,64.00,40.64,3230,,,,,,,,,40.64,1690,,,,,,,,,,,40.64,2980,,,,,,,,,,,40.64,6110,,,,,,,,,,,14,259.08,6280,,,,,,,14,259.08,2020,,,,,,,14,259.08,5027,,,,,,,14,259.08,3421,,,,,,,14,289.56,6110,,,,,,,,,,,14,289.56,10700,,,,,,,,,,,14,289.56,15100,,,,,,,,,,,14,289.56,15188.5,,,,,,,,,,,14,289.56,2318,,,,,15,2.44,77.00,4,0.52,50.00,55,6060,17,3.3,77.00,10,1.22,51.50,55,2080,13,1.90,77.00,5,0.65,59.00,55,4720,15,2.44,77.00,9,0.98,61.50,55,3270,,,,,,,26.74,1520,,,,
54,Female,23,,8/2/2024,15:16,,,,,,,40.64,6280,,,,,,,40.64,2020,,,,,,,40.64,5027,,,,,,,40.64,3421,10,1.22,85.00,3,0.49,53.50,40.64,6670,,,19,4,85.00,10,1.22,52.50,40.64,2250,,,13,1.90,85.00,5,0.65,58.00,40.64,4890,,,17,3.3,85.00,8,0.96,58.50,40.64,3230,,,,,,,,,40.64,1690,,,,,,,,,,,40.64,2980,,,,,,,,,,,40.64,6110,,,,,,,,,,,14,259.08,6280,,,,,,,14,259.08,2020,,,,,,,14,259.08,5027,,,,,,,14,259.08,3421,,,,,,,14,289.56,6110,,,,,,,,,,,14,289.56,10700,,,,,,,,,,,14,289.56,15100,,,,,,,,,,,14,289.56,15188.5,,,,,,,,,,,14,289.56,2318,,,,,10,1.22,85.00,3,0.49,53.50,55,6060,17,3.3,85.00,11,1.44,52.50,55,2080,13,1.90,85.00,7,0.78,57.50,55,4720,16,2.7,85.00,10,1.22,62.50,55,3270,,,,,,,26.74,1520,,,,
55,Female,23,,8/9/2024,15:23,,,,,,,40.64,6280,,,,,,,40.64,2020,,,,,,,40.64,5027,,,,,,,40.64,3421,10,1.22,75.00,4,0.52,59.00,40.64,6670,,,12,1.63,75.00,10,1.22,53.50,40.64,2250,,,10,1.22,75.00,4,0.52,47.25,40.64,4890,,,12,1.63,75.00,6,0.72,44.50,40.64,3230,,,,,,,,,40.64,1690,,,,,,,,,,,40.64,2980,,,,,,,,,,,40.64,6110,,,,,,,,,,,14,259.08,6280,,,,,,,14,259.08,2020,,,,,,,14,259.08,5027,,,,,,,14,259.08,3421,,,,,,,14,289.56,6110,,,,,,,,,,,14,289.56,10700,,,,,,,,,,,14,289.56,15100,,,,,,,,,,,14,289.56,15188.5,,,,,,,,,,,14,289.56,2318,,,,,12,1.63,75.00,3,0.49,58.25,55,6060,15,2.44,75.00,10,1.22,57.00,55,2080,11,1.44,75.00,4,0.52,50.50,55,4720,13,1.90,75.00,6,0.72,46.40,55,3270,,,,,,,26.74,1520,,,,
56,Male,19,,8/13/2024,12:09,,,,,,,40.64,6280,,,,,,,40.64,2020,,,,,,,40.64,5027,,,,,,,40.64,3421,8,0.96,61.00,2,0.39,48.50,40.64,6670,,,12,1.63,61.00,9,0.98,48.50,40.64,2250,,,10,1.22,61.00,3,0.49,55.00,40.64,4890,,,12,1.63,61.00,7,0.78,54.75,40.64,3230,,,,,,,,,40.64,1690,,,,,,,,,,,40.64,2980,,,,,,,,,,,40.64,6110,,,,,,,,,,,14,259.08,6280,,,,,,,14,259.08,2020,,,,,,,14,259.08,5027,,,,,,,14,259.08,3421,,,,,,,14,289.56,6110,,,,,,,,,,,14,289.56,10700,,,,,,,,,,,14,289.56,15100,,,,,,,,,,,14,289.56,15188.5,,,,,,,,,,,14,289.56,2318,,,,,8,0.96,61.00,2,0.39,46.00,55,6060,13,1.90,61.00,10,1.22,50.50,55,2080,11,1.44,61.00,3,0.49,56.00,55,4720,12,1.63,61.00,9,0.98,60.50,55,3270,,,,,,,26.74,1520,,,,
57,Female,46,,8/15/2024,11:11,,,,,,,40.64,6280,,,,,,,40.64,2020,,,,,,,40.64,5027,,,,,,,40.64,3421,10,1.22,60.75,1,0.3,37.25,40.64,6670,,,14,2.15,60.75,7,0.78,42.00,40.64,2250,,,11,1.44,60.75,4,0.52,54.25,40.64,4890,,,15,2.44,60.75,7,0.78,56.50,40.64,3230,,,,,,,,,40.64,1690,,,,,,,,,,,40.64,2980,,,,,,,,,,,40.64,6110,,,,,,,,,,,14,259.08,6280,,,,,,,14,259.08,2020,,,,,,,14,259.08,5027,,,,,,,14,259.08,3421,,,,,,,14,289.56,6110,,,,,,,,,,,14,289.56,10700,,,,,,,,,,,14,289.56,15100,,,,,,,,,,,14,289.56,15188.5,,,,,,,,,,,14,289.56,2318,,,,,4,0.52,60.75,1,0.3,39.00,55,6060,15,2.44,60.75,7,0.78,43.50,55,2080,8,0.96,60.75,4,0.52,55.00,55,4720,11,1.44,60.75,7,0.78,60.50,55,3270,,,,,,,26.74,1520,,,,
58,Male,26,Lamp4a Arm Length missing,8/30/2024,16:21,,,,,,,40.64,6280,,,,,,,40.64,2020,,,,,,,40.64,5027,,,,,,,40.64,3421,14,2.15,82.00,2,0.39,44.50,40.64,6670,,,18,3.8,82.00,8,0.96,49.50,40.64,2250,,,16,2.7,82.00,4,0.52,58.75,40.64,4890,,,18,3.8,82.00,6,0.72,,40.64,3230,,,,,,,,,40.64,1690,,,,,,,,,,,40.64,2980,,,,,,,,,,,40.64,6110,,,,,,,,,,,14,259.08,6280,,,,,,,14,259.08,2020,,,,,,,14,259.08,5027,,,,,,,14,259.08,3421,,,,,,,14,289.56,6110,,,,,,,,,,,14,289.56,10700,,,,,,,,,,,14,289.56,15100,,,,,,,,,,,14,289.56,15188.5,,,,,,,,,,,14,289.56,2318,,,,,14,2.15,82.00,3,0.49,48.00,55,6060,18,3.8,82.00,9,0.98,49.00,55,2080,16,2.7,82.00,5,0.65,59.50,55,4720,17,3.3,82.00,8,0.96,71.00,55,3270,,,,,,,26.74,1520,,,,
59,Female,20,,11/1/2024,16:23,,,,,,,40.64,6280,,,,,,,40.64,2020,,,,,,,40.64,5027,,,,,,,40.64,3421,8,0.96,77.00,3,0.49,71.00,40.64,6670,,,12,1.63,77.00,10,1.22,65.75,40.64,2250,,,9,0.98,77.00,4,0.52,60.00,40.64,4890,,,11,1.44,77.00,8,0.96,64.00,40.64,3230,,,,,,,,,40.64,1690,,,,,,,,,,,40.64,2980,,,,,,,,,,,40.64,6110,,,,,,,,,,,14,259.08,6280,,,,,,,14,259.08,2020,,,,,,,14,259.08,5027,,,,,,,14,259.08,3421,,,,,,,14,289.56,6110,,,,,,,,,,,14,289.56,10700,,,,,,,,,,,14,289.56,15100,,,,,,,,,,,14,289.56,15188.5,,,,,,,,,,,14,289.56,2318,,,,,,,77.00,,,,55,6060,,,77.00,,,,55,2080,,,77.00,,,,55,4720,,,77.00,,,,55,3270,,,,,,,26.74,1520,,,,
60,Male,18,,11/1/2024,16:27,,,,,,,40.64,6280,,,,,,,40.64,2020,,,,,,,40.64,5027,,,,,,,40.64,3421,8,0.96,71.00,2,0.39,53.50,40.64,6670,,,13,1.90,71.00,10,1.22,52.50,40.64,2250,,,8,0.96,71.00,5,0.65,59.50,40.64,4890,,,10,1.22,71.00,8,0.96,60.50,40.64,3230,,,,,,,,,40.64,1690,,,,,,,,,,,40.64,2980,,,,,,,,,,,40.64,6110,,,,,,,,,,,14,259.08,6280,,,,,,,14,259.08,2020,,,,,,,14,259.08,5027,,,,,,,14,259.08,3421,,,,,,,14,289.56,6110,,,,,,,,,,,14,289.56,10700,,,,,,,,,,,14,289.56,15100,,,,,,,,,,,14,289.56,15188.5,,,,,,,,,,,14,289.56,2318,,,,,,,71.00,,,,55,6060,,,71.00,,,,55,2080,,,71.00,,,,55,4720,,,71.00,,,,55,3270,,,,,,,26.74,1520,,,,
31453,Non binary,21,,11/8/2024,14:39,,,,,,,40.64,6280,,,,,,,40.64,2020,,,,,,,40.64,5027,,,,,,,40.64,3421,8,0.96,71.00,2,0.39,53.50,40.64,6670,,,12,1.63,71.00,10,1.22,55.50,40.64,2250,,,10,1.22,71.00,6,0.72,63.00,40.64,4890,,,11,1.44,71.00,9,0.98,64.00,40.64,3230,,,,,,,,,40.64,1690,,,,,,,,,,,40.64,2980,,,,,,,,,,,40.64,6110,,,,,,,,,,,14,259.08,6280,,,,,,,14,259.08,2020,,,,,,,14,259.08,5027,,,,,,,14,259.08,3421,,,,,,,14,289.56,6110,,,,,,,,,,,14,289.56,10700,,,,,,,,,,,14,289.56,15100,,,,,,,,,,,14,289.56,15188.5,,,,,,,,,,,14,289.56,2318,,,,,9,0.98,71.00,3,0.49,59.00,55,6060,13,1.90,71.00,10,1.22,57.00,55,2080,10,1.22,71.00,4,0.52,57.00,55,4720,11,1.44,71.00,7,0.78,61.00,55,3270,,,,,,,26.74,1520,,,,
31849,Female,18,,11/8/2024,15:10,,,,,,,40.64,6280,,,,,,,40.64,2020,,,,,,,40.64,5027,,,,,,,40.64,3421,9,0.98,77.50,3,0.49,46.00,40.64,6670,,,15,2.44,77.50,10,1.22,49.00,40.64,2250,,,10,1.22,77.50,5,0.65,53.50,40.64,4890,,,13,1.90,77.50,9,0.98,54.50,40.64,3230,,,,,,,,,40.64,1690,,,,,,,,,,,40.64,2980,,,,,,,,,,,40.64,6110,,,,,,,,,,,14,259.08,6280,,,,,,,14,259.08,2020,,,,,,,14,259.08,5027,,,,,,,14,259.08,3421,,,,,,,14,289.56,6110,,,,,,,,,,,14,289.56,10700,,,,,,,,,,,14,289.56,15100,,,,,,,,,,,14,289.56,15188.5,,,,,,,,,,,14,289.56,2318,,,,,5,0.65,77.50,2,0.39,37.25,55,6060,16,2.7,77.50,9,0.98,32.00,55,2080,9,0.98,77.50,5,0.65,50.00,55,4720,13,1.90,77.50,9,0.98,55.50,55,3270,,,,,,,26.74,1520,,,,
31624,Female,21,,11/8/2024,15:45,,,,,,,40.64,6280,,,,,,,40.64,2020,,,,,,,40.64,5027,,,,,,,40.64,3421,10,1.22,74.30,3,0.49,49.25,40.64,6670,,,13,1.90,74.30,9,0.98,46.00,40.64,2250,,,11,1.44,74.30,6,0.72,56.50,40.64,4890,,,12,1.63,74.30,8,0.96,59.00,40.64,3230,,,,,,,,,40.64,1690,,,,,,,,,,,40.64,2980,,,,,,,,,,,40.64,6110,,,,,,,,,,,14,259.08,6280,,,,,,,14,259.08,2020,,,,,,,14,259.08,5027,,,,,,,14,259.08,3421,,,,,,,14,289.56,6110,,,,,,,,,,,14,289.56,10700,,,,,,,,,,,14,289.56,15100,,,,,,,,,,,14,289.56,15188.5,,,,,,,,,,,14,289.56,2318,,,,,10,1.22,74.30,2,0.39,44.50,55,6060,12,1.63,74.30,8,0.96,47.00,55,2080,11,1.44,74.30,5,0.65,56.00,55,4720,13,1.90,74.30,7,0.78,64.00,55,3270,,,,,,,26.74,1520,,,,
61,Male,18,,2/17/2025,15:29,,,,,,,40.64,6280,,,,,,,40.64,2020,,,,,,,40.64,5027,,,,,,,40.64,3421,6,0.72,54.50,1,0.3,40.00,40.64,6670,6.894,42.200,12,1.63,57.50,9,0.98,45.20,40.64,2250,6.828,45.100,8,0.96,56.40,5,0.65,54.90,40.64,4890,6.892,59.100,10,1.22,58,7,0.78,49.9,40.64,3230,7.217,61.000,,,,,,,40.64,1690,,,,,,,,,,,40.64,2980,,,,,,,,,,,40.64,6110,,,,,,,,,,,14,259.08,6280,,,,,,,14,259.08,2020,,,,,,,14,259.08,5027,,,,,,,14,259.08,3421,,,,,,,14,289.56,6110,,,,,,,,,,,14,289.56,10700,,,,,,,,,,,14,289.56,15100,,,,,,,,,,,14,289.56,15188.5,,,,,,,,,,,14,289.56,2318,,,,,,,,,,,55,6060,,,,,,,55,2080,,,,,,,55,4720,,,,,,,55,3270,,,,,,,26.74,1520,,,,
62,Female,35,,2/17/2025,15:27,,,,,,,40.64,6280,,,,,,,40.64,2020,,,,,,,40.64,5027,,,,,,,40.64,3421,12,1.63,75.60,1,0.3,40.40,40.64,6670,5.715,46.400,17,3.3,68.10,7,0.78,40.30,40.64,2250,5.885,47.600,13,1.90,72.50,2,0.39,46.10,40.64,4890,6.016,47.300,14,2.15,67,5,0.65,45.2,40.64,3230,5.659,46.600,,,,,,,40.64,1690,,,,,,,,,,,40.64,2980,,,,,,,,,,,40.64,6110,,,,,,,,,,,14,259.08,6280,,,,,,,14,259.08,2020,,,,,,,14,259.08,5027,,,,,,,14,259.08,3421,,,,,,,14,289.56,6110,,,,,,,,,,,14,289.56,10700,,,,,,,,,,,14,289.56,15100,,,,,,,,,,,14,289.56,15188.5,,,,,,,,,,,14,289.56,2318,,,,,,,,,,,55,6060,,,,,,,55,2080,,,,,,,55,4720,,,,,,,55,3270,,,,,,,26.74,1520,,,,
63,Male,22,,3/5/2025,13:43,,,,,,,40.64,6280,,,,,,,40.64,2020,,,,,,,40.64,5027,,,,,,,40.64,3421,5,0.65,66.00,2,0.39,62.00,40.64,6670,6.213,56.900,11,1.44,62.80,10,1.22,56.60,40.64,2250,6.899,59.500,6,0.72,64.00,4,0.52,65.60,40.64,4890,6.258,57.000,10,1.22,67,10,1.22,69.2,40.64,3230,7.034,66.800,,,,,,,40.64,1690,,,,,,,,,,,40.64,2980,,,,,,,,,,,40.64,6110,,,,,,,,,,,14,259.08,6280,,,,,,,14,259.08,2020,,,,,,,14,259.08,5027,,,,,,,14,259.08,3421,,,,,,,14,289.56,6110,,,,,,,,,,,14,289.56,10700,,,,,,,,,,,14,289.56,15100,,,,,,,,,,,14,289.56,15188.5,,,,,,,,,,,14,289.56,2318,,,,,,,,,,,55,6060,,,,,,,55,2080,,,,,,,55,4720,,,,,,,55,3270,,,,,,,26.74,1520,,,,
64,Female,25,,3/5/2025,14:04,,,,,,,40.64,6280,,,,,,,40.64,2020,,,,,,,40.64,5027,,,,,,,40.64,3421,9,0.98,78.37,2,0.39,43.00,40.64,6670,5.323,41.600,16,2.7,69.60,12,1.63,51.00,40.64,2250,5.698,41.000,10,1.22,75.00,7,0.78,52.80,40.64,4890,5.522,45.400,13,1.90,74.5,11,1.44,51.5,40.64,3230,5.434,51.500,,,,,,,40.64,1690,,,,,,,,,,,40.64,2980,,,,,,,,,,,40.64,6110,,,,,,,,,,,14,259.08,6280,,,,,,,14,259.08,2020,,,,,,,14,259.08,5027,,,,,,,14,259.08,3421,,,,,,,14,289.56,6110,,,,,,,,,,,14,289.56,10700,,,,,,,,,,,14,289.56,15100,,,,,,,,,,,14,289.56,15188.5,,,,,,,,,,,14,289.56,2318,,,,,,,,,,,55,6060,,,,,,,55,2080,,,,,,,55,4720,,,,,,,55,3270,,,,,,,26.74,1520,,,,
65,Male,21,,3/5/2025,14:31,,,,,,,40.64,6280,,,,,,,40.64,2020,,,,,,,40.64,5027,,,,,,,40.64,3421,9,0.98,72.70,4,0.52,53.60,40.64,6670,6.149,46.000,14,2.15,68.00,10,1.22,53.90,40.64,2250,6.449,47.000,9,0.98,69.00,4,0.52,54.60,40.64,4890,6.190,51.200,11,1.44,68.7,7,0.78,53.2,40.64,3230,6.373,50.100,,,,,,,40.64,1690,,,,,,,,,,,40.64,2980,,,,,,,,,,,40.64,6110,,,,,,,,,,,14,259.08,6280,,,,,,,14,259.08,2020,,,,,,,14,259.08,5027,,,,,,,14,259.08,3421,,,,,,,14,289.56,6110,,,,,,,,,,,14,289.56,10700,,,,,,,,,,,14,289.56,15100,,,,,,,,,,,14,289.56,15188.5,,,,,,,,,,,14,289.56,2318,,,,,,,,,,,55,6060,,,,,,,55,2080,,,,,,,55,4720,,,,,,,55,3270,,,,,,,26.74,1520,,,,
66,Female,27,,3/6/2025,14:30,,,,,,,40.64,6280,,,,,,,40.64,2020,,,,,,,40.64,5027,,,,,,,40.64,3421,11,1.44,69.90,4,0.52,67.40,40.64,6670,6.031,48.500,16,2.7,66.70,10,1.22,62.30,40.64,2250,6.717,51.700,12,1.63,71.50,5,0.65,59.50,40.64,4890,6.352,55.400,13,1.90,72,9,0.98,63.4,40.64,3230,6.798,62.000,,,,,,,40.64,1690,,,,,,,,,,,40.64,2980,,,,,,,,,,,40.64,6110,,,,,,,,,,,14,259.08,6280,,,,,,,14,259.08,2020,,,,,,,14,259.08,5027,,,,,,,14,259.08,3421,,,,,,,14,289.56,6110,,,,,,,,,,,14,289.56,10700,,,,,,,,,,,14,289.56,15100,,,,,,,,,,,14,289.56,15188.5,,,,,,,,,,,14,289.56,2318,,,,,,,,,,,55,6060,,,,,,,55,2080,,,,,,,55,4720,,,,,,,55,3270,,,,,,,26.74,1520,,,,
67,Female,57,,3/7/2025,13:43,,,,,,,40.64,6280,,,,,,,40.64,2020,,,,,,,40.64,5027,,,,,,,40.64,3421,16,2.7,70.60,2,0.39,66.10,40.64,6670,5.929,40.700,20,4.7,66.40,10,1.22,62.10,40.64,2250,6.374,35.400,17,3.3,68.80,4,0.52,55.00,40.64,4890,6.238,40.500,18,3.8,68.7,7,0.78,53.3,40.64,3230,6.461,39.800,,,,,,,40.64,1690,,,,,,,,,,,40.64,2980,,,,,,,,,,,40.64,6110,,,,,,,,,,,14,259.08,6280,,,,,,,14,259.08,2020,,,,,,,14,259.08,5027,,,,,,,14,259.08,3421,,,,,,,14,289.56,6110,,,,,,,,,,,14,289.56,10700,,,,,,,,,,,14,289.56,15100,,,,,,,,,,,14,289.56,15188.5,,,,,,,,,,,14,289.56,2318,,,,,,,,,,,55,6060,,,,,,,55,2080,,,,,,,55,4720,,,,,,,55,3270,,,,,,,26.74,1520,,,,
68,Female,30,,3/7/2025,14:27,,,,,,,40.64,6280,,,,,,,40.64,2020,,,,,,,40.64,5027,,,,,,,40.64,3421,11,1.44,81.30,4,0.52,61.30,40.64,6670,6.404,42.900,13,1.90,80.20,10,1.22,59.10,40.64,2250,6.801,47.300,8,0.96,78.80,5,0.65,57.20,40.64,4890,6.438,51.400,10,1.22,78,8,0.96,57.8,40.64,3230,6.569,48.800,,,,,,,40.64,1690,,,,,,,,,,,40.64,2980,,,,,,,,,,,40.64,6110,,,,,,,,,,,14,259.08,6280,,,,,,,14,259.08,2020,,,,,,,14,259.08,5027,,,,,,,14,259.08,3421,,,,,,,14,289.56,6110,,,,,,,,,,,14,289.56,10700,,,,,,,,,,,14,289.56,15100,,,,,,,,,,,14,289.56,15188.5,,,,,,,,,,,14,289.56,2318,,,,,,,,,,,55,6060,,,,,,,55,2080,,,,,,,55,4720,,,,,,,55,3270,,,,,,,26.74,1520,,,,
69,Male,26,,3/7/2025,14:39,,,,,,,40.64,6280,,,,,,,40.64,2020,,,,,,,40.64,5027,,,,,,,40.64,3421,11,1.44,72.50,5,0.65,55.00,40.64,6670,6.339,48.800,13,1.90,74.40,10,1.22,57.00,40.64,2250,7.016,49.000,10,1.22,73.40,5,0.65,60.00,40.64,4890,6.630,51.300,12,1.63,76.2,9,0.98,58.5,40.64,3230,6.879,45.900,,,,,,,40.64,1690,,,,,,,,,,,40.64,2980,,,,,,,,,,,40.64,6110,,,,,,,,,,,14,259.08,6280,,,,,,,14,259.08,2020,,,,,,,14,259.08,5027,,,,,,,14,259.08,3421,,,,,,,14,289.56,6110,,,,,,,,,,,14,289.56,10700,,,,,,,,,,,14,289.56,15100,,,,,,,,,,,14,289.56,15188.5,,,,,,,,,,,14,289.56,2318,,,,,,,,,,,55,6060,,,,,,,55,2080,,,,,,,55,4720,,,,,,,55,3270,,,,,,,26.74,1520,,,,
70,Male,65,,3/7/2025,14:59,,,,,,,40.64,6280,,,,,,,40.64,2020,,,,,,,40.64,5027,,,,,,,40.64,3421,12,1.63,65.30,3,0.49,36.70,40.64,6670,6.040,49.000,11,1.44,74.10,5,0.65,50.50,40.64,2250,5.063,36.300,8,0.96,72.80,5,0.65,55.50,40.64,4890,4.741,38.200,13,1.90,74.4,8,0.96,40.9,40.64,3230,6.482,32.900,,,,,,,40.64,1690,,,,,,,,,,,40.64,2980,,,,,,,,,,,40.64,6110,,,,,,,,,,,14,259.08,6280,,,,,,,14,259.08,2020,,,,,,,14,259.08,5027,,,,,,,14,259.08,3421,,,,,,,14,289.56,6110,,,,,,,,,,,14,289.56,10700,,,,,,,,,,,14,289.56,15100,,,,,,,,,,,14,289.56,15188.5,,,,,,,,,,,14,289.56,2318,,,,,,,,,,,55,6060,,,,,,,55,2080,,,,,,,55,4720,,,,,,,55,3270,,,,,,,26.74,1520,,,,
71,Female,21,,3/7/2025,15:41,,,,,,,40.64,6280,,,,,,,40.64,2020,,,,,,,40.64,5027,,,,,,,40.64,3421,7,0.78,72.30,2,0.39,42.00,40.64,6670,5.505,49.400,13,1.90,71.00,9,0.98,46.60,40.64,2250,6.614,48.600,10,1.22,71.50,4,0.52,53.40,40.64,4890,6.360,52.400,11,1.44,72.5,7,0.78,55.7,40.64,3230,6.730,52.600,,,,,,,40.64,1690,,,,,,,,,,,40.64,2980,,,,,,,,,,,40.64,6110,,,,,,,,,,,14,259.08,6280,,,,,,,14,259.08,2020,,,,,,,14,259.08,5027,,,,,,,14,259.08,3421,,,,,,,14,289.56,6110,,,,,,,,,,,14,289.56,10700,,,,,,,,,,,14,289.56,15100,,,,,,,,,,,14,289.56,15188.5,,,,,,,,,,,14,289.56,2318,,,,,,,,,,,55,6060,,,,,,,55,2080,,,,,,,55,4720,,,,,,,55,3270,,,,,,,26.74,1520,,,,
72,Female,27,,3/7/2025,15:58,,,,,,,40.64,6280,,,,,,,40.64,2020,,,,,,,40.64,5027,,,,,,,40.64,3421,8,0.96,66.00,3,0.49,54.30,40.64,6670,4.769,31.400,11,1.44,64.00,8,0.96,51.80,40.64,2250,4.937,41.200,9,0.98,60.60,4,0.52,43.20,40.64,4890,5.404,40.800,10,1.22,67.5,6,0.72,39.7,40.64,3230,5.540,44.000,,,,,,,40.64,1690,,,,,,,,,,,40.64,2980,,,,,,,,,,,40.64,6110,,,,,,,,,,,14,259.08,6280,,,,,,,14,259.08,2020,,,,,,,14,259.08,5027,,,,,,,14,259.08,3421,,,,,,,14,289.56,6110,,,,,,,,,,,14,289.56,10700,,,,,,,,,,,14,289.56,15100,,,,,,,,,,,14,289.56,15188.5,,,,,,,,,,,14,289.56,2318,,,,,,,,,,,55,6060,,,,,,,55,2080,,,,,,,55,4720,,,,,,,55,3270,,,,,,,26.74,1520,,,,
73,Female,20,,4/2/2025,16:40,,,,,,,40.64,6280,,,,,,,40.64,2020,,,,,,,40.64,5027,,,,,,,40.64,3421,11,1.44,82.00,2,0.39,38.25,40.64,6670,5.233,45.300,18,3.8,78.50,9,0.98,40.00,40.64,2250,6.259,45.700,12,1.63,79.00,4,0.52,47.00,40.64,4890,5.869,45.000,16,2.7,77.5,7,0.78,46.5,40.64,3230,5.893,43.600,,,,,,,40.64,1690,,,,,,,,,,,40.64,2980,,,,,,,,,,,40.64,6110,,,,,,,,,,,14,259.08,6280,,,,,,,14,259.08,2020,,,,,,,14,259.08,5027,,,,,,,14,259.08,3421,,,,,,,14,289.56,6110,,,,,,,,,,,14,289.56,10700,,,,,,,,,,,14,289.56,15100,,,,,,,,,,,14,289.56,15188.5,,,,,,,,,,,14,289.56,2318,,,,,,,,,,,55,6060,,,,,,,55,2080,,,,,,,55,4720,,,,,,,55,3270,,,,,,,26.74,1520,,,,
74,Male,63,Lamp2a data removed due to input error,4/2/2025,14:30,,,,,,,40.64,6280,,,,,,,40.64,2020,,,,,,,40.64,5027,,,,,,,40.64,3421,10,1.22,91.00,2,0.39,40.50,40.64,6670,6.984,55.600,,,,9,0.98,40.50,40.64,2250,6.096,50.100,11,1.44,88.50,5,0.65,57.50,40.64,4890,6.646,31.700,14,2.15,85.5,9,0.98,61,40.64,3230,6.229,33.200,,,,,,,40.64,1690,,,,,,,,,,,40.64,2980,,,,,,,,,,,40.64,6110,,,,,,,,,,,14,259.08,6280,,,,,,,14,259.08,2020,,,,,,,14,259.08,5027,,,,,,,14,259.08,3421,,,,,,,14,289.56,6110,,,,,,,,,,,14,289.56,10700,,,,,,,,,,,14,289.56,15100,,,,,,,,,,,14,289.56,15188.5,,,,,,,,,,,14,289.56,2318,,,,,,,,,,,55,6060,,,,,,,55,2080,,,,,,,55,4720,,,,,,,55,3270,,,,,,,26.74,1520,,,,
75,Male,61,,4/2/2025,15:33,,,,,,,40.64,6280,,,,,,,40.64,2020,,,,,,,40.64,5027,,,,,,,40.64,3421,4,0.52,72.40,1,0.3,51.00,40.64,6670,6.418,50.500,10,1.22,72.70,9,0.98,54.20,40.64,2250,6.916,51.000,5,0.65,74.00,4,0.52,53.40,40.64,4890,6.501,51.500,8,0.96,75.5,7,0.78,57.5,40.64,3230,6.779,53.500,,,,,,,40.64,1690,,,,,,,,,,,40.64,2980,,,,,,,,,,,40.64,6110,,,,,,,,,,,14,259.08,6280,,,,,,,14,259.08,2020,,,,,,,14,259.08,5027,,,,,,,14,259.08,3421,,,,,,,14,289.56,6110,,,,,,,,,,,14,289.56,10700,,,,,,,,,,,14,289.56,15100,,,,,,,,,,,14,289.56,15188.5,,,,,,,,,,,14,289.56,2318,,,,,,,,,,,55,6060,,,,,,,55,2080,,,,,,,55,4720,,,,,,,55,3270,,,,,,,26.74,1520,,,,
76,Female,21,,4/4/2025,13:03,,,,,,,40.64,6280,,,,,,,40.64,2020,,,,,,,40.64,5027,,,,,,,40.64,3421,12,1.63,78.00,2,0.39,34.30,40.64,6670,6.639,31.200,13,1.90,76.40,2,0.39,31.30,40.64,2250,7.471,42.700,14,2.15,75.00,4,0.52,41.90,40.64,4890,7.082,43.100,17,3.3,74,5,0.65,37.8,40.64,3230,6.997,39.000,,,,,,,40.64,1690,,,,,,,,,,,40.64,2980,,,,,,,,,,,40.64,6110,,,,,,,,,,,14,259.08,6280,,,,,,,14,259.08,2020,,,,,,,14,259.08,5027,,,,,,,14,259.08,3421,,,,,,,14,289.56,6110,,,,,,,,,,,14,289.56,10700,,,,,,,,,,,14,289.56,15100,,,,,,,,,,,14,289.56,15188.5,,,,,,,,,,,14,289.56,2318,,,,,,,,,,,55,6060,,,,,,,55,2080,,,,,,,55,4720,,,,,,,55,3270,,,,,,,26.74,1520,,,,
77,Female,18,,4/4/2025,13:30,,,,,,,40.64,6280,,,,,,,40.64,2020,,,,,,,40.64,5027,,,,,,,40.64,3421,6,0.72,67.20,1,0.3,42.50,40.64,6670,6.171,43.300,7,0.78,65.60,6,0.72,48.70,40.64,2250,6.462,45.100,9,0.98,66.20,4,0.52,54.90,40.64,4890,6.081,52.900,11,1.44,66.4,8,0.96,56,40.64,3230,6.352,52.800,,,,,,,40.64,1690,,,,,,,,,,,40.64,2980,,,,,,,,,,,40.64,6110,,,,,,,,,,,14,259.08,6280,,,,,,,14,259.08,2020,,,,,,,14,259.08,5027,,,,,,,14,259.08,3421,,,,,,,14,289.56,6110,,,,,,,,,,,14,289.56,10700,,,,,,,,,,,14,289.56,15100,,,,,,,,,,,14,289.56,15188.5,,,,,,,,,,,14,289.56,2318,,,,,,,,,,,55,6060,,,,,,,55,2080,,,,,,,55,4720,,,,,,,55,3270,,,,,,,26.74,1520,,,,
78,Female,24,,4/10/2025,13:12,,,,,,,40.64,6280,,,,,,,40.64,2020,,,,,,,40.64,5027,,,,,,,40.64,3421,4,0.52,79.00,4,0.52,58.80,40.64,6670,5.712,52.100,14,2.15,79.40,11,1.44,56.00,40.64,2250,6.562,51.800,11,1.44,81.70,6,0.72,67.20,40.64,4890,6.875,54.500,13,1.90,80.8,10,1.22,68.7,40.64,3230,6.247,54.500,,,,,,,40.64,1690,,,,,,,,,,,40.64,2980,,,,,,,,,,,40.64,6110,,,,,,,,,,,14,259.08,6280,,,,,,,14,259.08,2020,,,,,,,14,259.08,5027,,,,,,,14,259.08,3421,,,,,,,14,289.56,6110,,,,,,,,,,,14,289.56,10700,,,,,,,,,,,14,289.56,15100,,,,,,,,,,,14,289.56,15188.5,,,,,,,,,,,14,289.56,2318,,,,,,,,,,,55,6060,,,,,,,55,2080,,,,,,,55,4720,,,,,,,55,3270,,,,,,,26.74,1520,,,,
79,Female,18,,4/10/2025,13:30,,,,,,,40.64,6280,,,,,,,40.64,2020,,,,,,,40.64,5027,,,,,,,40.64,3421,12,1.63,77.30,3,0.49,45.00,40.64,6670,6.430,50.500,15,2.44,73.90,11,1.44,56.90,40.64,2250,7.228,49.000,12,1.63,77.80,6,0.72,53.60,40.64,4890,6.211,48.500,15,2.44,77.1,8,0.96,56.8,40.64,3230,6.214,49.300,,,,,,,40.64,1690,,,,,,,,,,,40.64,2980,,,,,,,,,,,40.64,6110,,,,,,,,,,,14,259.08,6280,,,,,,,14,259.08,2020,,,,,,,14,259.08,5027,,,,,,,14,259.08,3421,,,,,,,14,289.56,6110,,,,,,,,,,,14,289.56,10700,,,,,,,,,,,14,289.56,15100,,,,,,,,,,,14,289.56,15188.5,,,,,,,,,,,14,289.56,2318,,,,,,,,,,,55,6060,,,,,,,55,2080,,,,,,,55,4720,,,,,,,55,3270,,,,,,,26.74,1520,,,,
80,Female,21,,4/10/2025,14:00,,,,,,,40.64,6280,,,,,,,40.64,2020,,,,,,,40.64,5027,,,,,,,40.64,3421,4,0.52,59.30,4,0.52,60.30,40.64,6670,4.318,45.000,13,1.90,62.80,9,0.98,49.60,40.64,2250,2.881,41.300,7,0.78,59.70,5,0.65,51.60,40.64,4890,3.731,49.500,10,1.22,58.2,7,0.78,49.6,40.64,3230,2.743,49.100,,,,,,,40.64,1690,,,,,,,,,,,40.64,2980,,,,,,,,,,,40.64,6110,,,,,,,,,,,14,259.08,6280,,,,,,,14,259.08,2020,,,,,,,14,259.08,5027,,,,,,,14,259.08,3421,,,,,,,14,289.56,6110,,,,,,,,,,,14,289.56,10700,,,,,,,,,,,14,289.56,15100,,,,,,,,,,,14,289.56,15188.5,,,,,,,,,,,14,289.56,2318,,,,,,,,,,,55,6060,,,,,,,55,2080,,,,,,,55,4720,,,,,,,55,3270,,,,,,,26.74,1520,,,,
81,Female,18,,4/11/2025,13:30,,,,,,,40.64,6280,,,,,,,40.64,2020,,,,,,,40.64,5027,,,,,,,40.64,3421,13,1.90,80.20,2,0.39,27.60,40.64,6670,5.765,47.600,14,2.15,76.60,8,0.96,34.50,40.64,2250,5.820,48.100,10,1.22,77.60,4,0.52,30.90,40.64,4890,6.740,44.200,11,1.44,76.8,4,0.52,31.3,40.64,3230,6.064,43.000,,,,,,,40.64,1690,,,,,,,,,,,40.64,2980,,,,,,,,,,,40.64,6110,,,,,,,,,,,14,259.08,6280,,,,,,,14,259.08,2020,,,,,,,14,259.08,5027,,,,,,,14,259.08,3421,,,,,,,14,289.56,6110,,,,,,,,,,,14,289.56,10700,,,,,,,,,,,14,289.56,15100,,,,,,,,,,,14,289.56,15188.5,,,,,,,,,,,14,289.56,2318,,,,,,,,,,,55,6060,,,,,,,55,2080,,,,,,,55,4720,,,,,,,55,3270,,,,,,,26.74,1520,,,,
82,Male,31,,4/11/2025,14:00,,,,,,,40.64,6280,,,,,,,40.64,2020,,,,,,,40.64,5027,,,,,,,40.64,3421,5,0.65,67.20,2,0.39,58.20,40.64,6670,6.990,67.300,11,1.44,71.40,10,1.22,57.20,40.64,2250,7.401,63.200,7,0.78,69.60,6,0.72,70.10,40.64,4890,6.679,56.000,10,1.22,65.8,8,0.96,64.4,40.64,3230,6.439,54.500,,,,,,,40.64,1690,,,,,,,,,,,40.64,2980,,,,,,,,,,,40.64,6110,,,,,,,,,,,14,259.08,6280,,,,,,,14,259.08,2020,,,,,,,14,259.08,5027,,,,,,,14,259.08,3421,,,,,,,14,289.56,6110,,,,,,,,,,,14,289.56,10700,,,,,,,,,,,14,289.56,15100,,,,,,,,,,,14,289.56,15188.5,,,,,,,,,,,14,289.56,2318,,,,,,,,,,,55,6060,,,,,,,55,2080,,,,,,,55,4720,,,,,,,55,3270,,,,,,,26.74,1520,,,,
83,Male,25,,4/14/2025,14:20,,,,,,,40.64,6280,,,,,,,40.64,2020,,,,,,,40.64,5027,,,,,,,40.64,3421,11,1.44,74.20,4,0.52,46.60,40.64,6670,4.420,48.800,16,2.7,67.50,10,1.22,51.90,40.64,2250,5.507,42.400,13,1.90,72.10,6,0.72,64.90,40.64,4890,6.370,58.800,16,2.7,78.8,8,0.96,65,40.64,3230,7.063,63.400,,,,,,,40.64,1690,,,,,,,,,,,40.64,2980,,,,,,,,,,,40.64,6110,,,,,,,,,,,14,259.08,6280,,,,,,,14,259.08,2020,,,,,,,14,259.08,5027,,,,,,,14,259.08,3421,,,,,,,14,289.56,6110,,,,,,,,,,,14,289.56,10700,,,,,,,,,,,14,289.56,15100,,,,,,,,,,,14,289.56,15188.5,,,,,,,,,,,14,289.56,2318,,,,,,,,,,,55,6060,,,,,,,55,2080,,,,,,,55,4720,,,,,,,55,3270,,,,,,,26.74,1520,,,,
84,Female,58,,4/14/2025,14:52,,,,,,,40.64,6280,,,,,,,40.64,2020,,,,,,,40.64,5027,,,,,,,40.64,3421,15,2.44,74.50,6,0.72,61.60,40.64,6670,6.630,47.200,16,2.7,72.60,10,1.22,56.70,40.64,2250,6.037,48.000,14,2.15,73.40,7,0.78,47.00,40.64,4890,5.868,50.100,15,2.44,72.9,8,0.96,46.7,40.64,3230,5.130,50.600,,,,,,,40.64,1690,,,,,,,,,,,40.64,2980,,,,,,,,,,,40.64,6110,,,,,,,,,,,14,259.08,6280,,,,,,,14,259.08,2020,,,,,,,14,259.08,5027,,,,,,,14,259.08,3421,,,,,,,14,289.56,6110,,,,,,,,,,,14,289.56,10700,,,,,,,,,,,14,289.56,15100,,,,,,,,,,,14,289.56,15188.5,,,,,,,,,,,14,289.56,2318,,,,,,,,,,,55,6060,,,,,,,55,2080,,,,,,,55,4720,,,,,,,55,3270,,,,,,,26.74,1520,,,,
85,Male,23,,4/14/2025,15:08,,,,,,,40.64,6280,,,,,,,40.64,2020,,,,,,,40.64,5027,,,,,,,40.64,3421,7,0.78,82.20,4,0.52,67.60,40.64,6670,4.862,40.700,13,1.90,78.40,11,1.44,60.00,40.64,2250,6.255,42.000,8,0.96,76.60,5,0.65,52.30,40.64,4890,6.039,47.800,11,1.44,81,7,0.78,58,40.64,3230,6.448,46.500,,,,,,,40.64,1690,,,,,,,,,,,40.64,2980,,,,,,,,,,,40.64,6110,,,,,,,,,,,14,259.08,6280,,,,,,,14,259.08,2020,,,,,,,14,259.08,5027,,,,,,,14,259.08,3421,,,,,,,14,289.56,6110,,,,,,,,,,,14,289.56,10700,,,,,,,,,,,14,289.56,15100,,,,,,,,,,,14,289.56,15188.5,,,,,,,,,,,14,289.56,2318,,,,,,,,,,,55,6060,,,,,,,55,2080,,,,,,,55,4720,,,,,,,55,3270,,,,,,,26.74,1520,,,,
86,Female,20,,4/14/2025,15:25,,,,,,,40.64,6280,,,,,,,40.64,2020,,,,,,,40.64,5027,,,,,,,40.64,3421,17,3.3,66.00,15,2.44,41.50,40.64,6670,6.304,40.600,15,2.44,61.20,14,2.15,43.00,40.64,2250,7.314,40.800,15,2.44,61.10,13,1.90,51.40,40.64,4890,7.499,48.100,14,2.15,58.5,14,2.15,48.7,40.64,3230,7.594,47.000,,,,,,,40.64,1690,,,,,,,,,,,40.64,2980,,,,,,,,,,,40.64,6110,,,,,,,,,,,14,259.08,6280,,,,,,,14,259.08,2020,,,,,,,14,259.08,5027,,,,,,,14,259.08,3421,,,,,,,14,289.56,6110,,,,,,,,,,,14,289.56,10700,,,,,,,,,,,14,289.56,15100,,,,,,,,,,,14,289.56,15188.5,,,,,,,,,,,14,289.56,2318,,,,,,,,,,,55,6060,,,,,,,55,2080,,,,,,,55,4720,,,,,,,55,3270,,,,,,,26.74,1520,,,,
87,Female,21,,4/14/2025,15:45,,,,,,,40.64,6280,,,,,,,40.64,2020,,,,,,,40.64,5027,,,,,,,40.64,3421,13,1.90,65.70,3,0.49,53.80,40.64,6670,6.108,44.300,16,2.7,62.50,10,1.22,50.10,40.64,2250,6.585,46.800,14,2.15,63.00,5,0.65,55.60,40.64,4890,6.021,49.000,15,2.44,62.1,6,0.72,53.5,40.64,3230,6.080,49.900,,,,,,,40.64,1690,,,,,,,,,,,40.64,2980,,,,,,,,,,,40.64,6110,,,,,,,,,,,14,259.08,6280,,,,,,,14,259.08,2020,,,,,,,14,259.08,5027,,,,,,,14,259.08,3421,,,,,,,14,289.56,6110,,,,,,,,,,,14,289.56,10700,,,,,,,,,,,14,289.56,15100,,,,,,,,,,,14,289.56,15188.5,,,,,,,,,,,14,289.56,2318,,,,,,,,,,,55,6060,,,,,,,55,2080,,,,,,,55,4720,,,,,,,55,3270,,,,,,,26.74,1520,,,,
88,Female,20,,4/17/2025,13:00,,,,,,,40.64,6280,,,,,,,40.64,2020,,,,,,,40.64,5027,,,,,,,40.64,3421,11,1.44,67.20,3,0.49,49.20,40.64,6670,5.886,45.200,17,3.3,61.00,8,0.96,49.00,40.64,2250,6.766,43.200,14,2.15,62.20,4,0.52,49.90,40.64,4890,6.214,42.170,15,2.44,63.3,6,0.72,49.8,40.64,3230,6.239,42.800,,,,,,,40.64,1690,,,,,,,,,,,40.64,2980,,,,,,,,,,,40.64,6110,,,,,,,,,,,14,259.08,6280,,,,,,,14,259.08,2020,,,,,,,14,259.08,5027,,,,,,,14,259.08,3421,,,,,,,14,289.56,6110,,,,,,,,,,,14,289.56,10700,,,,,,,,,,,14,289.56,15100,,,,,,,,,,,14,289.56,15188.5,,,,,,,,,,,14,289.56,2318,,,,,,,,,,,55,6060,,,,,,,55,2080,,,,,,,55,4720,,,,,,,55,3270,,,,,,,26.74,1520,,,,
89,Female,35,,4/17/2025,13:20,,,,,,,40.64,6280,,,,,,,40.64,2020,,,,,,,40.64,5027,,,,,,,40.64,3421,11,1.44,80.00,2,0.39,44.70,40.64,6670,5.666,51.900,16,2.7,74.30,9,0.98,52.30,40.64,2250,7.412,46.300,12,1.63,78.60,4,0.52,54.30,40.64,4890,5.783,52.200,15,2.44,73.6,9,0.98,58.1,40.64,3230,6.309,51.400,,,,,,,40.64,1690,,,,,,,,,,,40.64,2980,,,,,,,,,,,40.64,6110,,,,,,,,,,,14,259.08,6280,,,,,,,14,259.08,2020,,,,,,,14,259.08,5027,,,,,,,14,259.08,3421,,,,,,,14,289.56,6110,,,,,,,,,,,14,289.56,10700,,,,,,,,,,,14,289.56,15100,,,,,,,,,,,14,289.56,15188.5,,,,,,,,,,,14,289.56,2318,,,,,,,,,,,55,6060,,,,,,,55,2080,,,,,,,55,4720,,,,,,,55,3270,,,,,,,26.74,1520,,,,
90,Female,19,,4/17/2025,13:45,,,,,,,40.64,6280,,,,,,,40.64,2020,,,,,,,40.64,5027,,,,,,,40.64,3421,10,1.22,63.50,3,0.49,52.90,40.64,6670,6.289,44.500,13,1.90,67.10,7,0.78,51.10,40.64,2250,6.448,44.200,12,1.63,66.90,6,0.72,56.50,40.64,4890,6.607,43.700,14,2.15,63.1,8,0.96,57.4,40.64,3230,6.314,44.500,,,,,,,40.64,1690,,,,,,,,,,,40.64,2980,,,,,,,,,,,40.64,6110,,,,,,,,,,,14,259.08,6280,,,,,,,14,259.08,2020,,,,,,,14,259.08,5027,,,,,,,14,259.08,3421,,,,,,,14,289.56,6110,,,,,,,,,,,14,289.56,10700,,,,,,,,,,,14,289.56,15100,,,,,,,,,,,14,289.56,15188.5,,,,,,,,,,,14,289.56,2318,,,,,,,,,,,55,6060,,,,,,,55,2080,,,,,,,55,4720,,,,,,,55,3270,,,,,,,26.74,1520,,,,
91,Male,18,,4/17/2025,14:10,,,,,,,40.64,6280,,,,,,,40.64,2020,,,,,,,40.64,5027,,,,,,,40.64,3421,4,0.52,71.80,1,0.3,42.80,40.64,6670,6.563,40.000,16,2.7,67.90,9,0.98,41.40,40.64,2250,7.397,40.900,7,0.78,69.00,3,0.49,51.50,40.64,4890,7.368,44.200,11,1.44,71.2,8,0.96,53.9,40.64,3230,7.611,43.900,,,,,,,40.64,1690,,,,,,,,,,,40.64,2980,,,,,,,,,,,40.64,6110,,,,,,,,,,,14,259.08,6280,,,,,,,14,259.08,2020,,,,,,,14,259.08,5027,,,,,,,14,259.08,3421,,,,,,,14,289.56,6110,,,,,,,,,,,14,289.56,10700,,,,,,,,,,,14,289.56,15100,,,,,,,,,,,14,289.56,15188.5,,,,,,,,,,,14,289.56,2318,,,,,,,,,,,55,6060,,,,,,,55,2080,,,,,,,55,4720,,,,,,,55,3270,,,,,,,26.74,1520,,,,
92,Female,21,,4/17/2025,14:33,,,,,,,40.64,6280,,,,,,,40.64,2020,,,,,,,40.64,5027,,,,,,,40.64,3421,3,0.49,67.30,1,0.3,48.70,40.64,6670,7.077,48.400,11,1.44,68.00,7,0.78,50.60,40.64,2250,7.087,44.600,5,0.65,66.40,2,0.39,49.90,40.64,4890,7.017,43.000,9,0.98,66.5,5,0.65,51.9,40.64,3230,7.680,38.700,,,,,,,40.64,1690,,,,,,,,,,,40.64,2980,,,,,,,,,,,40.64,6110,,,,,,,,,,,14,259.08,6280,,,,,,,14,259.08,2020,,,,,,,14,259.08,5027,,,,,,,14,259.08,3421,,,,,,,14,289.56,6110,,,,,,,,,,,14,289.56,10700,,,,,,,,,,,14,289.56,15100,,,,,,,,,,,14,289.56,15188.5,,,,,,,,,,,14,289.56,2318,,,,,,,,,,,55,6060,,,,,,,55,2080,,,,,,,55,4720,,,,,,,55,3270,,,,,,,26.74,1520,,,,
6000,Female,24,,5/30/2025,13:00,,,,,,,40.64,,,,,,,,40.64,,,,,,,,40.64,,,,,,,,40.64,,,,,,,,40.64,,,,,,,,,,40.64,,,,,,,,,,40.64,,,,,,,,,,40.64,,,,16,2.7,78.5,10,1.22,49.8,40.64,1690,7.024,49.5,7.191,48.5,14,2.15,68.5,6,0.72,53.4,40.64,2980,6.493,48.5,6.759,50,12,1.63,77.5,2,0.39,58.5,40.64,6110,6.086,49.5,6.215,52,,,,,,,14,259.08,6280,,,,,,,14,259.08,2020,,,,,,,14,259.08,5027,,,,,,,14,259.08,3421,p,7.7,71.5,j,3.32,55,14,289.56,6110,,,,,j,3.32,83,e,1.66,58,14,289.56,10700,6.25,51.5,6.029,47.5,f,2.08,67,a,0.6,61,14,289.56,15100,6.246,52.5,6.129,51,,,,,,,14,289.56,15188.5,,,,,,,,,,,14,289.56,2318,,,,,,,,,,,55,6060,,,,,,,55,2080,,,,,,,55,4720,,,,,,,55,3270,12,1.63,77,7,0.78,53.7,26.74,1520,6.577,53.2,6.562,51
6001,Male,28,,5/30/2025,14:00,,,,,,,40.64,,,,,,,,40.64,,,,,,,,40.64,,,,,,,,40.64,,,,,,,,40.64,,,,,,,,,,40.64,,,,,,,,,,40.64,,,,,,,,,,40.64,,,,13,1.90,84,11,1.44,54.4,40.64,1690,7.218,43,6.997,40.1,11,1.44,85,6,0.72,46.5,40.64,2980,6.491,51,6.958,49.1,6,0.72,84.5,2,0.39,47.7,40.64,6110,6.851,48,6.595,40.3,,,,,,,14,259.08,6280,,,,,,,14,259.08,2020,,,,,,,14,259.08,5027,,,,,,,14,259.08,3421,i,3.05,74,f,2.08,47.5,14,289.56,6110,,,,,e,1.66,73.5,d,1.4,53,14,289.56,10700,6.779,46.4,6.513,40.5,d,1.4,76.5,b,0.82,50,14,289.56,15100,6.672,45.4,6.493,39,,,,,,,14,289.56,15188.5,,,,,,,,,,,14,289.56,2318,,,,,,,,,,,55,6060,,,,,,,55,2080,,,,,,,55,4720,,,,,,,55,3270,11,1.44,85,9,0.98,60,26.74,1520,6.762,45.5,6.693,42
6002,Male,23,myopia,5/30/2025,14:30,,,,,,,40.64,,,,,,,,40.64,,,,,,,,40.64,,,,,,,,40.64,,,,,,,,40.64,,,,,,,,,,40.64,,,,,,,,,,40.64,,,,,,,,,,40.64,,,,20,4.7,65,15,2.44,62.5,40.64,1690,7.652,54.3,7.576,53.8,16,2.7,64,11,1.44,57,40.64,2980,7.249,56.2,7.227,59.5,14,2.15,66,7,0.78,58.5,40.64,6110,7.015,55,6.699,57.3,,,,,,,14,259.08,6280,,,,,,,14,259.08,2020,,,,,,,14,259.08,5027,,,,,,,14,259.08,3421,o,6.89,65.5,k,4.07,69,14,289.56,6110,,,,,n,6.1,64,g,2.22,64,14,289.56,10700,6.636,57.8,6.726,59,m,5.17,65,d,1.4,61,14,289.56,15100,6.876,55.6,6.315,58.2,,,,,,,14,289.56,15188.5,,,,,,,,,,,14,289.56,2318,,,,,,,,,,,55,6060,,,,,,,55,2080,,,,,,,55,4720,,,,,,,55,3270,17,3.3,71.5,12,1.63,66,26.74,1520,7.316,57.3,7.236,57.1
6003,Female,28,,5/30/2025,15:00,,,,,,,40.64,,,,,,,,40.64,,,,,,,,40.64,,,,,,,,40.64,,,,,,,,40.64,,,,,,,,,,40.64,,,,,,,,,,40.64,,,,,,,,,,40.64,,,,13,1.90,77,11,1.44,56.4,40.64,1690,7.463,46,7.639,46.3,10,1.22,77,7,0.78,52.2,40.64,2980,7.169,50.8,6.88,47,6,0.72,77,3,0.49,53.2,40.64,6110,6.758,43.9,6.648,48.5,,,,,,,14,259.08,6280,,,,,,,14,259.08,2020,,,,,,,14,259.08,5027,,,,,,,14,259.08,3421,k,4.07,66,f,2.08,52,14,289.56,6110,,,,,f,2.08,64,d,1.4,55,14,289.56,10700,6.576,50,6.197,47.7,b,0.82,64.5,b,0.82,53,14,289.56,15100,6.305,50,5.961,59,,,,,,,14,289.56,15188.5,,,,,,,,,,,14,289.56,2318,,,,,,,,,,,55,6060,,,,,,,55,2080,,,,,,,55,4720,,,,,,,55,3270,12,1.63,77,9,0.98,62.5,26.74,1520,6.86,49.5,6.781,48
6004,Female,24,Updated stick 6 to new lamp due to coverage of previous stick 6,7/7/2025,14:30,,,,,,,40.64,,,,,,,,40.64,,,,,,,,40.64,,,,,,,,40.64,,,,,,,,40.64,,,,,,,,,,40.64,,,,,,,,,,40.64,,,,,,,,,,40.64,,,,20,4.7,77.5,11,1.44,53.3,40.64,1690,6.15,35,4.99,44,20,4.7,74.5,10,1.22,61.1,40.64,2980,5.41,20,5.38,36.5,17,3.3,78,4,0.52,47,40.64,6110,4.99,40.5,4.93,40.2,,,,,,,14,259.08,6280,,,,,,,14,259.08,2020,,,,,,,14,259.08,5027,,,,,,,14,259.08,3421,t,13,72.25,g,2.22,47,14,289.56,6110,3.27,43.5,4.35,40.7,s,11,70,d,1.4,49.2,14,289.56,10700,2.92,44.75,4.36,39,p,7.7,71,c,1,49.2,14,289.56,15100,1.81,45.5,4.3,42,,,,,,,14,289.56,15188.5,,,,,v,19,74.5,p,7.7,60.4,14,289.56,2318,2.73,39,5.2,34.5,,,,,,,55,6060,,,,,,,55,2080,,,,,,,55,4720,,,,,,,55,3270,20,4.7,75,9,0.98,56.1,26.74,1520,5.594,31,4.42,33.5
6005,Female,28,,7/8/2025,10:30,,,,,,,40.64,,,,,,,,40.64,,,,,,,,40.64,,,,,,,,40.64,,,,,,,,40.64,,,,,,,,,,40.64,,,,,,,,,,40.64,,,,,,,,,,40.64,,,,11,1.44,63.5,9,0.98,42.9,40.64,1690,7.48,34.5,7.32,32.8,10,1.22,63.6,5,0.65,44.4,40.64,2980,7.15,32,6.789,31.8,7,0.78,61.4,2,0.39,53,40.64,6110,6.89,36.4,6.972,29.8,,,,,,,14,259.08,6280,,,,,,,14,259.08,2020,,,,,,,14,259.08,5027,,,,,,,14,259.08,3421,o,6.89,54.5,e,1.66,36.7,14,289.56,6110,6.95,34.4,6.471,33,l,4.7,53.3,c,1,38.7,14,289.56,10700,6.61,36.2,6.645,35.3,j,3.32,53.4,b,0.82,44.1,14,289.56,15100,6.59,36.7,6.545,33.3,,,,,,,14,289.56,15188.5,,,,,s,11,58,m,5.17,41.8,14,289.56,2318,6.62,33.5,6.171,33.2,,,,,,,55,6060,,,,,,,55,2080,,,,,,,55,4720,,,,,,,55,3270,10,1.22,61.7,6,0.72,51.9,26.74,1520,7.09,26.3,6.934,32.6
6006,Male,21,,7/8/2025,11:30,,,,,,,40.64,,,,,,,,40.64,,,,,,,,40.64,,,,,,,,40.64,,,,,,,,40.64,,,,,,,,,,40.64,,,,,,,,,,40.64,,,,,,,,,,40.64,,,,15,2.44,69.5,10,1.22,51,40.64,1690,6.556,30,6.861,26.5,13,1.90,73.4,6,0.72,41,40.64,2980,6.494,31.5,6.645,30.5,11,1.44,73.2,2,0.39,47.3,40.64,6110,6.291,31.3,6.459,28,,,,,,,14,259.08,6280,,,,,,,14,259.08,2020,,,,,,,14,259.08,5027,,,,,,,14,259.08,3421,p,7.7,67,g,2.22,46.7,14,289.56,6110,6.283,33.8,6.33,22.5,n,6.1,63.8,d,1.4,49.5,14,289.56,10700,6.196,31,6.413,25,j,3.32,63,c,1,50,14,289.56,15100,6.13,30.2,6.24,28,,,,,,,14,289.56,15188.5,,,,,t,13,64.2,o,6.89,56.3,14,289.56,2318,5.598,30.9,6.325,24.5,,,,,,,55,6060,,,,,,,55,2080,,,,,,,55,4720,,,,,,,55,3270,13,1.90,74.4,6,0.72,53.4,26.74,1520,6.598,32.8,6.378,23.8
6007,Female,18,,7/8/2025,13:30,,,,,,,40.64,,,,,,,,40.64,,,,,,,,40.64,,,,,,,,40.64,,,,,,,,40.64,,,,,,,,,,40.64,,,,,,,,,,40.64,,,,,,,,,,40.64,,,,15,2.44,69.5,8,0.96,42.8,40.64,1690,6.169,14.8,5.749,13.4,9,0.98,69.5,6,0.72,54.4,40.64,2980,5.794,19.4,5.8,18,7,0.78,67.5,3,0.49,59,40.64,6110,5.539,27.7,5.697,18.7,,,,,,,14,259.08,6280,,,,,,,14,259.08,2020,,,,,,,14,259.08,5027,,,,,,,14,259.08,3421,m,5.17,61.5,h,2.77,58.3,14,289.56,6110,6.08,29.4,5.844,19.6,k,4.07,59.8,e,1.66,59,14,289.56,10700,5.673,28.5,5.624,15.8,h,2.77,61.9,d,1.4,60.7,14,289.56,15100,5.692,30.7,5.62,16.5,,,,,,,14,289.56,15188.5,,,,,s,11,64.2,m,5.17,41.6,14,289.56,2318,6.259,21.5,5.397,13.6,,,,,,,55,6060,,,,,,,55,2080,,,,,,,55,4720,,,,,,,55,3270,5,0.65,70,4,0.52,49.9,26.74,1520,5.473,15.7,5.857,16.8
6008,Female,19,slight astigmatism; did it without glasses,7/8/2025,14:30,,,,,,,40.64,,,,,,,,40.64,,,,,,,,40.64,,,,,,,,40.64,,,,,,,,40.64,,,,,,,,,,40.64,,,,,,,,,,40.64,,,,,,,,,,40.64,,,,15,2.44,59.7,9,0.98,34.4,40.64,1690,6.4,32,6.4,29.5,11,1.44,60,5,0.65,35,40.64,2980,6.4,39.2,6.403,29.7,8,0.96,58.3,2,0.39,43.3,40.64,6110,6.276,39.5,6.253,33.6,,,,,,,14,259.08,6280,,,,,,,14,259.08,2020,,,,,,,14,259.08,5027,,,,,,,14,259.08,3421,m,5.17,53.4,f,2.08,43.4,14,289.56,6110,5.821,26.4,5.89,26.9,g,2.22,53.4,d,1.4,49.8,14,289.56,10700,5.785,25,5.895,31.3,d,1.4,52.3,b,0.82,48.7,14,289.56,15100,6.024,29.3,5.707,34.6,,,,,,,14,289.56,15188.5,,,,,r,10.34,57.5,j,3.32,27,14,289.56,2318,6.04,26.8,5.842,22.5,,,,,,,55,6060,,,,,,,55,2080,,,,,,,55,4720,,,,,,,55,3270,10,1.22,65.5,5,0.65,37.7,26.74,1520,6.07,32,6.086,32
6009,Female,29,C#7 was in place #6,7/9/2025,10:30,,,,,,,40.64,,,,,,,,40.64,,,,,,,,40.64,,,,,,,,40.64,,,,,,,,40.64,,,,,,,,,,40.64,,,,,,,,,,40.64,,,,,,,,,,40.64,,,,16,2.7,60.5,10,1.22,54.3,40.64,1690,6.587,40.3,6.667,43.8,13,1.90,64.5,5,0.65,45.9,40.64,2980,6.256,44.3,6.451,45.1,11,1.44,62.5,2,0.39,49.7,40.64,6110,6.015,45.4,6.036,47.5,,,,,,,14,259.08,6280,,,,,,,14,259.08,2020,,,,,,,14,259.08,5027,,,,,,,14,259.08,3421,o,6.89,55,g,2.22,50.7,14,289.56,6110,5.8,47,5.907,47,j,3.32,56.3,d,1.4,51.5,14,289.56,10700,6.2,46.3,5.808,46.4,h,2.77,56.2,c,1,50.7,14,289.56,15100,5.9,45.3,5.735,46.5,,,,,,,14,289.56,15188.5,,,,,r,10.34,56,p,7.7,60.6,14,289.56,2318,5.759,43.2,5.664,44.7,,,,,,,55,6060,,,,,,,55,2080,,,,,,,55,4720,,,,,,,55,3270,12,1.63,61.5,8,0.96,57.6,26.74,1520,6.023,33,6.107,41.6
6010,Female,28,C#7 was in place #6,7/9/2025,11:30,,,,,,,40.64,,,,,,,,40.64,,,,,,,,40.64,,,,,,,,40.64,,,,,,,,40.64,,,,,,,,,,40.64,,,,,,,,,,40.64,,,,,,,,,,40.64,,,,14,2.15,76,11,1.44,52.9,40.64,1690,6.533,25,6.769,35.8,10,1.22,77.5,7,0.78,47.8,40.64,2980,5.827,21.7,6.102,42.7,9,0.98,76.5,3,0.49,52.6,40.64,6110,5.438,22.4,6.102,41.2,,,,,,,14,259.08,6280,,,,,,,14,259.08,2020,,,,,,,14,259.08,5027,,,,,,,14,259.08,3421,j,3.32,65.6,h,2.77,55.6,14,289.56,6110,6.085,38.2,5.797,35.8,i,3.05,65.8,e,1.66,54.4,14,289.56,10700,5.263,41.2,5.993,34,h,2.77,66.4,c,1,50.1,14,289.56,15100,5.889,39,5.993,36.7,,,,,,,14,289.56,15188.5,,,,,q,9,66,p,7.7,62.2,14,289.56,2318,5.682,35.5,5.797,27.4,,,,,,,55,6060,,,,,,,55,2080,,,,,,,55,4720,,,,,,,55,3270,12,1.63,78.7,9,0.98,56.7,26.74,1520,5.937,26.3,5.914,36.4
6011,Female,24,C#7 was in place #6,7/9/2025,13:30,,,,,,,40.64,,,,,,,,40.64,,,,,,,,40.64,,,,,,,,40.64,,,,,,,,40.64,,,,,,,,,,40.64,,,,,,,,,,40.64,,,,,,,,,,40.64,,,,11,1.44,81,10,1.22,49.2,40.64,1690,6.996,48,7.004,45.5,9,0.98,80.5,7,0.78,56.5,40.64,2980,6.656,44.5,6.235,45.8,7,0.78,79.3,2,0.39,58,40.64,6110,6.327,43.5,6.294,45.7,,,,,,,14,259.08,6280,,,,,,,14,259.08,2020,,,,,,,14,259.08,5027,,,,,,,14,259.08,3421,i,3.05,72,g,2.22,44.5,14,289.56,6110,5.571,47,6.104,49,g,2.22,75.7,c,1,31.8,14,289.56,10700,5.68,42.7,6.111,46.4,e,1.66,73,c,1,58,14,289.56,15100,5.586,37.1,5.979,44.5,,,,,,,14,289.56,15188.5,,,,,q,9,77.7,k,4.07,29.5,14,289.56,2318,6.143,47.1,5.942,44.1,,,,,,,55,6060,,,,,,,55,2080,,,,,,,55,4720,,,,,,,55,3270,9,0.98,81.7,7,0.78,52,26.74,1520,6.46,47.9,6.624,50
6012,Male,23,C#7 was in place #6,7/9/2025,14:30,,,,,,,40.64,,,,,,,,40.64,,,,,,,,40.64,,,,,,,,40.64,,,,,,,,40.64,,,,,,,,,,40.64,,,,,,,,,,40.64,,,,,,,,,,40.64,,,,16,2.7,74.5,12,1.63,56.9,40.64,1690,6.814,21,6.624,14.6,10,1.22,76,9,0.98,43,40.64,2980,6.385,18.3,6.496,13,7,0.78,74,3,0.49,52.5,40.64,6110,6.337,19.4,6.187,13,,,,,,,14,259.08,6280,,,,,,,14,259.08,2020,,,,,,,14,259.08,5027,,,,,,,14,259.08,3421,j,3.32,65.7,g,2.22,46.8,14,289.56,6110,6.078,14.5,5.939,12.1,i,3.05,66.4,d,1.4,49.2,14,289.56,10700,6.159,14.4,5.891,12.8,f,2.08,66.2,c,1,54.6,14,289.56,15100,5.959,13.5,6.036,12.9,,,,,,,14,289.56,15188.5,,,,,s,11,65.5,p,7.7,61.4,14,289.56,2318,5.417,13.4,5.862,13.7,,,,,,,55,6060,,,,,,,55,2080,,,,,,,55,4720,,,,,,,55,3270,12,1.63,74.5,10,1.22,59.3,26.74,1520,6.372,21.9,6.434,14.8
6013,Male,25,Myopic ,7/10/2025,10:30,,,,,,,40.64,,,,,,,,40.64,,,,,,,,40.64,,,,,,,,40.64,,,,,,,,40.64,,,,,,,,,,40.64,,,,,,,,,,40.64,,,,,,,,,,40.64,,,,16,2.7,61.5,11,1.44,56.2,40.64,1690,7.178,42.5,6.698,44.2,14,2.15,62.5,7,0.78,54,40.64,2980,6.23,46,6.463,39.9,12,1.63,65.3,3,0.49,59,40.64,6110,5.969,48.9,6.097,46.7,,,,,,,14,259.08,6280,,,,,,,14,259.08,2020,,,,,,,14,259.08,5027,,,,,,,14,259.08,3421,p,7.7,62.2,h,2.77,52.9,14,289.56,6110,5.818,45.5,5.924,47,n,6.1,60.7,e,1.66,54.1,14,289.56,10700,5.889,42,5.821,48.8,i,3.05,59.7,d,1.4,59.2,14,289.56,15100,5.887,44.5,5.778,54.2,,,,,,,14,289.56,15188.5,,,,,t,13,63,p,7.7,57.4,14,289.56,2318,6.082,36.4,6.167,38.4,,,,,,,55,6060,,,,,,,55,2080,,,,,,,55,4720,,,,,,,55,3270,13,1.90,64.7,9,0.98,56.1,26.74,1520,6.356,44.4,6.475,48.2
6014,Female,26,,7/10/2025,14:30,,,,,,,40.64,,,,,,,,40.64,,,,,,,,40.64,,,,,,,,40.64,,,,,,,,40.64,,,,,,,,,,40.64,,,,,,,,,,40.64,,,,,,,,,,40.64,,,,13,1.90,68.8,11,1.44,62.5,40.64,1690,6.462,35,5.189,47.9,11,1.44,69,8,0.96,54.4,40.64,2980,6.173,37.5,5.299,55.7,10,1.22,69.7,4,0.52,58,40.64,6110,4.48,38.8,4.307,53.6,,,,,,,14,259.08,6280,,,,,,,14,259.08,2020,,,,,,,14,259.08,5027,,,,,,,14,259.08,3421,m,5.17,62.2,h,2.77,60.5,14,289.56,6110,6.462,53.8,5.583,53.1,k,4.07,61.7,e,1.66,53.4,14,289.56,10700,5.96,55.3,5.638,53.6,h,2.77,61,c,1,46.4,14,289.56,15100,5.184,55,5.64,53,,,,,,,14,289.56,15188.5,,,,,q,9,63.5,k,4.07,29,14,289.56,2318,5.931,42.4,5.723,44.5,,,,,,,55,6060,,,,,,,55,2080,,,,,,,55,4720,,,,,,,55,3270,10,1.22,68.8,9,0.98,54.3,26.74,1520,5.966,40.7,5.408,48.4
6015,Male,19,nearsighted,7/10/25,15:30,,,,,,,40.64,,,,,,,,40.64,,,,,,,,40.64,,,,,,,,40.64,,,,,,,,40.64,,,,,,,,,,40.64,,,,,,,,,,40.64,,,,,,,,,,40.64,,,,17,3.3,62.2,12,1.63,58.8,40.64,1690,6.509,34.3,6.379,29.3,11,1.44,64.8,8,0.96,56.8,40.64,2980,6.01,37.3,6.157,30.5,13,1.90,63.7,5,0.65,55.8,40.64,6110,6.016,37.9,6.22,29.8,,,,,,,14,259.08,6280,,,,,,,14,259.08,2020,,,,,,,14,259.08,5027,,,,,,,14,259.08,3421,o,6.89,65.5,h,2.77,59.9,14,289.56,6110,5.872,40.3,5.824,34,m,5.17,67,e,1.66,57.5,14,289.56,10700,5.815,42.2,6.231,35.8,l,4.7,68.5,e,1.66,61.1,14,289.56,15100,6.222,35.5,6.231,30.7,,,,,,,14,289.56,15188.5,,,,,r,10.34,52,q,9,66.6,14,289.56,2318,5.872,31.7,6.029,28,,,,,,,55,6060,,,,,,,55,2080,,,,,,,55,4720,,,,,,,55,3270,15,2.44,66.3,9,0.98,65.2,26.74,1520,6.22,32.7,6.471,31.1
6016,Female,24,astigmatism,7/11/25,14:30,,,,,,,40.64,,,,,,,,40.64,,,,,,,,40.64,,,,,,,,40.64,,,,,,,,40.64,,,,,,,,,,40.64,,,,,,,,,,40.64,,,,,,,,,,40.64,,,,15,2.44,72.7,11,1.44,60.2,40.64,1690,6.194,45.8,6.135,43,13,1.90,75.3,9,0.98,52.7,40.64,2980,6.357,45.8,5.813,45.2,11,1.44,75,3,0.49,53.3,40.64,6110,5.948,46.1,5.813,45.6,,,,,,,14,259.08,6280,,,,,,,14,259.08,2020,,,,,,,14,259.08,5027,,,,,,,14,259.08,3421,q,9,68.6,h,2.77,59.6,14,289.56,6110,5.291,44.2,5.845,45.7,m,5.17,68,e,1.66,60.6,14,289.56,10700,5.634,45.4,5.841,46.2,j,3.32,67,c,1,61.6,14,289.56,15100,5.625,45.5,5.554,45.2,,,,,,,14,289.56,15188.5,,,,,u,15,70,q,9,71.8,14,289.56,2318,5.052,25,5.455,45.4,,,,,,,55,6060,,,,,,,55,2080,,,,,,,55,4720,,,,,,,55,3270,13,1.90,74.7,9,0.98,65.2,26.74,1520,5.507,47.3,5.142,44.5
5027,Female,19,farsighted,7/11/25,15:30,,,,,,,40.64,,,,,,,,40.64,,,,,,,,40.64,,,,,,,,40.64,,,,,,,,40.64,,,,,,,,,,40.64,,,,,,,,,,40.64,,,,,,,,,,40.64,,,,12,1.63,76.5,11,1.44,56.7,40.64,1690,6.437,48.5,6.178,48.5,12,1.63,78.7,7,0.78,51.2,40.64,2980,6.791,47.6,6.333,48.6,10,1.22,78.2,4,0.52,55.3,40.64,6110,6.931,48.4,6.336,49,,,,,,,14,259.08,6280,,,,,,,14,259.08,2020,,,,,,,14,259.08,5027,,,,,,,14,259.08,3421,r,10.34,67.8,h,2.77,59.3,14,289.56,6110,5.621,47.1,5.508,48.6,o,6.89,67.5,b,0.82,34.2,14,289.56,10700,5.888,48.2,5.747,49.4,n,6.1,67.5,a,0.6,35,14,289.56,15100,6.257,48.1,5.749,49.7,,,,,,,14,289.56,15188.5,,,,,t,13,70,p,7.7,65.8,14,289.56,2318,5.474,48.6,5.144,48.7,,,,,,,55,6060,,,,,,,55,2080,,,,,,,55,4720,,,,,,,55,3270,11,1.44,77.1,9,0.98,58,26.74,1520,6.875,49.6,6.015,50
6017,Female,19,,7/14/2025,13:30,,,,,,,40.64,,,,,,,,40.64,,,,,,,,40.64,,,,,,,,40.64,,,,,,,,40.64,,,,,,,,,,40.64,,,,,,,,,,40.64,,,,,,,,,,40.64,,,,16,2.7,58.7,10,1.22,40.4,40.64,1690,6.5,46.4,6.23,48,13,1.90,62,7,0.78,48.2,40.64,2980,6,46,6,48,11,1.44,62.7,3,0.49,51.2,40.64,6110,4.85,47.5,6.075,48.4,,,,,,,14,259.08,6280,,,,,,,14,259.08,2020,,,,,,,14,259.08,5027,,,,,,,14,259.08,3421,k,4.07,52.5,e,1.66,44.3,14,289.56,6110,5.85,47.7,5.85,48.1,j,3.32,52.7,c,1,51.8,14,289.56,10700,6.25,48.2,5.8,49.2,g,2.22,53.5,a,0.6,50.5,14,289.56,15100,5.95,47.4,5.7,48.6,,,,,,,14,289.56,15188.5,,,,,o,6.89,53.8,i,3.05,33.3,14,289.56,2318,6.1,47.7,6.13,48.3,,,,,,,55,6060,,,,,,,55,2080,,,,,,,55,4720,,,,,,,55,3270,13,1.90,62,9,0.98,58,26.74,1520,6.51,46.9,6.45,51.7
6018,Male,17,,7/14/2025,15:30,,,,,,,40.64,,,,,,,,40.64,,,,,,,,40.64,,,,,,,,40.64,,,,,,,,40.64,,,,,,,,,,40.64,,,,,,,,,,40.64,,,,,,,,,,40.64,,,,17,3.3,63.7,11,1.44,56.7,40.64,1690,6.98,49.3,6.49,46.1,14,2.15,63.3,7,0.78,49.6,40.64,2980,6.32,59.8,6,57.8,2,0.39,65.5,3,0.49,49.1,40.64,6110,6.11,54.7,6.2,55.7,,,,,,,14,259.08,6280,,,,,,,14,259.08,2020,,,,,,,14,259.08,5027,,,,,,,14,259.08,3421,n,6.1,59.5,i,3.05,54.2,14,289.56,6110,6,56.3,5.83,57.3,j,3.32,61.5,g,2.22,55.8,14,289.56,10700,6.025,51.3,5.97,55.2,f,2.08,60.7,d,1.4,59.4,14,289.56,15100,5.5,51.4,5.99,55,,,,,,,14,289.56,15188.5,,,,,v,19,64,q,9,66.2,14,289.56,2318,6.1,35,6.18,31.6,,,,,,,55,6060,,,,,,,55,2080,,,,,,,55,4720,,,,,,,55,3270,15,2.44,62.8,8,0.96,61.3,26.74,1520,6.5,51.2,6.53,45.6
6019,Male,25,,7/15/2025,10:30,,,,,,,40.64,,,,,,,,40.64,,,,,,,,40.64,,,,,,,,40.64,,,,,,,,40.64,,,,,,,,,,40.64,,,,,,,,,,40.64,,,,,,,,,,40.64,,,,15,2.44,70.7,10,1.22,46,40.64,1690,7.22,44,7.02,41.3,12,1.63,69.2,3,0.49,56.7,40.64,2980,6.79,49.2,6.78,44.4,9,0.98,70.5,2,0.39,54.6,40.64,6110,6.78,47.5,6.55,41.5,,,,,,,14,259.08,6280,,,,,,,14,259.08,2020,,,,,,,14,259.08,5027,,,,,,,14,259.08,3421,n,6.1,58.7,i,3.05,58.8,14,289.56,6110,6.22,49.8,6.41,46.8,k,4.07,62.2,e,1.66,60.2,14,289.56,10700,6.4,46,6.23,45.5,i,3.05,60.3,c,1,56.7,14,289.56,15100,6.39,48.4,6.28,45,,,,,,,14,289.56,15188.5,,,,,t,13,64,p,7.7,53.7,14,289.56,2318,6.5,44.2,6.4,43.9,,,,,,,55,6060,,,,,,,55,2080,,,,,,,55,4720,,,,,,,55,3270,12,1.63,75,7,0.78,43.4,26.74,1520,6.98,49.1,7.05,45
6020,Male,21,,7/15/2025,11:30,,,,,,,40.64,,,,,,,,40.64,,,,,,,,40.64,,,,,,,,40.64,,,,,,,,40.64,,,,,,,,,,40.64,,,,,,,,,,40.64,,,,,,,,,,40.64,,,,10,1.22,70,10,1.22,52.6,40.64,1690,7.21,55,7.01,51,8,0.96,69.3,7,0.78,51.2,40.64,2980,6.75,57.5,7.04,55,5,0.65,69.4,3,0.49,63.4,40.64,6110,6.55,57.5,6.51,55.3,,,,,,,14,259.08,6280,,,,,,,14,259.08,2020,,,,,,,14,259.08,5027,,,,,,,14,259.08,3421,l,4.7,62.7,g,2.22,54.4,14,289.56,6110,6.6,62,6.29,58,h,2.77,62.3,d,1.4,58.2,14,289.56,10700,6.51,58,5.84,57,d,1.4,62.8,b,0.82,53.2,14,289.56,15100,6.01,58.3,6.02,58.5,,,,,,,14,289.56,15188.5,,,,,r,10.34,65.5,m,5.17,42,14,289.56,2318,7.05,55.2,6.28,51.2,,,,,,,55,6060,,,,,,,55,2080,,,,,,,55,4720,,,,,,,55,3270,6,0.72,71,7,0.78,49.4,26.74,1520,6.78,56.5,6.42,54.5
6021,Female,25,both nearsighted and far sighted,7/15/2025,13:30,,,,,,,40.64,,,,,,,,40.64,,,,,,,,40.64,,,,,,,,40.64,,,,,,,,40.64,,,,,,,,,,40.64,,,,,,,,,,40.64,,,,,,,,,,40.64,,,,15,2.44,62.5,12,1.63,51.5,40.64,1690,9.03,48.5,9.08,49.5,12,1.63,64.5,10,1.22,46.8,40.64,2980,5.6,46.7,11.45,48.8,11,1.44,65.8,9,0.98,49.8,40.64,6110,9.05,48.8,10.45,50.3,,,,,,,14,259.08,6280,,,,,,,14,259.08,2020,,,,,,,14,259.08,5027,,,,,,,14,259.08,3421,p,7.7,58,k,4.07,53.5,14,289.56,6110,8.65,49.8,13,50.6,n,6.1,57,j,3.32,55.9,14,289.56,10700,10.72,50.1,10.9,48.6,n,6.1,56.5,g,2.22,55.3,14,289.56,15100,12.41,48.7,11.72,49.4,,,,,,,14,289.56,15188.5,,,,,s,11,59.5,q,9,59.7,14,289.56,2318,11.02,48,11.51,49,,,,,,,55,6060,,,,,,,55,2080,,,,,,,55,4720,,,,,,,55,3270,14,2.15,61.5,10,1.22,56.2,26.74,1520,8.3,48.7,11.35,49.5
6022,Female,53,,7/15/2025,14:15,,,,,,,40.64,,,,,,,,40.64,,,,,,,,40.64,,,,,,,,40.64,,,,,,,,40.64,,,,,,,,,,40.64,,,,,,,,,,40.64,,,,,,,,,,40.64,,,,13,1.90,65.5,11,1.44,53.7,40.64,1690,6.41,48.4,6.8,45.4,11,1.44,65,7,0.78,46.5,40.64,2980,5.65,45,5.18,44,10,1.22,65.5,4,0.52,51.3,40.64,6110,5.67,47.5,5.15,47.6,,,,,,,14,259.08,6280,,,,,,,14,259.08,2020,,,,,,,14,259.08,5027,,,,,,,14,259.08,3421,n,6.1,58.4,k,4.07,45.8,14,289.56,6110,5.45,42,5.71,47.6,m,5.17,59.7,g,2.22,50.2,14,289.56,10700,5.98,41,5.4,48.9,j,3.32,59.7,d,1.4,49.4,14,289.56,15100,5.61,32.5,5.8,50.7,,,,,,,14,289.56,15188.5,,,,,r,10.34,62.5,p,7.7,60.8,14,289.56,2318,5.65,42.1,5.73,44.3,,,,,,,55,6060,,,,,,,55,2080,,,,,,,55,4720,,,,,,,55,3270,10,1.22,65.6,8,0.96,55.6,26.74,1520,5.85,49.4,6.4,49.2
6023,Female,25,nearsighted,7/15/2025,15:00,,,,,,,40.64,,,,,,,,40.64,,,,,,,,40.64,,,,,,,,40.64,,,,,,,,40.64,,,,,,,,,,40.64,,,,,,,,,,40.64,,,,,,,,,,40.64,,,,17,3.3,65.5,10,1.22,52.8,40.64,1690,7.48,40.5,7.51,44.5,14,2.15,66,6,0.72,46.3,40.64,2980,7.16,50.8,7.15,52.6,12,1.63,69.5,2,0.39,47.6,40.64,6110,7,47.2,7,47.2,,,,,,,14,259.08,6280,,,,,,,14,259.08,2020,,,,,,,14,259.08,5027,,,,,,,14,259.08,3421,p,7.7,55,g,2.22,45.9,14,289.56,6110,6.75,50.15,6.71,52.8,n,6.1,55.75,d,1.4,45,14,289.56,10700,6.78,49.6,6.81,49.5,k,4.07,56,c,1,46.9,14,289.56,15100,6.6,47.1,6.55,47.7,,,,,,,14,289.56,15188.5,,,,,t,13,54.25,p,7.7,58.2,14,289.56,2318,6.35,39.4,6.51,39.5,,,,,,,55,6060,,,,,,,55,2080,,,,,,,55,4720,,,,,,,55,3270,14,2.15,64.8,8,0.96,56.4,26.74,1520,7,44.2,7.23,40
6024,Female,19,,7/16/2025,13:30,,,,,,,40.64,,,,,,,,40.64,,,,,,,,40.64,,,,,,,,40.64,,,,,,,,40.64,,,,,,,,,,40.64,,,,,,,,,,40.64,,,,,,,,,,40.64,,,,12,1.63,65.5,8,0.96,39.9,40.64,1690,6.49,38,6.8,42.5,10,1.22,64.3,5,0.65,45.2,40.64,2980,6.23,43.2,6.42,45.4,8,0.96,66,2,0.39,47.3,40.64,6110,6.05,45.1,6.15,44.5,,,,,,,14,259.08,6280,,,,,,,14,259.08,2020,,,,,,,14,259.08,5027,,,,,,,14,259.08,3421,q,9,59.2,f,2.08,44.6,14,289.56,6110,5.85,43,5.9,41.2,p,7.7,58.5,c,1,39.8,14,289.56,10700,6,43.9,5.81,41.1,n,6.1,58.5,b,0.82,42.2,14,289.56,15100,6.15,44.5,5.85,43.4,,,,,,,14,289.56,15188.5,,,,,s,11,60,p,7.7,56.7,14,289.56,2318,6.1,38.2,5.85,35.5,,,,,,,55,6060,,,,,,,55,2080,,,,,,,55,4720,,,,,,,55,3270,9,0.98,64,7,0.78,49.9,26.74,1520,5.89,38.6,6.12,39.6
6025,Female,20,One cornea (rt) bigger,7/16/2025,14:15,,,,,,,40.64,,,,,,,,40.64,,,,,,,,40.64,,,,,,,,40.64,,,,,,,,40.64,,,,,,,,,,40.64,,,,,,,,,,40.64,,,,,,,,,,40.64,,,,14,2.15,57.3,10,1.22,48.3,40.64,1690,6.05,42.1,7,45.9,11,1.44,60.5,2,0.39,45.7,40.64,2980,5.95,41.4,6.25,47.9,6,0.72,59.5,2,0.39,48.4,40.64,6110,6,41.7,5.85,46,,,,,,,14,259.08,6280,,,,,,,14,259.08,2020,,,,,,,14,259.08,5027,,,,,,,14,259.08,3421,m,5.17,58.1,g,2.22,50.5,14,289.56,6110,5.48,46.5,5.325,47.8,l,4.7,58.8,f,2.08,53.4,14,289.56,10700,5.15,49.6,7.525,49.7,h,2.77,57.7,d,1.4,51.1,14,289.56,15100,5.35,44.6,6,46.8,,,,,,,14,289.56,15188.5,,,,,r,10.34,59,m,5.17,44.8,14,289.56,2318,5.225,44.4,5.2,44.6,,,,,,,55,6060,,,,,,,55,2080,,,,,,,55,4720,,,,,,,55,3270,10,1.22,58.2,7,0.78,52.7,26.74,1520,5.4,39.4,5.65,47.9
6026,Female,34,Subject was late; kind of rushed/went through the protocol,7/17/2025,11:00,,,,,,,40.64,,,,,,,,40.64,,,,,,,,40.64,,,,,,,,40.64,,,,,,,,40.64,,,,,,,,,,40.64,,,,,,,,,,40.64,,,,,,,,,,40.64,,,,11,1.44,69.5,10,1.22,56.5,40.64,1690,6.4,46.2,6.05,44.4,7,0.78,70,6,0.72,47.5,40.64,2980,6.325,49.6,6.4,50.1,5,0.65,69.5,3,0.49,48.7,40.64,6110,6.2,45.4,6.4,49.3,,,,,,,14,259.08,6280,,,,,,,14,259.08,2020,,,,,,,14,259.08,5027,,,,,,,14,259.08,3421,o,6.89,63.5,h,2.77,51.7,14,289.56,6110,5.95,49.5,5.7,47.7,l,4.7,59.8,f,2.08,52.2,14,289.56,10700,5.9,47.7,5.5,51.3,h,2.77,61.3,d,1.4,51.8,14,289.56,15100,4.325,51,5.7,46.6,,,,,,,14,289.56,15188.5,,,,,u,15,67,q,9,63.5,14,289.56,2318,6,46.6,6.325,41,,,,,,,55,6060,,,,,,,55,2080,,,,,,,55,4720,,,,,,,55,3270,7,0.78,70,7,0.78,58.4,26.74,1520,5.7,47.5,5.525,48.4
6027,Female,21,,7/17/2025,11:30,,,,,,,40.64,,,,,,,,40.64,,,,,,,,40.64,,,,,,,,40.64,,,,,,,,40.64,,,,,,,,,,40.64,,,,,,,,,,40.64,,,,,,,,,,40.64,,,,13,1.90,76.7,11,1.44,62.4,40.64,1690,7.02,48.6,8,51.4,9,0.98,77,6,0.72,52.5,40.64,2980,6.4,62.8,7.425,61,7,0.78,76.5,1,0.3,51.4,40.64,6110,7.05,57.2,6.625,53.2,,,,,,,14,259.08,6280,,,,,,,14,259.08,2020,,,,,,,14,259.08,5027,,,,,,,14,259.08,3421,p,7.7,66.7,g,2.22,56.8,14,289.56,6110,6.65,53.5,7,53.4,j,3.32,64.6,d,1.4,57.9,14,289.56,10700,6.375,50.4,6.4,46.5,f,2.08,64.8,a,0.6,59,14,289.56,15100,6.55,53.1,6.3,45.7,,,,,,,14,289.56,15188.5,,,,,r,10.34,66.8,p,7.7,67.5,14,289.56,2318,6.425,44.5,6.05,39.1,,,,,,,55,6060,,,,,,,55,2080,,,,,,,55,4720,,,,,,,55,3270,10,1.22,76,7,0.78,65.7,26.74,1520,6.7,46.5,6.525,52.6
6028,Female,49,,7/17/2025,13:30,,,,,,,40.64,,,,,,,,40.64,,,,,,,,40.64,,,,,,,,40.64,,,,,,,,40.64,,,,,,,,,,40.64,,,,,,,,,,40.64,,,,,,,,,,40.64,,,,14,2.15,74.7,12,1.63,67.3,40.64,1690,6.6,49.9,6.5,46.9,12,1.63,77,10,1.22,67,40.64,2980,6.4,54.2,6.525,50.8,11,1.44,77.5,4,0.52,69.8,40.64,6110,6.025,53.3,5.525,49.6,,,,,,,14,259.08,6280,,,,,,,14,259.08,2020,,,,,,,14,259.08,5027,,,,,,,14,259.08,3421,p,7.7,71.5,h,2.77,57.8,14,289.56,6110,5.95,56.5,5.925,52,n,6.1,70.3,f,2.08,63.4,14,289.56,10700,5.725,57.2,6,52.5,d,1.4,69,c,1,66.9,14,289.56,15100,5.7,54,6.05,53.5,,,,,,,14,289.56,15188.5,,,,,u,15,74,q,9,70.6,14,289.56,2318,6.05,54.5,6.275,45.4,,,,,,,55,6060,,,,,,,55,2080,,,,,,,55,4720,,,,,,,55,3270,14,2.15,74,10,1.22,69,26.74,1520,5.8,50.6,6.325,47.2
6029,Male,22,,7/17/2025,14:15,,,,,,,40.64,,,,,,,,40.64,,,,,,,,40.64,,,,,,,,40.64,,,,,,,,40.64,,,,,,,,,,40.64,,,,,,,,,,40.64,,,,,,,,,,40.64,,,,16,2.7,75.7,11,1.44,56.4,40.64,1690,7.4,48.1,7.35,44.9,12,1.63,78.8,6,0.72,48.3,40.64,2980,6.825,44.4,7,41.6,8,0.96,79.5,3,0.49,53.2,40.64,6110,7.1,51.1,6.7,42,,,,,,,14,259.08,6280,,,,,,,14,259.08,2020,,,,,,,14,259.08,5027,,,,,,,14,259.08,3421,n,6.1,66.7,g,2.22,54.6,14,289.56,6110,6.625,46.9,6.625,48.6,k,4.07,66.7,d,1.4,55,14,289.56,10700,6.475,46.6,7.1,51.4,g,2.22,65.3,b,0.82,55.1,14,289.56,15100,6.7,45.4,6.6,49,,,,,,,14,289.56,15188.5,,,,,r,10.34,67.8,q,9,67.3,14,289.56,2318,6.9,47,6.5,50.6,,,,,,,55,6060,,,,,,,55,2080,,,,,,,55,4720,,,,,,,55,3270,13,1.90,77,8,0.96,61,26.74,1520,6.85,51.6,6.925,50.2
6030,Male,33,,7/17/2025,15:00,,,,,,,40.64,,,,,,,,40.64,,,,,,,,40.64,,,,,,,,40.64,,,,,,,,40.64,,,,,,,,,,40.64,,,,,,,,,,40.64,,,,,,,,,,40.64,,,,10,1.22,53,11,1.44,57.3,40.64,1690,6.475,46.4,6.1,50,7,0.78,52.1,6,0.72,48,40.64,2980,7.225,56.4,6.55,56,6,0.72,52.5,3,0.49,51.4,40.64,6110,6.7,54.5,6.7,55.2,,,,,,,14,259.08,6280,,,,,,,14,259.08,2020,,,,,,,14,259.08,5027,,,,,,,14,259.08,3421,i,3.05,48.3,g,2.22,50.7,14,289.56,6110,6.675,52.1,6.625,54.8,f,2.08,46.2,d,1.4,54.3,14,289.56,10700,6.65,51.1,6.6,53.2,e,1.66,48.5,b,0.82,52.5,14,289.56,15100,6.7,49.3,6.7,50.9,,,,,,,14,289.56,15188.5,,,,,p,7.7,46.4,o,6.89,63.7,14,289.56,2318,6.3,41.4,5.9,45.1,,,,,,,55,6060,,,,,,,55,2080,,,,,,,55,4720,,,,,,,55,3270,9,0.98,52.3,9,0.98,63.4,26.74,1520,6.525,48.5,6.225,50
6031,Female,23,,7/18/2025,14:15,,,,,,,40.64,,,,,,,,40.64,,,,,,,,40.64,,,,,,,,40.64,,,,,,,,40.64,,,,,,,,,,40.64,,,,,,,,,,40.64,,,,,,,,,,40.64,,,,20,4.7,76.5,11,1.44,53,40.64,1690,7.483,43.6,7.357,42.2,19,4,73,7,0.78,47.5,40.64,2980,6.937,34.1,6.815,33.6,14,2.15,74.3,4,0.52,51.4,40.64,6110,6.791,43.2,6.763,33.7,,,,,,,14,259.08,6280,,,,,,,14,259.08,2020,,,,,,,14,259.08,5027,,,,,,,14,259.08,3421,q,9,70.2,h,2.77,56,14,289.56,6110,6.525,38.4,6.563,34.3,o,6.89,69.8,d,1.4,52.6,14,289.56,10700,6.581,41.5,6.505,35.1,m,5.17,70.5,b,0.82,48.3,14,289.56,15100,6.541,41.7,6.524,39,,,,,,,14,289.56,15188.5,,,,,t,13,72,q,9,72,14,289.56,2318,6.531,36.8,6.56,35.4,,,,,,,55,6060,,,,,,,55,2080,,,,,,,55,4720,,,,,,,55,3270,18,3.8,81,11,1.44,65.8,26.74,1520,6.901,44.9,6.796,44
6032,Female,32,,7/18/2025,15:00,,,,,,,40.64,,,,,,,,40.64,,,,,,,,40.64,,,,,,,,40.64,,,,,,,,40.64,,,,,,,,,,40.64,,,,,,,,,,40.64,,,,,,,,,,40.64,,,,17,3.3,78,13,1.90,63.5,40.64,1690,7.351,55.1,7.429,43.2,14,2.15,76.5,10,1.22,54.9,40.64,2980,6.421,46,6.75,51,13,1.90,79,5,0.65,58.2,40.64,6110,5.567,56.7,6.173,52.3,,,,,,,14,259.08,6280,,,,,,,14,259.08,2020,,,,,,,14,259.08,5027,,,,,,,14,259.08,3421,q,9,70,j,3.32,57.4,14,289.56,6110,6.249,52.7,6.39,54.9,p,7.7,71.5,f,2.08,60.1,14,289.56,10700,6.543,56.6,6.104,50.4,m,5.17,69.4,c,1,61.6,14,289.56,15100,6.427,54.8,6.392,47,,,,,,,14,289.56,15188.5,,,,,u,15,73.8,s,11,75.4,14,289.56,2318,5.77,43.1,6.019,49.6,,,,,,,55,6060,,,,,,,55,2080,,,,,,,55,4720,,,,,,,55,3270,16,2.7,77,11,1.44,69.7,26.74,1520,6.583,54.2,6.541,34.1
6033,Female,20,,7/22/2025,14:30,,,,,,,40.64,,,,,,,,40.64,,,,,,,,40.64,,,,,,,,40.64,,,,,,,,40.64,,,,,,,,,,40.64,,,,,,,,,,40.64,,,,,,,,,,40.64,,,,17,3.3,63.7,11,1.44,56,40.64,1690,6.798,42.4,7.306,46.8,14,2.15,62.6,7,0.78,49.5,40.64,2980,6.641,47.1,6.83,47,11,1.44,67.5,3,0.49,52.6,40.64,6110,6.176,46.4,6.547,47.5,,,,,,,14,259.08,6280,,,,,,,14,259.08,2020,,,,,,,14,259.08,5027,,,,,,,14,259.08,3421,n,6.1,60.6,h,2.77,54.1,14,289.56,6110,6.422,47.1,6.483,48.4,m,5.17,59.3,e,1.66,53.8,14,289.56,10700,6.282,47.7,6.403,48.8,l,4.7,61.3,c,1,54,14,289.56,15100,6.475,46.7,6.523,47.6,,,,,,,14,289.56,15188.5,,,,,q,9,60.4,p,7.7,59.8,14,289.56,2318,6.171,45,6.286,46.5,,,,,,,55,6060,,,,,,,55,2080,,,,,,,55,4720,,,,,,,55,3270,16,2.7,62.7,9,0.98,60.4,26.74,1520,6.675,48,6.6,47.2
6034,Male,20,,7/22/2025,15:30,,,,,,,40.64,,,,,,,,40.64,,,,,,,,40.64,,,,,,,,40.64,,,,,,,,40.64,,,,,,,,,,40.64,,,,,,,,,,40.64,,,,,,,,,,40.64,,,,18,3.8,77,12,1.63,64.6,40.64,1690,6.011,41.9,7.23,43.7,15,2.44,77,7,0.78,53.1,40.64,2980,6.827,51.5,7.071,53.6,10,1.22,79.8,3,0.49,54.1,40.64,6110,6.827,47.9,6.653,49.4,,,,,,,14,259.08,6280,,,,,,,14,259.08,2020,,,,,,,14,259.08,5027,,,,,,,14,259.08,3421,q,9,72.5,h,2.77,56,14,289.56,6110,5.474,52.7,6.586,49.6,m,5.17,65.6,d,1.4,53.1,14,289.56,10700,7.983,48.2,6.826,47.2,k,4.07,66.5,c,1,48.4,14,289.56,15100,6.915,49,6.084,47.9,,,,,,,14,289.56,15188.5,,,,,u,15,73,p,7.7,67.4,14,289.56,2318,6.826,33.4,6.496,32.2,,,,,,,55,6060,,,,,,,55,2080,,,,,,,55,4720,,,,,,,55,3270,16,2.7,73,9,0.98,66.6,26.74,1520,6.62,40.1,6.886,43.4
6035,Female,24,language barrier,7/24/2025,13:30,,,,,,,40.64,,,,,,,,40.64,,,,,,,,40.64,,,,,,,,40.64,,,,,,,,40.64,,,,,,,,,,40.64,,,,,,,,,,40.64,,,,,,,,,,40.64,,,,15,2.44,65.6,10,1.22,48.6,40.64,1690,7.136,45,6.812,46.9,14,2.15,66.7,5,0.65,46.7,40.64,2980,6.493,44.4,6.456,48.3,11,1.44,68.2,2,0.39,52.3,40.64,6110,6.386,48.3,6.342,47.5,,,,,,,14,259.08,6280,,,,,,,14,259.08,2020,,,,,,,14,259.08,5027,,,,,,,14,259.08,3421,p,7.7,63,e,1.66,53.9,14,289.56,6110,6.128,48.1,6.266,45.5,h,2.77,64.4,c,1,52.4,14,289.56,10700,6.277,48.6,6.269,45.9,,,,,,,,289.56,,,,,,i,3.05,70.4,b,0.82,55.5,14,289.56,15188.5,6.129,46.4,5.878,48.9,u,15,63,n,6.1,51.2,14,289.56,2318,5.962,47.6,6.016,46.9,,,,,,,55,6060,,,,,,,55,2080,,,,,,,55,4720,,,,,,,55,3270,14,2.15,65,7,0.78,55.1,26.74,1520,6.254,39.3,6.308,48.4
6036,Female,22,,7/25/2025,13:30,,,,,,,40.64,,,,,,,,40.64,,,,,,,,40.64,,,,,,,,40.64,,,,,,,,40.64,,,,,,,,,,40.64,,,,,,,,,,40.64,,,,,,,,,,40.64,,,,16,2.7,73.7,11,1.44,58.3,40.64,1690,7.085,49.3,6.698,49.4,13,1.90,75.9,8,0.96,51.7,40.64,2980,7.11,49.4,6.802,49.3,9,0.98,77,4,0.52,57.7,40.64,6110,6.631,49.2,6.487,49.4,,,,,,,14,259.08,6280,,,,,,,14,259.08,2020,,,,,,,14,259.08,5027,,,,,,,14,259.08,3421,p,7.7,56.2,g,2.22,57,14,289.56,6110,6.483,50.3,6.135,50.9,n,6.1,56,d,1.4,61.2,14,289.56,10700,6.311,50,6.337,50.1,,,,,,,,289.56,,,,,,k,4.07,69.4,c,1,59.9,14,289.56,15188.5,5.979,49.8,6.182,47.9,u,15,59.5,p,7.7,66.5,14,289.56,2318,5.541,51.5,6.338,51.1,,,,,,,55,6060,,,,,,,55,2080,,,,,,,55,4720,,,,,,,55,3270,15,2.44,73,9,0.98,56.8,26.74,1520,6.268,51.1,6.401,50.1
6037,Male,21,,7/28/2025,14:15,,,,,,,40.64,,,,,,,,40.64,,,,,,,,40.64,,,,,,,,40.64,,,,,,,,40.64,,,,,,,,,,40.64,,,,,,,,,,40.64,,,,,,,,,,40.64,,,,15,2.44,82.5,11,1.44,57.4,40.64,1690,7.052,42.9,7.018,43.3,13,1.90,84.5,8,0.96,55.8,40.64,2980,6.659,53,6.811,50.2,12,1.63,85.6,4,0.52,54.9,40.64,6110,6.427,48.1,6.466,49,,,,,,,14,259.08,6280,,,,,,,14,259.08,2020,,,,,,,14,259.08,5027,,,,,,,14,259.08,3421,p,7.7,74.8,g,2.22,49.7,14,289.56,6110,6.032,50.3,6.274,44.8,n,6.1,75.1,e,1.66,56.7,14,289.56,10700,6.152,50.7,6.251,44.7,,,,,,,,289.56,,,,,,k,4.07,80.9,c,1,50.4,14,289.56,15188.5,6.165,44.9,6.297,42,t,13,75,p,7.7,59.7,14,289.56,2318,5.966,40,6.317,39,,,,,,,55,6060,,,,,,,55,2080,,,,,,,55,4720,,,,,,,55,3270,12,1.63,83.5,9,0.98,62.1,26.74,1520,6.421,43.5,6.704,40.4
6038,Male,20,,7/28/2025,15:04,,,,,,,40.64,,,,,,,,40.64,,,,,,,,40.64,,,,,,,,40.64,,,,,,,,40.64,,,,,,,,,,40.64,,,,,,,,,,40.64,,,,,,,,,,40.64,,,,18,3.8,74.6,12,1.63,60.6,40.64,1690,8.117,56.7,8.028,55.2,15,2.44,75,9,0.98,69.3,40.64,2980,7.301,57.9,7.254,57.3,12,1.63,78.1,4,0.52,63.9,40.64,6110,7.284,57.4,7.518,57.5,,,,,,,14,259.08,6280,,,,,,,14,259.08,2020,,,,,,,14,259.08,5027,,,,,,,14,259.08,3421,q,9,72.5,g,2.22,68.9,14,289.56,6110,7.121,56.8,7.375,56.4,g,2.22,69.4,d,1.4,67.6,14,289.56,10700,1.231,56.2,7.27,56.5,,,,,,,,289.56,,,,,,l,4.7,78,e,1.66,68.8,14,289.56,15188.5,7.162,55.4,6.839,57,s,11,72.2,n,6.1,60,14,289.56,2318,6.763,52.5,6.897,54.1,,,,,,,55,6060,,,,,,,55,2080,,,,,,,55,4720,,,,,,,55,3270,13,1.90,78.3,8,0.96,61.6,26.74,1520,7.335,60.5,7.084,56.5
6039,Female,19,,7/30/2025,14:15,,,,,,,40.64,,,,,,,,40.64,,,,,,,,40.64,,,,,,,,40.64,,,,,,,,40.64,,,,,,,,,,40.64,,,,,,,,,,40.64,,,,,,,,,,40.64,,,,15,2.44,66.9,11,1.44,59.5,40.64,1690,7.867,52,7.001,51.5,13,1.90,75.4,7,0.78,55.1,40.64,2980,7.565,54.1,7,51.9,8,0.96,75.5,2,0.39,55.3,40.64,6110,7.18,52.1,6.836,54.5,,,,,,,14,259.08,6280,,,,,,,14,259.08,2020,,,,,,,14,259.08,5027,,,,,,,14,259.08,3421,q,9,68,j,3.32,57.4,14,289.56,6110,6.768,55.6,6.874,52.5,n,6.1,66.3,e,1.66,63.7,14,289.56,10700,6.835,56.1,6.784,52.5,,,,,,,,289.56,,,,,,i,3.05,68.2,d,1.4,61.2,14,289.56,15188.5,6.766,56.8,6.492,54.5,t,13,69,r,10.34,75.9,14,289.56,2318,6.317,53.4,6.877,53.6,,,,,,,55,6060,,,,,,,55,2080,,,,,,,55,4720,,,,,,,55,3270,10,1.22,72.8,9,0.98,58.5,26.74,1520,6.481,51.2,6.71,56.2
6040,Female,19,,7/31/2025,10:30,,,,,,,40.64,,,,,,,,40.64,,,,,,,,40.64,,,,,,,,40.64,,,,,,,,40.64,,,,,,,,,,40.64,,,,,,,,,,40.64,,,,,,,,,,40.64,,,,10,1.22,56.7,10,1.22,52,40.64,1690,6.751,43.1,6.743,43,9,0.98,56.5,5,0.65,46.2,40.64,2980,6.429,43.6,6.467,47.3,4,0.52,59.4,1,0.3,49.3,40.64,6110,6.125,44.6,6.005,47.7,,,,,,,14,259.08,6280,,,,,,,14,259.08,2020,,,,,,,14,259.08,5027,,,,,,,14,259.08,3421,g,2.22,48,g,2.22,50,14,289.56,6110,5.804,46.2,5.882,45.3,d,1.4,50.3,d,1.4,50.4,14,289.56,10700,5.506,44.8,5.984,45.9,,,,,,,,289.56,,,,,,c,1,50.5,c,1,54.7,14,289.56,15188.5,5.627,43.7,5.78,46.6,n,6.1,49.1,o,6.89,55.4,14,289.56,2318,5.636,40.5,5.93,42.8,,,,,,,55,6060,,,,,,,55,2080,,,,,,,55,4720,,,,,,,55,3270,7,0.78,54,7,0.78,52.2,26.74,1520,6.385,45.7,6.361,44.8
6041,Female,19,,7/31/2025,11:15,,,,,,,40.64,,,,,,,,40.64,,,,,,,,40.64,,,,,,,,40.64,,,,,,,,40.64,,,,,,,,,,40.64,,,,,,,,,,40.64,,,,,,,,,,40.64,,,,13,1.90,63.5,10,1.22,49.5,40.64,1690,7.045,42.6,6.82,41.7,11,1.44,63,5,0.65,44.1,40.64,2980,6.442,42.3,6.712,41.4,10,1.22,63,1,0.3,45.9,40.64,6110,6.389,42.2,6.546,41.6,,,,,,,14,259.08,6280,,,,,,,14,259.08,2020,,,,,,,14,259.08,5027,,,,,,,14,259.08,3421,n,6.1,57.2,f,2.08,49.1,14,289.56,6110,6.239,41.8,6.384,41.2,l,4.7,56.6,d,1.4,49.3,14,289.56,10700,6.638,41.7,6.386,41.6,,,,,,,,289.56,,,,,,h,2.77,52,a,0.6,51.9,14,289.56,15188.5,6.145,42.4,6.387,41.4,o,6.89,58,p,7.7,56.5,14,289.56,2318,6.443,39.9,6.213,41.1,,,,,,,55,6060,,,,,,,55,2080,,,,,,,55,4720,,,,,,,55,3270,8,0.96,61.3,7,0.78,52.7,26.74,1520,6.473,43.4,6.456,42.7
6042,,,language barrier,7/31/2025,14:30,,,,,,,40.64,,,,,,,,40.64,,,,,,,,40.64,,,,,,,,40.64,,,,,,,,40.64,,,,,,,,,,40.64,,,,,,,,,,40.64,,,,,,,,,,40.64,,,,15,2.44,71.3,12,1.63,62,40.64,1690,7.053,48.8,6.603,51.6,12,1.63,73,7,0.78,55.7,40.64,2980,6.314,50.9,4.682,60.1,11,1.44,75.1,4,0.52,54.8,40.64,6110,5.891,52.6,4.3,60.4,,,,,,,14,259.08,6280,,,,,,,14,259.08,2020,,,,,,,14,259.08,5027,,,,,,,14,259.08,3421,l,4.7,70,g,2.22,57.5,14,289.56,6110,5.576,55.6,5.134,52.8,h,2.77,69.8,e,1.66,58,14,289.56,10700,5.323,53.7,5.673,52.4,,,,,,,,289.56,,,,,,g,2.22,76,c,1,52.4,14,289.56,15188.5,4.842,53.6,5.733,50.4,r,10.34,76.5,q,9,62.8,14,289.56,2318,4.714,41.3,5.726,47.5,,,,,,,55,6060,,,,,,,55,2080,,,,,,,55,4720,,,,,,,55,3270,12,1.63,72.4,9,0.98,66.7,26.74,1520,6.639,50.2,5.919,49.5
6043,Female,19,,7/31/2025,15:10,,,,,,,40.64,,,,,,,,40.64,,,,,,,,40.64,,,,,,,,40.64,,,,,,,,40.64,,,,,,,,,,40.64,,,,,,,,,,40.64,,,,,,,,,,40.64,,,,18,3.8,73,12,1.63,56,40.64,1690,6.019,44.5,6.211,37.5,15,2.44,73.5,9,0.98,53.6,40.64,2980,6.017,40.5,6.211,54.6,9,0.98,76.7,5,0.65,55.6,40.64,6110,5.816,52,5.703,55.1,,,,,,,14,259.08,6280,,,,,,,14,259.08,2020,,,,,,,14,259.08,5027,,,,,,,14,259.08,3421,q,9,73,h,2.77,54.6,14,289.56,6110,5.749,41,5.625,50.9,l,4.7,75,e,1.66,56.6,14,289.56,10700,5.649,38.4,5.869,50.5,,,,,,,,289.56,,,,,,i,3.05,76.3,c,1,54.3,14,289.56,15188.5,5.503,36.9,5.817,54.4,t,13,74,p,7.7,60.6,14,289.56,2318,5.815,32.8,5.67,34.4,,,,,,,55,6060,,,,,,,55,2080,,,,,,,55,4720,,,,,,,55,3270,11,1.44,72.5,10,1.22,60.5,26.74,1520,5.7,50.2,5.979,33.4