ID,Measurement_Type,Reported_Visual_Angle,Task,Disparity_VA,Real_Visual_Angle,Ratio_Visual_Angle,Distance
1,Stick1_Perceptual_VA,5.212882542,Perceptual,,2.363,2.206044241,6280
1,Stick1_Adjusted_VA,3.01639733,Adjusted,,2.363,1.276511777,6280
1,Stick2_Perceptual_VA,7.684906256,Perceptual,,7.339,1.047132614,2020
1,Stick2_Adjusted_VA,6.441409921,Adjusted,,7.339,0.877695861,2020
1,Stick3_Perceptual_VA,4.418989992,Perceptual,,2.952,1.496947829,5027
1,Stick3_Adjusted_VA,4.411716098,Adjusted,,2.952,1.494483773,5027
1,Stick4_Perceptual_VA,5.886874264,Perceptual,,4.337,1.357360909,3421
1,Stick4_Adjusted_VA,5.084525832,Adjusted,,4.337,1.172360118,3421
1,Lamp1_Perceptual_VA,1.043267458,Perceptual,,0.3708,2.81355841,6280
1,Lamp1_Adjusted_VA,0.645393911,Adjusted,,0.3708,1.740544527,6280
1,Lamp2_Perceptual_VA,1.624696813,Perceptual,,1.1527,1.409470646,2020
1,Lamp2_Adjusted_VA,1.241359995,Adjusted,,1.1527,1.076915065,2020
1,Lamp3_Perceptual_VA,1.23138428,Perceptual,,0.4632,2.658428928,5027
1,Lamp3_Adjusted_VA,1.039783757,Adjusted,,0.4632,2.244783587,5027
1,Lamp4_Perceptual_VA,1.393843503,Perceptual,,0.6806,2.047962831,3421
1,Lamp4_Adjusted_VA,1.617655721,Adjusted,,0.6806,2.376808289,3421
1,Lamp1a_Perceptual_VA,,Perceptual,,0.3491,,6670
1,Lamp1a_Adjusted_VA,,Adjusted,,0.3491,,6670
1,Lamp2a_Perceptual_VA,,Perceptual,,1.0349,,2250
1,Lamp2a_Adjusted_VA,,Adjusted,,1.0349,,2250
1,Lamp3a_Perceptual_VA,,Perceptual,,0.4762,,4890
1,Lamp3a_Adjusted_VA,,Adjusted,,0.4762,,4890
1,Lamp4a_Perceptual_VA,,Perceptual,,0.7209,,3230
1,Lamp4a_Adjusted_VA,,Adjusted,,0.7209,,3230
1,Moon1_Perceptual_VA,,Perceptual,,0.52,,6060
1,Moon1_Adjusted_VA,,Adjusted,,0.52,,6060
1,Moon2_Perceptual_VA,,Perceptual,,1.5149,,2080
1,Moon2_Adjusted_VA,,Adjusted,,1.5149,,2080
1,Moon3_Perceptual_VA,,Perceptual,,0.6676,,4720
1,Moon3_Adjusted_VA,,Adjusted,,0.6676,,4720
1,Moon4_Perceptual_VA,,Perceptual,,0.96,,3270
1,Moon4_Adjusted_VA,,Adjusted,,0.96,,3270
2,Stick1_Perceptual_VA,3.22325115,Perceptual,,2.363,1.364050423,6280
2,Stick1_Adjusted_VA,1.688595479,Adjusted,,2.363,0.714598171,6280
2,Stick2_Perceptual_VA,7.466998345,Perceptual,,7.339,1.017440843,2020
2,Stick2_Adjusted_VA,6.655187904,Adjusted,,7.339,0.906824895,2020
2,Stick3_Perceptual_VA,5.017455162,Perceptual,,2.952,1.699679933,5027
2,Stick3_Adjusted_VA,3.027786395,Adjusted,,2.952,1.025672898,5027
2,Stick4_Perceptual_VA,6.68339321,Perceptual,,4.337,1.541017572,3421
2,Stick4_Adjusted_VA,4.473537476,Adjusted,,4.337,1.03148201,3421
2,Lamp1_Perceptual_VA,0.932249743,Perceptual,,0.3708,2.514157884,6280
2,Lamp1_Adjusted_VA,0.496560314,Adjusted,,0.3708,1.339159424,6280
2,Lamp2_Perceptual_VA,2.087666049,Perceptual,,1.1527,1.811109611,2020
2,Lamp2_Adjusted_VA,1.56799715,Adjusted,,1.1527,1.360282077,2020
2,Lamp3_Perceptual_VA,1.184717974,Perceptual,,0.4632,2.557681292,5027
2,Lamp3_Adjusted_VA,0.660579317,Adjusted,,0.4632,1.426121151,5027
2,Lamp4_Perceptual_VA,1.582816629,Perceptual,,0.6806,2.325619496,3421
2,Lamp4_Adjusted_VA,0.876271312,Adjusted,,0.6806,1.287498255,3421
2,Lamp1a_Perceptual_VA,,Perceptual,,0.3491,,6670
2,Lamp1a_Adjusted_VA,,Adjusted,,0.3491,,6670
2,Lamp2a_Perceptual_VA,,Perceptual,,1.0349,,2250
2,Lamp2a_Adjusted_VA,,Adjusted,,1.0349,,2250
2,Lamp3a_Perceptual_VA,,Perceptual,,0.4762,,4890
2,Lamp3a_Adjusted_VA,,Adjusted,,0.4762,,4890
2,Lamp4a_Perceptual_VA,,Perceptual,,0.7209,,3230
2,Lamp4a_Adjusted_VA,,Adjusted,,0.7209,,3230
2,Moon1_Perceptual_VA,,Perceptual,,0.52,,6060
2,Moon1_Adjusted_VA,,Adjusted,,0.52,,6060
2,Moon2_Perceptual_VA,,Perceptual,,1.5149,,2080
2,Moon2_Adjusted_VA,,Adjusted,,1.5149,,2080
2,Moon3_Perceptual_VA,,Perceptual,,0.6676,,4720
2,Moon3_Adjusted_VA,,Adjusted,,0.6676,,4720
2,Moon4_Perceptual_VA,,Perceptual,,0.96,,3270
2,Moon4_Adjusted_VA,,Adjusted,,0.96,,3270
3,Stick1_Perceptual_VA,1.986054806,Perceptual,,2.363,0.84048024,6280
3,Stick1_Adjusted_VA,2.018785255,Adjusted,,2.363,0.854331466,6280
3,Stick2_Perceptual_VA,4.933935098,Perceptual,,7.339,0.672289835,2020
3,Stick2_Adjusted_VA,7.103821328,Adjusted,,7.339,0.967954943,2020
3,Stick3_Perceptual_VA,2.644685489,Perceptual,,2.952,0.895896168,5027
3,Stick3_Adjusted_VA,3.205624591,Adjusted,,2.952,1.085916189,5027
3,Stick4_Perceptual_VA,3.169557925,Perceptual,,4.337,0.73081806,3421
3,Stick4_Adjusted_VA,4.661303787,Adjusted,,4.337,1.074776063,3421
3,Lamp1_Perceptual_VA,0.496560314,Perceptual,,0.3708,1.339159424,6280
3,Lamp1_Adjusted_VA,0.471844929,Adjusted,,0.3708,1.272505203,6280
3,Lamp2_Perceptual_VA,1.164974047,Perceptual,,1.1527,1.010648084,2020
3,Lamp2_Adjusted_VA,1.386586483,Adjusted,,1.1527,1.202903169,2020
3,Lamp3_Perceptual_VA,0.620698208,Perceptual,,0.4632,1.340022037,5027
3,Lamp3_Adjusted_VA,0.562142761,Adjusted,,0.4632,1.213606998,5027
3,Lamp4_Perceptual_VA,0.744834644,Perceptual,,0.6806,1.094379436,3421
3,Lamp4_Adjusted_VA,0.793313504,Adjusted,,0.6806,1.165609027,3421
3,Lamp1a_Perceptual_VA,,Perceptual,,0.3491,,6670
3,Lamp1a_Adjusted_VA,,Adjusted,,0.3491,,6670
3,Lamp2a_Perceptual_VA,,Perceptual,,1.0349,,2250
3,Lamp2a_Adjusted_VA,,Adjusted,,1.0349,,2250
3,Lamp3a_Perceptual_VA,,Perceptual,,0.4762,,4890
3,Lamp3a_Adjusted_VA,,Adjusted,,0.4762,,4890
3,Lamp4a_Perceptual_VA,,Perceptual,,0.7209,,3230
3,Lamp4a_Adjusted_VA,,Adjusted,,0.7209,,3230
3,Moon1_Perceptual_VA,,Perceptual,,0.52,,6060
3,Moon1_Adjusted_VA,,Adjusted,,0.52,,6060
3,Moon2_Perceptual_VA,,Perceptual,,1.5149,,2080
3,Moon2_Adjusted_VA,,Adjusted,,1.5149,,2080
3,Moon3_Perceptual_VA,,Perceptual,,0.6676,,4720
3,Moon3_Adjusted_VA,,Adjusted,,0.6676,,4720
3,Moon4_Perceptual_VA,,Perceptual,,0.96,,3270
3,Moon4_Adjusted_VA,,Adjusted,,0.96,,3270
4,Stick1_Perceptual_VA,5.103849615,Perceptual,,2.363,2.159902503,6280
4,Stick1_Adjusted_VA,2.550704602,Adjusted,,2.363,1.079434872,6280
4,Stick2_Perceptual_VA,8.872948971,Perceptual,,7.339,1.209013349,2020
4,Stick2_Adjusted_VA,8.107108464,Adjusted,,7.339,1.104661189,2020
4,Stick3_Perceptual_VA,5.103849615,Perceptual,,2.952,1.728946346,5027
4,Stick3_Adjusted_VA,3.196179111,Adjusted,,2.952,1.082716501,5027
4,Stick4_Perceptual_VA,6.798356216,Perceptual,,4.337,1.567525067,3421
4,Stick4_Adjusted_VA,5.333428013,Adjusted,,4.337,1.229750522,3421
4,Lamp1_Perceptual_VA,0.968078071,Perceptual,,0.3708,2.610782284,6280
4,Lamp1_Adjusted_VA,0.461916961,Adjusted,,0.3708,1.245730747,6280
4,Lamp2_Perceptual_VA,1.876762886,Perceptual,,1.1527,1.628145126,2020
4,Lamp2_Adjusted_VA,1.205142653,Adjusted,,1.1527,1.045495492,2020
4,Lamp3_Perceptual_VA,0.948322287,Perceptual,,0.4632,2.047327908,5027
4,Lamp3_Adjusted_VA,0.496898336,Adjusted,,0.4632,1.072751158,5027
4,Lamp4_Perceptual_VA,1.205142653,Perceptual,,0.6806,1.77070622,3421
4,Lamp4_Adjusted_VA,0.76393241,Adjusted,,0.6806,1.122439626,3421
4,Lamp1a_Perceptual_VA,,Perceptual,,0.3491,,6670
4,Lamp1a_Adjusted_VA,,Adjusted,,0.3491,,6670
4,Lamp2a_Perceptual_VA,,Perceptual,,1.0349,,2250
4,Lamp2a_Adjusted_VA,,Adjusted,,1.0349,,2250
4,Lamp3a_Perceptual_VA,,Perceptual,,0.4762,,4890
4,Lamp3a_Adjusted_VA,,Adjusted,,0.4762,,4890
4,Lamp4a_Perceptual_VA,,Perceptual,,0.7209,,3230
4,Lamp4a_Adjusted_VA,,Adjusted,,0.7209,,3230
4,Moon1_Perceptual_VA,,Perceptual,,0.52,,6060
4,Moon1_Adjusted_VA,,Adjusted,,0.52,,6060
4,Moon2_Perceptual_VA,,Perceptual,,1.5149,,2080
4,Moon2_Adjusted_VA,,Adjusted,,1.5149,,2080
4,Moon3_Perceptual_VA,,Perceptual,,0.6676,,4720
4,Moon3_Adjusted_VA,,Adjusted,,0.6676,,4720
4,Moon4_Perceptual_VA,,Perceptual,,0.96,,3270
4,Moon4_Adjusted_VA,,Adjusted,,0.96,,3270
5,Stick1_Perceptual_VA,8.271455735,Perceptual,,2.363,3.500404458,6280
5,Stick1_Adjusted_VA,4.009068064,Adjusted,,2.363,1.696600958,6280
5,Stick2_Perceptual_VA,8.79741071,Perceptual,,7.339,1.198720631,2020
5,Stick2_Adjusted_VA,8.72073154,Adjusted,,7.339,1.188272454,2020
5,Stick3_Perceptual_VA,7.202556234,Perceptual,,2.952,2.439890323,5027
5,Stick3_Adjusted_VA,3.273154083,Adjusted,,2.952,1.108792034,5027
5,Stick4_Perceptual_VA,8.79741071,Perceptual,,4.337,2.028455317,3421
5,Stick4_Adjusted_VA,7.204551677,Adjusted,,4.337,1.661183232,3421
5,Lamp1_Perceptual_VA,1.955078838,Perceptual,,0.3708,5.27259665,6280
5,Lamp1_Adjusted_VA,1.039290294,Adjusted,,0.3708,2.802832509,6280
5,Lamp2_Perceptual_VA,2.163359796,Perceptual,,1.1527,1.876776088,2020
5,Lamp2_Adjusted_VA,2.170948719,Adjusted,,1.1527,1.883359694,2020
5,Lamp3_Perceptual_VA,1.955078838,Perceptual,,0.4632,4.220809236,5027
5,Lamp3_Adjusted_VA,0.950844305,Adjusted,,0.4632,2.052772679,5027
5,Lamp4_Perceptual_VA,2.163359796,Perceptual,,0.6806,3.178606812,3421
5,Lamp4_Adjusted_VA,1.385690842,Adjusted,,0.6806,2.035984194,3421
5,Lamp1a_Perceptual_VA,,Perceptual,,0.3491,,6670
5,Lamp1a_Adjusted_VA,,Adjusted,,0.3491,,6670
5,Lamp2a_Perceptual_VA,,Perceptual,,1.0349,,2250
5,Lamp2a_Adjusted_VA,,Adjusted,,1.0349,,2250
5,Lamp3a_Perceptual_VA,,Perceptual,,0.4762,,4890
5,Lamp3a_Adjusted_VA,,Adjusted,,0.4762,,4890
5,Lamp4a_Perceptual_VA,,Perceptual,,0.7209,,3230
5,Lamp4a_Adjusted_VA,,Adjusted,,0.7209,,3230
5,Moon1_Perceptual_VA,,Perceptual,,0.52,,6060
5,Moon1_Adjusted_VA,,Adjusted,,0.52,,6060
5,Moon2_Perceptual_VA,,Perceptual,,1.5149,,2080
5,Moon2_Adjusted_VA,,Adjusted,,1.5149,,2080
5,Moon3_Perceptual_VA,,Perceptual,,0.6676,,4720
5,Moon3_Adjusted_VA,,Adjusted,,0.6676,,4720
5,Moon4_Perceptual_VA,,Perceptual,,0.96,,3270
5,Moon4_Adjusted_VA,,Adjusted,,0.96,,3270
6,Stick1_Perceptual_VA,7.164268847,Perceptual,,2.363,3.031853088,6280
6,Stick1_Adjusted_VA,2.678694909,Adjusted,,2.363,1.1335992,6280
6,Stick2_Perceptual_VA,9.610547548,Perceptual,,7.339,1.309517311,2020
6,Stick2_Adjusted_VA,9.354835718,Adjusted,,7.339,1.27467444,2020
6,Stick3_Perceptual_VA,8.36983225,Perceptual,,2.952,2.835309028,5027
6,Stick3_Adjusted_VA,2.751473113,Adjusted,,2.952,0.932070838,5027
6,Stick4_Perceptual_VA,9.610547548,Perceptual,,4.337,2.215943636,3421
6,Stick4_Adjusted_VA,6.072643785,Adjusted,,4.337,1.400194555,3421
6,Lamp1_Perceptual_VA,2.272900292,Perceptual,,0.3708,6.129720314,6280
6,Lamp1_Adjusted_VA,0.451418958,Adjusted,,0.3708,1.217418981,6280
6,Lamp2_Perceptual_VA,2.515020559,Perceptual,,1.1527,2.181851791,2020
6,Lamp2_Adjusted_VA,1.299250189,Adjusted,,1.1527,1.127136453,2020
6,Lamp3_Perceptual_VA,2.515020559,Perceptual,,0.4632,5.429664419,5027
6,Lamp3_Adjusted_VA,0.642101154,Adjusted,,0.4632,1.386228743,5027
6,Lamp4_Perceptual_VA,2.515020559,Perceptual,,0.6806,3.695299088,3421
6,Lamp4_Adjusted_VA,0.715042048,Adjusted,,0.6806,1.050605418,3421
6,Lamp1a_Perceptual_VA,,Perceptual,,0.3491,,6670
6,Lamp1a_Adjusted_VA,,Adjusted,,0.3491,,6670
6,Lamp2a_Perceptual_VA,,Perceptual,,1.0349,,2250
6,Lamp2a_Adjusted_VA,,Adjusted,,1.0349,,2250
6,Lamp3a_Perceptual_VA,,Perceptual,,0.4762,,4890
6,Lamp3a_Adjusted_VA,,Adjusted,,0.4762,,4890
6,Lamp4a_Perceptual_VA,,Perceptual,,0.7209,,3230
6,Lamp4a_Adjusted_VA,,Adjusted,,0.7209,,3230
6,Moon1_Perceptual_VA,,Perceptual,,0.52,,6060
6,Moon1_Adjusted_VA,,Adjusted,,0.52,,6060
6,Moon2_Perceptual_VA,,Perceptual,,1.5149,,2080
6,Moon2_Adjusted_VA,,Adjusted,,1.5149,,2080
6,Moon3_Perceptual_VA,,Perceptual,,0.6676,,4720
6,Moon3_Adjusted_VA,,Adjusted,,0.6676,,4720
6,Moon4_Perceptual_VA,,Perceptual,,0.96,,3270
6,Moon4_Adjusted_VA,,Adjusted,,0.96,,3270
7,Stick1_Perceptual_VA,3.797568441,Perceptual,,2.363,1.607096251,6280
7,Stick1_Adjusted_VA,2.590324392,Adjusted,,2.363,1.096201605,6280
7,Stick2_Perceptual_VA,11.17448793,Perceptual,,7.339,1.522617241,2020
7,Stick2_Adjusted_VA,7.586813707,Adjusted,,7.339,1.033766686,2020
7,Stick3_Perceptual_VA,5.066127676,Perceptual,,2.952,1.716167912,5027
7,Stick3_Adjusted_VA,3.459386862,Adjusted,,2.952,1.171879018,5027
7,Stick4_Perceptual_VA,6.432781616,Perceptual,,4.337,1.483233022,3421
7,Stick4_Adjusted_VA,5.017455162,Adjusted,,4.337,1.156895357,3421
7,Lamp1_Perceptual_VA,1.195694611,Perceptual,,0.3708,3.224634873,6280
7,Lamp1_Adjusted_VA,0.378733435,Adjusted,,0.3708,1.021395455,6280
7,Lamp2_Perceptual_VA,2.677467562,Perceptual,,1.1527,2.322779181,2020
7,Lamp2_Adjusted_VA,1.100045174,Adjusted,,1.1527,0.954320443,2020
7,Lamp3_Perceptual_VA,1.22060305,Perceptual,,0.4632,2.63515339,5027
7,Lamp3_Adjusted_VA,0.494709384,Adjusted,,0.4632,1.06802544,5027
7,Lamp4_Perceptual_VA,1.79346056,Perceptual,,0.6806,2.635116897,3421
7,Lamp4_Adjusted_VA,0.687541104,Adjusted,,0.6806,1.010198507,3421
7,Lamp1a_Perceptual_VA,,Perceptual,,0.3491,,6670
7,Lamp1a_Adjusted_VA,,Adjusted,,0.3491,,6670
7,Lamp2a_Perceptual_VA,,Perceptual,,1.0349,,2250
7,Lamp2a_Adjusted_VA,,Adjusted,,1.0349,,2250
7,Lamp3a_Perceptual_VA,,Perceptual,,0.4762,,4890
7,Lamp3a_Adjusted_VA,,Adjusted,,0.4762,,4890
7,Lamp4a_Perceptual_VA,,Perceptual,,0.7209,,3230
7,Lamp4a_Adjusted_VA,,Adjusted,,0.7209,,3230
7,Moon1_Perceptual_VA,,Perceptual,,0.52,,6060
7,Moon1_Adjusted_VA,,Adjusted,,0.52,,6060
7,Moon2_Perceptual_VA,,Perceptual,,1.5149,,2080
7,Moon2_Adjusted_VA,,Adjusted,,1.5149,,2080
7,Moon3_Perceptual_VA,,Perceptual,,0.6676,,4720
7,Moon3_Adjusted_VA,,Adjusted,,0.6676,,4720
7,Moon4_Perceptual_VA,,Perceptual,,0.96,,3270
7,Moon4_Adjusted_VA,,Adjusted,,0.96,,3270
8,Stick1_Perceptual_VA,4.784946556,Perceptual,,2.363,2.024945644,6280
8,Stick1_Adjusted_VA,2.264252752,Adjusted,,2.363,0.958211067,6280
8,Stick2_Perceptual_VA,10.1765204,Perceptual,,7.339,1.386635835,2020
8,Stick2_Adjusted_VA,6.880537436,Adjusted,,7.339,0.937530649,2020
8,Stick3_Perceptual_VA,6.037933447,Perceptual,,2.952,2.045370409,5027
8,Stick3_Adjusted_VA,2.445717623,Adjusted,,2.952,0.82849513,5027
8,Stick4_Perceptual_VA,8.102066082,Perceptual,,4.337,1.868126835,3421
8,Stick4_Adjusted_VA,4.162343863,Adjusted,,4.337,0.959728813,3421
8,Lamp1_Perceptual_VA,1.491175838,Perceptual,,0.3708,4.021509813,6280
8,Lamp1_Adjusted_VA,0.98218931,Adjusted,,0.3708,2.648838484,6280
8,Lamp2_Perceptual_VA,2.589642241,Perceptual,,1.1527,2.24658822,2020
8,Lamp2_Adjusted_VA,1.370539568,Adjusted,,1.1527,1.188982014,2020
8,Lamp3_Perceptual_VA,1.279290968,Perceptual,,0.4632,2.761854421,5027
8,Lamp3_Adjusted_VA,0.79097342,Adjusted,,0.4632,1.707628282,5027
8,Lamp4_Perceptual_VA,1.687356474,Perceptual,,0.6806,2.479219033,3421
8,Lamp4_Adjusted_VA,1.011682974,Adjusted,,0.6806,1.486457499,3421
8,Lamp1a_Perceptual_VA,,Perceptual,,0.3491,,6670
8,Lamp1a_Adjusted_VA,,Adjusted,,0.3491,,6670
8,Lamp2a_Perceptual_VA,,Perceptual,,1.0349,,2250
8,Lamp2a_Adjusted_VA,,Adjusted,,1.0349,,2250
8,Lamp3a_Perceptual_VA,,Perceptual,,0.4762,,4890
8,Lamp3a_Adjusted_VA,,Adjusted,,0.4762,,4890
8,Lamp4a_Perceptual_VA,,Perceptual,,0.7209,,3230
8,Lamp4a_Adjusted_VA,,Adjusted,,0.7209,,3230
8,Moon1_Perceptual_VA,,Perceptual,,0.52,,6060
8,Moon1_Adjusted_VA,,Adjusted,,0.52,,6060
8,Moon2_Perceptual_VA,,Perceptual,,1.5149,,2080
8,Moon2_Adjusted_VA,,Adjusted,,1.5149,,2080
8,Moon3_Perceptual_VA,,Perceptual,,0.6676,,4720
8,Moon3_Adjusted_VA,,Adjusted,,0.6676,,4720
8,Moon4_Perceptual_VA,,Perceptual,,0.96,,3270
8,Moon4_Adjusted_VA,,Adjusted,,0.96,,3270
9,Stick1_Perceptual_VA,3.067606783,Perceptual,,2.363,1.29818315,6280
9,Stick1_Adjusted_VA,2.422432046,Adjusted,,2.363,1.025151099,6280
9,Stick2_Perceptual_VA,9.776801896,Perceptual,,7.339,1.332170854,2020
9,Stick2_Adjusted_VA,8.021452995,Adjusted,,7.339,1.092989916,2020
9,Stick3_Perceptual_VA,6.777113981,Perceptual,,2.952,2.295770319,5027
9,Stick3_Adjusted_VA,3.139871513,Adjusted,,2.952,1.063642111,5027
9,Stick4_Perceptual_VA,7.78325049,Perceptual,,4.337,1.794616207,3421
9,Stick4_Adjusted_VA,6.952466243,Adjusted,,4.337,1.603058852,3421
9,Lamp1_Perceptual_VA,0.723726539,Perceptual,,0.3708,1.951797571,6280
9,Lamp1_Adjusted_VA,0.809600805,Adjusted,,0.3708,2.183389441,6280
9,Lamp2_Perceptual_VA,1.839338099,Perceptual,,1.1527,1.595678059,2020
9,Lamp2_Adjusted_VA,1.48716865,Adjusted,,1.1527,1.290161056,2020
9,Lamp3_Perceptual_VA,0.738803762,Perceptual,,0.4632,1.594999486,5027
9,Lamp3_Adjusted_VA,0.726668439,Adjusted,,0.4632,1.568800601,5027
9,Lamp4_Perceptual_VA,1.085571767,Perceptual,,0.6806,1.595021697,3421
9,Lamp4_Adjusted_VA,1.224356367,Adjusted,,0.6806,1.798936772,3421
9,Lamp1a_Perceptual_VA,,Perceptual,,0.3491,,6670
9,Lamp1a_Adjusted_VA,,Adjusted,,0.3491,,6670
9,Lamp2a_Perceptual_VA,,Perceptual,,1.0349,,2250
9,Lamp2a_Adjusted_VA,,Adjusted,,1.0349,,2250
9,Lamp3a_Perceptual_VA,,Perceptual,,0.4762,,4890
9,Lamp3a_Adjusted_VA,,Adjusted,,0.4762,,4890
9,Lamp4a_Perceptual_VA,,Perceptual,,0.7209,,3230
9,Lamp4a_Adjusted_VA,,Adjusted,,0.7209,,3230
9,Moon1_Perceptual_VA,,Perceptual,,0.52,,6060
9,Moon1_Adjusted_VA,,Adjusted,,0.52,,6060
9,Moon2_Perceptual_VA,,Perceptual,,1.5149,,2080
9,Moon2_Adjusted_VA,,Adjusted,,1.5149,,2080
9,Moon3_Perceptual_VA,,Perceptual,,0.6676,,4720
9,Moon3_Adjusted_VA,,Adjusted,,0.6676,,4720
9,Moon4_Perceptual_VA,,Perceptual,,0.96,,3270
9,Moon4_Adjusted_VA,,Adjusted,,0.96,,3270
10,Stick1_Perceptual_VA,9.527283381,Perceptual,,2.363,4.031859239,6280
10,Stick1_Adjusted_VA,4.120542827,Adjusted,,2.363,1.743776059,6280
10,Stick2_Perceptual_VA,13.72738383,Perceptual,,7.339,1.870470613,2020
10,Stick2_Adjusted_VA,9.849643881,Adjusted,,7.339,1.342096182,2020
10,Stick3_Perceptual_VA,10.93774254,Perceptual,,2.952,3.705197337,5027
10,Stick3_Adjusted_VA,5.354465529,Adjusted,,2.952,1.813843336,5027
10,Stick4_Perceptual_VA,11.63125306,Perceptual,,4.337,2.68186605,3421
10,Stick4_Adjusted_VA,6.419693981,Adjusted,,4.337,1.480215352,3421
10,Lamp1_Perceptual_VA,1.294405148,Perceptual,,0.3708,3.490844519,6280
10,Lamp1_Adjusted_VA,0.726668439,Adjusted,,0.3708,1.959731495,6280
10,Lamp2_Perceptual_VA,2.588480059,Perceptual,,1.1527,2.245579994,2020
10,Lamp2_Adjusted_VA,1.570707264,Adjusted,,1.1527,1.362633178,2020
10,Lamp3_Perceptual_VA,1.729352415,Perceptual,,0.4632,3.73348967,5027
10,Lamp3_Adjusted_VA,0.93103593,Adjusted,,0.4632,2.010008484,5027
10,Lamp4_Perceptual_VA,2.015754671,Perceptual,,0.6806,2.961731812,3421
10,Lamp4_Adjusted_VA,1.100943849,Adjusted,,0.6806,1.61760777,3421
10,Lamp1a_Perceptual_VA,,Perceptual,,0.3491,,6670
10,Lamp1a_Adjusted_VA,,Adjusted,,0.3491,,6670
10,Lamp2a_Perceptual_VA,,Perceptual,,1.0349,,2250
10,Lamp2a_Adjusted_VA,,Adjusted,,1.0349,,2250
10,Lamp3a_Perceptual_VA,,Perceptual,,0.4762,,4890
10,Lamp3a_Adjusted_VA,,Adjusted,,0.4762,,4890
10,Lamp4a_Perceptual_VA,,Perceptual,,0.7209,,3230
10,Lamp4a_Adjusted_VA,,Adjusted,,0.7209,,3230
10,Moon1_Perceptual_VA,,Perceptual,,0.52,,6060
10,Moon1_Adjusted_VA,,Adjusted,,0.52,,6060
10,Moon2_Perceptual_VA,,Perceptual,,1.5149,,2080
10,Moon2_Adjusted_VA,,Adjusted,,1.5149,,2080
10,Moon3_Perceptual_VA,,Perceptual,,0.6676,,4720
10,Moon3_Adjusted_VA,,Adjusted,,0.6676,,4720
10,Moon4_Perceptual_VA,,Perceptual,,0.96,,3270
10,Moon4_Adjusted_VA,,Adjusted,,0.96,,3270
11,Stick1_Perceptual_VA,5.165574032,Perceptual,,2.363,2.186023712,6280
11,Stick1_Adjusted_VA,2.859033805,Adjusted,,2.363,1.209916972,6280
11,Stick2_Perceptual_VA,13.63642914,Perceptual,,7.339,1.858077278,2020
11,Stick2_Adjusted_VA,8.72314529,Adjusted,,7.339,1.188601348,2020
11,Stick3_Perceptual_VA,6.432781616,Perceptual,,2.952,2.179126564,5027
11,Stick3_Adjusted_VA,2.948527224,Adjusted,,2.952,0.998823585,5027
11,Stick4_Perceptual_VA,9.568514488,Perceptual,,4.337,2.2062519,3421
11,Stick4_Adjusted_VA,4.662294671,Adjusted,,4.337,1.075004536,3421
11,Lamp1_Perceptual_VA,1.519494654,Perceptual,,0.3708,4.097882022,6280
11,Lamp1_Adjusted_VA,0.730230443,Adjusted,,0.3708,1.969337763,6280
11,Lamp2_Perceptual_VA,4.108587932,Perceptual,,1.1527,3.564316763,2020
11,Lamp2_Adjusted_VA,1.66759871,Adjusted,,1.1527,1.44668926,2020
11,Lamp3_Perceptual_VA,1.79346056,Perceptual,,0.4632,3.871892401,5027
11,Lamp3_Adjusted_VA,0.649645973,Adjusted,,0.4632,1.402517213,5027
11,Lamp4_Perceptual_VA,2.677467562,Perceptual,,0.6806,3.933981137,3421
11,Lamp4_Adjusted_VA,0.873061652,Adjusted,,0.6806,1.282782327,3421
11,Lamp1a_Perceptual_VA,,Perceptual,,0.3491,,6670
11,Lamp1a_Adjusted_VA,,Adjusted,,0.3491,,6670
11,Lamp2a_Perceptual_VA,,Perceptual,,1.0349,,2250
11,Lamp2a_Adjusted_VA,,Adjusted,,1.0349,,2250
11,Lamp3a_Perceptual_VA,,Perceptual,,0.4762,,4890
11,Lamp3a_Adjusted_VA,,Adjusted,,0.4762,,4890
11,Lamp4a_Perceptual_VA,,Perceptual,,0.7209,,3230
11,Lamp4a_Adjusted_VA,,Adjusted,,0.7209,,3230
11,Moon1_Perceptual_VA,,Perceptual,,0.52,,6060
11,Moon1_Adjusted_VA,,Adjusted,,0.52,,6060
11,Moon2_Perceptual_VA,,Perceptual,,1.5149,,2080
11,Moon2_Adjusted_VA,,Adjusted,,1.5149,,2080
11,Moon3_Perceptual_VA,,Perceptual,,0.6676,,4720
11,Moon3_Adjusted_VA,,Adjusted,,0.6676,,4720
11,Moon4_Perceptual_VA,,Perceptual,,0.96,,3270
11,Moon4_Adjusted_VA,,Adjusted,,0.96,,3270
12,Stick1_Perceptual_VA,3.713972219,Perceptual,,2.363,1.571719094,6280
12,Stick1_Adjusted_VA,3.147894909,Adjusted,,2.363,1.332160351,6280
12,Stick2_Perceptual_VA,6.162301666,Perceptual,,7.339,0.839665032,2020
12,Stick2_Adjusted_VA,8.302570533,Adjusted,,7.339,1.131294527,2020
12,Stick3_Perceptual_VA,4.625910208,Perceptual,,2.952,1.567042753,5027
12,Stick3_Adjusted_VA,3.700202684,Adjusted,,2.952,1.253456194,5027
12,Stick4_Perceptual_VA,6.162301666,Perceptual,,4.337,1.420867343,3421
12,Stick4_Adjusted_VA,5.587635354,Adjusted,,4.337,1.288364158,3421
12,Lamp1_Perceptual_VA,0.877324482,Perceptual,,0.3708,2.366031504,6280
12,Lamp1_Adjusted_VA,0.456500544,Adjusted,,0.3708,1.231123365,6280
12,Lamp2_Perceptual_VA,1.459173013,Perceptual,,1.1527,1.265874046,2020
12,Lamp2_Adjusted_VA,1.155346817,Adjusted,,1.1527,1.002296189,2020
12,Lamp3_Perceptual_VA,1.092167725,Perceptual,,0.4632,2.357875054,5027
12,Lamp3_Adjusted_VA,0.631218305,Adjusted,,0.4632,1.362733819,5027
12,Lamp4_Perceptual_VA,1.459173013,Perceptual,,0.6806,2.143950944,3421
12,Lamp4_Adjusted_VA,0.887142733,Adjusted,,0.6806,1.303471544,3421
12,Lamp1a_Perceptual_VA,,Perceptual,,0.3491,,6670
12,Lamp1a_Adjusted_VA,,Adjusted,,0.3491,,6670
12,Lamp2a_Perceptual_VA,,Perceptual,,1.0349,,2250
12,Lamp2a_Adjusted_VA,,Adjusted,,1.0349,,2250
12,Lamp3a_Perceptual_VA,,Perceptual,,0.4762,,4890
12,Lamp3a_Adjusted_VA,,Adjusted,,0.4762,,4890
12,Lamp4a_Perceptual_VA,,Perceptual,,0.7209,,3230
12,Lamp4a_Adjusted_VA,,Adjusted,,0.7209,,3230
12,Moon1_Perceptual_VA,,Perceptual,,0.52,,6060
12,Moon1_Adjusted_VA,,Adjusted,,0.52,,6060
12,Moon2_Perceptual_VA,,Perceptual,,1.5149,,2080
12,Moon2_Adjusted_VA,,Adjusted,,1.5149,,2080
12,Moon3_Perceptual_VA,,Perceptual,,0.6676,,4720
12,Moon3_Adjusted_VA,,Adjusted,,0.6676,,4720
12,Moon4_Perceptual_VA,,Perceptual,,0.96,,3270
12,Moon4_Adjusted_VA,,Adjusted,,0.96,,3270
13,Stick1_Perceptual_VA,9.960673336,Perceptual,,2.363,4.215265906,6280
13,Stick1_Adjusted_VA,2.430365566,Adjusted,,2.363,1.028508492,6280
13,Stick2_Perceptual_VA,14.65281332,Perceptual,,7.339,1.996568105,2020
13,Stick2_Adjusted_VA,6.850469326,Adjusted,,7.339,0.933433619,2020
13,Stick3_Perceptual_VA,9.960673336,Perceptual,,2.952,3.374211835,5027
13,Stick3_Adjusted_VA,2.881543815,Adjusted,,2.952,0.976132729,5027
13,Stick4_Perceptual_VA,14.65281332,Perceptual,,4.337,3.378559677,3421
13,Stick4_Adjusted_VA,5.43084421,Adjusted,,4.337,1.252212177,3421
13,Lamp1_Perceptual_VA,1.604177026,Perceptual,,0.3708,4.326259508,6280
13,Lamp1_Adjusted_VA,0.648624539,Adjusted,,0.3708,1.749257117,6280
13,Lamp2_Perceptual_VA,3.109578822,Perceptual,,1.1527,2.697647976,2020
13,Lamp2_Adjusted_VA,1.269269974,Adjusted,,1.1527,1.101127764,2020
13,Lamp3_Perceptual_VA,1.996964992,Perceptual,,0.4632,4.311237029,5027
13,Lamp3_Adjusted_VA,0.537143999,Adjusted,,0.4632,1.159637303,5027
13,Lamp4_Perceptual_VA,2.667864179,Perceptual,,0.6806,3.919870965,3421
13,Lamp4_Adjusted_VA,0.89124971,Adjusted,,0.6806,1.309505892,3421
13,Lamp1a_Perceptual_VA,,Perceptual,,0.3491,,6670
13,Lamp1a_Adjusted_VA,,Adjusted,,0.3491,,6670
13,Lamp2a_Perceptual_VA,,Perceptual,,1.0349,,2250
13,Lamp2a_Adjusted_VA,,Adjusted,,1.0349,,2250
13,Lamp3a_Perceptual_VA,,Perceptual,,0.4762,,4890
13,Lamp3a_Adjusted_VA,,Adjusted,,0.4762,,4890
13,Lamp4a_Perceptual_VA,,Perceptual,,0.7209,,3230
13,Lamp4a_Adjusted_VA,,Adjusted,,0.7209,,3230
13,Moon1_Perceptual_VA,,Perceptual,,0.52,,6060
13,Moon1_Adjusted_VA,,Adjusted,,0.52,,6060
13,Moon2_Perceptual_VA,,Perceptual,,1.5149,,2080
13,Moon2_Adjusted_VA,,Adjusted,,1.5149,,2080
13,Moon3_Perceptual_VA,,Perceptual,,0.6676,,4720
13,Moon3_Adjusted_VA,,Adjusted,,0.6676,,4720
13,Moon4_Perceptual_VA,,Perceptual,,0.96,,3270
13,Moon4_Adjusted_VA,,Adjusted,,0.96,,3270
14,Stick1_Perceptual_VA,6.125811603,Perceptual,,2.363,2.592387475,6280
14,Stick1_Adjusted_VA,1.909682508,Adjusted,,2.363,0.808160181,6280
14,Stick2_Perceptual_VA,10.36529311,Perceptual,,7.339,1.412357693,2020
14,Stick2_Adjusted_VA,7.754900844,Adjusted,,7.339,1.056669961,2020
14,Stick3_Perceptual_VA,6.917338579,Perceptual,,2.952,2.343271876,5027
14,Stick3_Adjusted_VA,3.296300464,Adjusted,,2.952,1.116632948,5027
14,Stick4_Perceptual_VA,10.36529311,Perceptual,,4.337,2.389968436,3421
14,Stick4_Adjusted_VA,6.234987211,Adjusted,,4.337,1.437626749,3421
14,Lamp1_Perceptual_VA,1.226283906,Perceptual,,0.3708,3.307130276,6280
14,Lamp1_Adjusted_VA,0.340369966,Adjusted,,0.3708,0.917934106,6280
14,Lamp2_Perceptual_VA,2.160900419,Perceptual,,1.1527,1.874642508,2020
14,Lamp2_Adjusted_VA,1.33138487,Adjusted,,1.1527,1.155014201,2020
14,Lamp3_Perceptual_VA,1.909682508,Perceptual,,0.4632,4.122803341,5027
14,Lamp3_Adjusted_VA,0.54667118,Adjusted,,0.4632,1.180205484,5027
14,Lamp4_Perceptual_VA,2.452287012,Perceptual,,0.6806,3.603125201,3421
14,Lamp4_Adjusted_VA,1.020879608,Adjusted,,0.6806,1.499970038,3421
14,Lamp1a_Perceptual_VA,,Perceptual,,0.3491,,6670
14,Lamp1a_Adjusted_VA,,Adjusted,,0.3491,,6670
14,Lamp2a_Perceptual_VA,,Perceptual,,1.0349,,2250
14,Lamp2a_Adjusted_VA,,Adjusted,,1.0349,,2250
14,Lamp3a_Perceptual_VA,,Perceptual,,0.4762,,4890
14,Lamp3a_Adjusted_VA,,Adjusted,,0.4762,,4890
14,Lamp4a_Perceptual_VA,,Perceptual,,0.7209,,3230
14,Lamp4a_Adjusted_VA,,Adjusted,,0.7209,,3230
14,Moon1_Perceptual_VA,,Perceptual,,0.52,,6060
14,Moon1_Adjusted_VA,,Adjusted,,0.52,,6060
14,Moon2_Perceptual_VA,,Perceptual,,1.5149,,2080
14,Moon2_Adjusted_VA,,Adjusted,,1.5149,,2080
14,Moon3_Perceptual_VA,,Perceptual,,0.6676,,4720
14,Moon3_Adjusted_VA,,Adjusted,,0.6676,,4720
14,Moon4_Perceptual_VA,,Perceptual,,0.96,,3270
14,Moon4_Adjusted_VA,,Adjusted,,0.96,,3270
15,Stick1_Perceptual_VA,9.615907926,Perceptual,,2.363,4.069364336,6280
15,Stick1_Adjusted_VA,2.864192368,Adjusted,,2.363,1.212100029,6280
15,Stick2_Perceptual_VA,11.03933604,Perceptual,,7.339,1.504201667,2020
15,Stick2_Adjusted_VA,8.79984484,Adjusted,,7.339,1.199052301,2020
15,Stick3_Perceptual_VA,8.232117693,Perceptual,,2.952,2.788657755,5027
15,Stick3_Adjusted_VA,3.457531984,Adjusted,,2.952,1.171250672,5027
15,Stick4_Perceptual_VA,9.615907926,Perceptual,,4.337,2.2171796,3421
15,Stick4_Adjusted_VA,7.437987946,Adjusted,,4.337,1.715007597,3421
15,Lamp1_Perceptual_VA,1.306501348,Perceptual,,0.3708,3.52346642,6280
15,Lamp1_Adjusted_VA,0.64072032,Adjusted,,0.3708,1.727940452,6280
15,Lamp2_Perceptual_VA,2.302230866,Perceptual,,1.1527,1.997250686,2020
15,Lamp2_Adjusted_VA,1.675995824,Adjusted,,1.1527,1.453973995,2020
15,Lamp3_Perceptual_VA,1.745512099,Perceptual,,0.4632,3.768376725,5027
15,Lamp3_Adjusted_VA,0.827591315,Adjusted,,0.4632,1.786682459,5027
15,Lamp4_Perceptual_VA,2.034589559,Perceptual,,0.6806,2.989405759,3421
15,Lamp4_Adjusted_VA,1.396515484,Adjusted,,0.6806,2.051888752,3421
15,Lamp1a_Perceptual_VA,,Perceptual,,0.3491,,6670
15,Lamp1a_Adjusted_VA,,Adjusted,,0.3491,,6670
15,Lamp2a_Perceptual_VA,,Perceptual,,1.0349,,2250
15,Lamp2a_Adjusted_VA,,Adjusted,,1.0349,,2250
15,Lamp3a_Perceptual_VA,,Perceptual,,0.4762,,4890
15,Lamp3a_Adjusted_VA,,Adjusted,,0.4762,,4890
15,Lamp4a_Perceptual_VA,,Perceptual,,0.7209,,3230
15,Lamp4a_Adjusted_VA,,Adjusted,,0.7209,,3230
15,Moon1_Perceptual_VA,,Perceptual,,0.52,,6060
15,Moon1_Adjusted_VA,,Adjusted,,0.52,,6060
15,Moon2_Perceptual_VA,,Perceptual,,1.5149,,2080
15,Moon2_Adjusted_VA,,Adjusted,,1.5149,,2080
15,Moon3_Perceptual_VA,,Perceptual,,0.6676,,4720
15,Moon3_Adjusted_VA,,Adjusted,,0.6676,,4720
15,Moon4_Perceptual_VA,,Perceptual,,0.96,,3270
15,Moon4_Adjusted_VA,,Adjusted,,0.96,,3270
16,Stick1_Perceptual_VA,6.572249498,Perceptual,,2.363,2.781315911,6280
16,Stick1_Adjusted_VA,2.498962982,Adjusted,,2.363,1.057538291,6280
16,Stick2_Perceptual_VA,10.47495213,Perceptual,,7.339,1.42729965,2020
16,Stick2_Adjusted_VA,7.449175076,Adjusted,,7.339,1.015012274,2020
16,Stick3_Perceptual_VA,8.578306658,Perceptual,,2.952,2.90593044,5027
16,Stick3_Adjusted_VA,3.677728902,Adjusted,,2.952,1.245843124,5027
16,Stick4_Perceptual_VA,9.849643881,Perceptual,,4.337,2.271073065,3421
16,Stick4_Adjusted_VA,4.421571517,Adjusted,,4.337,1.019500004,3421
16,Lamp1_Perceptual_VA,0.935810261,Perceptual,,0.3708,2.523760144,6280
16,Lamp1_Adjusted_VA,0.629440261,Adjusted,,0.3708,1.697519583,6280
16,Lamp2_Perceptual_VA,2.052879122,Perceptual,,1.1527,1.780930964,2020
16,Lamp2_Adjusted_VA,1.500021999,Adjusted,,1.1527,1.301311702,2020
16,Lamp3_Perceptual_VA,1.375032709,Perceptual,,0.4632,2.968550754,5027
16,Lamp3_Adjusted_VA,0.63843208,Adjusted,,0.4632,1.3783076,5027
16,Lamp4_Perceptual_VA,1.814214757,Perceptual,,0.6806,2.665610868,3421
16,Lamp4_Adjusted_VA,0.726668439,Adjusted,,0.6806,1.067687979,3421
16,Lamp1a_Perceptual_VA,,Perceptual,,0.3491,,6670
16,Lamp1a_Adjusted_VA,,Adjusted,,0.3491,,6670
16,Lamp2a_Perceptual_VA,,Perceptual,,1.0349,,2250
16,Lamp2a_Adjusted_VA,,Adjusted,,1.0349,,2250
16,Lamp3a_Perceptual_VA,,Perceptual,,0.4762,,4890
16,Lamp3a_Adjusted_VA,,Adjusted,,0.4762,,4890
16,Lamp4a_Perceptual_VA,,Perceptual,,0.7209,,3230
16,Lamp4a_Adjusted_VA,,Adjusted,,0.7209,,3230
16,Moon1_Perceptual_VA,,Perceptual,,0.52,,6060
16,Moon1_Adjusted_VA,,Adjusted,,0.52,,6060
16,Moon2_Perceptual_VA,,Perceptual,,1.5149,,2080
16,Moon2_Adjusted_VA,,Adjusted,,1.5149,,2080
16,Moon3_Perceptual_VA,,Perceptual,,0.6676,,4720
16,Moon3_Adjusted_VA,,Adjusted,,0.6676,,4720
16,Moon4_Perceptual_VA,,Perceptual,,0.96,,3270
16,Moon4_Adjusted_VA,,Adjusted,,0.96,,3270
17,Stick1_Perceptual_VA,6.072643785,Perceptual,,2.363,2.56988734,6280
17,Stick1_Adjusted_VA,2.885014089,Adjusted,,2.363,1.220911591,6280
17,Stick2_Perceptual_VA,10.92768563,Perceptual,,7.339,1.488988367,2020
17,Stick2_Adjusted_VA,7.694571849,Adjusted,,7.339,1.048449632,2020
17,Stick3_Perceptual_VA,6.857331933,Perceptual,,2.952,2.322944422,5027
17,Stick3_Adjusted_VA,2.91147077,Adjusted,,2.952,0.986270586,5027
17,Stick4_Perceptual_VA,7.661217007,Perceptual,,4.337,1.766478443,3421
17,Stick4_Adjusted_VA,4.463046843,Adjusted,,4.337,1.029063141,3421
17,Lamp1_Perceptual_VA,0.956568186,Perceptual,,0.3708,2.579741603,6280
17,Lamp1_Adjusted_VA,0.608031138,Adjusted,,0.3708,1.639781924,6280
17,Lamp2_Perceptual_VA,1.624102038,Perceptual,,1.1527,1.408954662,2020
17,Lamp2_Adjusted_VA,1.527796922,Adjusted,,1.1527,1.325407237,2020
17,Lamp3_Perceptual_VA,0.777217787,Perceptual,,0.4632,1.677931318,5027
17,Lamp3_Adjusted_VA,0.708196327,Adjusted,,0.4632,1.528921258,5027
17,Lamp4_Perceptual_VA,0.976495735,Perceptual,,0.6806,1.434757178,3421
17,Lamp4_Adjusted_VA,0.943673859,Adjusted,,0.6806,1.386532264,3421
17,Lamp1a_Perceptual_VA,,Perceptual,,0.3491,,6670
17,Lamp1a_Adjusted_VA,,Adjusted,,0.3491,,6670
17,Lamp2a_Perceptual_VA,,Perceptual,,1.0349,,2250
17,Lamp2a_Adjusted_VA,,Adjusted,,1.0349,,2250
17,Lamp3a_Perceptual_VA,,Perceptual,,0.4762,,4890
17,Lamp3a_Adjusted_VA,,Adjusted,,0.4762,,4890
17,Lamp4a_Perceptual_VA,,Perceptual,,0.7209,,3230
17,Lamp4a_Adjusted_VA,,Adjusted,,0.7209,,3230
17,Moon1_Perceptual_VA,,Perceptual,,0.52,,6060
17,Moon1_Adjusted_VA,,Adjusted,,0.52,,6060
17,Moon2_Perceptual_VA,,Perceptual,,1.5149,,2080
17,Moon2_Adjusted_VA,,Adjusted,,1.5149,,2080
17,Moon3_Perceptual_VA,,Perceptual,,0.6676,,4720
17,Moon3_Adjusted_VA,,Adjusted,,0.6676,,4720
17,Moon4_Perceptual_VA,,Perceptual,,0.96,,3270
17,Moon4_Adjusted_VA,,Adjusted,,0.96,,3270
18,Stick1_Perceptual_VA,7.661217007,Perceptual,,2.363,3.242157007,6280
18,Stick1_Adjusted_VA,3.177191505,Adjusted,,2.363,1.344558402,6280
18,Stick2_Perceptual_VA,12.89906941,Perceptual,,7.339,1.75760586,2020
18,Stick2_Adjusted_VA,8.329501173,Adjusted,,7.339,1.134964051,2020
18,Stick3_Perceptual_VA,8.949793012,Perceptual,,2.952,3.031772701,5027
18,Stick3_Adjusted_VA,3.639445118,Adjusted,,2.952,1.232874362,5027
18,Stick4_Perceptual_VA,10.27564462,Perceptual,,4.337,2.369297814,3421
18,Stick4_Adjusted_VA,4.958473682,Adjusted,,4.337,1.143295753,3421
18,Lamp1_Perceptual_VA,1.215621372,Perceptual,,0.3708,3.278374789,6280
18,Lamp1_Adjusted_VA,0.687541104,Adjusted,,0.3708,1.854210096,6280
18,Lamp2_Perceptual_VA,1.624102038,Perceptual,,1.1527,1.408954662,2020
18,Lamp2_Adjusted_VA,1.386348751,Adjusted,,1.1527,1.20269693,2020
18,Lamp3_Perceptual_VA,1.434810622,Perceptual,,0.4632,3.09760497,5027
18,Lamp3_Adjusted_VA,0.61429938,Adjusted,,0.4632,1.326207643,5027
18,Lamp4_Perceptual_VA,1.434810622,Perceptual,,0.6806,2.108155483,3421
18,Lamp4_Adjusted_VA,0.893796035,Adjusted,,0.6806,1.313247186,3421
18,Lamp1a_Perceptual_VA,,Perceptual,,0.3491,,6670
18,Lamp1a_Adjusted_VA,,Adjusted,,0.3491,,6670
18,Lamp2a_Perceptual_VA,,Perceptual,,1.0349,,2250
18,Lamp2a_Adjusted_VA,,Adjusted,,1.0349,,2250
18,Lamp3a_Perceptual_VA,,Perceptual,,0.4762,,4890
18,Lamp3a_Adjusted_VA,,Adjusted,,0.4762,,4890
18,Lamp4a_Perceptual_VA,,Perceptual,,0.7209,,3230
18,Lamp4a_Adjusted_VA,,Adjusted,,0.7209,,3230
18,Moon1_Perceptual_VA,,Perceptual,,0.52,,6060
18,Moon1_Adjusted_VA,,Adjusted,,0.52,,6060
18,Moon2_Perceptual_VA,,Perceptual,,1.5149,,2080
18,Moon2_Adjusted_VA,,Adjusted,,1.5149,,2080
18,Moon3_Perceptual_VA,,Perceptual,,0.6676,,4720
18,Moon3_Adjusted_VA,,Adjusted,,0.6676,,4720
18,Moon4_Perceptual_VA,,Perceptual,,0.96,,3270
18,Moon4_Adjusted_VA,,Adjusted,,0.96,,3270
19,Stick1_Perceptual_VA,3.445012255,Perceptual,,2.363,1.457897696,6280
19,Stick1_Adjusted_VA,2.770976553,Adjusted,,2.363,1.172651948,6280
19,Stick2_Perceptual_VA,8.570049324,Perceptual,,7.339,1.167740745,2020
19,Stick2_Adjusted_VA,6.655187904,Adjusted,,7.339,0.906824895,2020
19,Stick3_Perceptual_VA,5.716527394,Perceptual,,2.952,1.93649302,5027
19,Stick3_Adjusted_VA,2.712472926,Adjusted,,2.952,0.918859392,5027
19,Stick4_Perceptual_VA,4.291024813,Perceptual,,4.337,0.989399311,3421
19,Stick4_Adjusted_VA,3.656873272,Adjusted,,4.337,0.843180372,3421
19,Lamp1_Perceptual_VA,1.013029421,Perceptual,,0.3708,2.732010304,6280
19,Lamp1_Adjusted_VA,1.176029973,Adjusted,,0.3708,3.17160187,6280
19,Lamp2_Perceptual_VA,2.241722751,Perceptual,,1.1527,1.944758177,2020
19,Lamp2_Adjusted_VA,1.701385996,Adjusted,,1.1527,1.476000691,2020
19,Lamp3_Perceptual_VA,1.353446055,Perceptual,,0.4632,2.921947442,5027
19,Lamp3_Adjusted_VA,0.610523021,Adjusted,,0.4632,1.318054882,5027
19,Lamp4_Perceptual_VA,2.025900526,Perceptual,,0.6806,2.976639034,3421
19,Lamp4_Adjusted_VA,0.924416053,Adjusted,,0.6806,1.358236928,3421
19,Lamp1a_Perceptual_VA,,Perceptual,,0.3491,,6670
19,Lamp1a_Adjusted_VA,,Adjusted,,0.3491,,6670
19,Lamp2a_Perceptual_VA,,Perceptual,,1.0349,,2250
19,Lamp2a_Adjusted_VA,,Adjusted,,1.0349,,2250
19,Lamp3a_Perceptual_VA,,Perceptual,,0.4762,,4890
19,Lamp3a_Adjusted_VA,,Adjusted,,0.4762,,4890
19,Lamp4a_Perceptual_VA,,Perceptual,,0.7209,,3230
19,Lamp4a_Adjusted_VA,,Adjusted,,0.7209,,3230
19,Moon1_Perceptual_VA,,Perceptual,,0.52,,6060
19,Moon1_Adjusted_VA,,Adjusted,,0.52,,6060
19,Moon2_Perceptual_VA,,Perceptual,,1.5149,,2080
19,Moon2_Adjusted_VA,,Adjusted,,1.5149,,2080
19,Moon3_Perceptual_VA,,Perceptual,,0.6676,,4720
19,Moon3_Adjusted_VA,,Adjusted,,0.6676,,4720
19,Moon4_Perceptual_VA,,Perceptual,,0.96,,3270
19,Moon4_Adjusted_VA,,Adjusted,,0.96,,3270
20,Stick1_Perceptual_VA,4.260283069,Perceptual,,2.363,1.802912852,6280
20,Stick1_Adjusted_VA,2.005147608,Adjusted,,2.363,0.848560139,6280
20,Stick2_Perceptual_VA,12.52698123,Perceptual,,7.339,1.70690574,2020
20,Stick2_Adjusted_VA,6.217785167,Adjusted,,7.339,0.847225122,2020
20,Stick3_Perceptual_VA,7.215307524,Perceptual,,2.952,2.444209866,5027
20,Stick3_Adjusted_VA,2.756308717,Adjusted,,2.952,0.933708915,5027
20,Stick4_Perceptual_VA,9.605922027,Perceptual,,4.337,2.21487711,3421
20,Stick4_Adjusted_VA,4.388610085,Adjusted,,4.337,1.01189995,3421
20,Lamp1_Perceptual_VA,1.00614393,Perceptual,,0.3708,2.71344102,6280
20,Lamp1_Adjusted_VA,0.411704429,Adjusted,,0.3708,1.110313993,6280
20,Lamp2_Perceptual_VA,2.012132751,Perceptual,,1.1527,1.745582329,2020
20,Lamp2_Adjusted_VA,1.163780508,Adjusted,,1.1527,1.009612656,2020
20,Lamp3_Perceptual_VA,0.9083287,Perceptual,,0.4632,1.960985966,5027
20,Lamp3_Adjusted_VA,0.502139573,Adjusted,,0.4632,1.084066435,5027
20,Lamp4_Perceptual_VA,1.369443679,Perceptual,,0.6806,2.01211237,3421
20,Lamp4_Adjusted_VA,0.701864522,Adjusted,,0.6806,1.031243788,3421
20,Lamp1a_Perceptual_VA,,Perceptual,,0.3491,,6670
20,Lamp1a_Adjusted_VA,,Adjusted,,0.3491,,6670
20,Lamp2a_Perceptual_VA,,Perceptual,,1.0349,,2250
20,Lamp2a_Adjusted_VA,,Adjusted,,1.0349,,2250
20,Lamp3a_Perceptual_VA,,Perceptual,,0.4762,,4890
20,Lamp3a_Adjusted_VA,,Adjusted,,0.4762,,4890
20,Lamp4a_Perceptual_VA,,Perceptual,,0.7209,,3230
20,Lamp4a_Adjusted_VA,,Adjusted,,0.7209,,3230
20,Moon1_Perceptual_VA,,Perceptual,,0.52,,6060
20,Moon1_Adjusted_VA,,Adjusted,,0.52,,6060
20,Moon2_Perceptual_VA,,Perceptual,,1.5149,,2080
20,Moon2_Adjusted_VA,,Adjusted,,1.5149,,2080
20,Moon3_Perceptual_VA,,Perceptual,,0.6676,,4720
20,Moon3_Adjusted_VA,,Adjusted,,0.6676,,4720
20,Moon4_Perceptual_VA,,Perceptual,,0.96,,3270
20,Moon4_Adjusted_VA,,Adjusted,,0.96,,3270
21,Stick1_Perceptual_VA,10.13884027,Perceptual,,2.363,4.290664522,6280
21,Stick1_Adjusted_VA,2.502522979,Adjusted,,2.363,1.059044849,6280
21,Stick2_Perceptual_VA,13.79485512,Perceptual,,7.339,1.879664139,2020
21,Stick2_Adjusted_VA,6.961287082,Adjusted,,7.339,0.948533463,2020
21,Stick3_Perceptual_VA,11.96990463,Perceptual,,2.952,4.054845742,5027
21,Stick3_Adjusted_VA,3.565350403,Adjusted,,2.952,1.207774527,5027
21,Stick4_Perceptual_VA,13.79485512,Perceptual,,4.337,3.180736711,3421
21,Stick4_Adjusted_VA,4.397723151,Adjusted,,4.337,1.014001188,3421
21,Lamp1_Perceptual_VA,1.506237773,Perceptual,,0.3708,4.062129916,6280
21,Lamp1_Adjusted_VA,0.580393842,Adjusted,,0.3708,1.565247687,6280
21,Lamp2_Perceptual_VA,3.048894417,Perceptual,,1.1527,2.645002531,2020
21,Lamp2_Adjusted_VA,1.401304625,Adjusted,,1.1527,1.215671575,2020
21,Lamp3_Perceptual_VA,2.2545752,Perceptual,,0.4632,4.867390329,5027
21,Lamp3_Adjusted_VA,0.660579317,Adjusted,,0.4632,1.426121151,5027
21,Lamp4_Perceptual_VA,2.494744569,Perceptual,,0.6806,3.665507742,3421
21,Lamp4_Adjusted_VA,0.873061652,Adjusted,,0.6806,1.282782327,3421
21,Lamp1a_Perceptual_VA,,Perceptual,,0.3491,,6670
21,Lamp1a_Adjusted_VA,,Adjusted,,0.3491,,6670
21,Lamp2a_Perceptual_VA,,Perceptual,,1.0349,,2250
21,Lamp2a_Adjusted_VA,,Adjusted,,1.0349,,2250
21,Lamp3a_Perceptual_VA,,Perceptual,,0.4762,,4890
21,Lamp3a_Adjusted_VA,,Adjusted,,0.4762,,4890
21,Lamp4a_Perceptual_VA,,Perceptual,,0.7209,,3230
21,Lamp4a_Adjusted_VA,,Adjusted,,0.7209,,3230
21,Moon1_Perceptual_VA,,Perceptual,,0.52,,6060
21,Moon1_Adjusted_VA,,Adjusted,,0.52,,6060
21,Moon2_Perceptual_VA,,Perceptual,,1.5149,,2080
21,Moon2_Adjusted_VA,,Adjusted,,1.5149,,2080
21,Moon3_Perceptual_VA,,Perceptual,,0.6676,,4720
21,Moon3_Adjusted_VA,,Adjusted,,0.6676,,4720
21,Moon4_Perceptual_VA,,Perceptual,,0.96,,3270
21,Moon4_Adjusted_VA,,Adjusted,,0.96,,3270
22,Stick1_Perceptual_VA,16.4384185,Perceptual,,2.363,6.956588446,6280
22,Stick1_Adjusted_VA,2.358904724,Adjusted,,2.363,0.998266917,6280
22,Stick2_Perceptual_VA,18.92464442,Perceptual,,7.339,2.578640743,2020
22,Stick2_Adjusted_VA,8.114416,Adjusted,,7.339,1.105656901,2020
22,Stick3_Perceptual_VA,13.93651348,Perceptual,,2.952,4.721041153,5027
22,Stick3_Adjusted_VA,3.067363766,Adjusted,,2.952,1.039079867,5027
22,Stick4_Perceptual_VA,18.92464442,Perceptual,,4.337,4.363533414,3421
22,Stick4_Adjusted_VA,5.632624672,Adjusted,,4.337,1.298737531,3421
22,Lamp1_Perceptual_VA,2.736944461,Perceptual,,0.3708,7.381187868,6280
22,Lamp1_Adjusted_VA,1.185387637,Adjusted,,0.3708,3.196838288,6280
22,Lamp2_Perceptual_VA,4.83543823,Perceptual,,1.1527,4.194880047,2020
22,Lamp2_Adjusted_VA,1.584675855,Adjusted,,1.1527,1.374751328,2020
22,Lamp3_Perceptual_VA,4.199809035,Perceptual,,0.4632,9.06694524,5027
22,Lamp3_Adjusted_VA,0.912036007,Adjusted,,0.4632,1.968989653,5027
22,Lamp4_Perceptual_VA,4.83543823,Perceptual,,0.6806,7.104669748,3421
22,Lamp4_Adjusted_VA,1.330020869,Adjusted,,0.6806,1.954188758,3421
22,Lamp1a_Perceptual_VA,,Perceptual,,0.3491,,6670
22,Lamp1a_Adjusted_VA,,Adjusted,,0.3491,,6670
22,Lamp2a_Perceptual_VA,,Perceptual,,1.0349,,2250
22,Lamp2a_Adjusted_VA,,Adjusted,,1.0349,,2250
22,Lamp3a_Perceptual_VA,,Perceptual,,0.4762,,4890
22,Lamp3a_Adjusted_VA,,Adjusted,,0.4762,,4890
22,Lamp4a_Perceptual_VA,,Perceptual,,0.7209,,3230
22,Lamp4a_Adjusted_VA,,Adjusted,,0.7209,,3230
22,Moon1_Perceptual_VA,,Perceptual,,0.52,,6060
22,Moon1_Adjusted_VA,,Adjusted,,0.52,,6060
22,Moon2_Perceptual_VA,,Perceptual,,1.5149,,2080
22,Moon2_Adjusted_VA,,Adjusted,,1.5149,,2080
22,Moon3_Perceptual_VA,,Perceptual,,0.6676,,4720
22,Moon3_Adjusted_VA,,Adjusted,,0.6676,,4720
22,Moon4_Perceptual_VA,,Perceptual,,0.96,,3270
22,Moon4_Adjusted_VA,,Adjusted,,0.96,,3270
23,Stick1_Perceptual_VA,3.55906618,Perceptual,,2.363,1.506164274,6280
23,Stick1_Adjusted_VA,2.838553423,Adjusted,,2.363,1.201249862,6280
23,Stick2_Perceptual_VA,11.33457136,Perceptual,,7.339,1.544429944,2020
23,Stick2_Adjusted_VA,9.533401702,Adjusted,,7.339,1.299005546,2020
23,Stick3_Perceptual_VA,6.727793499,Perceptual,,2.952,2.279062839,5027
23,Stick3_Adjusted_VA,3.390920049,Adjusted,,2.952,1.148685653,5027
23,Stick4_Perceptual_VA,7.860351091,Perceptual,,4.337,1.812393611,3421
23,Stick4_Adjusted_VA,5.207972603,Adjusted,,4.337,1.20082375,3421
23,Lamp1_Perceptual_VA,0.682292823,Perceptual,,0.3708,1.840056157,6280
23,Lamp1_Adjusted_VA,0.710748657,Adjusted,,0.3708,1.916797888,6280
23,Lamp2_Perceptual_VA,3.3230981,Perceptual,,1.1527,2.882882016,2020
23,Lamp2_Adjusted_VA,1.625492152,Adjusted,,1.1527,1.410160625,2020
23,Lamp3_Perceptual_VA,1.425760326,Perceptual,,0.4632,3.078066334,5027
23,Lamp3_Adjusted_VA,0.846399532,Adjusted,,0.4632,1.827287418,5027
23,Lamp4_Perceptual_VA,1.880532325,Perceptual,,0.6806,2.763050727,3421
23,Lamp4_Adjusted_VA,1.004259862,Adjusted,,0.6806,1.475550782,3421
23,Lamp1a_Perceptual_VA,,Perceptual,,0.3491,,6670
23,Lamp1a_Adjusted_VA,,Adjusted,,0.3491,,6670
23,Lamp2a_Perceptual_VA,,Perceptual,,1.0349,,2250
23,Lamp2a_Adjusted_VA,,Adjusted,,1.0349,,2250
23,Lamp3a_Perceptual_VA,,Perceptual,,0.4762,,4890
23,Lamp3a_Adjusted_VA,,Adjusted,,0.4762,,4890
23,Lamp4a_Perceptual_VA,,Perceptual,,0.7209,,3230
23,Lamp4a_Adjusted_VA,,Adjusted,,0.7209,,3230
23,Moon1_Perceptual_VA,,Perceptual,,0.52,,6060
23,Moon1_Adjusted_VA,,Adjusted,,0.52,,6060
23,Moon2_Perceptual_VA,,Perceptual,,1.5149,,2080
23,Moon2_Adjusted_VA,,Adjusted,,1.5149,,2080
23,Moon3_Perceptual_VA,,Perceptual,,0.6676,,4720
23,Moon3_Adjusted_VA,,Adjusted,,0.6676,,4720
23,Moon4_Perceptual_VA,,Perceptual,,0.96,,3270
23,Moon4_Adjusted_VA,,Adjusted,,0.96,,3270
24,Stick1_Perceptual_VA,3.428297711,Perceptual,,2.363,1.450824254,6280
24,Stick1_Adjusted_VA,2.355161486,Adjusted,,2.363,0.996682812,6280
24,Stick2_Perceptual_VA,6.480985297,Perceptual,,7.339,0.883088336,2020
24,Stick2_Adjusted_VA,7.796399326,Adjusted,,7.339,1.062324476,2020
24,Stick3_Perceptual_VA,4.35406784,Perceptual,,2.952,1.47495523,5027
24,Stick3_Adjusted_VA,3.428297711,Adjusted,,2.952,1.161347463,5027
24,Stick4_Perceptual_VA,5.800451485,Perceptual,,4.337,1.337434052,3421
24,Stick4_Adjusted_VA,5.886874264,Adjusted,,4.337,1.357360909,3421
24,Lamp1_Perceptual_VA,0.606655527,Perceptual,,0.3708,1.63607208,6280
24,Lamp1_Adjusted_VA,0.561494145,Adjusted,,0.3708,1.514277631,6280
24,Lamp2_Perceptual_VA,1.213277051,Perceptual,,1.1527,1.052552312,2020
24,Lamp2_Adjusted_VA,1.269269974,Adjusted,,1.1527,1.101127764,2020
24,Lamp3_Perceptual_VA,0.825719001,Perceptual,,0.4632,1.782640331,5027
24,Lamp3_Adjusted_VA,0.434943975,Adjusted,,0.4632,0.938998218,5027
24,Lamp4_Perceptual_VA,1.027926119,Perceptual,,0.6806,1.510323419,3421
24,Lamp4_Adjusted_VA,0.682292823,Adjusted,,0.6806,1.002487251,3421
24,Lamp1a_Perceptual_VA,,Perceptual,,0.3491,,6670
24,Lamp1a_Adjusted_VA,,Adjusted,,0.3491,,6670
24,Lamp2a_Perceptual_VA,,Perceptual,,1.0349,,2250
24,Lamp2a_Adjusted_VA,,Adjusted,,1.0349,,2250
24,Lamp3a_Perceptual_VA,,Perceptual,,0.4762,,4890
24,Lamp3a_Adjusted_VA,,Adjusted,,0.4762,,4890
24,Lamp4a_Perceptual_VA,,Perceptual,,0.7209,,3230
24,Lamp4a_Adjusted_VA,,Adjusted,,0.7209,,3230
24,Moon1_Perceptual_VA,,Perceptual,,0.52,,6060
24,Moon1_Adjusted_VA,,Adjusted,,0.52,,6060
24,Moon2_Perceptual_VA,,Perceptual,,1.5149,,2080
24,Moon2_Adjusted_VA,,Adjusted,,1.5149,,2080
24,Moon3_Perceptual_VA,,Perceptual,,0.6676,,4720
24,Moon3_Adjusted_VA,,Adjusted,,0.6676,,4720
24,Moon4_Perceptual_VA,,Perceptual,,0.96,,3270
24,Moon4_Adjusted_VA,,Adjusted,,0.96,,3270
25,Stick1_Perceptual_VA,12.07536504,Perceptual,,2.363,5.110184106,6280
25,Stick1_Adjusted_VA,3.846053581,Adjusted,,2.363,1.627614719,6280
25,Stick2_Perceptual_VA,16.41443282,Perceptual,,7.339,2.236603464,2020
25,Stick2_Adjusted_VA,8.21421232,Adjusted,,7.339,1.119254983,2020
25,Stick3_Perceptual_VA,14.2500327,Perceptual,,2.952,4.827246849,5027
25,Stick3_Adjusted_VA,3.139871513,Adjusted,,2.952,1.063642111,5027
25,Stick4_Perceptual_VA,11.35572659,Perceptual,,4.337,2.618336774,3421
25,Stick4_Adjusted_VA,4.473537476,Adjusted,,4.337,1.03148201,3421
25,Lamp1_Perceptual_VA,1.586550972,Perceptual,,0.3708,4.278724304,6280
25,Lamp1_Adjusted_VA,0.667017959,Adjusted,,0.3708,1.798861811,6280
25,Lamp2_Perceptual_VA,2.688001144,Perceptual,,1.1527,2.331917363,2020
25,Lamp2_Adjusted_VA,1.213277051,Adjusted,,1.1527,1.052552312,2020
25,Lamp3_Perceptual_VA,2.093266771,Perceptual,,0.4632,4.519142423,5027
25,Lamp3_Adjusted_VA,0.630890973,Adjusted,,0.4632,1.362027144,5027
25,Lamp4_Perceptual_VA,2.974305058,Perceptual,,0.6806,4.370122037,3421
25,Lamp4_Adjusted_VA,0.987615502,Adjusted,,0.6806,1.45109536,3421
25,Lamp1a_Perceptual_VA,,Perceptual,,0.3491,,6670
25,Lamp1a_Adjusted_VA,,Adjusted,,0.3491,,6670
25,Lamp2a_Perceptual_VA,,Perceptual,,1.0349,,2250
25,Lamp2a_Adjusted_VA,,Adjusted,,1.0349,,2250
25,Lamp3a_Perceptual_VA,,Perceptual,,0.4762,,4890
25,Lamp3a_Adjusted_VA,,Adjusted,,0.4762,,4890
25,Lamp4a_Perceptual_VA,,Perceptual,,0.7209,,3230
25,Lamp4a_Adjusted_VA,,Adjusted,,0.7209,,3230
25,Moon1_Perceptual_VA,,Perceptual,,0.52,,6060
25,Moon1_Adjusted_VA,,Adjusted,,0.52,,6060
25,Moon2_Perceptual_VA,,Perceptual,,1.5149,,2080
25,Moon2_Adjusted_VA,,Adjusted,,1.5149,,2080
25,Moon3_Perceptual_VA,,Perceptual,,0.6676,,4720
25,Moon3_Adjusted_VA,,Adjusted,,0.6676,,4720
25,Moon4_Perceptual_VA,,Perceptual,,0.96,,3270
25,Moon4_Adjusted_VA,,Adjusted,,0.96,,3270
26,Stick1_Perceptual_VA,8.384323772,Perceptual,,2.363,3.54816918,6280
26,Stick1_Adjusted_VA,9.258919565,Adjusted,,2.363,3.918290125,6280
26,Stick2_Perceptual_VA,15.74787626,Perceptual,,7.339,2.14577957,2020
26,Stick2_Adjusted_VA,22.99769726,Adjusted,,7.339,3.133628187,2020
26,Stick3_Perceptual_VA,10.93818994,Perceptual,,2.952,3.705348896,5027
26,Stick3_Adjusted_VA,8.008345881,Adjusted,,2.952,2.712854296,5027
26,Stick4_Perceptual_VA,12.55459698,Perceptual,,4.337,2.894765271,3421
26,Stick4_Adjusted_VA,10.56964219,Adjusted,,4.337,2.437086047,3421
26,Lamp1_Perceptual_VA,2.620520242,Perceptual,,0.3708,7.067206693,6280
26,Lamp1_Adjusted_VA,4.107730029,Adjusted,,0.3708,11.07802057,6280
26,Lamp2_Perceptual_VA,4.629903725,Perceptual,,1.1527,4.016573025,2020
26,Lamp2_Adjusted_VA,6.10576503,Adjusted,,1.1527,5.296924637,2020
26,Lamp3_Perceptual_VA,2.973836505,Perceptual,,0.4632,6.420199709,5027
26,Lamp3_Adjusted_VA,1.986054806,Adjusted,,0.4632,4.287683087,5027
26,Lamp4_Perceptual_VA,4.021243695,Perceptual,,0.6806,5.908380392,3421
26,Lamp4_Adjusted_VA,2.661002958,Adjusted,,0.6806,3.909789829,3421
26,Lamp1a_Perceptual_VA,,Perceptual,,0.3491,,6670
26,Lamp1a_Adjusted_VA,,Adjusted,,0.3491,,6670
26,Lamp2a_Perceptual_VA,,Perceptual,,1.0349,,2250
26,Lamp2a_Adjusted_VA,,Adjusted,,1.0349,,2250
26,Lamp3a_Perceptual_VA,,Perceptual,,0.4762,,4890
26,Lamp3a_Adjusted_VA,,Adjusted,,0.4762,,4890
26,Lamp4a_Perceptual_VA,,Perceptual,,0.7209,,3230
26,Lamp4a_Adjusted_VA,,Adjusted,,0.7209,,3230
26,Moon1_Perceptual_VA,,Perceptual,,0.52,,6060
26,Moon1_Adjusted_VA,,Adjusted,,0.52,,6060
26,Moon2_Perceptual_VA,,Perceptual,,1.5149,,2080
26,Moon2_Adjusted_VA,,Adjusted,,1.5149,,2080
26,Moon3_Perceptual_VA,,Perceptual,,0.6676,,4720
26,Moon3_Adjusted_VA,,Adjusted,,0.6676,,4720
26,Moon4_Perceptual_VA,,Perceptual,,0.96,,3270
26,Moon4_Adjusted_VA,,Adjusted,,0.96,,3270
27,Stick1_Perceptual_VA,4.699255701,Perceptual,,2.363,1.988682057,6280
27,Stick1_Adjusted_VA,3.563921181,Adjusted,,2.363,1.508218866,6280
27,Stick2_Perceptual_VA,9.978725139,Perceptual,,7.339,1.359684581,2020
27,Stick2_Adjusted_VA,7.761237906,Adjusted,,7.339,1.057533439,2020
27,Stick3_Perceptual_VA,11.78125283,Perceptual,,2.952,3.990939306,5027
27,Stick3_Adjusted_VA,4.120542827,Adjusted,,2.952,1.395847841,5027
27,Stick4_Perceptual_VA,11.78125283,Perceptual,,4.337,2.716452117,3421
27,Stick4_Adjusted_VA,4.752822435,Adjusted,,4.337,1.095877896,3421
27,Lamp1_Perceptual_VA,1.482331925,Perceptual,,0.3708,3.997658914,6280
27,Lamp1_Adjusted_VA,1.108915955,Adjusted,,0.3708,2.990603977,6280
27,Lamp2_Perceptual_VA,2.218797309,Perceptual,,1.1527,1.924869705,2020
27,Lamp2_Adjusted_VA,1.241359995,Adjusted,,1.1527,1.076915065,2020
27,Lamp3_Perceptual_VA,1.727836999,Perceptual,,0.4632,3.730218046,5027
27,Lamp3_Adjusted_VA,0.58803047,Adjusted,,0.4632,1.269495834,5027
27,Lamp4_Perceptual_VA,1.955142418,Perceptual,,0.6806,2.872674725,3421
27,Lamp4_Adjusted_VA,0.722264504,Adjusted,,0.6806,1.061217315,3421
27,Lamp1a_Perceptual_VA,,Perceptual,,0.3491,,6670
27,Lamp1a_Adjusted_VA,,Adjusted,,0.3491,,6670
27,Lamp2a_Perceptual_VA,,Perceptual,,1.0349,,2250
27,Lamp2a_Adjusted_VA,,Adjusted,,1.0349,,2250
27,Lamp3a_Perceptual_VA,,Perceptual,,0.4762,,4890
27,Lamp3a_Adjusted_VA,,Adjusted,,0.4762,,4890
27,Lamp4a_Perceptual_VA,,Perceptual,,0.7209,,3230
27,Lamp4a_Adjusted_VA,,Adjusted,,0.7209,,3230
27,Moon1_Perceptual_VA,,Perceptual,,0.52,,6060
27,Moon1_Adjusted_VA,,Adjusted,,0.52,,6060
27,Moon2_Perceptual_VA,,Perceptual,,1.5149,,2080
27,Moon2_Adjusted_VA,,Adjusted,,1.5149,,2080
27,Moon3_Perceptual_VA,,Perceptual,,0.6676,,4720
27,Moon3_Adjusted_VA,,Adjusted,,0.6676,,4720
27,Moon4_Perceptual_VA,,Perceptual,,0.96,,3270
27,Moon4_Adjusted_VA,,Adjusted,,0.96,,3270
28,Stick1_Perceptual_VA,3.47943512,Perceptual,,2.363,1.472465138,6280
28,Stick1_Adjusted_VA,2.836925544,Adjusted,,2.363,1.200560958,6280
28,Stick2_Perceptual_VA,7.684906256,Perceptual,,7.339,1.047132614,2020
28,Stick2_Adjusted_VA,8.806173542,Adjusted,,7.339,1.19991464,2020
28,Stick3_Perceptual_VA,5.212882542,Perceptual,,2.952,1.76588162,5027
28,Stick3_Adjusted_VA,3.505302356,Adjusted,,2.952,1.187433047,5027
28,Stick4_Perceptual_VA,6.577505649,Perceptual,,4.337,1.51660264,3421
28,Stick4_Adjusted_VA,4.849704187,Adjusted,,4.337,1.118216322,3421
28,Lamp1_Perceptual_VA,0.838042729,Perceptual,,0.3708,2.260093661,6280
28,Lamp1_Adjusted_VA,0.79097342,Adjusted,,0.3708,2.133153777,6280
28,Lamp2_Perceptual_VA,2.086361999,Perceptual,,1.1527,1.809978311,2020
28,Lamp2_Adjusted_VA,1.538260032,Adjusted,,1.1527,1.334484282,2020
28,Lamp3_Perceptual_VA,1.624696813,Perceptual,,0.4632,3.507549252,5027
28,Lamp3_Adjusted_VA,0.779847182,Adjusted,,0.4632,1.683607905,5027
28,Lamp4_Perceptual_VA,1.838438161,Perceptual,,0.6806,2.701202118,3421
28,Lamp4_Adjusted_VA,0.971513854,Adjusted,,0.6806,1.42743734,3421
28,Lamp1a_Perceptual_VA,,Perceptual,,0.3491,,6670
28,Lamp1a_Adjusted_VA,,Adjusted,,0.3491,,6670
28,Lamp2a_Perceptual_VA,,Perceptual,,1.0349,,2250
28,Lamp2a_Adjusted_VA,,Adjusted,,1.0349,,2250
28,Lamp3a_Perceptual_VA,,Perceptual,,0.4762,,4890
28,Lamp3a_Adjusted_VA,,Adjusted,,0.4762,,4890
28,Lamp4a_Perceptual_VA,,Perceptual,,0.7209,,3230
28,Lamp4a_Adjusted_VA,,Adjusted,,0.7209,,3230
28,Moon1_Perceptual_VA,,Perceptual,,0.52,,6060
28,Moon1_Adjusted_VA,,Adjusted,,0.52,,6060
28,Moon2_Perceptual_VA,,Perceptual,,1.5149,,2080
28,Moon2_Adjusted_VA,,Adjusted,,1.5149,,2080
28,Moon3_Perceptual_VA,,Perceptual,,0.6676,,4720
28,Moon3_Adjusted_VA,,Adjusted,,0.6676,,4720
28,Moon4_Perceptual_VA,,Perceptual,,0.96,,3270
28,Moon4_Adjusted_VA,,Adjusted,,0.96,,3270
29,Stick1_Perceptual_VA,8.98516296,Perceptual,,2.363,3.802438832,6280
29,Stick1_Adjusted_VA,2.502522979,Adjusted,,2.363,1.059044849,6280
29,Stick2_Perceptual_VA,12.80870545,Perceptual,,7.339,1.745293017,2020
29,Stick2_Adjusted_VA,6.33427349,Adjusted,,7.339,0.863097628,2020
29,Stick3_Perceptual_VA,10.4942778,Perceptual,,2.952,3.554972156,5027
29,Stick3_Adjusted_VA,3.092289627,Adjusted,,2.952,1.047523586,5027
29,Stick4_Perceptual_VA,12.04601036,Perceptual,,4.337,2.777498354,3421
29,Stick4_Adjusted_VA,4.752822435,Adjusted,,4.337,1.095877896,3421
29,Lamp1_Perceptual_VA,1.68367317,Perceptual,,0.3708,4.540650404,6280
29,Lamp1_Adjusted_VA,0.502139573,Adjusted,,0.3708,1.354205967,6280
29,Lamp2_Perceptual_VA,2.513595268,Perceptual,,1.1527,2.18061531,2020
29,Lamp2_Adjusted_VA,1.314374945,Adjusted,,1.1527,1.140257608,2020
29,Lamp3_Perceptual_VA,1.905785916,Perceptual,,0.4632,4.11439101,5027
29,Lamp3_Adjusted_VA,0.475430336,Adjusted,,0.4632,1.026404007,5027
29,Lamp4_Perceptual_VA,2.221394781,Perceptual,,0.6806,3.26387714,3421
29,Lamp4_Adjusted_VA,0.720808364,Adjusted,,0.6806,1.05907782,3421
29,Lamp1a_Perceptual_VA,,Perceptual,,0.3491,,6670
29,Lamp1a_Adjusted_VA,,Adjusted,,0.3491,,6670
29,Lamp2a_Perceptual_VA,,Perceptual,,1.0349,,2250
29,Lamp2a_Adjusted_VA,,Adjusted,,1.0349,,2250
29,Lamp3a_Perceptual_VA,,Perceptual,,0.4762,,4890
29,Lamp3a_Adjusted_VA,,Adjusted,,0.4762,,4890
29,Lamp4a_Perceptual_VA,,Perceptual,,0.7209,,3230
29,Lamp4a_Adjusted_VA,,Adjusted,,0.7209,,3230
29,Moon1_Perceptual_VA,,Perceptual,,0.52,,6060
29,Moon1_Adjusted_VA,,Adjusted,,0.52,,6060
29,Moon2_Perceptual_VA,,Perceptual,,1.5149,,2080
29,Moon2_Adjusted_VA,,Adjusted,,1.5149,,2080
29,Moon3_Perceptual_VA,,Perceptual,,0.6676,,4720
29,Moon3_Adjusted_VA,,Adjusted,,0.6676,,4720
29,Moon4_Perceptual_VA,,Perceptual,,0.96,,3270
29,Moon4_Adjusted_VA,,Adjusted,,0.96,,3270
30,Stick1_Perceptual_VA,3.961379307,Perceptual,,2.363,1.676419512,6280
30,Stick1_Adjusted_VA,2.923426072,Adjusted,,2.363,1.237167191,6280
30,Stick2_Perceptual_VA,13.0732673,Perceptual,,7.339,1.781341776,2020
30,Stick2_Adjusted_VA,7.682473908,Adjusted,,7.339,1.046801187,2020
30,Stick3_Perceptual_VA,4.9506153,Perceptual,,2.952,1.677037703,5027
30,Stick3_Adjusted_VA,3.467996763,Adjusted,,2.952,1.174795651,5027
30,Stick4_Perceptual_VA,8.210253847,Perceptual,,4.337,1.893072134,3421
30,Stick4_Adjusted_VA,5.121725697,Adjusted,,4.337,1.180937444,3421
30,Lamp1_Perceptual_VA,0.620698208,Perceptual,,0.3708,1.673943386,6280
30,Lamp1_Adjusted_VA,0.667516095,Adjusted,,0.3708,1.800205217,6280
30,Lamp2_Perceptual_VA,1.945482238,Perceptual,,1.1527,1.687761116,2020
30,Lamp2_Adjusted_VA,1.396515484,Adjusted,,1.1527,1.21151686,2020
30,Lamp3_Perceptual_VA,0.584889337,Perceptual,,0.4632,1.262714457,5027
30,Lamp3_Adjusted_VA,0.616417613,Adjusted,,0.4632,1.330780685,5027
30,Lamp4_Perceptual_VA,1.145877395,Perceptual,,0.6806,1.683628262,3421
30,Lamp4_Adjusted_VA,0.882761955,Adjusted,,0.6806,1.297034903,3421
30,Lamp1a_Perceptual_VA,,Perceptual,,0.3491,,6670
30,Lamp1a_Adjusted_VA,,Adjusted,,0.3491,,6670
30,Lamp2a_Perceptual_VA,,Perceptual,,1.0349,,2250
30,Lamp2a_Adjusted_VA,,Adjusted,,1.0349,,2250
30,Lamp3a_Perceptual_VA,,Perceptual,,0.4762,,4890
30,Lamp3a_Adjusted_VA,,Adjusted,,0.4762,,4890
30,Lamp4a_Perceptual_VA,,Perceptual,,0.7209,,3230
30,Lamp4a_Adjusted_VA,,Adjusted,,0.7209,,3230
30,Moon1_Perceptual_VA,,Perceptual,,0.52,,6060
30,Moon1_Adjusted_VA,,Adjusted,,0.52,,6060
30,Moon2_Perceptual_VA,,Perceptual,,1.5149,,2080
30,Moon2_Adjusted_VA,,Adjusted,,1.5149,,2080
30,Moon3_Perceptual_VA,,Perceptual,,0.6676,,4720
30,Moon3_Adjusted_VA,,Adjusted,,0.6676,,4720
30,Moon4_Perceptual_VA,,Perceptual,,0.96,,3270
30,Moon4_Adjusted_VA,,Adjusted,,0.96,,3270
31,Stick1_Perceptual_VA,,Perceptual,,2.363,,6280
31,Stick1_Adjusted_VA,,Adjusted,,2.363,,6280
31,Stick2_Perceptual_VA,,Perceptual,,7.339,,2020
31,Stick2_Adjusted_VA,,Adjusted,,7.339,,2020
31,Stick3_Perceptual_VA,,Perceptual,,2.952,,5027
31,Stick3_Adjusted_VA,,Adjusted,,2.952,,5027
31,Stick4_Perceptual_VA,,Perceptual,,4.337,,3421
31,Stick4_Adjusted_VA,,Adjusted,,4.337,,3421
31,Lamp1_Perceptual_VA,,Perceptual,,0.3708,,6280
31,Lamp1_Adjusted_VA,,Adjusted,,0.3708,,6280
31,Lamp2_Perceptual_VA,,Perceptual,,1.1527,,2020
31,Lamp2_Adjusted_VA,,Adjusted,,1.1527,,2020
31,Lamp3_Perceptual_VA,,Perceptual,,0.4632,,5027
31,Lamp3_Adjusted_VA,,Adjusted,,0.4632,,5027
31,Lamp4_Perceptual_VA,,Perceptual,,0.6806,,3421
31,Lamp4_Adjusted_VA,,Adjusted,,0.6806,,3421
31,Lamp1a_Perceptual_VA,,Perceptual,,0.3491,,6670
31,Lamp1a_Adjusted_VA,,Adjusted,,0.3491,,6670
31,Lamp2a_Perceptual_VA,,Perceptual,,1.0349,,2250
31,Lamp2a_Adjusted_VA,,Adjusted,,1.0349,,2250
31,Lamp3a_Perceptual_VA,,Perceptual,,0.4762,,4890
31,Lamp3a_Adjusted_VA,,Adjusted,,0.4762,,4890
31,Lamp4a_Perceptual_VA,,Perceptual,,0.7209,,3230
31,Lamp4a_Adjusted_VA,,Adjusted,,0.7209,,3230
31,Moon1_Perceptual_VA,0.513682858,Perceptual,,0.52,0.987851651,6060
31,Moon1_Adjusted_VA,0.390651529,Adjusted,,0.52,0.75125294,6060
31,Moon2_Perceptual_VA,0.968078071,Perceptual,,1.5149,0.639037607,2080
31,Moon2_Adjusted_VA,1.1697482,Adjusted,,1.5149,0.772161991,2080
31,Moon3_Perceptual_VA,0.642101154,Perceptual,,0.6676,0.961805203,4720
31,Moon3_Adjusted_VA,0.510449932,Adjusted,,0.6676,0.764604452,4720
31,Moon4_Perceptual_VA,0.770517836,Perceptual,,0.96,0.802622746,3270
31,Moon4_Adjusted_VA,0.723726539,Adjusted,,0.96,0.753881812,3270
32,Stick1a_Perceptual_VA,3.521520416,Perceptual,,2.225236077,1.582537894,6670
32,Stick1a_Adjusted_VA,2.291525676,Adjusted,,2.225236077,1.029789918,6670
32,Stick2a_Perceptual_VA,7.300623346,Perceptual,,6.590143026,1.107809545,2250
32,Stick2a_Adjusted_VA,7.347896956,Adjusted,,6.590143026,1.114982926,2250
32,Stick3a_Perceptual_VA,5.481355953,Perceptual,,3.034911994,1.806100461,4890
32,Stick3a_Adjusted_VA,3.392253927,Adjusted,,3.034911994,1.117743755,4890
32,Stick4a_Perceptual_VA,5.481355953,Perceptual,,4.593263035,1.193346845,3230
32,Stick4a_Adjusted_VA,5.055812321,Adjusted,,4.593263035,1.100701676,3230
32,Stick4_Adjusted_VA,5.055812321,Adjusted,,4.593263035,1.100701676,3230
32,Lamp1_Adjusted_VA,,Adjusted,,0.3708,,6280
32,Lamp2_Perceptual_VA,,Perceptual,,1.1527,,2020
32,Lamp2_Adjusted_VA,,Adjusted,,1.1527,,2020
32,Lamp3_Perceptual_VA,,Perceptual,,0.4632,,5027
32,Lamp3_Adjusted_VA,,Adjusted,,0.4632,,5027
32,Lamp4_Perceptual_VA,,Perceptual,,0.6806,,3421
32,Lamp4_Adjusted_VA,,Adjusted,,0.6806,,3421
32,Lamp1a_Perceptual_VA,0.551732873,Perceptual,,0.3491,1.580443634,6670
32,Lamp1a_Adjusted_VA,0.452332752,Adjusted,,0.3491,1.29571112,6670
32,Lamp2a_Perceptual_VA,2.015754671,Perceptual,,1.0349,1.947777246,2250
32,Lamp2a_Adjusted_VA,1.145877395,Adjusted,,1.0349,1.107234897,2250
32,Lamp3a_Perceptual_VA,0.551732873,Perceptual,,0.4762,1.15861586,4890
32,Lamp3a_Adjusted_VA,0.562142761,Adjusted,,0.4762,1.180476189,4890
32,Lamp4a_Perceptual_VA,0.827591315,Perceptual,,0.7209,1.147997385,3230
32,Lamp4a_Adjusted_VA,0.677124059,Adjusted,,0.7209,0.939275987,3230
32,Moon1_Perceptual_VA,,Perceptual,,0.52,,6060
32,Moon1_Adjusted_VA,,Adjusted,,0.52,,6060
32,Moon2_Perceptual_VA,,Perceptual,,1.5149,,2080
32,Moon2_Adjusted_VA,,Adjusted,,1.5149,,2080
32,Moon3_Perceptual_VA,,Perceptual,,0.6676,,4720
32,Moon3_Adjusted_VA,,Adjusted,,0.6676,,4720
32,Moon4_Perceptual_VA,,Perceptual,,0.96,,3270
32,Moon4_Adjusted_VA,,Adjusted,,0.96,,3270
33,Stick1_Perceptual_VA,,Perceptual,,2.363,,6280
33,Stick1_Adjusted_VA,,Adjusted,,2.363,,6280
33,Stick2_Perceptual_VA,,Perceptual,,7.339,,2020
33,Stick2_Adjusted_VA,,Adjusted,,7.339,,2020
33,Stick3_Perceptual_VA,,Perceptual,,2.952,,5027
33,Stick3_Adjusted_VA,,Adjusted,,2.952,,5027
33,Stick4_Perceptual_VA,,Perceptual,,4.337,,3421
33,Stick4_Adjusted_VA,,Adjusted,,4.337,,3421
33,Lamp1_Perceptual_VA,,Perceptual,,0.3708,,6280
33,Lamp1_Adjusted_VA,,Adjusted,,0.3708,,6280
33,Lamp2_Perceptual_VA,,Perceptual,,1.1527,,2020
33,Lamp2_Adjusted_VA,,Adjusted,,1.1527,,2020
33,Lamp3_Perceptual_VA,,Perceptual,,0.4632,,5027
33,Lamp3_Adjusted_VA,,Adjusted,,0.4632,,5027
33,Lamp4_Perceptual_VA,,Perceptual,,0.6806,,3421
33,Lamp4_Adjusted_VA,,Adjusted,,0.6806,,3421
33,Lamp1a_Perceptual_VA,,Perceptual,,0.3491,,6670
33,Lamp1a_Adjusted_VA,,Adjusted,,0.3491,,6670
33,Lamp2a_Perceptual_VA,,Perceptual,,1.0349,,2250
33,Lamp2a_Adjusted_VA,,Adjusted,,1.0349,,2250
33,Lamp3a_Perceptual_VA,,Perceptual,,0.4762,,4890
33,Lamp3a_Adjusted_VA,,Adjusted,,0.4762,,4890
33,Lamp4a_Perceptual_VA,,Perceptual,,0.7209,,3230
33,Lamp4a_Adjusted_VA,,Adjusted,,0.7209,,3230
33,Moon1_Perceptual_VA,1.23138428,Perceptual,,0.52,2.368046691,6060
33,Moon1_Adjusted_VA,0.375550824,Adjusted,,0.52,0.722213122,6060
33,Moon2_Perceptual_VA,1.838438161,Perceptual,,1.5149,1.213570639,2080
33,Moon2_Adjusted_VA,0.959804288,Adjusted,,1.5149,0.633576004,2080
33,Moon3_Perceptual_VA,1.393843503,Perceptual,,0.6676,2.087842275,4720
33,Moon3_Adjusted_VA,0.690195639,Adjusted,,0.6676,1.033846073,4720
33,Moon4_Perceptual_VA,1.624696813,Perceptual,,0.96,1.692392514,3270
33,Moon4_Adjusted_VA,0.839739904,Adjusted,,0.96,0.874729067,3270
34,Stick1_Perceptual_VA,,Perceptual,,2.363,,6280
34,Stick1_Adjusted_VA,,Adjusted,,2.363,,6280
34,Stick2_Perceptual_VA,,Perceptual,,7.339,,2020
34,Stick2_Adjusted_VA,,Adjusted,,7.339,,2020
34,Stick3_Perceptual_VA,,Perceptual,,2.952,,5027
34,Stick3_Adjusted_VA,,Adjusted,,2.952,,5027
34,Stick4_Perceptual_VA,,Perceptual,,4.337,,3421
34,Stick4_Adjusted_VA,,Adjusted,,4.337,,3421
34,Lamp1_Perceptual_VA,,Perceptual,,0.3708,,6280
34,Lamp1_Adjusted_VA,,Adjusted,,0.3708,,6280
34,Lamp2_Perceptual_VA,,Perceptual,,1.1527,,2020
34,Lamp2_Adjusted_VA,,Adjusted,,1.1527,,2020
34,Lamp3_Perceptual_VA,,Perceptual,,0.4632,,5027
34,Lamp3_Adjusted_VA,,Adjusted,,0.4632,,5027
34,Lamp4_Perceptual_VA,,Perceptual,,0.6806,,3421
34,Lamp4_Adjusted_VA,,Adjusted,,0.6806,,3421
34,Lamp1a_Perceptual_VA,,Perceptual,,0.3491,,6670
34,Lamp1a_Adjusted_VA,,Adjusted,,0.3491,,6670
34,Lamp2a_Perceptual_VA,,Perceptual,,1.0349,,2250
34,Lamp2a_Adjusted_VA,,Adjusted,,1.0349,,2250
34,Lamp3a_Perceptual_VA,,Perceptual,,0.4762,,4890
34,Lamp3a_Adjusted_VA,,Adjusted,,0.4762,,4890
34,Lamp4a_Perceptual_VA,,Perceptual,,0.7209,,3230
34,Lamp4a_Adjusted_VA,,Adjusted,,0.7209,,3230
34,Moon1_Perceptual_VA,0.572953021,Perceptual,,0.52,1.101832732,6060
34,Moon1_Adjusted_VA,0.312521659,Adjusted,,0.52,0.60100319,6060
34,Moon2_Perceptual_VA,1.057738196,Perceptual,,1.5149,0.698223114,2080
34,Moon2_Adjusted_VA,1.044349851,Adjusted,,1.5149,0.689385339,2080
34,Moon3_Perceptual_VA,0.716187919,Perceptual,,0.6676,1.072779986,4720
34,Moon3_Adjusted_VA,0.458363792,Adjusted,,0.6676,0.686584469,4720
34,Moon4_Perceptual_VA,0.859420579,Perceptual,,0.96,0.89522977,3270
34,Moon4_Adjusted_VA,0.69287075,Adjusted,,0.96,0.721740365,3270
35,Stick1_Perceptual_VA,,Perceptual,,2.363,,6280
35,Stick1_Adjusted_VA,,Adjusted,,2.363,,6280
35,Stick2_Perceptual_VA,,Perceptual,,7.339,,2020
35,Stick2_Adjusted_VA,,Adjusted,,7.339,,2020
35,Stick3_Perceptual_VA,,Perceptual,,2.952,,5027
35,Stick3_Adjusted_VA,,Adjusted,,2.952,,5027
35,Stick4_Perceptual_VA,,Perceptual,,4.337,,3421
35,Stick4_Adjusted_VA,,Adjusted,,4.337,,3421
35,Lamp1_Perceptual_VA,,Perceptual,,0.3708,,6280
35,Lamp1_Adjusted_VA,,Adjusted,,0.3708,,6280
35,Lamp2_Perceptual_VA,,Perceptual,,1.1527,,2020
35,Lamp2_Adjusted_VA,,Adjusted,,1.1527,,2020
35,Lamp3_Perceptual_VA,,Perceptual,,0.4632,,5027
35,Lamp3_Adjusted_VA,,Adjusted,,0.4632,,5027
35,Lamp4_Perceptual_VA,,Perceptual,,0.6806,,3421
35,Lamp4_Adjusted_VA,,Adjusted,,0.6806,,3421
35,Lamp1a_Perceptual_VA,,Perceptual,,0.3491,,6670
35,Lamp1a_Adjusted_VA,,Adjusted,,0.3491,,6670
35,Lamp2a_Perceptual_VA,,Perceptual,,1.0349,,2250
35,Lamp2a_Adjusted_VA,,Adjusted,,1.0349,,2250
35,Lamp3a_Perceptual_VA,,Perceptual,,0.4762,,4890
35,Lamp3a_Adjusted_VA,,Adjusted,,0.4762,,4890
35,Lamp4a_Perceptual_VA,,Perceptual,,0.7209,,3230
35,Lamp4a_Adjusted_VA,,Adjusted,,0.7209,,3230
35,Moon1_Perceptual_VA,0.711248819,Perceptual,,0.52,1.36778619,6060
35,Moon1_Adjusted_VA,0.337033025,Adjusted,,0.52,0.648140433,6060
35,Moon2_Perceptual_VA,1.610103009,Perceptual,,1.5149,1.062844418,2080
35,Moon2_Adjusted_VA,1.068006907,Adjusted,,1.5149,0.705001589,2080
35,Moon3_Perceptual_VA,0.770517836,Perceptual,,0.6676,1.154160929,4720
35,Moon3_Adjusted_VA,0.504976483,Adjusted,,0.6676,0.756405756,4720
35,Moon4_Perceptual_VA,1.205142653,Perceptual,,0.96,1.25535693,3270
35,Moon4_Adjusted_VA,0.660040081,Adjusted,,0.96,0.687541751,3270
36,Stick1_Perceptual_VA,,Perceptual,,2.363,,6280
36,Stick1_Adjusted_VA,,Adjusted,,2.363,,6280
36,Stick2_Perceptual_VA,,Perceptual,,7.339,,2020
36,Stick2_Adjusted_VA,,Adjusted,,7.339,,2020
36,Stick3_Perceptual_VA,,Perceptual,,2.952,,5027
36,Stick3_Adjusted_VA,,Adjusted,,2.952,,5027
36,Stick4_Perceptual_VA,,Perceptual,,4.337,,3421
36,Stick4_Adjusted_VA,,Adjusted,,4.337,,3421
36,Lamp1_Perceptual_VA,,Perceptual,,0.3708,,6280
36,Lamp1_Adjusted_VA,,Adjusted,,0.3708,,6280
36,Lamp2_Perceptual_VA,,Perceptual,,1.1527,,2020
36,Lamp2_Adjusted_VA,,Adjusted,,1.1527,,2020
36,Lamp3_Perceptual_VA,,Perceptual,,0.4632,,5027
36,Lamp3_Adjusted_VA,,Adjusted,,0.4632,,5027
36,Lamp4_Perceptual_VA,,Perceptual,,0.6806,,3421
36,Lamp4_Adjusted_VA,,Adjusted,,0.6806,,3421
36,Lamp1a_Perceptual_VA,,Perceptual,,0.3491,,6670
36,Lamp1a_Adjusted_VA,,Adjusted,,0.3491,,6670
36,Lamp2a_Perceptual_VA,,Perceptual,,1.0349,,2250
36,Lamp2a_Adjusted_VA,,Adjusted,,1.0349,,2250
36,Lamp3a_Perceptual_VA,,Perceptual,,0.4762,,4890
36,Lamp3a_Adjusted_VA,,Adjusted,,0.4762,,4890
36,Lamp4a_Perceptual_VA,,Perceptual,,0.7209,,3230
36,Lamp4a_Adjusted_VA,,Adjusted,,0.7209,,3230
36,Moon1_Perceptual_VA,0.572953021,Perceptual,,0.52,1.101832732,6060
36,Moon1_Adjusted_VA,0.377773002,Adjusted,,0.52,0.726486542,6060
36,Moon2_Perceptual_VA,2.148339997,Perceptual,,1.5149,1.418139809,2080
36,Moon2_Adjusted_VA,1.105572697,Adjusted,,1.5149,0.729799127,2080
36,Moon3_Perceptual_VA,0.76393241,Perceptual,,0.6676,1.144296599,4720
36,Moon3_Adjusted_VA,0.465585033,Adjusted,,0.6676,0.697401188,4720
36,Moon4_Perceptual_VA,1.511884227,Perceptual,,0.96,1.574879403,3270
36,Moon4_Adjusted_VA,0.687541104,Adjusted,,0.96,0.71618865,3270
37,Stick1_Perceptual_VA,,Perceptual,,2.363,,6280
37,Stick1_Adjusted_VA,,Adjusted,,2.363,,6280
37,Stick2_Perceptual_VA,,Perceptual,,7.339,,2020
37,Stick2_Adjusted_VA,,Adjusted,,7.339,,2020
37,Stick3_Perceptual_VA,,Perceptual,,2.952,,5027
37,Stick3_Adjusted_VA,,Adjusted,,2.952,,5027
37,Stick4_Perceptual_VA,,Perceptual,,4.337,,3421
37,Stick4_Adjusted_VA,,Adjusted,,4.337,,3421
37,Lamp1_Perceptual_VA,,Perceptual,,0.3708,,6280
37,Lamp1_Adjusted_VA,,Adjusted,,0.3708,,6280
37,Lamp2_Perceptual_VA,,Perceptual,,1.1527,,2020
37,Lamp2_Adjusted_VA,,Adjusted,,1.1527,,2020
37,Lamp3_Perceptual_VA,,Perceptual,,0.4632,,5027
37,Lamp3_Adjusted_VA,,Adjusted,,0.4632,,5027
37,Lamp4_Perceptual_VA,,Perceptual,,0.6806,,3421
37,Lamp4_Adjusted_VA,,Adjusted,,0.6806,,3421
37,Lamp1a_Perceptual_VA,,Perceptual,,0.3491,,6670
37,Lamp1a_Adjusted_VA,,Adjusted,,0.3491,,6670
37,Lamp2a_Perceptual_VA,,Perceptual,,1.0349,,2250
37,Lamp2a_Adjusted_VA,,Adjusted,,1.0349,,2250
37,Lamp3a_Perceptual_VA,,Perceptual,,0.4762,,4890
37,Lamp3a_Adjusted_VA,,Adjusted,,0.4762,,4890
37,Lamp4a_Perceptual_VA,,Perceptual,,0.7209,,3230
37,Lamp4a_Adjusted_VA,,Adjusted,,0.7209,,3230
37,Moon1_Perceptual_VA,0.943673859,Perceptual,,0.52,1.814757421,6060
37,Moon1_Adjusted_VA,0.438142061,Adjusted,,0.52,0.842580887,6060
37,Moon2_Perceptual_VA,2.599530536,Perceptual,,1.5149,1.715975006,2080
37,Moon2_Adjusted_VA,1.242633085,Adjusted,,1.5149,0.820274002,2080
37,Moon3_Perceptual_VA,1.174763062,Perceptual,,0.6676,1.759681039,4720
37,Moon3_Adjusted_VA,0.568579405,Adjusted,,0.6676,0.851676761,4720
37,Moon4_Perceptual_VA,1.569517319,Perceptual,,0.96,1.634913874,3270
37,Moon4_Adjusted_VA,0.726115012,Adjusted,,0.96,0.756369804,3270
38,Stick1_Perceptual_VA,,Perceptual,,2.363,,6280
38,Stick1_Adjusted_VA,,Adjusted,,2.363,,6280
38,Stick2_Perceptual_VA,,Perceptual,,7.339,,2020
38,Stick2_Adjusted_VA,,Adjusted,,7.339,,2020
38,Stick3_Perceptual_VA,,Perceptual,,2.952,,5027
38,Stick3_Adjusted_VA,,Adjusted,,2.952,,5027
38,Stick4_Perceptual_VA,,Perceptual,,4.337,,3421
38,Stick4_Adjusted_VA,,Adjusted,,4.337,,3421
38,Lamp1_Perceptual_VA,,Perceptual,,0.3708,,6280
38,Lamp1_Adjusted_VA,,Adjusted,,0.3708,,6280
38,Lamp2_Perceptual_VA,,Perceptual,,1.1527,,2020
38,Lamp2_Adjusted_VA,,Adjusted,,1.1527,,2020
38,Lamp3_Perceptual_VA,,Perceptual,,0.4632,,5027
38,Lamp3_Adjusted_VA,,Adjusted,,0.4632,,5027
38,Lamp4_Perceptual_VA,,Perceptual,,0.6806,,3421
38,Lamp4_Adjusted_VA,,Adjusted,,0.6806,,3421
38,Lamp1a_Perceptual_VA,,Perceptual,,0.3491,,6670
38,Lamp1a_Adjusted_VA,,Adjusted,,0.3491,,6670
38,Lamp2a_Perceptual_VA,,Perceptual,,1.0349,,2250
38,Lamp2a_Adjusted_VA,,Adjusted,,1.0349,,2250
38,Lamp3a_Perceptual_VA,,Perceptual,,0.4762,,4890
38,Lamp3a_Adjusted_VA,,Adjusted,,0.4762,,4890
38,Lamp4a_Perceptual_VA,,Perceptual,,0.7209,,3230
38,Lamp4a_Adjusted_VA,,Adjusted,,0.7209,,3230
38,Moon1_Perceptual_VA,0.769164667,Perceptual,,0.52,1.47916282,6060
38,Moon1_Adjusted_VA,0.496898336,Adjusted,,0.52,0.955573724,6060
38,Moon2_Perceptual_VA,1.687356474,Perceptual,,1.5149,1.11384017,2080
38,Moon2_Adjusted_VA,1.18206047,Adjusted,,1.5149,0.780289438,2080
38,Moon3_Perceptual_VA,0.957523618,Perceptual,,0.6676,1.434277439,4720
38,Moon3_Adjusted_VA,0.513682858,Adjusted,,0.6676,0.769447062,4720
38,Moon4_Perceptual_VA,1.279290968,Perceptual,,0.96,1.332594758,3270
38,Moon4_Adjusted_VA,0.703781829,Adjusted,,0.96,0.733106071,3270
39,Stick1_Perceptual_VA,,Perceptual,,2.363,,6280
39,Stick1_Adjusted_VA,,Adjusted,,2.363,,6280
39,Stick2_Perceptual_VA,,Perceptual,,7.339,,2020
39,Stick2_Adjusted_VA,,Adjusted,,7.339,,2020
39,Stick3_Perceptual_VA,,Perceptual,,2.952,,5027
39,Stick3_Adjusted_VA,,Adjusted,,2.952,,5027
39,Stick4_Perceptual_VA,,Perceptual,,4.337,,3421
39,Stick4_Adjusted_VA,,Adjusted,,4.337,,3421
39,Lamp1_Perceptual_VA,,Perceptual,,0.3708,,6280
39,Lamp1_Adjusted_VA,,Adjusted,,0.3708,,6280
39,Lamp2_Perceptual_VA,,Perceptual,,1.1527,,2020
39,Lamp2_Adjusted_VA,,Adjusted,,1.1527,,2020
39,Lamp3_Perceptual_VA,,Perceptual,,0.4632,,5027
39,Lamp3_Adjusted_VA,,Adjusted,,0.4632,,5027
39,Lamp4_Perceptual_VA,,Perceptual,,0.6806,,3421
39,Lamp4_Adjusted_VA,,Adjusted,,0.6806,,3421
39,Lamp1a_Perceptual_VA,,Perceptual,,0.3491,,6670
39,Lamp1a_Adjusted_VA,,Adjusted,,0.3491,,6670
39,Lamp2a_Perceptual_VA,,Perceptual,,1.0349,,2250
39,Lamp2a_Adjusted_VA,,Adjusted,,1.0349,,2250
39,Lamp3a_Perceptual_VA,,Perceptual,,0.4762,,4890
39,Lamp3a_Adjusted_VA,,Adjusted,,0.4762,,4890
39,Lamp4a_Perceptual_VA,,Perceptual,,0.7209,,3230
39,Lamp4a_Adjusted_VA,,Adjusted,,0.7209,,3230
39,Moon1_Perceptual_VA,2.134301817,Perceptual,,0.52,4.10442657,6060
39,Moon1_Adjusted_VA,0.636613223,Adjusted,,0.52,1.224256198,6060
39,Moon2_Perceptual_VA,3.706081262,Perceptual,,1.5149,2.446419738,2080
39,Moon2_Adjusted_VA,1.330020869,Adjusted,,1.5149,0.877959515,2080
39,Moon3_Perceptual_VA,2.134301817,Perceptual,,0.6676,3.196976957,4720
39,Moon3_Adjusted_VA,0.572953021,Adjusted,,0.6676,0.858228012,4720
39,Moon4_Perceptual_VA,3.032597801,Perceptual,,0.96,3.158956043,3270
39,Moon4_Adjusted_VA,0.93103593,Adjusted,,0.96,0.969829094,3270
40,Stick1_Perceptual_VA,,Perceptual,,2.363,,6280
40,Stick1_Adjusted_VA,,Adjusted,,2.363,,6280
40,Stick2_Perceptual_VA,,Perceptual,,7.339,,2020
40,Stick2_Adjusted_VA,,Adjusted,,7.339,,2020
40,Stick3_Perceptual_VA,,Perceptual,,2.952,,5027
40,Stick3_Adjusted_VA,,Adjusted,,2.952,,5027
40,Stick4_Perceptual_VA,,Perceptual,,4.337,,3421
40,Stick4_Adjusted_VA,,Adjusted,,4.337,,3421
40,Lamp1_Perceptual_VA,,Perceptual,,0.3708,,6280
40,Lamp1_Adjusted_VA,,Adjusted,,0.3708,,6280
40,Lamp2_Perceptual_VA,,Perceptual,,1.1527,,2020
40,Lamp2_Adjusted_VA,,Adjusted,,1.1527,,2020
40,Lamp3_Perceptual_VA,,Perceptual,,0.4632,,5027
40,Lamp3_Adjusted_VA,,Adjusted,,0.4632,,5027
40,Lamp4_Perceptual_VA,,Perceptual,,0.6806,,3421
40,Lamp4_Adjusted_VA,,Adjusted,,0.6806,,3421
40,Lamp1a_Perceptual_VA,,Perceptual,,0.3491,,6670
40,Lamp1a_Adjusted_VA,,Adjusted,,0.3491,,6670
40,Lamp2a_Perceptual_VA,,Perceptual,,1.0349,,2250
40,Lamp2a_Adjusted_VA,,Adjusted,,1.0349,,2250
40,Lamp3a_Perceptual_VA,,Perceptual,,0.4762,,4890
40,Lamp3a_Adjusted_VA,,Adjusted,,0.4762,,4890
40,Lamp4a_Perceptual_VA,,Perceptual,,0.7209,,3230
40,Lamp4a_Adjusted_VA,,Adjusted,,0.7209,,3230
40,Moon1_Perceptual_VA,0.91972829,Perceptual,,0.52,1.768708249,6060
40,Moon1_Adjusted_VA,0.412369228,Adjusted,,0.52,0.793017747,6060
40,Moon2_Perceptual_VA,2.035293909,Perceptual,,1.5149,1.343517004,2080
40,Moon2_Adjusted_VA,1.13018147,Adjusted,,1.5149,0.746043613,2080
40,Moon3_Perceptual_VA,1.085571767,Perceptual,,0.6676,1.626081137,4720
40,Moon3_Adjusted_VA,0.670772196,Adjusted,,0.6676,1.004751642,4720
40,Moon4_Perceptual_VA,1.432319891,Perceptual,,0.96,1.491999886,3270
40,Moon4_Adjusted_VA,0.798035456,Adjusted,,0.96,0.831286933,3270
41,Stick1_Perceptual_VA,,Perceptual,,2.363,,6280
41,Stick1_Adjusted_VA,,Adjusted,,2.363,,6280
41,Stick2_Perceptual_VA,,Perceptual,,7.339,,2020
41,Stick2_Adjusted_VA,,Adjusted,,7.339,,2020
41,Stick3_Perceptual_VA,,Perceptual,,2.952,,5027
41,Stick3_Adjusted_VA,,Adjusted,,2.952,,5027
41,Stick4_Perceptual_VA,,Perceptual,,4.337,,3421
41,Stick4_Adjusted_VA,,Adjusted,,4.337,,3421
41,Lamp1_Perceptual_VA,,Perceptual,,0.3708,,6280
41,Lamp1_Adjusted_VA,,Adjusted,,0.3708,,6280
41,Lamp2_Perceptual_VA,,Perceptual,,1.1527,,2020
41,Lamp2_Adjusted_VA,,Adjusted,,1.1527,,2020
41,Lamp3_Perceptual_VA,,Perceptual,,0.4632,,5027
41,Lamp3_Adjusted_VA,,Adjusted,,0.4632,,5027
41,Lamp4_Perceptual_VA,,Perceptual,,0.6806,,3421
41,Lamp4_Adjusted_VA,,Adjusted,,0.6806,,3421
41,Lamp1a_Perceptual_VA,,Perceptual,,0.3491,,6670
41,Lamp1a_Adjusted_VA,,Adjusted,,0.3491,,6670
41,Lamp2a_Perceptual_VA,,Perceptual,,1.0349,,2250
41,Lamp2a_Adjusted_VA,,Adjusted,,1.0349,,2250
41,Lamp3a_Perceptual_VA,,Perceptual,,0.4762,,4890
41,Lamp3a_Adjusted_VA,,Adjusted,,0.4762,,4890
41,Lamp4a_Perceptual_VA,,Perceptual,,0.7209,,3230
41,Lamp4a_Adjusted_VA,,Adjusted,,0.7209,,3230
41,Moon1_Perceptual_VA,0.743286175,Perceptual,,0.52,1.42939649,6060
41,Moon1_Adjusted_VA,0.431919985,Adjusted,,0.52,0.830615355,6060
41,Moon2_Perceptual_VA,1.664557589,Perceptual,,1.5149,1.098790408,2080
41,Moon2_Adjusted_VA,1.136561932,Adjusted,,1.5149,0.750255418,2080
41,Moon3_Perceptual_VA,0.9445847,Perceptual,,0.6676,1.414896195,4720
41,Moon3_Adjusted_VA,0.608031138,Adjusted,,0.6676,0.910771626,4720
41,Moon4_Perceptual_VA,1.471027043,Perceptual,,0.96,1.532319836,3270
41,Moon4_Adjusted_VA,0.791411134,Adjusted,,0.96,0.824386598,3270
42,Stick1_Perceptual_VA,,Perceptual,,2.363,,6280
42,Stick1_Adjusted_VA,,Adjusted,,2.363,,6280
42,Stick2_Perceptual_VA,,Perceptual,,7.339,,2020
42,Stick2_Adjusted_VA,,Adjusted,,7.339,,2020
42,Stick3_Perceptual_VA,,Perceptual,,2.952,,5027
42,Stick3_Adjusted_VA,,Adjusted,,2.952,,5027
42,Stick4_Perceptual_VA,,Perceptual,,4.337,,3421
42,Stick4_Adjusted_VA,,Adjusted,,4.337,,3421
42,Lamp1_Perceptual_VA,,Perceptual,,0.3708,,6280
42,Lamp1_Adjusted_VA,,Adjusted,,0.3708,,6280
42,Lamp2_Perceptual_VA,,Perceptual,,1.1527,,2020
42,Lamp2_Adjusted_VA,,Adjusted,,1.1527,,2020
42,Lamp3_Perceptual_VA,,Perceptual,,0.4632,,5027
42,Lamp3_Adjusted_VA,,Adjusted,,0.4632,,5027
42,Lamp4_Perceptual_VA,,Perceptual,,0.6806,,3421
42,Lamp4_Adjusted_VA,,Adjusted,,0.6806,,3421
42,Lamp1a_Perceptual_VA,,Perceptual,,0.3491,,6670
42,Lamp1a_Adjusted_VA,,Adjusted,,0.3491,,6670
42,Lamp2a_Perceptual_VA,,Perceptual,,1.0349,,2250
42,Lamp2a_Adjusted_VA,,Adjusted,,1.0349,,2250
42,Lamp3a_Perceptual_VA,,Perceptual,,0.4762,,4890
42,Lamp3a_Adjusted_VA,,Adjusted,,0.4762,,4890
42,Lamp4a_Perceptual_VA,,Perceptual,,0.7209,,3230
42,Lamp4a_Adjusted_VA,,Adjusted,,0.7209,,3230
42,Moon1_Perceptual_VA,0.9445847,Perceptual,,0.52,1.816509038,6060
42,Moon1_Adjusted_VA,0.69331862,Adjusted,,0.52,1.333305038,6060
42,Moon2_Perceptual_VA,1.471027043,Perceptual,,1.5149,0.971039041,2080
42,Moon2_Adjusted_VA,1.31882575,Adjusted,,1.5149,0.870569509,2080
42,Moon3_Perceptual_VA,1.114909718,Perceptual,,0.6676,1.670026539,4720
42,Moon3_Adjusted_VA,0.709367256,Adjusted,,0.6676,1.062563296,4720
42,Moon4_Perceptual_VA,1.26200466,Perceptual,,0.96,1.314588187,3270
42,Moon4_Adjusted_VA,0.819692062,Adjusted,,0.96,0.853845898,3270
43,Stick1_Perceptual_VA,,Perceptual,,2.363,,6280
43,Stick1_Adjusted_VA,,Adjusted,,2.363,,6280
43,Stick2_Perceptual_VA,,Perceptual,,7.339,,2020
43,Stick2_Adjusted_VA,,Adjusted,,7.339,,2020
43,Stick3_Perceptual_VA,,Perceptual,,2.952,,5027
43,Stick3_Adjusted_VA,,Adjusted,,2.952,,5027
43,Stick4_Perceptual_VA,,Perceptual,,4.337,,3421
43,Stick4_Adjusted_VA,,Adjusted,,4.337,,3421
43,Lamp1_Perceptual_VA,,Perceptual,,0.3708,,6280
43,Lamp1_Adjusted_VA,,Adjusted,,0.3708,,6280
43,Lamp2_Perceptual_VA,,Perceptual,,1.1527,,2020
43,Lamp2_Adjusted_VA,,Adjusted,,1.1527,,2020
43,Lamp3_Perceptual_VA,,Perceptual,,0.4632,,5027
43,Lamp3_Adjusted_VA,,Adjusted,,0.4632,,5027
43,Lamp4_Perceptual_VA,,Perceptual,,0.6806,,3421
43,Lamp4_Adjusted_VA,,Adjusted,,0.6806,,3421
43,Lamp1a_Perceptual_VA,,Perceptual,,0.3491,,6670
43,Lamp1a_Adjusted_VA,,Adjusted,,0.3491,,6670
43,Lamp2a_Perceptual_VA,,Perceptual,,1.0349,,2250
43,Lamp2a_Adjusted_VA,,Adjusted,,1.0349,,2250
43,Lamp3a_Perceptual_VA,,Perceptual,,0.4762,,4890
43,Lamp3a_Adjusted_VA,,Adjusted,,0.4762,,4890
43,Lamp4a_Perceptual_VA,,Perceptual,,0.7209,,3230
43,Lamp4a_Adjusted_VA,,Adjusted,,0.7209,,3230
43,Moon1_Perceptual_VA,0.89124971,Perceptual,,0.52,1.71394175,6060
43,Moon1_Adjusted_VA,0.361866878,Adjusted,,0.52,0.695897843,6060
43,Moon2_Perceptual_VA,1.955142418,Perceptual,,1.5149,1.290608237,2080
43,Moon2_Adjusted_VA,1.350678528,Adjusted,,1.5149,0.891595834,2080
43,Moon3_Perceptual_VA,1.309560805,Perceptual,,0.6676,1.961594974,4720
43,Moon3_Adjusted_VA,0.595870736,Adjusted,,0.6676,0.892556525,4720
43,Moon4_Perceptual_VA,1.727836999,Perceptual,,0.96,1.799830207,3270
43,Moon4_Adjusted_VA,0.788055842,Adjusted,,0.96,0.820891502,3270
44,Stick1_Perceptual_VA,,Perceptual,,2.363,,6280
44,Stick1_Adjusted_VA,,Adjusted,,2.363,,6280
44,Stick2_Perceptual_VA,,Perceptual,,7.339,,2020
44,Stick2_Adjusted_VA,,Adjusted,,7.339,,2020
44,Stick3_Perceptual_VA,,Perceptual,,2.952,,5027
44,Stick3_Adjusted_VA,,Adjusted,,2.952,,5027
44,Stick4_Perceptual_VA,,Perceptual,,4.337,,3421
44,Stick4_Adjusted_VA,,Adjusted,,4.337,,3421
44,Lamp1_Perceptual_VA,,Perceptual,,0.3708,,6280
44,Lamp1_Adjusted_VA,,Adjusted,,0.3708,,6280
44,Lamp2_Perceptual_VA,,Perceptual,,1.1527,,2020
44,Lamp2_Adjusted_VA,,Adjusted,,1.1527,,2020
44,Lamp3_Perceptual_VA,,Perceptual,,0.4632,,5027
44,Lamp3_Adjusted_VA,,Adjusted,,0.4632,,5027
44,Lamp4_Perceptual_VA,,Perceptual,,0.6806,,3421
44,Lamp4_Adjusted_VA,,Adjusted,,0.6806,,3421
44,Lamp1a_Perceptual_VA,,Perceptual,,0.3491,,6670
44,Lamp1a_Adjusted_VA,,Adjusted,,0.3491,,6670
44,Lamp2a_Perceptual_VA,,Perceptual,,1.0349,,2250
44,Lamp2a_Adjusted_VA,,Adjusted,,1.0349,,2250
44,Lamp3a_Perceptual_VA,,Perceptual,,0.4762,,4890
44,Lamp3a_Adjusted_VA,,Adjusted,,0.4762,,4890
44,Lamp4a_Perceptual_VA,,Perceptual,,0.7209,,3230
44,Lamp4a_Adjusted_VA,,Adjusted,,0.7209,,3230
44,Moon1_Perceptual_VA,0.677124059,Perceptual,,0.52,1.302161651,6060
44,Moon1_Adjusted_VA,0.578859653,Adjusted,,0.52,1.11319164,6060
44,Moon2_Perceptual_VA,1.414960213,Perceptual,,1.5149,0.93402879,2080
44,Moon2_Adjusted_VA,1.145877395,Adjusted,,1.5149,0.756404644,2080
44,Moon3_Perceptual_VA,0.625038669,Perceptual,,0.6676,0.936247257,4720
44,Moon3_Adjusted_VA,0.659147716,Adjusted,,0.6676,0.987339299,4720
44,Moon4_Perceptual_VA,0.833378464,Perceptual,,0.96,0.868102566,3270
44,Moon4_Adjusted_VA,0.887142733,Adjusted,,0.96,0.924107013,3270
45,Stick1_Perceptual_VA,,Perceptual,,2.363,,6280
45,Stick1_Adjusted_VA,,Adjusted,,2.363,,6280
45,Stick2_Perceptual_VA,,Perceptual,,7.339,,2020
45,Stick2_Adjusted_VA,,Adjusted,,7.339,,2020
45,Stick3_Perceptual_VA,,Perceptual,,2.952,,5027
45,Stick3_Adjusted_VA,,Adjusted,,2.952,,5027
45,Stick4_Perceptual_VA,,Perceptual,,4.337,,3421
45,Stick4_Adjusted_VA,,Adjusted,,4.337,,3421
45,Lamp1_Perceptual_VA,,Perceptual,,0.3708,,6280
45,Lamp1_Adjusted_VA,,Adjusted,,0.3708,,6280
45,Lamp2_Perceptual_VA,,Perceptual,,1.1527,,2020
45,Lamp2_Adjusted_VA,,Adjusted,,1.1527,,2020
45,Lamp3_Perceptual_VA,,Perceptual,,0.4632,,5027
45,Lamp3_Adjusted_VA,,Adjusted,,0.4632,,5027
45,Lamp4_Perceptual_VA,,Perceptual,,0.6806,,3421
45,Lamp4_Adjusted_VA,,Adjusted,,0.6806,,3421
45,Lamp1a_Perceptual_VA,0.970821925,Perceptual,,0.3491,2.780927887,6670
45,Lamp1a_Adjusted_VA,0.524761415,Adjusted,,0.3491,1.503183658,6670
45,Lamp2a_Perceptual_VA,2.625596994,Perceptual,,1.0349,2.537053816,2250
45,Lamp2a_Adjusted_VA,1.31882575,Adjusted,,1.0349,1.274350903,2250
45,Lamp3a_Perceptual_VA,1.297057391,Perceptual,,0.4762,2.723766045,4890
45,Lamp3a_Adjusted_VA,0.496560314,Adjusted,,0.4762,1.042755805,4890
45,Lamp4a_Perceptual_VA,1.710788522,Perceptual,,0.7209,2.373128758,3230
45,Lamp4a_Adjusted_VA,0.770517836,Adjusted,,0.7209,1.068827627,3230
45,Moon1_Perceptual_VA,0.970821925,Perceptual,,0.52,1.866965241,6060
45,Moon1_Adjusted_VA,0.532222371,Adjusted,,0.52,1.02350456,6060
45,Moon2_Perceptual_VA,1.941504509,Perceptual,,1.5149,1.281605722,2080
45,Moon2_Adjusted_VA,1.48650981,Adjusted,,1.5149,0.981259364,2080
45,Moon3_Perceptual_VA,0.970821925,Perceptual,,0.6676,1.454197012,4720
45,Moon3_Adjusted_VA,0.613035414,Adjusted,,0.6676,0.918267546,4720
45,Moon4_Perceptual_VA,1.511884227,Perceptual,,0.96,1.574879403,3270
45,Moon4_Adjusted_VA,0.820940408,Adjusted,,0.96,0.855146258,3270
46,Stick1_Perceptual_VA,,Perceptual,,2.363,,6280
46,Stick1_Adjusted_VA,,Adjusted,,2.363,,6280
46,Stick2_Perceptual_VA,,Perceptual,,7.339,,2020
46,Stick2_Adjusted_VA,,Adjusted,,7.339,,2020
46,Stick3_Perceptual_VA,,Perceptual,,2.952,,5027
46,Stick3_Adjusted_VA,,Adjusted,,2.952,,5027
46,Stick4_Perceptual_VA,,Perceptual,,4.337,,3421
46,Stick4_Adjusted_VA,,Adjusted,,4.337,,3421
46,Lamp1_Perceptual_VA,,Perceptual,,0.3708,,6280
46,Lamp1_Adjusted_VA,,Adjusted,,0.3708,,6280
46,Lamp2_Perceptual_VA,,Perceptual,,1.1527,,2020
46,Lamp2_Adjusted_VA,,Adjusted,,1.1527,,2020
46,Lamp3_Perceptual_VA,,Perceptual,,0.4632,,5027
46,Lamp3_Adjusted_VA,,Adjusted,,0.4632,,5027
46,Lamp4_Perceptual_VA,,Perceptual,,0.6806,,3421
46,Lamp4_Adjusted_VA,,Adjusted,,0.6806,,3421
46,Lamp1a_Perceptual_VA,0.9445847,Perceptual,,0.3491,2.705771125,6670
46,Lamp1a_Adjusted_VA,0.732624576,Adjusted,,0.3491,2.098609497,6670
46,Lamp2a_Perceptual_VA,1.889041052,Perceptual,,1.0349,1.825336798,2250
46,Lamp2a_Adjusted_VA,1.517475181,Adjusted,,1.0349,1.466301266,2250
46,Lamp3a_Perceptual_VA,1.114909718,Perceptual,,0.4762,2.341263582,4890
46,Lamp3a_Adjusted_VA,0.689663093,Adjusted,,0.4762,1.44826353,4890
46,Lamp4a_Perceptual_VA,1.664557589,Perceptual,,0.7209,2.308999291,3230
46,Lamp4a_Adjusted_VA,0.932249743,Adjusted,,0.7209,1.293174841,3230
46,Moon1_Perceptual_VA,1.114909718,Perceptual,,0.52,2.144057149,6060
46,Moon1_Adjusted_VA,0.69828367,Adjusted,,0.52,1.342853211,6060
46,Moon2_Perceptual_VA,2.090289812,Perceptual,,1.5149,1.379820326,2080
46,Moon2_Adjusted_VA,1.341498429,Adjusted,,1.5149,0.885535962,2080
46,Moon3_Perceptual_VA,1.26200466,Perceptual,,0.6676,1.890360485,4720
46,Moon3_Adjusted_VA,0.653365844,Adjusted,,0.6676,0.978678616,4720
46,Moon4_Perceptual_VA,1.471027043,Perceptual,,0.96,1.532319836,3270
46,Moon4_Adjusted_VA,0.877324482,Adjusted,,0.96,0.913879668,3270
47,Stick1_Perceptual_VA,,Perceptual,,2.363,,6280
47,Stick1_Adjusted_VA,,Adjusted,,2.363,,6280
47,Stick2_Perceptual_VA,,Perceptual,,7.339,,2020
47,Stick2_Adjusted_VA,,Adjusted,,7.339,,2020
47,Stick3_Perceptual_VA,,Perceptual,,2.952,,5027
47,Stick3_Adjusted_VA,,Adjusted,,2.952,,5027
47,Stick4_Perceptual_VA,,Perceptual,,4.337,,3421
47,Stick4_Adjusted_VA,,Adjusted,,4.337,,3421
47,Lamp1_Perceptual_VA,,Perceptual,,0.3708,,6280
47,Lamp1_Adjusted_VA,,Adjusted,,0.3708,,6280
47,Lamp2_Perceptual_VA,,Perceptual,,1.1527,,2020
47,Lamp2_Adjusted_VA,,Adjusted,,1.1527,,2020
47,Lamp3_Perceptual_VA,,Perceptual,,0.4632,,5027
47,Lamp3_Adjusted_VA,,Adjusted,,0.4632,,5027
47,Lamp4_Perceptual_VA,,Perceptual,,0.6806,,3421
47,Lamp4_Adjusted_VA,,Adjusted,,0.6806,,3421
47,Lamp1a_Perceptual_VA,1.84495889,Perceptual,,0.3491,5.28490086,6670
47,Lamp1a_Adjusted_VA,,Adjusted,,0.3491,,6670
47,Lamp2a_Perceptual_VA,2.369182741,Perceptual,,1.0349,2.289286638,2250
47,Lamp2a_Adjusted_VA,,Adjusted,,1.0349,,2250
47,Lamp3a_Perceptual_VA,1.84495889,Perceptual,,0.4762,3.874336183,4890
47,Lamp3a_Adjusted_VA,,Adjusted,,0.4762,,4890
47,Lamp4a_Perceptual_VA,1.582816629,Perceptual,,0.7209,2.195611914,3230
47,Lamp4a_Adjusted_VA,,Adjusted,,0.7209,,3230
47,Moon1_Perceptual_VA,1.398336054,Perceptual,,0.52,2.689107796,6060
47,Moon1_Adjusted_VA,0.737460248,Adjusted,,0.52,1.418192785,6060
47,Moon2_Perceptual_VA,2.369182741,Perceptual,,1.5149,1.56392022,2080
47,Moon2_Adjusted_VA,1.45618934,Adjusted,,1.5149,0.961244531,2080
47,Moon3_Perceptual_VA,1.582816629,Perceptual,,0.6676,2.370905675,4720
47,Moon3_Adjusted_VA,0.959348778,Adjusted,,0.6676,1.437011351,4720
47,Moon4_Perceptual_VA,1.84495889,Perceptual,,0.96,1.921832177,3270
47,Moon4_Adjusted_VA,1.588553936,Adjusted,,0.96,1.654743684,3270
48,Stick1_Perceptual_VA,,Perceptual,,2.363,,6280
48,Stick1_Adjusted_VA,,Adjusted,,2.363,,6280
48,Stick2_Perceptual_VA,,Perceptual,,7.339,,2020
48,Stick2_Adjusted_VA,,Adjusted,,7.339,,2020
48,Stick3_Perceptual_VA,,Perceptual,,2.952,,5027
48,Stick3_Adjusted_VA,,Adjusted,,2.952,,5027
48,Stick4_Perceptual_VA,,Perceptual,,4.337,,3421
48,Stick4_Adjusted_VA,,Adjusted,,4.337,,3421
48,Lamp1_Perceptual_VA,,Perceptual,,0.3708,,6280
48,Lamp1_Adjusted_VA,,Adjusted,,0.3708,,6280
48,Lamp2_Perceptual_VA,,Perceptual,,1.1527,,2020
48,Lamp2_Adjusted_VA,,Adjusted,,1.1527,,2020
48,Lamp3_Perceptual_VA,,Perceptual,,0.4632,,5027
48,Lamp3_Adjusted_VA,,Adjusted,,0.4632,,5027
48,Lamp4_Perceptual_VA,,Perceptual,,0.6806,,3421
48,Lamp4_Adjusted_VA,,Adjusted,,0.6806,,3421
48,Lamp1a_Perceptual_VA,0.98218931,Perceptual,,0.3491,2.813489859,6670
48,Lamp1a_Adjusted_VA,0.496560314,Adjusted,,0.3491,1.422401359,6670
48,Lamp2a_Perceptual_VA,2.496064123,Perceptual,,1.0349,2.41188919,2250
48,Lamp2a_Adjusted_VA,1.403676388,Adjusted,,1.0349,1.356340118,2250
48,Lamp3a_Perceptual_VA,1.002650554,Perceptual,,0.4762,2.105524052,4890
48,Lamp3a_Adjusted_VA,0.771848569,Adjusted,,0.4762,1.620849578,4890
48,Lamp4a_Perceptual_VA,1.47323887,Perceptual,,0.7209,2.043610584,3230
48,Lamp4a_Adjusted_VA,0.867764151,Adjusted,,0.7209,1.203723333,3230
48,Moon1_Perceptual_VA,0.98218931,Perceptual,,0.52,1.888825596,6060
48,Moon1_Adjusted_VA,0.538438303,Adjusted,,0.52,1.035458274,6060
48,Moon2_Perceptual_VA,2.761940129,Perceptual,,1.5149,1.823183133,2080
48,Moon2_Adjusted_VA,1.369443679,Adjusted,,1.5149,0.903982889,2080
48,Moon3_Perceptual_VA,1.248180116,Perceptual,,0.6676,1.869652661,4720
48,Moon3_Adjusted_VA,0.520412236,Adjusted,,0.6676,0.779527016,4720
48,Moon4_Perceptual_VA,1.943777497,Perceptual,,0.96,2.024768227,3270
48,Moon4_Adjusted_VA,0.75109358,Adjusted,,0.96,0.782389146,3270
49,Stick1_Perceptual_VA,,Perceptual,,2.363,,6280
49,Stick1_Adjusted_VA,,Adjusted,,2.363,,6280
49,Stick2_Perceptual_VA,,Perceptual,,7.339,,2020
49,Stick2_Adjusted_VA,,Adjusted,,7.339,,2020
49,Stick3_Perceptual_VA,,Perceptual,,2.952,,5027
49,Stick3_Adjusted_VA,,Adjusted,,2.952,,5027
49,Stick4_Perceptual_VA,,Perceptual,,4.337,,3421
49,Stick4_Adjusted_VA,,Adjusted,,4.337,,3421
49,Lamp1_Perceptual_VA,,Perceptual,,0.3708,,6280
49,Lamp1_Adjusted_VA,,Adjusted,,0.3708,,6280
49,Lamp2_Perceptual_VA,,Perceptual,,1.1527,,2020
49,Lamp2_Adjusted_VA,,Adjusted,,1.1527,,2020
49,Lamp3_Perceptual_VA,,Perceptual,,0.4632,,5027
49,Lamp3_Adjusted_VA,,Adjusted,,0.4632,,5027
49,Lamp4_Perceptual_VA,,Perceptual,,0.6806,,3421
49,Lamp4_Adjusted_VA,,Adjusted,,0.6806,,3421
49,Lamp1a_Perceptual_VA,1.212839393,Perceptual,,0.3491,3.474189038,6670
49,Lamp1a_Adjusted_VA,0.399736375,Adjusted,,0.3491,1.145048339,6670
49,Lamp2a_Perceptual_VA,2.827010255,Perceptual,,1.0349,2.731674804,2250
49,Lamp2a_Adjusted_VA,1.207479263,Adjusted,,1.0349,1.166759361,2250
49,Lamp3a_Perceptual_VA,1.413720234,Perceptual,,0.4762,2.968753116,4890
49,Lamp3a_Adjusted_VA,0.500733037,Adjusted,,0.4762,1.051518348,4890
49,Lamp4a_Perceptual_VA,2.455157664,Perceptual,,0.7209,3.405684095,3230
49,Lamp4a_Adjusted_VA,0.757458595,Adjusted,,0.7209,1.050712436,3230
49,Moon1_Perceptual_VA,1.413720234,Perceptual,,0.52,2.718692757,6060
49,Moon1_Adjusted_VA,0.386262219,Adjusted,,0.52,0.74281196,6060
49,Moon2_Perceptual_VA,3.496189627,Perceptual,,1.5149,2.30786826,2080
49,Moon2_Adjusted_VA,1.12296133,Adjusted,,1.5149,0.74127753,2080
49,Moon3_Perceptual_VA,1.815454614,Perceptual,,0.6676,2.719374797,4720
49,Moon3_Adjusted_VA,0.488420081,Adjusted,,0.6676,0.731605873,4720
49,Moon4_Perceptual_VA,2.455157664,Perceptual,,0.96,2.5574559,3270
49,Moon4_Adjusted_VA,0.69828367,Adjusted,,0.96,0.727378823,3270
50,Stick1_Perceptual_VA,,Perceptual,,2.363,,6280
50,Stick1_Adjusted_VA,,Adjusted,,2.363,,6280
50,Stick2_Perceptual_VA,,Perceptual,,7.339,,2020
50,Stick2_Adjusted_VA,,Adjusted,,7.339,,2020
50,Stick3_Perceptual_VA,,Perceptual,,2.952,,5027
50,Stick3_Adjusted_VA,,Adjusted,,2.952,,5027
50,Stick4_Perceptual_VA,,Perceptual,,4.337,,3421
50,Stick4_Adjusted_VA,,Adjusted,,4.337,,3421
50,Lamp1_Perceptual_VA,,Perceptual,,0.3708,,6280
50,Lamp1_Adjusted_VA,,Adjusted,,0.3708,,6280
50,Lamp2_Perceptual_VA,,Perceptual,,1.1527,,2020
50,Lamp2_Adjusted_VA,,Adjusted,,1.1527,,2020
50,Lamp3_Perceptual_VA,,Perceptual,,0.4632,,5027
50,Lamp3_Adjusted_VA,,Adjusted,,0.4632,,5027
50,Lamp4_Perceptual_VA,,Perceptual,,0.6806,,3421
50,Lamp4_Adjusted_VA,,Adjusted,,0.6806,,3421
50,Lamp1a_Perceptual_VA,0.9445847,Perceptual,,0.3491,2.705771125,6670
50,Lamp1a_Adjusted_VA,0.475430336,Adjusted,,0.3491,1.361874351,6670
50,Lamp2a_Perceptual_VA,1.664557589,Perceptual,,1.0349,1.608423605,2250
50,Lamp2a_Adjusted_VA,1.145877395,Adjusted,,1.0349,1.107234897,2250
50,Lamp3a_Perceptual_VA,1.26200466,Perceptual,,0.4762,2.650156782,4890
50,Lamp3a_Adjusted_VA,0.572953021,Adjusted,,0.4762,1.20317728,4890
50,Lamp4a_Perceptual_VA,1.114909718,Perceptual,,0.7209,1.546552528,3230
50,Lamp4a_Adjusted_VA,0.578515577,Adjusted,,0.7209,0.802490744,3230
50,Moon1_Perceptual_VA,0.9445847,Perceptual,,0.52,1.816509038,6060
50,Moon1_Adjusted_VA,0.607019878,Adjusted,,0.52,1.167345919,6060
50,Moon2_Perceptual_VA,1.664557589,Perceptual,,1.5149,1.098790408,2080
50,Moon2_Adjusted_VA,1.22060305,Adjusted,,1.5149,0.805731765,2080
50,Moon3_Perceptual_VA,1.26200466,Perceptual,,0.6676,1.890360485,4720
50,Moon3_Adjusted_VA,0.556889174,Adjusted,,0.6676,0.834165928,4720
50,Moon4_Perceptual_VA,1.471027043,Perceptual,,0.96,1.532319836,3270
50,Moon4_Adjusted_VA,0.767210992,Adjusted,,0.96,0.799178116,3270
51,Stick1_Perceptual_VA,,Perceptual,,2.363,,6280
51,Stick1_Adjusted_VA,,Adjusted,,2.363,,6280
51,Stick2_Perceptual_VA,,Perceptual,,7.339,,2020
51,Stick2_Adjusted_VA,,Adjusted,,7.339,,2020
51,Stick3_Perceptual_VA,,Perceptual,,2.952,,5027
51,Stick3_Adjusted_VA,,Adjusted,,2.952,,5027
51,Stick4_Perceptual_VA,,Perceptual,,4.337,,3421
51,Stick4_Adjusted_VA,,Adjusted,,4.337,,3421
51,Lamp1_Perceptual_VA,,Perceptual,,0.3708,,6280
51,Lamp1_Adjusted_VA,,Adjusted,,0.3708,,6280
51,Lamp2_Perceptual_VA,,Perceptual,,1.1527,,2020
51,Lamp2_Adjusted_VA,,Adjusted,,1.1527,,2020
51,Lamp3_Perceptual_VA,,Perceptual,,0.4632,,5027
51,Lamp3_Adjusted_VA,,Adjusted,,0.4632,,5027
51,Lamp4_Perceptual_VA,,Perceptual,,0.6806,,3421
51,Lamp4_Adjusted_VA,,Adjusted,,0.6806,,3421
51,Lamp1a_Perceptual_VA,1.849188391,Perceptual,,0.3491,5.297016301,6670
51,Lamp1a_Adjusted_VA,0.69828367,Adjusted,,0.3491,2.000239672,6670
51,Lamp2a_Perceptual_VA,2.76781216,Perceptual,,1.0349,2.674473051,2250
51,Lamp2a_Adjusted_VA,1.651352264,Adjusted,,1.0349,1.595663604,2250
51,Lamp3a_Perceptual_VA,2.155428558,Perceptual,,0.4762,4.526309446,4890
51,Lamp3a_Adjusted_VA,0.818497216,Adjusted,,0.4762,1.718809778,4890
51,Lamp4a_Perceptual_VA,2.438956913,Perceptual,,0.7209,3.383211143,3230
51,Lamp4a_Adjusted_VA,1.207479263,Adjusted,,0.7209,1.674960831,3230
51,Moon1_Perceptual_VA,2.155428558,Perceptual,,0.52,4.14505492,6060
51,Moon1_Adjusted_VA,0.794488745,Adjusted,,0.52,1.527862972,6060
51,Moon2_Perceptual_VA,4.309332999,Perceptual,,1.5149,2.844631988,2080
51,Moon2_Adjusted_VA,2.025900526,Adjusted,,1.5149,1.337316342,2080
51,Moon3_Perceptual_VA,2.76781216,Perceptual,,0.6676,4.145913961,4720
51,Moon3_Adjusted_VA,1.519494654,Adjusted,,0.6676,2.276055503,4720
51,Moon4_Perceptual_VA,3.742749173,Perceptual,,0.96,3.898697055,3270
51,Moon4_Adjusted_VA,1.384107953,Adjusted,,0.96,1.441779118,3270
52,Stick1_Perceptual_VA,,Perceptual,,2.363,,6280
52,Stick1_Adjusted_VA,,Adjusted,,2.363,,6280
52,Stick2_Perceptual_VA,,Perceptual,,7.339,,2020
52,Stick2_Adjusted_VA,,Adjusted,,7.339,,2020
52,Stick3_Perceptual_VA,,Perceptual,,2.952,,5027
52,Stick3_Adjusted_VA,,Adjusted,,2.952,,5027
52,Stick4_Perceptual_VA,,Perceptual,,4.337,,3421
52,Stick4_Adjusted_VA,,Adjusted,,4.337,,3421
52,Lamp1_Perceptual_VA,,Perceptual,,0.3708,,6280
52,Lamp1_Adjusted_VA,,Adjusted,,0.3708,,6280
52,Lamp2_Perceptual_VA,,Perceptual,,1.1527,,2020
52,Lamp2_Adjusted_VA,,Adjusted,,1.1527,,2020
52,Lamp3_Perceptual_VA,,Perceptual,,0.4632,,5027
52,Lamp3_Adjusted_VA,,Adjusted,,0.4632,,5027
52,Lamp4_Perceptual_VA,,Perceptual,,0.6806,,3421
52,Lamp4_Adjusted_VA,,Adjusted,,0.6806,,3421
52,Lamp1a_Perceptual_VA,0.779847182,Perceptual,,0.3491,2.233879065,6670
52,Lamp1a_Adjusted_VA,0.480542431,Adjusted,,0.3491,1.376517991,6670
52,Lamp2a_Perceptual_VA,1.297057391,Perceptual,,1.0349,1.25331664,2250
52,Lamp2a_Adjusted_VA,1.226283906,Adjusted,,1.0349,1.184929854,2250
52,Lamp3a_Perceptual_VA,0.76393241,Perceptual,,0.4762,1.604225975,4890
52,Lamp3a_Adjusted_VA,0.559503636,Adjusted,,0.4762,1.174934136,4890
52,Lamp4a_Perceptual_VA,0.970821925,Perceptual,,0.7209,1.346680435,3230
52,Lamp4a_Adjusted_VA,0.843205687,Adjusted,,0.7209,1.169656939,3230
52,Moon1_Perceptual_VA,0.76393241,Perceptual,,0.52,1.469100787,6060
52,Moon1_Adjusted_VA,0.500733037,Adjusted,,0.52,0.962948149,6060
52,Moon2_Perceptual_VA,1.297057391,Perceptual,,1.5149,0.856200007,2080
52,Moon2_Adjusted_VA,1.237135137,Adjusted,,1.5149,0.816644753,2080
52,Moon3_Perceptual_VA,0.779847182,Perceptual,,0.6676,1.168135383,4720
52,Moon3_Adjusted_VA,0.589971131,Adjusted,,0.6676,0.883719489,4720
52,Moon4_Perceptual_VA,1.145877395,Perceptual,,0.96,1.193622287,3270
52,Moon4_Adjusted_VA,0.876271312,Adjusted,,0.96,0.912782617,3270
53,Stick1_Perceptual_VA,,Perceptual,,2.363,,6280
53,Stick1_Adjusted_VA,,Adjusted,,2.363,,6280
53,Stick2_Perceptual_VA,,Perceptual,,7.339,,2020
53,Stick2_Adjusted_VA,,Adjusted,,7.339,,2020
53,Stick3_Perceptual_VA,,Perceptual,,2.952,,5027
53,Stick3_Adjusted_VA,,Adjusted,,2.952,,5027
53,Stick4_Perceptual_VA,,Perceptual,,4.337,,3421
53,Stick4_Adjusted_VA,,Adjusted,,4.337,,3421
53,Lamp1_Perceptual_VA,,Perceptual,,0.3708,,6280
53,Lamp1_Adjusted_VA,,Adjusted,,0.3708,,6280
53,Lamp2_Perceptual_VA,,Perceptual,,1.1527,,2020
53,Lamp2_Adjusted_VA,,Adjusted,,1.1527,,2020
53,Lamp3_Perceptual_VA,,Perceptual,,0.4632,,5027
53,Lamp3_Adjusted_VA,,Adjusted,,0.4632,,5027
53,Lamp4_Perceptual_VA,,Perceptual,,0.6806,,3421
53,Lamp4_Adjusted_VA,,Adjusted,,0.6806,,3421
53,Lamp1a_Perceptual_VA,1.413720234,Perceptual,,0.3491,4.049613961,6670
53,Lamp1a_Adjusted_VA,0.417668319,Adjusted,,0.3491,1.196414548,6670
53,Lamp2a_Perceptual_VA,1.815454614,Perceptual,,1.0349,1.75423192,2250
53,Lamp2a_Adjusted_VA,1.270872456,Adjusted,,1.0349,1.228014742,2250
53,Lamp3a_Perceptual_VA,1.413720234,Perceptual,,0.4762,2.968753116,4890
53,Lamp3a_Adjusted_VA,0.591141688,Adjusted,,0.4762,1.241372717,4890
53,Lamp4a_Perceptual_VA,1.815454614,Perceptual,,0.7209,2.518316846,3230
53,Lamp4a_Adjusted_VA,0.859420579,Adjusted,,0.7209,1.192149506,3230
53,Moon1_Perceptual_VA,1.815454614,Perceptual,,0.52,3.491258873,6060
53,Moon1_Adjusted_VA,0.595870736,Adjusted,,0.52,1.145905262,6060
53,Moon2_Perceptual_VA,2.455157664,Perceptual,,1.5149,1.62067309,2080
53,Moon2_Adjusted_VA,1.357234609,Adjusted,,1.5149,0.895923565,2080
53,Moon3_Perceptual_VA,1.413720234,Perceptual,,0.6676,2.117615689,4720
53,Moon3_Adjusted_VA,0.631218305,Adjusted,,0.6676,0.945503753,4720
53,Moon4_Perceptual_VA,1.815454614,Perceptual,,0.96,1.891098556,3270
53,Moon4_Adjusted_VA,0.912986599,Adjusted,,0.96,0.951027707,3270
54,Stick1_Perceptual_VA,,Perceptual,,2.363,,6280
54,Stick1_Adjusted_VA,,Adjusted,,2.363,,6280
54,Stick2_Perceptual_VA,,Perceptual,,7.339,,2020
54,Stick2_Adjusted_VA,,Adjusted,,7.339,,2020
54,Stick3_Perceptual_VA,,Perceptual,,2.952,,5027
54,Stick3_Adjusted_VA,,Adjusted,,2.952,,5027
54,Stick4_Perceptual_VA,,Perceptual,,4.337,,3421
54,Stick4_Adjusted_VA,,Adjusted,,4.337,,3421
54,Lamp1_Perceptual_VA,,Perceptual,,0.3708,,6280
54,Lamp1_Adjusted_VA,,Adjusted,,0.3708,,6280
54,Lamp2_Perceptual_VA,,Perceptual,,1.1527,,2020
54,Lamp2_Adjusted_VA,,Adjusted,,1.1527,,2020
54,Lamp3_Perceptual_VA,,Perceptual,,0.4632,,5027
54,Lamp3_Adjusted_VA,,Adjusted,,0.4632,,5027
54,Lamp4_Perceptual_VA,,Perceptual,,0.6806,,3421
54,Lamp4_Adjusted_VA,,Adjusted,,0.6806,,3421
54,Lamp1a_Perceptual_VA,0.822348836,Perceptual,,0.3491,2.355625425,6670
54,Lamp1a_Adjusted_VA,0.524761415,Adjusted,,0.3491,1.503183658,6670
54,Lamp2a_Perceptual_VA,2.69577456,Perceptual,,1.0349,2.60486478,2250
54,Lamp2a_Adjusted_VA,1.33138487,Adjusted,,1.0349,1.286486491,2250
54,Lamp3a_Perceptual_VA,1.280675866,Perceptual,,0.4762,2.689365532,4890
54,Lamp3a_Adjusted_VA,0.642101154,Adjusted,,0.4762,1.348385455,4890
54,Lamp4a_Perceptual_VA,2.224145044,Perceptual,,0.7209,3.085233797,3230
54,Lamp4a_Adjusted_VA,0.940217334,Adjusted,,0.7209,1.304227124,3230
54,Moon1_Perceptual_VA,0.822348836,Perceptual,,0.52,1.581440069,6060
54,Moon1_Adjusted_VA,0.524761415,Adjusted,,0.52,1.009156568,6060
54,Moon2_Perceptual_VA,2.224145044,Perceptual,,1.5149,1.468179447,2080
54,Moon2_Adjusted_VA,1.571442866,Adjusted,,1.5149,1.037324487,2080
54,Moon3_Perceptual_VA,1.280675866,Perceptual,,0.6676,1.91832814,4720
54,Moon3_Adjusted_VA,0.777217787,Adjusted,,0.6676,1.164196804,4720
54,Moon4_Perceptual_VA,1.819830578,Perceptual,,0.96,1.895656852,3270
54,Moon4_Adjusted_VA,1.118378106,Adjusted,,0.96,1.164977193,3270
55,Stick1_Perceptual_VA,,Perceptual,,2.363,,6280
55,Stick1_Adjusted_VA,,Adjusted,,2.363,,6280
55,Stick2_Perceptual_VA,,Perceptual,,7.339,,2020
55,Stick2_Adjusted_VA,,Adjusted,,7.339,,2020
55,Stick3_Perceptual_VA,,Perceptual,,2.952,,5027
55,Stick3_Adjusted_VA,,Adjusted,,2.952,,5027
55,Stick4_Perceptual_VA,,Perceptual,,4.337,,3421
55,Stick4_Adjusted_VA,,Adjusted,,4.337,,3421
55,Lamp1_Perceptual_VA,,Perceptual,,0.3708,,6280
55,Lamp1_Adjusted_VA,,Adjusted,,0.3708,,6280
55,Lamp2_Perceptual_VA,,Perceptual,,1.1527,,2020
55,Lamp2_Adjusted_VA,,Adjusted,,1.1527,,2020
55,Lamp3_Perceptual_VA,,Perceptual,,0.4632,,5027
55,Lamp3_Adjusted_VA,,Adjusted,,0.4632,,5027
55,Lamp4_Perceptual_VA,,Perceptual,,0.6806,,3421
55,Lamp4_Adjusted_VA,,Adjusted,,0.6806,,3421
55,Lamp1a_Perceptual_VA,0.931990796,Perceptual,,0.3491,2.669695779,6670
55,Lamp1a_Adjusted_VA,0.504976483,Adjusted,,0.3491,1.446509547,6670
55,Lamp2a_Perceptual_VA,1.245179264,Perceptual,,1.0349,1.203188003,2250
55,Lamp2a_Adjusted_VA,1.306501348,Adjusted,,1.0349,1.262442119,2250
55,Lamp3a_Perceptual_VA,0.931990796,Perceptual,,0.4762,1.95714153,4890
55,Lamp3a_Adjusted_VA,0.630550363,Adjusted,,0.4762,1.324129279,4890
55,Lamp4a_Perceptual_VA,1.245179264,Perceptual,,0.7209,1.727256574,3230
55,Lamp4a_Adjusted_VA,0.927012614,Adjusted,,0.7209,1.285910132,3230
55,Moon1_Perceptual_VA,1.245179264,Perceptual,,0.52,2.394575508,6060
55,Moon1_Adjusted_VA,0.481970239,Adjusted,,0.52,0.926865844,6060
55,Moon2_Perceptual_VA,1.86385831,Perceptual,,1.5149,1.230350723,2080
55,Moon2_Adjusted_VA,1.226283906,Adjusted,,1.5149,0.809481752,2080
55,Moon3_Perceptual_VA,1.100045174,Perceptual,,0.6676,1.647760896,4720
55,Moon3_Adjusted_VA,0.589971131,Adjusted,,0.6676,0.883719489,4720
55,Moon4_Perceptual_VA,1.45141546,Perceptual,,0.96,1.511891105,3270
55,Moon4_Adjusted_VA,0.889054602,Adjusted,,0.96,0.926098544,3270
56,Stick1_Perceptual_VA,,Perceptual,,2.363,,6280
56,Stick1_Adjusted_VA,,Adjusted,,2.363,,6280
56,Stick2_Perceptual_VA,,Perceptual,,7.339,,2020
56,Stick2_Adjusted_VA,,Adjusted,,7.339,,2020
56,Stick3_Perceptual_VA,,Perceptual,,2.952,,5027
56,Stick3_Adjusted_VA,,Adjusted,,2.952,,5027
56,Stick4_Perceptual_VA,,Perceptual,,4.337,,3421
56,Stick4_Adjusted_VA,,Adjusted,,4.337,,3421
56,Lamp1_Perceptual_VA,,Perceptual,,0.3708,,6280
56,Lamp1_Adjusted_VA,,Adjusted,,0.3708,,6280
56,Lamp2_Perceptual_VA,,Perceptual,,1.1527,,2020
56,Lamp2_Adjusted_VA,,Adjusted,,1.1527,,2020
56,Lamp3_Perceptual_VA,,Perceptual,,0.4632,,5027
56,Lamp3_Adjusted_VA,,Adjusted,,0.4632,,5027
56,Lamp4_Perceptual_VA,,Perceptual,,0.6806,,3421
56,Lamp4_Adjusted_VA,,Adjusted,,0.6806,,3421
56,Lamp1a_Perceptual_VA,0.901685461,Perceptual,,0.3491,2.582885881,6670
56,Lamp1a_Adjusted_VA,0.460726466,Adjusted,,0.3491,1.319754987,6670
56,Lamp2a_Perceptual_VA,1.530927281,Perceptual,,1.0349,1.479299721,2250
56,Lamp2a_Adjusted_VA,1.157689765,Adjusted,,1.0349,1.118648917,2250
56,Lamp3a_Perceptual_VA,1.145877395,Perceptual,,0.4762,2.406294404,4890
56,Lamp3a_Adjusted_VA,0.510449932,Adjusted,,0.4762,1.071923419,4890
56,Lamp4a_Perceptual_VA,1.530927281,Perceptual,,0.7209,2.123633349,3230
56,Lamp4a_Adjusted_VA,0.816254834,Adjusted,,0.7209,1.132271929,3230
56,Moon1_Perceptual_VA,0.901685461,Perceptual,,0.52,1.734010502,6060
56,Moon1_Adjusted_VA,0.485765656,Adjusted,,0.52,0.934164723,6060
56,Moon2_Perceptual_VA,1.784478379,Perceptual,,1.5149,1.17795127,2080
56,Moon2_Adjusted_VA,1.384107953,Adjusted,,1.5149,0.913662917,2080
56,Moon3_Perceptual_VA,1.3524933,Perceptual,,0.6676,2.025903685,4720
56,Moon3_Adjusted_VA,0.501334872,Adjusted,,0.6676,0.750950977,4720
56,Moon4_Perceptual_VA,1.530927281,Perceptual,,0.96,1.594715918,3270
56,Moon4_Adjusted_VA,0.928076632,Adjusted,,0.96,0.966746492,3270
57,Stick1_Perceptual_VA,,Perceptual,,2.363,,6280
57,Stick1_Adjusted_VA,,Adjusted,,2.363,,6280
57,Stick2_Perceptual_VA,,Perceptual,,7.339,,2020
57,Stick2_Adjusted_VA,,Adjusted,,7.339,,2020
57,Stick3_Perceptual_VA,,Perceptual,,2.952,,5027
57,Stick3_Adjusted_VA,,Adjusted,,2.952,,5027
57,Stick4_Perceptual_VA,,Perceptual,,4.337,,3421
57,Stick4_Adjusted_VA,,Adjusted,,4.337,,3421
57,Lamp1_Perceptual_VA,,Perceptual,,0.3708,,6280
57,Lamp1_Adjusted_VA,,Adjusted,,0.3708,,6280
57,Lamp2_Perceptual_VA,,Perceptual,,1.1527,,2020
57,Lamp2_Adjusted_VA,,Adjusted,,1.1527,,2020
57,Lamp3_Perceptual_VA,,Perceptual,,0.4632,,5027
57,Lamp3_Adjusted_VA,,Adjusted,,0.4632,,5027
57,Lamp4_Perceptual_VA,,Perceptual,,0.6806,,3421
57,Lamp4_Adjusted_VA,,Adjusted,,0.6806,,3421
57,Lamp1a_Perceptual_VA,1.150592624,Perceptual,,0.3491,3.295882624,6670
57,Lamp1a_Adjusted_VA,0.461440025,Adjusted,,0.3491,1.321798984,6670
57,Lamp2a_Perceptual_VA,2.027540257,Perceptual,,1.0349,1.959165386,2250
57,Lamp2a_Adjusted_VA,1.064033895,Adjusted,,1.0349,1.028151411,2250
57,Lamp3a_Perceptual_VA,1.358058596,Perceptual,,0.4762,2.851866015,4890
57,Lamp3a_Adjusted_VA,0.549190364,Adjusted,,0.4762,1.153276698,4890
57,Lamp4a_Perceptual_VA,2.300953294,Perceptual,,0.7209,3.19177874,3230
57,Lamp4a_Adjusted_VA,0.79097342,Adjusted,,0.7209,1.097202692,3230
57,Moon1_Perceptual_VA,0.490430015,Perceptual,,0.52,0.943134645,6060
57,Moon1_Adjusted_VA,0.440734592,Adjusted,,0.52,0.847566524,6060
57,Moon2_Perceptual_VA,2.300953294,Perceptual,,1.5149,1.518881308,2080
57,Moon2_Adjusted_VA,1.027345073,Adjusted,,1.5149,0.678160323,2080
57,Moon3_Perceptual_VA,0.905395947,Perceptual,,0.6676,1.356195246,4720
57,Moon3_Adjusted_VA,0.541701517,Adjusted,,0.6676,0.811416292,4720
57,Moon4_Perceptual_VA,1.358058596,Perceptual,,0.96,1.414644371,3270
57,Moon4_Adjusted_VA,0.738679157,Adjusted,,0.96,0.769457455,3270
58,Stick1_Perceptual_VA,,Perceptual,,2.363,,6280
58,Stick1_Adjusted_VA,,Adjusted,,2.363,,6280
58,Stick2_Perceptual_VA,,Perceptual,,7.339,,2020
58,Stick2_Adjusted_VA,,Adjusted,,7.339,,2020
58,Stick3_Perceptual_VA,,Perceptual,,2.952,,5027
58,Stick3_Adjusted_VA,,Adjusted,,2.952,,5027
58,Stick4_Perceptual_VA,,Perceptual,,4.337,,3421
58,Stick4_Adjusted_VA,,Adjusted,,4.337,,3421
58,Lamp1_Perceptual_VA,,Perceptual,,0.3708,,6280
58,Lamp1_Adjusted_VA,,Adjusted,,0.3708,,6280
58,Lamp2_Perceptual_VA,,Perceptual,,1.1527,,2020
58,Lamp2_Adjusted_VA,,Adjusted,,1.1527,,2020
58,Lamp3_Perceptual_VA,,Perceptual,,0.4632,,5027
58,Lamp3_Adjusted_VA,,Adjusted,,0.4632,,5027
58,Lamp4_Perceptual_VA,,Perceptual,,0.6806,,3421
58,Lamp4_Adjusted_VA,,Adjusted,,0.6806,,3421
58,Lamp1a_Perceptual_VA,1.502181336,Perceptual,,0.3491,4.303011561,6670
58,Lamp1a_Adjusted_VA,0.502139573,Adjusted,,0.3491,1.438383193,6670
58,Lamp2a_Perceptual_VA,2.654695251,Perceptual,,1.0349,2.565170791,2250
58,Lamp2a_Adjusted_VA,1.111156048,Adjusted,,1.0349,1.073684461,2250
58,Lamp3a_Perceptual_VA,1.88639793,Perceptual,,0.4762,3.961356426,4890
58,Lamp3a_Adjusted_VA,0.507125291,Adjusted,,0.4762,1.064941812,4890
58,Lamp4a_Perceptual_VA,2.654695251,Perceptual,,0.7209,3.682473646,3230
58,Lamp4a_Adjusted_VA,,Adjusted,,0.7209,,3230
58,Moon1_Perceptual_VA,1.502181336,Perceptual,,0.52,2.888810261,6060
58,Moon1_Adjusted_VA,0.584889337,Adjusted,,0.52,1.124787186,6060
58,Moon2_Perceptual_VA,2.654695251,Perceptual,,1.5149,1.752389763,2080
58,Moon2_Adjusted_VA,1.145877395,Adjusted,,1.5149,0.756404644,2080
58,Moon3_Perceptual_VA,1.88639793,Perceptual,,0.6676,2.825640997,4720
58,Moon3_Adjusted_VA,0.625914056,Adjusted,,0.6676,0.937558502,4720
58,Moon4_Perceptual_VA,2.305494635,Perceptual,,0.96,2.401556911,3270
58,Moon4_Adjusted_VA,0.774691695,Adjusted,,0.96,0.806970516,3270
59,Stick1_Perceptual_VA,,Perceptual,,2.363,,6280
59,Stick1_Adjusted_VA,,Adjusted,,2.363,,6280
59,Stick2_Perceptual_VA,,Perceptual,,7.339,,2020
59,Stick2_Adjusted_VA,,Adjusted,,7.339,,2020
59,Stick3_Perceptual_VA,,Perceptual,,2.952,,5027
59,Stick3_Adjusted_VA,,Adjusted,,2.952,,5027
59,Stick4_Perceptual_VA,,Perceptual,,4.337,,3421
59,Stick4_Adjusted_VA,,Adjusted,,4.337,,3421
59,Lamp1_Perceptual_VA,,Perceptual,,0.3708,,6280
59,Lamp1_Adjusted_VA,,Adjusted,,0.3708,,6280
59,Lamp2_Perceptual_VA,,Perceptual,,1.1527,,2020
59,Lamp2_Adjusted_VA,,Adjusted,,1.1527,,2020
59,Lamp3_Perceptual_VA,,Perceptual,,0.4632,,5027
59,Lamp3_Adjusted_VA,,Adjusted,,0.4632,,5027
59,Lamp4_Perceptual_VA,,Perceptual,,0.6806,,3421
59,Lamp4_Adjusted_VA,,Adjusted,,0.6806,,3421
59,Lamp1a_Perceptual_VA,0.714327739,Perceptual,,0.3491,2.046198048,6670
59,Lamp1a_Adjusted_VA,0.395420008,Adjusted,,0.3491,1.132684066,6670
59,Lamp2a_Perceptual_VA,1.212839393,Perceptual,,1.0349,1.171938731,2250
59,Lamp2a_Adjusted_VA,1.063100313,Adjusted,,1.0349,1.027249312,2250
59,Lamp3a_Perceptual_VA,0.729209169,Perceptual,,0.4762,1.531308628,4890
59,Lamp3a_Adjusted_VA,0.496560314,Adjusted,,0.4762,1.042755805,4890
59,Lamp4a_Perceptual_VA,1.07147426,Perceptual,,0.7209,1.486300818,3230
59,Lamp4a_Adjusted_VA,0.859420579,Adjusted,,0.7209,1.192149506,3230
59,Moon1_Perceptual_VA,,Perceptual,,0.52,,6060
59,Moon1_Adjusted_VA,,Adjusted,,0.52,,6060
59,Moon2_Perceptual_VA,,Perceptual,,1.5149,,2080
59,Moon2_Adjusted_VA,,Adjusted,,1.5149,,2080
59,Moon3_Perceptual_VA,,Perceptual,,0.6676,,4720
59,Moon3_Adjusted_VA,,Adjusted,,0.6676,,4720
59,Moon4_Perceptual_VA,,Perceptual,,0.96,,3270
59,Moon4_Adjusted_VA,,Adjusted,,0.96,,3270
60,Stick1_Perceptual_VA,,Perceptual,,2.363,,6280
60,Stick1_Adjusted_VA,,Adjusted,,2.363,,6280
60,Stick2_Perceptual_VA,,Perceptual,,7.339,,2020
60,Stick2_Adjusted_VA,,Adjusted,,7.339,,2020
60,Stick3_Perceptual_VA,,Perceptual,,2.952,,5027
60,Stick3_Adjusted_VA,,Adjusted,,2.952,,5027
60,Stick4_Perceptual_VA,,Perceptual,,4.337,,3421
60,Stick4_Adjusted_VA,,Adjusted,,4.337,,3421
60,Lamp1_Perceptual_VA,,Perceptual,,0.3708,,6280
60,Lamp1_Adjusted_VA,,Adjusted,,0.3708,,6280
60,Lamp2_Perceptual_VA,,Perceptual,,1.1527,,2020
60,Lamp2_Adjusted_VA,,Adjusted,,1.1527,,2020
60,Lamp3_Perceptual_VA,,Perceptual,,0.4632,,5027
60,Lamp3_Adjusted_VA,,Adjusted,,0.4632,,5027
60,Lamp4_Perceptual_VA,,Perceptual,,0.6806,,3421
60,Lamp4_Adjusted_VA,,Adjusted,,0.6806,,3421
60,Lamp1a_Perceptual_VA,0.774691695,Perceptual,,0.3491,2.219111129,6670
60,Lamp1a_Adjusted_VA,0.417668319,Adjusted,,0.3491,1.196414548,6670
60,Lamp2a_Perceptual_VA,1.533175848,Perceptual,,1.0349,1.481472459,2250
60,Lamp2a_Adjusted_VA,1.33138487,Adjusted,,1.0349,1.286486491,2250
60,Lamp3a_Perceptual_VA,0.774691695,Perceptual,,0.4762,1.626820024,4890
60,Lamp3a_Adjusted_VA,0.625914056,Adjusted,,0.4762,1.314393229,4890
60,Lamp4a_Perceptual_VA,0.984494805,Perceptual,,0.7209,1.365646838,3230
60,Lamp4a_Adjusted_VA,0.909137095,Adjusted,,0.7209,1.261114018,3230
60,Moon1_Perceptual_VA,,Perceptual,,0.52,,6060
60,Moon1_Adjusted_VA,,Adjusted,,0.52,,6060
60,Moon2_Perceptual_VA,,Perceptual,,1.5149,,2080
60,Moon2_Adjusted_VA,,Adjusted,,1.5149,,2080
60,Moon3_Perceptual_VA,,Perceptual,,0.6676,,4720
60,Moon3_Adjusted_VA,,Adjusted,,0.6676,,4720
60,Moon4_Perceptual_VA,,Perceptual,,0.96,,3270
60,Moon4_Adjusted_VA,,Adjusted,,0.96,,3270
61,Stick1_Perceptual_VA,,Perceptual,,2.363,,6280
61,Stick1_Adjusted_VA,,Adjusted,,2.363,,6280
61,Stick2_Perceptual_VA,,Perceptual,,7.339,,2020
61,Stick2_Adjusted_VA,,Adjusted,,7.339,,2020
61,Stick3_Perceptual_VA,,Perceptual,,2.952,,5027
61,Stick3_Adjusted_VA,,Adjusted,,2.952,,5027
61,Stick4_Perceptual_VA,,Perceptual,,4.337,,3421
61,Stick4_Adjusted_VA,,Adjusted,,4.337,,3421
61,Lamp1_Perceptual_VA,,Perceptual,,0.3708,,6280
61,Lamp1_Adjusted_VA,,Adjusted,,0.3708,,6280
61,Lamp2_Perceptual_VA,,Perceptual,,1.1527,,2020
61,Lamp2_Adjusted_VA,,Adjusted,,1.1527,,2020
61,Lamp3_Perceptual_VA,,Perceptual,,0.4632,,5027
61,Lamp3_Adjusted_VA,,Adjusted,,0.4632,,5027
61,Lamp4_Perceptual_VA,,Perceptual,,0.6806,,3421
61,Lamp4_Adjusted_VA,,Adjusted,,0.6806,,3421
61,Lamp1a_Perceptual_VA,0.75692406,Perceptual,9.3393869,0.3491,2.168215583,6670
61,Lamp1a_Adjusted_VA,0.429716332,Adjusted,9.3393869,0.3491,1.230926188,6670
61,Lamp2a_Perceptual_VA,1.624102038,Perceptual,8.657891047,1.0349,1.56933234,2250
61,Lamp2a_Adjusted_VA,1.242204966,Adjusted,8.657891047,1.0349,1.200314008,2250
61,Lamp3a_Perceptual_VA,0.975223766,Perceptual,6.674042531,0.4762,2.04792895,4890
61,Lamp3a_Adjusted_VA,0.678357407,Adjusted,6.674042531,0.4762,1.424522064,4890
61,Lamp4a_Perceptual_VA,1.205142653,Perceptual,6.770857583,0.7209,1.671719591,3230
61,Lamp4a_Adjusted_VA,0.895587136,Adjusted,6.770857583,0.7209,1.242318125,3230
61,Moon1_Perceptual_VA,,Perceptual,,0.52,,6060
61,Moon1_Adjusted_VA,,Adjusted,,0.52,,6060
61,Moon2_Perceptual_VA,,Perceptual,,1.5149,,2080
61,Moon2_Adjusted_VA,,Adjusted,,1.5149,,2080
61,Moon3_Perceptual_VA,,Perceptual,,0.6676,,4720
61,Moon3_Adjusted_VA,,Adjusted,,0.6676,,4720
61,Moon4_Perceptual_VA,,Perceptual,,0.96,,3270
61,Moon4_Adjusted_VA,,Adjusted,,0.96,,3270
62,Stick1_Perceptual_VA,,Perceptual,,2.363,,6280
62,Stick1_Adjusted_VA,,Adjusted,,2.363,,6280
62,Stick2_Perceptual_VA,,Perceptual,,7.339,,2020
62,Stick2_Adjusted_VA,,Adjusted,,7.339,,2020
62,Stick3_Perceptual_VA,,Perceptual,,2.952,,5027
62,Stick3_Adjusted_VA,,Adjusted,,2.952,,5027
62,Stick4_Perceptual_VA,,Perceptual,,4.337,,3421
62,Stick4_Adjusted_VA,,Adjusted,,4.337,,3421
62,Lamp1_Perceptual_VA,,Perceptual,,0.3708,,6280
62,Lamp1_Adjusted_VA,,Adjusted,,0.3708,,6280
62,Lamp2_Perceptual_VA,,Perceptual,,1.1527,,2020
62,Lamp2_Adjusted_VA,,Adjusted,,1.1527,,2020
62,Lamp3_Perceptual_VA,,Perceptual,,0.4632,,5027
62,Lamp3_Adjusted_VA,,Adjusted,,0.4632,,5027
62,Lamp4_Perceptual_VA,,Perceptual,,0.6806,,3421
62,Lamp4_Adjusted_VA,,Adjusted,,0.6806,,3421
62,Lamp1a_Perceptual_VA,1.235297658,Perceptual,7.04811128,0.3491,3.538520933,6670
62,Lamp1a_Adjusted_VA,0.425461754,Adjusted,7.04811128,0.3491,1.218738912,6670
62,Lamp2a_Perceptual_VA,2.775904354,Perceptual,7.07472985,1.0349,2.682292351,2250
62,Lamp2a_Adjusted_VA,1.108915955,Adjusted,7.07472985,1.0349,1.07151991,2250
62,Lamp3a_Perceptual_VA,1.501458637,Perceptual,7.277544736,0.4762,3.153000077,4890
62,Lamp3a_Adjusted_VA,0.484711947,Adjusted,7.277544736,0.4762,1.017874731,4890
62,Lamp4a_Perceptual_VA,1.838438161,Perceptual,6.949339738,0.7209,2.550198587,3230
62,Lamp4a_Adjusted_VA,0.823929533,Adjusted,6.949339738,0.7209,1.142917926,3230
62,Moon1_Perceptual_VA,,Perceptual,,0.52,,6060
62,Moon1_Adjusted_VA,,Adjusted,,0.52,,6060
62,Moon2_Perceptual_VA,,Perceptual,,1.5149,,2080
62,Moon2_Adjusted_VA,,Adjusted,,1.5149,,2080
62,Moon3_Perceptual_VA,,Perceptual,,0.6676,,4720
62,Moon3_Adjusted_VA,,Adjusted,,0.6676,,4720
62,Moon4_Perceptual_VA,,Perceptual,,0.96,,3270
62,Moon4_Adjusted_VA,,Adjusted,,0.96,,3270
63,Stick1_Perceptual_VA,,Perceptual,,2.363,,6280
63,Stick1_Adjusted_VA,,Adjusted,,2.363,,6280
63,Stick2_Perceptual_VA,,Perceptual,,7.339,,2020
63,Stick2_Adjusted_VA,,Adjusted,,7.339,,2020
63,Stick3_Perceptual_VA,,Perceptual,,2.952,,5027
63,Stick3_Adjusted_VA,,Adjusted,,2.952,,5027
63,Stick4_Perceptual_VA,,Perceptual,,4.337,,3421
63,Stick4_Adjusted_VA,,Adjusted,,4.337,,3421
63,Lamp1_Perceptual_VA,,Perceptual,,0.3708,,6280
63,Lamp1_Adjusted_VA,,Adjusted,,0.3708,,6280
63,Lamp2_Perceptual_VA,,Perceptual,,1.1527,,2020
63,Lamp2_Adjusted_VA,,Adjusted,,1.1527,,2020
63,Lamp3_Perceptual_VA,,Perceptual,,0.4632,,5027
63,Lamp3_Adjusted_VA,,Adjusted,,0.4632,,5027
63,Lamp4_Perceptual_VA,,Perceptual,,0.6806,,3421
63,Lamp4_Adjusted_VA,,Adjusted,,0.6806,,3421
63,Lamp1a_Perceptual_VA,0.564272056,Perceptual,6.250010911,0.3491,1.616362233,6670
63,Lamp1a_Adjusted_VA,0.360407747,Adjusted,6.250010911,0.3491,1.032391141,6670
63,Lamp2a_Perceptual_VA,1.313731015,Perceptual,6.635993519,1.0349,1.269427979,2250
63,Lamp2a_Adjusted_VA,1.234949555,Adjusted,6.635993519,1.0349,1.193303271,2250
63,Lamp3a_Perceptual_VA,0.644570721,Perceptual,6.284166239,0.4762,1.353571443,4890
63,Lamp3a_Adjusted_VA,0.454171484,Adjusted,6.284166239,0.4762,0.953741041,4890
63,Lamp4a_Perceptual_VA,1.043267458,Perceptual,6.027645858,0.7209,1.447173614,3230
63,Lamp4a_Adjusted_VA,1.010101742,Adjusted,6.027645858,0.7209,1.401167627,3230
63,Moon1_Perceptual_VA,,Perceptual,,0.52,,6060
63,Moon1_Adjusted_VA,,Adjusted,,0.52,,6060
63,Moon2_Perceptual_VA,,Perceptual,,1.5149,,2080
63,Moon2_Adjusted_VA,,Adjusted,,1.5149,,2080
63,Moon3_Perceptual_VA,,Perceptual,,0.6676,,4720
63,Moon3_Adjusted_VA,,Adjusted,,0.6676,,4720
63,Moon4_Perceptual_VA,,Perceptual,,0.96,,3270
63,Moon4_Adjusted_VA,,Adjusted,,0.96,,3270
64,Stick1_Perceptual_VA,,Perceptual,,2.363,,6280
64,Stick1_Adjusted_VA,,Adjusted,,2.363,,6280
64,Stick2_Perceptual_VA,,Perceptual,,7.339,,2020
64,Stick2_Adjusted_VA,,Adjusted,,7.339,,2020
64,Stick3_Perceptual_VA,,Perceptual,,2.952,,5027
64,Stick3_Adjusted_VA,,Adjusted,,2.952,,5027
64,Stick4_Perceptual_VA,,Perceptual,,4.337,,3421
64,Stick4_Adjusted_VA,,Adjusted,,4.337,,3421
64,Lamp1_Perceptual_VA,,Perceptual,,0.3708,,6280
64,Lamp1_Adjusted_VA,,Adjusted,,0.3708,,6280
64,Lamp2_Perceptual_VA,,Perceptual,,1.1527,,2020
64,Lamp2_Adjusted_VA,,Adjusted,,1.1527,,2020
64,Lamp3_Perceptual_VA,,Perceptual,,0.4632,,5027
64,Lamp3_Adjusted_VA,,Adjusted,,0.4632,,5027
64,Lamp4_Perceptual_VA,,Perceptual,,0.6806,,3421
64,Lamp4_Adjusted_VA,,Adjusted,,0.6806,,3421
64,Lamp1a_Perceptual_VA,0.716462068,Perceptual,7.321402116,0.3491,2.052311853,6670
64,Lamp1a_Adjusted_VA,0.519655833,Adjusted,7.321402116,0.3491,1.488558675,6670
64,Lamp2a_Perceptual_VA,2.222402421,Perceptual,7.949936759,1.0349,2.1474562,2250
64,Lamp2a_Adjusted_VA,1.831062194,Adjusted,7.949936759,1.0349,1.769313164,2250
64,Lamp3a_Perceptual_VA,0.931990796,Perceptual,6.960310771,0.4762,1.95714153,4890
64,Lamp3a_Adjusted_VA,0.846399532,Adjusted,6.960310771,0.4762,1.777403469,4890
64,Lamp4a_Perceptual_VA,1.461155452,Perceptual,6.03993958,0.7209,2.02684901,3230
64,Lamp4a_Adjusted_VA,1.601952382,Adjusted,6.03993958,0.7209,2.222156169,3230
64,Moon1_Perceptual_VA,,Perceptual,,0.52,,6060
64,Moon1_Adjusted_VA,,Adjusted,,0.52,,6060
64,Moon2_Perceptual_VA,,Perceptual,,1.5149,,2080
64,Moon2_Adjusted_VA,,Adjusted,,1.5149,,2080
64,Moon3_Perceptual_VA,,Perceptual,,0.6676,,4720
64,Moon3_Adjusted_VA,,Adjusted,,0.6676,,4720
64,Moon4_Perceptual_VA,,Perceptual,,0.96,,3270
64,Moon4_Adjusted_VA,,Adjusted,,0.96,,3270
65,Stick1_Perceptual_VA,,Perceptual,,2.363,,6280
65,Stick1_Adjusted_VA,,Adjusted,,2.363,,6280
65,Stick2_Perceptual_VA,,Perceptual,,7.339,,2020
65,Stick2_Adjusted_VA,,Adjusted,,7.339,,2020
65,Stick3_Perceptual_VA,,Perceptual,,2.952,,5027
65,Stick3_Adjusted_VA,,Adjusted,,2.952,,5027
65,Stick4_Perceptual_VA,,Perceptual,,4.337,,3421
65,Stick4_Adjusted_VA,,Adjusted,,4.337,,3421
65,Lamp1_Perceptual_VA,,Perceptual,,0.3708,,6280
65,Lamp1_Adjusted_VA,,Adjusted,,0.3708,,6280
65,Lamp2_Perceptual_VA,,Perceptual,,1.1527,,2020
65,Lamp2_Adjusted_VA,,Adjusted,,1.1527,,2020
65,Lamp3_Perceptual_VA,,Perceptual,,0.4632,,5027
65,Lamp3_Adjusted_VA,,Adjusted,,0.4632,,5027
65,Lamp4_Perceptual_VA,,Perceptual,,0.6806,,3421
65,Lamp4_Adjusted_VA,,Adjusted,,0.6806,,3421
65,Lamp1a_Perceptual_VA,0.772338565,Perceptual,7.647576885,0.3491,2.212370568,6670
65,Lamp1a_Adjusted_VA,0.555850218,Adjusted,7.647576885,0.3491,1.592237805,6670
65,Lamp2a_Perceptual_VA,1.811406843,Perceptual,7.849412506,1.0349,1.750320652,2250
65,Lamp2a_Adjusted_VA,1.296806437,Adjusted,7.849412506,1.0349,1.253074149,2250
65,Lamp3a_Perceptual_VA,0.813752465,Perceptual,6.91855137,0.4762,1.708845999,4890
65,Lamp3a_Adjusted_VA,0.545669966,Adjusted,6.91855137,0.4762,1.145884011,4890
65,Lamp4a_Perceptual_VA,1.200915603,Perceptual,7.278539273,0.7209,1.665856018,3230
65,Lamp4a_Adjusted_VA,0.840035855,Adjusted,7.278539273,0.7209,1.16525989,3230
65,Moon1_Perceptual_VA,,Perceptual,,0.52,,6060
65,Moon1_Adjusted_VA,,Adjusted,,0.52,,6060
65,Moon2_Perceptual_VA,,Perceptual,,1.5149,,2080
65,Moon2_Adjusted_VA,,Adjusted,,1.5149,,2080
65,Moon3_Perceptual_VA,,Perceptual,,0.6676,,4720
65,Moon3_Adjusted_VA,,Adjusted,,0.6676,,4720
65,Moon4_Perceptual_VA,,Perceptual,,0.96,,3270
65,Moon4_Adjusted_VA,,Adjusted,,0.96,,3270
66,Stick1_Perceptual_VA,,Perceptual,,2.363,,6280
66,Stick1_Adjusted_VA,,Adjusted,,2.363,,6280
66,Stick2_Perceptual_VA,,Perceptual,,7.339,,2020
66,Stick2_Adjusted_VA,,Adjusted,,7.339,,2020
66,Stick3_Perceptual_VA,,Perceptual,,2.952,,5027
66,Stick3_Adjusted_VA,,Adjusted,,2.952,,5027
66,Stick4_Perceptual_VA,,Perceptual,,4.337,,3421
66,Stick4_Adjusted_VA,,Adjusted,,4.337,,3421
66,Lamp1_Perceptual_VA,,Perceptual,,0.3708,,6280
66,Lamp1_Adjusted_VA,,Adjusted,,0.3708,,6280
66,Lamp2_Perceptual_VA,,Perceptual,,1.1527,,2020
66,Lamp2_Adjusted_VA,,Adjusted,,1.1527,,2020
66,Lamp3_Perceptual_VA,,Perceptual,,0.4632,,5027
66,Lamp3_Adjusted_VA,,Adjusted,,0.4632,,5027
66,Lamp4_Perceptual_VA,,Perceptual,,0.6806,,3421
66,Lamp4_Adjusted_VA,,Adjusted,,0.6806,,3421
66,Lamp1a_Perceptual_VA,1.180300497,Perceptual,7.115600076,0.3491,3.380981086,6670
66,Lamp1a_Adjusted_VA,0.442042397,Adjusted,7.115600076,0.3491,1.266234308,6670
66,Lamp2a_Perceptual_VA,2.319002783,Perceptual,7.433573643,1.0349,2.240798902,2250
66,Lamp2a_Adjusted_VA,1.121968175,Adjusted,7.433573643,1.0349,1.08413197,2250
66,Lamp3a_Perceptual_VA,1.306126939,Perceptual,6.562181757,0.4762,2.742811717,4890
66,Lamp3a_Adjusted_VA,0.625914056,Adjusted,6.562181757,0.4762,1.314393229,4890
66,Lamp4a_Perceptual_VA,1.511884227,Perceptual,6.275922557,0.7209,2.097217682,3230
66,Lamp4a_Adjusted_VA,0.885626908,Adjusted,6.275922557,0.7209,1.228501745,3230
66,Moon1_Perceptual_VA,,Perceptual,,0.52,,6060
66,Moon1_Adjusted_VA,,Adjusted,,0.52,,6060
66,Moon2_Perceptual_VA,,Perceptual,,1.5149,,2080
66,Moon2_Adjusted_VA,,Adjusted,,1.5149,,2080
66,Moon3_Perceptual_VA,,Perceptual,,0.6676,,4720
66,Moon3_Adjusted_VA,,Adjusted,,0.6676,,4720
66,Moon4_Perceptual_VA,,Perceptual,,0.96,,3270
66,Moon4_Adjusted_VA,,Adjusted,,0.96,,3270
67,Stick1_Perceptual_VA,,Perceptual,,2.363,,6280
67,Stick1_Adjusted_VA,,Adjusted,,2.363,,6280
67,Stick2_Perceptual_VA,,Perceptual,,7.339,,2020
67,Stick2_Adjusted_VA,,Adjusted,,7.339,,2020
67,Stick3_Perceptual_VA,,Perceptual,,2.952,,5027
67,Stick3_Adjusted_VA,,Adjusted,,2.952,,5027
67,Stick4_Perceptual_VA,,Perceptual,,4.337,,3421
67,Stick4_Adjusted_VA,,Adjusted,,4.337,,3421
67,Lamp1_Perceptual_VA,,Perceptual,,0.3708,,6280
67,Lamp1_Adjusted_VA,,Adjusted,,0.3708,,6280
67,Lamp2_Perceptual_VA,,Perceptual,,1.1527,,2020
67,Lamp2_Adjusted_VA,,Adjusted,,1.1527,,2020
67,Lamp3_Perceptual_VA,,Perceptual,,0.4632,,5027
67,Lamp3_Adjusted_VA,,Adjusted,,0.4632,,5027
67,Lamp4_Perceptual_VA,,Perceptual,,0.6806,,3421
67,Lamp4_Adjusted_VA,,Adjusted,,0.6806,,3421
67,Lamp1a_Perceptual_VA,2.190931359,Perceptual,8.331887654,0.3491,6.27594202,6670
67,Lamp1a_Adjusted_VA,0.338052787,Adjusted,8.331887654,0.3491,0.96835516,6670
67,Lamp2a_Perceptual_VA,4.053882739,Perceptual,10.28874015,1.0349,3.917173387,2250
67,Lamp2a_Adjusted_VA,1.125581368,Adjusted,10.28874015,1.0349,1.087623314,2250
67,Lamp3a_Perceptual_VA,2.747672021,Perceptual,8.807579913,0.4762,5.769995844,4890
67,Lamp3a_Adjusted_VA,0.541701517,Adjusted,8.807579913,0.4762,1.137550434,4890
67,Lamp4a_Perceptual_VA,3.168391218,Perceptual,9.280860808,0.7209,4.395049546,3230
67,Lamp4a_Adjusted_VA,0.838459859,Adjusted,9.280860808,0.7209,1.163073739,3230
67,Moon1_Perceptual_VA,,Perceptual,,0.52,,6060
67,Moon1_Adjusted_VA,,Adjusted,,0.52,,6060
67,Moon2_Perceptual_VA,,Perceptual,,1.5149,,2080
67,Moon2_Adjusted_VA,,Adjusted,,1.5149,,2080
67,Moon3_Perceptual_VA,,Perceptual,,0.6676,,4720
67,Moon3_Adjusted_VA,,Adjusted,,0.6676,,4720
67,Moon4_Perceptual_VA,,Perceptual,,0.96,,3270
67,Moon4_Adjusted_VA,,Adjusted,,0.96,,3270
68,Stick1_Perceptual_VA,,Perceptual,,2.363,,6280
68,Stick1_Adjusted_VA,,Adjusted,,2.363,,6280
68,Stick2_Perceptual_VA,,Perceptual,,7.339,,2020
68,Stick2_Adjusted_VA,,Adjusted,,7.339,,2020
68,Stick3_Perceptual_VA,,Perceptual,,2.952,,5027
68,Stick3_Adjusted_VA,,Adjusted,,2.952,,5027
68,Stick4_Perceptual_VA,,Perceptual,,4.337,,3421
68,Stick4_Adjusted_VA,,Adjusted,,4.337,,3421
68,Lamp1_Perceptual_VA,,Perceptual,,0.3708,,6280
68,Lamp1_Adjusted_VA,,Adjusted,,0.3708,,6280
68,Lamp2_Perceptual_VA,,Perceptual,,1.1527,,2020
68,Lamp2_Adjusted_VA,,Adjusted,,1.1527,,2020
68,Lamp3_Perceptual_VA,,Perceptual,,0.4632,,5027
68,Lamp3_Adjusted_VA,,Adjusted,,0.4632,,5027
68,Lamp4_Perceptual_VA,,Perceptual,,0.6806,,3421
68,Lamp4_Adjusted_VA,,Adjusted,,0.6806,,3421
68,Lamp1a_Perceptual_VA,1.014806465,Perceptual,8.537134592,0.3491,2.906921985,6670
68,Lamp1a_Adjusted_VA,0.486029799,Adjusted,8.537134592,0.3491,1.392236606,6670
68,Lamp2a_Perceptual_VA,1.357317829,Perceptual,8.224087496,1.0349,1.311544912,2250
68,Lamp2a_Adjusted_VA,1.182713518,Adjusted,8.224087496,1.0349,1.142828793,2250
68,Lamp3a_Perceptual_VA,0.698011016,Perceptual,7.167103401,0.4762,1.465793817,4890
68,Lamp3a_Adjusted_VA,0.651081397,Adjusted,7.167103401,0.4762,1.367243589,4890
68,Lamp4a_Perceptual_VA,0.896146487,Perceptual,7.701007925,0.7209,1.243094031,3230
68,Lamp4a_Adjusted_VA,0.951603528,Adjusted,7.701007925,0.7209,1.32002154,3230
68,Moon1_Perceptual_VA,,Perceptual,,0.52,,6060
68,Moon1_Adjusted_VA,,Adjusted,,0.52,,6060
68,Moon2_Perceptual_VA,,Perceptual,,1.5149,,2080
68,Moon2_Adjusted_VA,,Adjusted,,1.5149,,2080
68,Moon3_Perceptual_VA,,Perceptual,,0.6676,,4720
68,Moon3_Adjusted_VA,,Adjusted,,0.6676,,4720
68,Moon4_Perceptual_VA,,Perceptual,,0.96,,3270
68,Moon4_Adjusted_VA,,Adjusted,,0.96,,3270
69,Stick1_Perceptual_VA,,Perceptual,,2.363,,6280
69,Stick1_Adjusted_VA,,Adjusted,,2.363,,6280
69,Stick2_Perceptual_VA,,Perceptual,,7.339,,2020
69,Stick2_Adjusted_VA,,Adjusted,,7.339,,2020
69,Stick3_Perceptual_VA,,Perceptual,,2.952,,5027
69,Stick3_Adjusted_VA,,Adjusted,,2.952,,5027
69,Stick4_Perceptual_VA,,Perceptual,,4.337,,3421
69,Stick4_Adjusted_VA,,Adjusted,,4.337,,3421
69,Lamp1_Perceptual_VA,,Perceptual,,0.3708,,6280
69,Lamp1_Adjusted_VA,,Adjusted,,0.3708,,6280
69,Lamp2_Perceptual_VA,,Perceptual,,1.1527,,2020
69,Lamp2_Adjusted_VA,,Adjusted,,1.1527,,2020
69,Lamp3_Perceptual_VA,,Perceptual,,0.4632,,5027
69,Lamp3_Adjusted_VA,,Adjusted,,0.4632,,5027
69,Lamp4_Perceptual_VA,,Perceptual,,0.6806,,3421
69,Lamp4_Adjusted_VA,,Adjusted,,0.6806,,3421
69,Lamp1a_Perceptual_VA,1.137975314,Perceptual,7.432142156,0.3491,3.259740229,6670
69,Lamp1a_Adjusted_VA,0.677124059,Adjusted,7.432142156,0.3491,1.939627782,6670
69,Lamp2a_Perceptual_VA,1.463119157,Perceptual,8.189847201,1.0349,1.413778294,2250
69,Lamp2a_Adjusted_VA,1.226283906,Adjusted,8.189847201,1.0349,1.184929854,2250
69,Lamp3a_Perceptual_VA,0.952305747,Perceptual,7.394611945,0.4762,1.999802072,4890
69,Lamp3a_Adjusted_VA,0.620698208,Adjusted,7.394611945,0.4762,1.303440167,4890
69,Lamp4a_Perceptual_VA,1.225571649,Perceptual,8.570858871,0.7209,1.700057774,3230
69,Lamp4a_Adjusted_VA,0.959804288,Adjusted,8.570858871,0.7209,1.331397265,3230
69,Moon1_Perceptual_VA,,Perceptual,,0.52,,6060
69,Moon1_Adjusted_VA,,Adjusted,,0.52,,6060
69,Moon2_Perceptual_VA,,Perceptual,,1.5149,,2080
69,Moon2_Adjusted_VA,,Adjusted,,1.5149,,2080
69,Moon3_Perceptual_VA,,Perceptual,,0.6676,,4720
69,Moon3_Adjusted_VA,,Adjusted,,0.6676,,4720
69,Moon4_Perceptual_VA,,Perceptual,,0.96,,3270
69,Moon4_Adjusted_VA,,Adjusted,,0.96,,3270
70,Stick1_Perceptual_VA,,Perceptual,,2.363,,6280
70,Stick1_Adjusted_VA,,Adjusted,,2.363,,6280
70,Stick2_Perceptual_VA,,Perceptual,,7.339,,2020
70,Stick2_Adjusted_VA,,Adjusted,,7.339,,2020
70,Stick3_Perceptual_VA,,Perceptual,,2.952,,5027
70,Stick3_Adjusted_VA,,Adjusted,,2.952,,5027
70,Stick4_Perceptual_VA,,Perceptual,,4.337,,3421
70,Stick4_Adjusted_VA,,Adjusted,,4.337,,3421
70,Lamp1_Perceptual_VA,,Perceptual,,0.3708,,6280
70,Lamp1_Adjusted_VA,,Adjusted,,0.3708,,6280
70,Lamp2_Perceptual_VA,,Perceptual,,1.1527,,2020
70,Lamp2_Adjusted_VA,,Adjusted,,1.1527,,2020
70,Lamp3_Perceptual_VA,,Perceptual,,0.4632,,5027
70,Lamp3_Adjusted_VA,,Adjusted,,0.4632,,5027
70,Lamp4_Perceptual_VA,,Perceptual,,0.6806,,3421
70,Lamp4_Adjusted_VA,,Adjusted,,0.6806,,3421
70,Lamp1a_Perceptual_VA,1.430126673,Perceptual,7.053659524,0.3491,4.096610351,6670
70,Lamp1a_Adjusted_VA,0.764973158,Adjusted,7.053659524,0.3491,2.191272296,6670
70,Lamp2a_Perceptual_VA,1.113405211,Perceptual,7.978502044,1.0349,1.075857774,2250
70,Lamp2a_Adjusted_VA,0.737460248,Adjusted,7.978502044,1.0349,0.712590828,2250
70,Lamp3a_Perceptual_VA,0.755537793,Perceptual,7.101869531,0.4762,1.586597632,4890
70,Lamp3a_Adjusted_VA,0.671023982,Adjusted,7.101869531,0.4762,1.40912218,4890
70,Lamp4a_Perceptual_VA,1.463119157,Perceptual,11.25218298,0.7209,2.029572974,3230
70,Lamp4a_Adjusted_VA,1.344778075,Adjusted,11.25218298,0.7209,1.865415557,3230
70,Moon1_Perceptual_VA,,Perceptual,,0.52,,6060
70,Moon1_Adjusted_VA,,Adjusted,,0.52,,6060
70,Moon2_Perceptual_VA,,Perceptual,,1.5149,,2080
70,Moon2_Adjusted_VA,,Adjusted,,1.5149,,2080
70,Moon3_Perceptual_VA,,Perceptual,,0.6676,,4720
70,Moon3_Adjusted_VA,,Adjusted,,0.6676,,4720
70,Moon4_Perceptual_VA,,Perceptual,,0.96,,3270
70,Moon4_Adjusted_VA,,Adjusted,,0.96,,3270
71,Stick1_Perceptual_VA,,Perceptual,,2.363,,6280
71,Stick1_Adjusted_VA,,Adjusted,,2.363,,6280
71,Stick2_Perceptual_VA,,Perceptual,,7.339,,2020
71,Stick2_Adjusted_VA,,Adjusted,,7.339,,2020
71,Stick3_Perceptual_VA,,Perceptual,,2.952,,5027
71,Stick3_Adjusted_VA,,Adjusted,,2.952,,5027
71,Stick4_Perceptual_VA,,Perceptual,,4.337,,3421
71,Stick4_Adjusted_VA,,Adjusted,,4.337,,3421
71,Lamp1_Perceptual_VA,,Perceptual,,0.3708,,6280
71,Lamp1_Adjusted_VA,,Adjusted,,0.3708,,6280
71,Lamp2_Perceptual_VA,,Perceptual,,1.1527,,2020
71,Lamp2_Adjusted_VA,,Adjusted,,1.1527,,2020
71,Lamp3_Perceptual_VA,,Perceptual,,0.4632,,5027
71,Lamp3_Adjusted_VA,,Adjusted,,0.4632,,5027
71,Lamp4_Perceptual_VA,,Perceptual,,0.6806,,3421
71,Lamp4_Adjusted_VA,,Adjusted,,0.6806,,3421
71,Lamp1a_Perceptual_VA,0.618122746,Perceptual,6.378288783,0.3491,1.770618008,6670
71,Lamp1a_Adjusted_VA,0.532028416,Adjusted,6.378288783,0.3491,1.524000044,6670
71,Lamp2a_Perceptual_VA,1.533175848,Perceptual,7.785412189,1.0349,1.481472459,2250
71,Lamp2a_Adjusted_VA,1.204888297,Adjusted,7.785412189,1.0349,1.164255771,2250
71,Lamp3a_Perceptual_VA,0.977610562,Perceptual,6.945702115,0.4762,2.05294112,4890
71,Lamp3a_Adjusted_VA,0.557932021,Adjusted,6.945702115,0.4762,1.171633811,4890
71,Lamp4a_Perceptual_VA,1.137975314,Perceptual,7.320833622,0.7209,1.578548084,3230
71,Lamp4a_Adjusted_VA,0.802333532,Adjusted,7.320833622,0.7209,1.112960926,3230
71,Moon1_Perceptual_VA,,Perceptual,,0.52,,6060
71,Moon1_Adjusted_VA,,Adjusted,,0.52,,6060
71,Moon2_Perceptual_VA,,Perceptual,,1.5149,,2080
71,Moon2_Adjusted_VA,,Adjusted,,1.5149,,2080
71,Moon3_Perceptual_VA,,Perceptual,,0.6676,,4720
71,Moon3_Adjusted_VA,,Adjusted,,0.6676,,4720
71,Moon4_Perceptual_VA,,Perceptual,,0.96,,3270
71,Moon4_Adjusted_VA,,Adjusted,,0.96,,3270
72,Stick1_Perceptual_VA,,Perceptual,,2.363,,6280
72,Stick1_Adjusted_VA,,Adjusted,,2.363,,6280
72,Stick2_Perceptual_VA,,Perceptual,,7.339,,2020
72,Stick2_Adjusted_VA,,Adjusted,,7.339,,2020
72,Stick3_Perceptual_VA,,Perceptual,,2.952,,5027
72,Stick3_Adjusted_VA,,Adjusted,,2.952,,5027
72,Stick4_Perceptual_VA,,Perceptual,,4.337,,3421
72,Stick4_Adjusted_VA,,Adjusted,,4.337,,3421
72,Lamp1_Perceptual_VA,,Perceptual,,0.3708,,6280
72,Lamp1_Adjusted_VA,,Adjusted,,0.3708,,6280
72,Lamp2_Perceptual_VA,,Perceptual,,1.1527,,2020
72,Lamp2_Adjusted_VA,,Adjusted,,1.1527,,2020
72,Lamp3_Perceptual_VA,,Perceptual,,0.4632,,5027
72,Lamp3_Adjusted_VA,,Adjusted,,0.4632,,5027
72,Lamp4_Perceptual_VA,,Perceptual,,0.6806,,3421
72,Lamp4_Adjusted_VA,,Adjusted,,0.6806,,3421
72,Lamp1a_Perceptual_VA,0.833378464,Perceptual,8.685354614,0.3491,2.38721989,6670
72,Lamp1a_Adjusted_VA,0.517030229,Adjusted,8.685354614,0.3491,1.481037609,6670
72,Lamp2a_Perceptual_VA,1.289100657,Perceptual,6.857560875,1.0349,1.245628232,2250
72,Lamp2a_Adjusted_VA,1.061821894,Adjusted,6.857560875,1.0349,1.026014005,2250
72,Lamp3a_Perceptual_VA,0.926545219,Perceptual,7.577816794,0.4762,1.945706046,4890
72,Lamp3a_Adjusted_VA,0.689663093,Adjusted,7.577816794,0.4762,1.44826353,4890
72,Lamp4a_Perceptual_VA,1.035539973,Perceptual,7.204551677,0.7209,1.436454395,3230
72,Lamp4a_Adjusted_VA,1.039088931,Adjusted,7.204551677,0.7209,1.44137735,3230
72,Moon1_Perceptual_VA,,Perceptual,,0.52,,6060
72,Moon1_Adjusted_VA,,Adjusted,,0.52,,6060
72,Moon2_Perceptual_VA,,Perceptual,,1.5149,,2080
72,Moon2_Adjusted_VA,,Adjusted,,1.5149,,2080
72,Moon3_Perceptual_VA,,Perceptual,,0.6676,,4720
72,Moon3_Adjusted_VA,,Adjusted,,0.6676,,4720
72,Moon4_Perceptual_VA,,Perceptual,,0.96,,3270
72,Moon4_Adjusted_VA,,Adjusted,,0.96,,3270
73,Stick1_Perceptual_VA,,Perceptual,,2.363,,6280
73,Stick1_Adjusted_VA,,Adjusted,,2.363,,6280
73,Stick2_Perceptual_VA,,Perceptual,,7.339,,2020
73,Stick2_Adjusted_VA,,Adjusted,,7.339,,2020
73,Stick3_Perceptual_VA,,Perceptual,,2.952,,5027
73,Stick3_Adjusted_VA,,Adjusted,,2.952,,5027
73,Stick4_Perceptual_VA,,Perceptual,,4.337,,3421
73,Stick4_Adjusted_VA,,Adjusted,,4.337,,3421
73,Lamp1_Perceptual_VA,,Perceptual,,0.3708,,6280
73,Lamp1_Adjusted_VA,,Adjusted,,0.3708,,6280
73,Lamp2_Perceptual_VA,,Perceptual,,1.1527,,2020
73,Lamp2_Adjusted_VA,,Adjusted,,1.1527,,2020
73,Lamp3_Perceptual_VA,,Perceptual,,0.4632,,5027
73,Lamp3_Adjusted_VA,,Adjusted,,0.4632,,5027
73,Lamp4_Perceptual_VA,,Perceptual,,0.6806,,3421
73,Lamp4_Adjusted_VA,,Adjusted,,0.6806,,3421
73,Lamp1a_Perceptual_VA,1.00614393,Perceptual,6.611391959,0.3491,2.882108079,6670
73,Lamp1a_Adjusted_VA,0.584187201,Adjusted,6.611391959,0.3491,1.67340934,6670
73,Lamp2a_Perceptual_VA,2.773012243,Perceptual,7.834907958,1.0349,2.67949777,2250
73,Lamp2a_Adjusted_VA,1.403676388,Adjusted,7.834907958,1.0349,1.356340118,2250
73,Lamp3a_Perceptual_VA,1.182136805,Perceptual,7.462077389,0.4762,2.482437642,4890
73,Lamp3a_Adjusted_VA,0.633904286,Adjusted,7.462077389,0.4762,1.331172377,4890
73,Lamp4a_Perceptual_VA,1.995909169,Perceptual,7.732371911,0.7209,2.768635274,3230
73,Lamp4a_Adjusted_VA,0.961067961,Adjusted,7.732371911,0.7209,1.333150174,3230
73,Moon1_Perceptual_VA,,Perceptual,,0.52,,6060
73,Moon1_Adjusted_VA,,Adjusted,,0.52,,6060
73,Moon2_Perceptual_VA,,Perceptual,,1.5149,,2080
73,Moon2_Adjusted_VA,,Adjusted,,1.5149,,2080
73,Moon3_Perceptual_VA,,Perceptual,,0.6676,,4720
73,Moon3_Adjusted_VA,,Adjusted,,0.6676,,4720
73,Moon4_Perceptual_VA,,Perceptual,,0.96,,3270
73,Moon4_Adjusted_VA,,Adjusted,,0.96,,3270
74,Stick1_Perceptual_VA,,Perceptual,,2.363,,6280
74,Stick1_Adjusted_VA,,Adjusted,,2.363,,6280
74,Stick2_Perceptual_VA,,Perceptual,,7.339,,2020
74,Stick2_Adjusted_VA,,Adjusted,,7.339,,2020
74,Stick3_Perceptual_VA,,Perceptual,,2.952,,5027
74,Stick3_Adjusted_VA,,Adjusted,,2.952,,5027
74,Stick4_Perceptual_VA,,Perceptual,,4.337,,3421
74,Stick4_Adjusted_VA,,Adjusted,,4.337,,3421
74,Lamp1_Perceptual_VA,,Perceptual,,0.3708,,6280
74,Lamp1_Adjusted_VA,,Adjusted,,0.3708,,6280
74,Lamp2_Perceptual_VA,,Perceptual,,1.1527,,2020
74,Lamp2_Adjusted_VA,,Adjusted,,1.1527,,2020
74,Lamp3_Perceptual_VA,,Perceptual,,0.4632,,5027
74,Lamp3_Adjusted_VA,,Adjusted,,0.4632,,5027
74,Lamp4_Perceptual_VA,,Perceptual,,0.6806,,3421
74,Lamp4_Adjusted_VA,,Adjusted,,0.6806,,3421
74,Lamp1a_Perceptual_VA,0.768129715,Perceptual,7.187568741,0.3491,2.200314279,6670
74,Lamp1a_Adjusted_VA,0.551732873,Adjusted,7.187568741,0.3491,1.580443634,6670
74,Lamp2a_Perceptual_VA,,Perceptual,6.962976093,1.0349,,2250
74,Lamp2a_Adjusted_VA,1.386348751,Adjusted,6.962976093,1.0349,1.339596822,2250
74,Lamp3a_Perceptual_VA,0.932249743,Perceptual,11.96852053,0.4762,1.957685307,4890
74,Lamp3a_Adjusted_VA,0.647684523,Adjusted,11.96852053,0.4762,1.360110297,4890
74,Lamp4a_Perceptual_VA,1.440695151,Perceptual,10.71849301,0.7209,1.998467403,3230
74,Lamp4a_Adjusted_VA,0.920469775,Adjusted,10.71849301,0.7209,1.2768342,3230
74,Moon1_Perceptual_VA,,Perceptual,,0.52,,6060
74,Moon1_Adjusted_VA,,Adjusted,,0.52,,6060
74,Moon2_Perceptual_VA,,Perceptual,,1.5149,,2080
74,Moon2_Adjusted_VA,,Adjusted,,1.5149,,2080
74,Moon3_Perceptual_VA,,Perceptual,,0.6676,,4720
74,Moon3_Adjusted_VA,,Adjusted,,0.6676,,4720
74,Moon4_Perceptual_VA,,Perceptual,,0.96,,3270
74,Moon4_Adjusted_VA,,Adjusted,,0.96,,3270
75,Stick1_Perceptual_VA,,Perceptual,,2.363,,6280
75,Stick1_Adjusted_VA,,Adjusted,,2.363,,6280
75,Stick2_Perceptual_VA,,Perceptual,,7.339,,2020
75,Stick2_Adjusted_VA,,Adjusted,,7.339,,2020
75,Stick3_Perceptual_VA,,Perceptual,,2.952,,5027
75,Stick3_Adjusted_VA,,Adjusted,,2.952,,5027
75,Stick4_Perceptual_VA,,Perceptual,,4.337,,3421
75,Stick4_Adjusted_VA,,Adjusted,,4.337,,3421
75,Lamp1_Perceptual_VA,,Perceptual,,0.3708,,6280
75,Lamp1_Adjusted_VA,,Adjusted,,0.3708,,6280
75,Lamp2_Perceptual_VA,,Perceptual,,1.1527,,2020
75,Lamp2_Adjusted_VA,,Adjusted,,1.1527,,2020
75,Lamp3_Perceptual_VA,,Perceptual,,0.4632,,5027
75,Lamp3_Adjusted_VA,,Adjusted,,0.4632,,5027
75,Lamp4_Perceptual_VA,,Perceptual,,0.6806,,3421
75,Lamp4_Adjusted_VA,,Adjusted,,0.6806,,3421
75,Lamp1a_Perceptual_VA,0.411514879,Perceptual,7.27189233,0.3491,1.178787967,6670
75,Lamp1a_Adjusted_VA,0.337033025,Adjusted,7.27189233,0.3491,0.965434046,6670
75,Lamp2a_Perceptual_VA,0.9614747,Perceptual,7.757882997,1.0349,0.929050826,2250
75,Lamp2a_Adjusted_VA,1.035947126,Adjusted,7.757882997,1.0349,1.001011814,2250
75,Lamp3a_Perceptual_VA,0.503270503,Perceptual,7.223037405,0.4762,1.05684692,4890
75,Lamp3a_Adjusted_VA,0.557932021,Adjusted,7.223037405,0.4762,1.171633811,4890
75,Lamp4a_Perceptual_VA,0.728519302,Perceptual,7.250274086,0.7209,1.010569152,3230
75,Lamp4a_Adjusted_VA,0.777217787,Adjusted,7.250274086,0.7209,1.078121496,3230
75,Moon1_Perceptual_VA,,Perceptual,,0.52,,6060
75,Moon1_Adjusted_VA,,Adjusted,,0.52,,6060
75,Moon2_Perceptual_VA,,Perceptual,,1.5149,,2080
75,Moon2_Adjusted_VA,,Adjusted,,1.5149,,2080
75,Moon3_Perceptual_VA,,Perceptual,,0.6676,,4720
75,Moon3_Adjusted_VA,,Adjusted,,0.6676,,4720
75,Moon4_Perceptual_VA,,Perceptual,,0.96,,3270
75,Moon4_Adjusted_VA,,Adjusted,,0.96,,3270
76,Stick1_Perceptual_VA,,Perceptual,,2.363,,6280
76,Stick1_Adjusted_VA,,Adjusted,,2.363,,6280
76,Stick2_Perceptual_VA,,Perceptual,,7.339,,2020
76,Stick2_Adjusted_VA,,Adjusted,,7.339,,2020
76,Stick3_Perceptual_VA,,Perceptual,,2.952,,5027
76,Stick3_Adjusted_VA,,Adjusted,,2.952,,5027
76,Stick4_Perceptual_VA,,Perceptual,,4.337,,3421
76,Stick4_Adjusted_VA,,Adjusted,,4.337,,3421
76,Lamp1_Perceptual_VA,,Perceptual,,0.3708,,6280
76,Lamp1_Adjusted_VA,,Adjusted,,0.3708,,6280
76,Lamp2_Perceptual_VA,,Perceptual,,1.1527,,2020
76,Lamp2_Adjusted_VA,,Adjusted,,1.1527,,2020
76,Lamp3_Perceptual_VA,,Perceptual,,0.4632,,5027
76,Lamp3_Adjusted_VA,,Adjusted,,0.4632,,5027
76,Lamp4_Perceptual_VA,,Perceptual,,0.6806,,3421
76,Lamp4_Adjusted_VA,,Adjusted,,0.6806,,3421
76,Lamp1a_Perceptual_VA,1.197291309,Perceptual,12.14618777,0.3491,3.429651415,6670
76,Lamp1a_Adjusted_VA,0.651461028,Adjusted,12.14618777,0.3491,1.866115808,6670
76,Lamp2a_Perceptual_VA,1.424821609,Perceptual,9.999291753,1.0349,1.376772257,2250
76,Lamp2a_Adjusted_VA,0.713899838,Adjusted,9.999291753,1.0349,0.689824947,2250
76,Lamp3a_Perceptual_VA,1.642366547,Perceptual,9.393490121,0.4762,3.448900771,4890
76,Lamp3a_Adjusted_VA,0.711060214,Adjusted,9.393490121,0.4762,1.493196585,4890
76,Lamp4a_Perceptual_VA,2.554658749,Perceptual,10.25200991,0.7209,3.543707518,3230
76,Lamp4a_Adjusted_VA,0.985220609,Adjusted,10.25200991,0.7209,1.36665364,3230
76,Moon1_Perceptual_VA,,Perceptual,,0.52,,6060
76,Moon1_Adjusted_VA,,Adjusted,,0.52,,6060
76,Moon2_Perceptual_VA,,Perceptual,,1.5149,,2080
76,Moon2_Adjusted_VA,,Adjusted,,1.5149,,2080
76,Moon3_Perceptual_VA,,Perceptual,,0.6676,,4720
76,Moon3_Adjusted_VA,,Adjusted,,0.6676,,4720
76,Moon4_Perceptual_VA,,Perceptual,,0.96,,3270
76,Moon4_Adjusted_VA,,Adjusted,,0.96,,3270
77,Stick1_Perceptual_VA,,Perceptual,,2.363,,6280
77,Stick1_Adjusted_VA,,Adjusted,,2.363,,6280
77,Stick2_Perceptual_VA,,Perceptual,,7.339,,2020
77,Stick2_Adjusted_VA,,Adjusted,,7.339,,2020
77,Stick3_Perceptual_VA,,Perceptual,,2.952,,5027
77,Stick3_Adjusted_VA,,Adjusted,,2.952,,5027
77,Stick4_Perceptual_VA,,Perceptual,,4.337,,3421
77,Stick4_Adjusted_VA,,Adjusted,,4.337,,3421
77,Lamp1_Perceptual_VA,,Perceptual,,0.3708,,6280
77,Lamp1_Adjusted_VA,,Adjusted,,0.3708,,6280
77,Lamp2_Perceptual_VA,,Perceptual,,1.1527,,2020
77,Lamp2_Adjusted_VA,,Adjusted,,1.1527,,2020
77,Lamp3_Perceptual_VA,,Perceptual,,0.4632,,5027
77,Lamp3_Adjusted_VA,,Adjusted,,0.4632,,5027
77,Lamp4_Perceptual_VA,,Perceptual,,0.6806,,3421
77,Lamp4_Adjusted_VA,,Adjusted,,0.6806,,3421
77,Lamp1a_Perceptual_VA,0.613877479,Perceptual,8.151861803,0.3491,1.758457403,6670
77,Lamp1a_Adjusted_VA,0.404439117,Adjusted,8.151861803,0.3491,1.158519385,6670
77,Lamp2a_Perceptual_VA,0.681252767,Perceptual,8.195429146,1.0349,0.658278836,2250
77,Lamp2a_Adjusted_VA,0.847067964,Adjusted,8.195429146,1.0349,0.818502236,2250
77,Lamp3a_Perceptual_VA,0.848169766,Perceptual,6.579068551,0.4762,1.781120887,4890
77,Lamp3a_Adjusted_VA,0.542688208,Adjusted,6.579068551,0.4762,1.139622444,4890
77,Lamp4a_Perceptual_VA,1.242510378,Perceptual,6.884560645,0.7209,1.723554415,3230
77,Lamp4a_Adjusted_VA,0.98218931,Adjusted,6.884560645,0.7209,1.362448758,3230
77,Moon1_Perceptual_VA,,Perceptual,,0.52,,6060
77,Moon1_Adjusted_VA,,Adjusted,,0.52,,6060
77,Moon2_Perceptual_VA,,Perceptual,,1.5149,,2080
77,Moon2_Adjusted_VA,,Adjusted,,1.5149,,2080
77,Moon3_Perceptual_VA,,Perceptual,,0.6676,,4720
77,Moon3_Adjusted_VA,,Adjusted,,0.6676,,4720
77,Moon4_Perceptual_VA,,Perceptual,,0.96,,3270
77,Moon4_Adjusted_VA,,Adjusted,,0.96,,3270
78,Stick1_Perceptual_VA,,Perceptual,,2.363,,6280
78,Stick1_Adjusted_VA,,Adjusted,,2.363,,6280
78,Stick2_Perceptual_VA,,Perceptual,,7.339,,2020
78,Stick2_Adjusted_VA,,Adjusted,,7.339,,2020
78,Stick3_Perceptual_VA,,Perceptual,,2.952,,5027
78,Stick3_Adjusted_VA,,Adjusted,,2.952,,5027
78,Stick4_Perceptual_VA,,Perceptual,,4.337,,3421
78,Stick4_Adjusted_VA,,Adjusted,,4.337,,3421
78,Lamp1_Perceptual_VA,,Perceptual,,0.3708,,6280
78,Lamp1_Adjusted_VA,,Adjusted,,0.3708,,6280
78,Lamp2_Perceptual_VA,,Perceptual,,1.1527,,2020
78,Lamp2_Adjusted_VA,,Adjusted,,1.1527,,2020
78,Lamp3_Perceptual_VA,,Perceptual,,0.4632,,5027
78,Lamp3_Adjusted_VA,,Adjusted,,0.4632,,5027
78,Lamp4_Perceptual_VA,,Perceptual,,0.6806,,3421
78,Lamp4_Adjusted_VA,,Adjusted,,0.6806,,3421
78,Lamp1a_Perceptual_VA,0.377135415,Perceptual,6.275360193,0.3491,1.080307691,6670
78,Lamp1a_Adjusted_VA,0.506694068,Adjusted,6.275360193,0.3491,1.451429583,6670
78,Lamp2a_Perceptual_VA,1.551365238,Perceptual,7.248519642,1.0349,1.499048447,2250
78,Lamp2a_Adjusted_VA,1.47323887,Adjusted,7.248519642,1.0349,1.42355674,2250
78,Lamp3a_Perceptual_VA,1.00983827,Perceptual,7.21811691,0.4762,2.120617955,4890
78,Lamp3a_Adjusted_VA,0.613877479,Adjusted,7.21811691,0.4762,1.289116924,4890
78,Lamp4a_Perceptual_VA,1.347239669,Perceptual,6.560286538,0.7209,1.868830169,3230
78,Lamp4a_Adjusted_VA,1.017452898,Adjusted,6.560286538,0.7209,1.411364819,3230
78,Moon1_Perceptual_VA,,Perceptual,,0.52,,6060
78,Moon1_Adjusted_VA,,Adjusted,,0.52,,6060
78,Moon2_Perceptual_VA,,Perceptual,,1.5149,,2080
78,Moon2_Adjusted_VA,,Adjusted,,1.5149,,2080
78,Moon3_Perceptual_VA,,Perceptual,,0.6676,,4720
78,Moon3_Adjusted_VA,,Adjusted,,0.6676,,4720
78,Moon4_Perceptual_VA,,Perceptual,,0.96,,3270
78,Moon4_Adjusted_VA,,Adjusted,,0.96,,3270
79,Stick1_Perceptual_VA,,Perceptual,,2.363,,6280
79,Stick1_Adjusted_VA,,Adjusted,,2.363,,6280
79,Stick2_Perceptual_VA,,Perceptual,,7.339,,2020
79,Stick2_Adjusted_VA,,Adjusted,,7.339,,2020
79,Stick3_Perceptual_VA,,Perceptual,,2.952,,5027
79,Stick3_Adjusted_VA,,Adjusted,,2.952,,5027
79,Stick4_Perceptual_VA,,Perceptual,,4.337,,3421
79,Stick4_Adjusted_VA,,Adjusted,,4.337,,3421
79,Lamp1_Perceptual_VA,,Perceptual,,0.3708,,6280
79,Lamp1_Adjusted_VA,,Adjusted,,0.3708,,6280
79,Lamp2_Perceptual_VA,,Perceptual,,1.1527,,2020
79,Lamp2_Adjusted_VA,,Adjusted,,1.1527,,2020
79,Lamp3_Perceptual_VA,,Perceptual,,0.4632,,5027
79,Lamp3_Adjusted_VA,,Adjusted,,0.4632,,5027
79,Lamp4_Perceptual_VA,,Perceptual,,0.6806,,3421
79,Lamp4_Adjusted_VA,,Adjusted,,0.6806,,3421
79,Lamp1a_Perceptual_VA,1.208132733,Perceptual,7.285452312,0.3491,3.46070677,6670
79,Lamp1a_Adjusted_VA,0.623881213,Adjusted,7.285452312,0.3491,1.787113184,6670
79,Lamp2a_Perceptual_VA,1.8915968,Perceptual,8.436436705,1.0349,1.827806359,2250
79,Lamp2a_Adjusted_VA,1.449938829,Adjusted,8.436436705,1.0349,1.401042447,2250
79,Lamp3a_Perceptual_VA,1.200368954,Perceptual,7.327400756,0.4762,2.520724389,4890
79,Lamp3a_Adjusted_VA,0.769633227,Adjusted,7.327400756,0.4762,1.616197452,4890
79,Lamp4a_Perceptual_VA,1.813100332,Perceptual,7.212286506,0.7209,2.515051092,3230
79,Lamp4a_Adjusted_VA,0.968356321,Adjusted,7.212286506,0.7209,1.343260259,3230
79,Moon1_Perceptual_VA,,Perceptual,,0.52,,6060
79,Moon1_Adjusted_VA,,Adjusted,,0.52,,6060
79,Moon2_Perceptual_VA,,Perceptual,,1.5149,,2080
79,Moon2_Adjusted_VA,,Adjusted,,1.5149,,2080
79,Moon3_Perceptual_VA,,Perceptual,,0.6676,,4720
79,Moon3_Adjusted_VA,,Adjusted,,0.6676,,4720
79,Moon4_Perceptual_VA,,Perceptual,,0.96,,3270
79,Moon4_Adjusted_VA,,Adjusted,,0.96,,3270
80,Stick1_Perceptual_VA,,Perceptual,,2.363,,6280
80,Stick1_Adjusted_VA,,Adjusted,,2.363,,6280
80,Stick2_Perceptual_VA,,Perceptual,,7.339,,2020
80,Stick2_Adjusted_VA,,Adjusted,,7.339,,2020
80,Stick3_Perceptual_VA,,Perceptual,,2.952,,5027
80,Stick3_Adjusted_VA,,Adjusted,,2.952,,5027
80,Stick4_Perceptual_VA,,Perceptual,,4.337,,3421
80,Stick4_Adjusted_VA,,Adjusted,,4.337,,3421
80,Lamp1_Perceptual_VA,,Perceptual,,0.3708,,6280
80,Lamp1_Adjusted_VA,,Adjusted,,0.3708,,6280
80,Lamp2_Perceptual_VA,,Perceptual,,1.1527,,2020
80,Lamp2_Adjusted_VA,,Adjusted,,1.1527,,2020
80,Lamp3_Perceptual_VA,,Perceptual,,0.4632,,5027
80,Lamp3_Adjusted_VA,,Adjusted,,0.4632,,5027
80,Lamp4_Perceptual_VA,,Perceptual,,0.6806,,3421
80,Lamp4_Adjusted_VA,,Adjusted,,0.6806,,3421
80,Lamp1a_Perceptual_VA,0.502421829,Perceptual,5.493635732,0.3491,1.439191717,6670
80,Lamp1a_Adjusted_VA,0.494089896,Adjusted,5.493635732,0.3491,1.415324823,6670
80,Lamp2a_Perceptual_VA,1.733338826,Perceptual,3.995211909,1.0349,1.674885328,2250
80,Lamp2a_Adjusted_VA,1.132016883,Adjusted,3.995211909,1.0349,1.093841804,2250
80,Lamp3a_Perceptual_VA,0.748577426,Perceptual,4.31655421,0.4762,1.571981154,4890
80,Lamp3a_Adjusted_VA,0.721739617,Adjusted,4.31655421,0.4762,1.515622883,4890
80,Lamp4a_Perceptual_VA,1.201001573,Perceptual,3.200029888,0.7209,1.665975271,3230
80,Lamp4a_Adjusted_VA,0.901003771,Adjusted,3.200029888,0.7209,1.249831837,3230
80,Moon1_Perceptual_VA,,Perceptual,,0.52,,6060
80,Moon1_Adjusted_VA,,Adjusted,,0.52,,6060
80,Moon2_Perceptual_VA,,Perceptual,,1.5149,,2080
80,Moon2_Adjusted_VA,,Adjusted,,1.5149,,2080
80,Moon3_Perceptual_VA,,Perceptual,,0.6676,,4720
80,Moon3_Adjusted_VA,,Adjusted,,0.6676,,4720
80,Moon4_Perceptual_VA,,Perceptual,,0.96,,3270
80,Moon4_Adjusted_VA,,Adjusted,,0.96,,3270
81,Stick1_Perceptual_VA,,Perceptual,,2.363,,6280
81,Stick1_Adjusted_VA,,Adjusted,,2.363,,6280
81,Stick2_Perceptual_VA,,Perceptual,,7.339,,2020
81,Stick2_Adjusted_VA,,Adjusted,,7.339,,2020
81,Stick3_Perceptual_VA,,Perceptual,,2.952,,5027
81,Stick3_Adjusted_VA,,Adjusted,,2.952,,5027
81,Stick4_Perceptual_VA,,Perceptual,,4.337,,3421
81,Stick4_Adjusted_VA,,Adjusted,,4.337,,3421
81,Lamp1_Perceptual_VA,,Perceptual,,0.3708,,6280
81,Lamp1_Adjusted_VA,,Adjusted,,0.3708,,6280
81,Lamp2_Perceptual_VA,,Perceptual,,1.1527,,2020
81,Lamp2_Adjusted_VA,,Adjusted,,1.1527,,2020
81,Lamp3_Perceptual_VA,,Perceptual,,0.4632,,5027
81,Lamp3_Adjusted_VA,,Adjusted,,0.4632,,5027
81,Lamp4_Perceptual_VA,,Perceptual,,0.6806,,3421
81,Lamp4_Adjusted_VA,,Adjusted,,0.6806,,3421
81,Lamp1a_Perceptual_VA,1.357317829,Perceptual,6.930825483,0.3491,3.888048781,6670
81,Lamp1a_Adjusted_VA,0.809600805,Adjusted,6.930825483,0.3491,2.319108579,6670
81,Lamp2a_Perceptual_VA,1.608065792,Perceptual,6.924230585,1.0349,1.553836885,2250
81,Lamp2a_Adjusted_VA,1.594214483,Adjusted,6.924230585,1.0349,1.540452684,2250
81,Lamp3a_Perceptual_VA,0.900765609,Perceptual,8.720087144,0.4762,1.891569948,4890
81,Lamp3a_Adjusted_VA,0.964178066,Adjusted,8.720087144,0.4762,2.024733445,4890
81,Lamp4a_Perceptual_VA,1.074264394,Perceptual,8.066686159,0.7209,1.490171167,3230
81,Lamp4a_Adjusted_VA,0.951856872,Adjusted,8.066686159,0.7209,1.320372968,3230
81,Moon1_Perceptual_VA,,Perceptual,,0.52,,6060
81,Moon1_Adjusted_VA,,Adjusted,,0.52,,6060
81,Moon2_Perceptual_VA,,Perceptual,,1.5149,,2080
81,Moon2_Adjusted_VA,,Adjusted,,1.5149,,2080
81,Moon3_Perceptual_VA,,Perceptual,,0.6676,,4720
81,Moon3_Adjusted_VA,,Adjusted,,0.6676,,4720
81,Moon4_Perceptual_VA,,Perceptual,,0.96,,3270
81,Moon4_Adjusted_VA,,Adjusted,,0.96,,3270
82,Stick1_Perceptual_VA,,Perceptual,,2.363,,6280
82,Stick1_Adjusted_VA,,Adjusted,,2.363,,6280
82,Stick2_Perceptual_VA,,Perceptual,,7.339,,2020
82,Stick2_Adjusted_VA,,Adjusted,,7.339,,2020
82,Stick3_Perceptual_VA,,Perceptual,,2.952,,5027
82,Stick3_Adjusted_VA,,Adjusted,,2.952,,5027
82,Stick4_Perceptual_VA,,Perceptual,,4.337,,3421
82,Stick4_Adjusted_VA,,Adjusted,,4.337,,3421
82,Lamp1_Perceptual_VA,,Perceptual,,0.3708,,6280
82,Lamp1_Adjusted_VA,,Adjusted,,0.3708,,6280
82,Lamp2_Perceptual_VA,,Perceptual,,1.1527,,2020
82,Lamp2_Adjusted_VA,,Adjusted,,1.1527,,2020
82,Lamp3_Perceptual_VA,,Perceptual,,0.4632,,5027
82,Lamp3_Adjusted_VA,,Adjusted,,0.4632,,5027
82,Lamp4_Perceptual_VA,,Perceptual,,0.6806,,3421
82,Lamp4_Adjusted_VA,,Adjusted,,0.6806,,3421
82,Lamp1a_Perceptual_VA,0.554195927,Perceptual,5.945587621,0.3491,1.587499076,6670
82,Lamp1a_Adjusted_VA,0.383939354,Adjusted,5.945587621,0.3491,1.099797634,6670
82,Lamp2a_Perceptual_VA,1.155505967,Perceptual,6.701937723,1.0349,1.116538764,2250
82,Lamp2a_Adjusted_VA,1.221996526,Adjusted,6.701937723,1.0349,1.180787058,2250
82,Lamp3a_Perceptual_VA,0.642101154,Perceptual,6.82546159,0.4762,1.348385455,4890
82,Lamp3a_Adjusted_VA,0.588482148,Adjusted,6.82546159,0.4762,1.235787796,4890
82,Lamp4a_Perceptual_VA,1.062292532,Perceptual,6.761454605,0.7209,1.473564339,3230
82,Lamp4a_Adjusted_VA,0.854082761,Adjusted,6.761454605,0.7209,1.184745126,3230
82,Moon1_Perceptual_VA,,Perceptual,,0.52,,6060
82,Moon1_Adjusted_VA,,Adjusted,,0.52,,6060
82,Moon2_Perceptual_VA,,Perceptual,,1.5149,,2080
82,Moon2_Adjusted_VA,,Adjusted,,1.5149,,2080
82,Moon3_Perceptual_VA,,Perceptual,,0.6676,,4720
82,Moon3_Adjusted_VA,,Adjusted,,0.6676,,4720
82,Moon4_Perceptual_VA,,Perceptual,,0.96,,3270
82,Moon4_Adjusted_VA,,Adjusted,,0.96,,3270
83,Stick1_Perceptual_VA,,Perceptual,,2.363,,6280
83,Stick1_Adjusted_VA,,Adjusted,,2.363,,6280
83,Stick2_Perceptual_VA,,Perceptual,,7.339,,2020
83,Stick2_Adjusted_VA,,Adjusted,,7.339,,2020
83,Stick3_Perceptual_VA,,Perceptual,,2.952,,5027
83,Stick3_Adjusted_VA,,Adjusted,,2.952,,5027
83,Stick4_Perceptual_VA,,Perceptual,,4.337,,3421
83,Stick4_Adjusted_VA,,Adjusted,,4.337,,3421
83,Lamp1_Perceptual_VA,,Perceptual,,0.3708,,6280
83,Lamp1_Adjusted_VA,,Adjusted,,0.3708,,6280
83,Lamp2_Perceptual_VA,,Perceptual,,1.1527,,2020
83,Lamp2_Adjusted_VA,,Adjusted,,1.1527,,2020
83,Lamp3_Perceptual_VA,,Perceptual,,0.4632,,5027
83,Lamp3_Adjusted_VA,,Adjusted,,0.4632,,5027
83,Lamp4_Perceptual_VA,,Perceptual,,0.6806,,3421
83,Lamp4_Adjusted_VA,,Adjusted,,0.6806,,3421
83,Lamp1a_Perceptual_VA,1.111904759,Perceptual,5.185951428,0.3491,3.185060896,6670
83,Lamp1a_Adjusted_VA,0.639345412,Adjusted,5.185951428,0.3491,1.831410518,6670
83,Lamp2a_Perceptual_VA,2.291525676,Perceptual,7.431259769,1.0349,2.214248407,2250
83,Lamp2a_Adjusted_VA,1.346775193,Adjusted,7.431259769,1.0349,1.301357806,2250
83,Lamp3a_Perceptual_VA,1.509787543,Perceptual,6.2009829,0.4762,3.170490431,4890
83,Lamp3a_Adjusted_VA,0.635632329,Adjusted,6.2009829,0.4762,1.334801195,4890
83,Lamp4a_Perceptual_VA,1.962988229,Perceptual,6.376377514,0.7209,2.722968829,3230
83,Lamp4a_Adjusted_VA,0.846199208,Adjusted,6.376377514,0.7209,1.173809416,3230
83,Moon1_Perceptual_VA,,Perceptual,,0.52,,6060
83,Moon1_Adjusted_VA,,Adjusted,,0.52,,6060
83,Moon2_Perceptual_VA,,Perceptual,,1.5149,,2080
83,Moon2_Adjusted_VA,,Adjusted,,1.5149,,2080
83,Moon3_Perceptual_VA,,Perceptual,,0.6676,,4720
83,Moon3_Adjusted_VA,,Adjusted,,0.6676,,4720
83,Moon4_Perceptual_VA,,Perceptual,,0.96,,3270
83,Moon4_Adjusted_VA,,Adjusted,,0.96,,3270
84,Stick1_Perceptual_VA,,Perceptual,,2.363,,6280
84,Stick1_Adjusted_VA,,Adjusted,,2.363,,6280
84,Stick2_Perceptual_VA,,Perceptual,,7.339,,2020
84,Stick2_Adjusted_VA,,Adjusted,,7.339,,2020
84,Stick3_Perceptual_VA,,Perceptual,,2.952,,5027
84,Stick3_Adjusted_VA,,Adjusted,,2.952,,5027
84,Stick4_Perceptual_VA,,Perceptual,,4.337,,3421
84,Stick4_Adjusted_VA,,Adjusted,,4.337,,3421
84,Lamp1_Perceptual_VA,,Perceptual,,0.3708,,6280
84,Lamp1_Adjusted_VA,,Adjusted,,0.3708,,6280
84,Lamp2_Perceptual_VA,,Perceptual,,1.1527,,2020
84,Lamp2_Adjusted_VA,,Adjusted,,1.1527,,2020
84,Lamp3_Perceptual_VA,,Perceptual,,0.4632,,5027
84,Lamp3_Adjusted_VA,,Adjusted,,0.4632,,5027
84,Lamp4_Perceptual_VA,,Perceptual,,0.6806,,3421
84,Lamp4_Adjusted_VA,,Adjusted,,0.6806,,3421
84,Lamp1a_Perceptual_VA,1.876365198,Perceptual,8.03492089,0.3491,5.374864502,6670
84,Lamp1a_Adjusted_VA,0.669683305,Adjusted,8.03492089,0.3491,1.918313679,6670
84,Lamp2a_Perceptual_VA,2.130589229,Perceptual,7.196661339,1.0349,2.05873923,2250
84,Lamp2a_Adjusted_VA,1.232771682,Adjusted,7.196661339,1.0349,1.191198842,2250
84,Lamp3a_Perceptual_VA,1.678162389,Perceptual,6.703154988,0.4762,3.524070535,4890
84,Lamp3a_Adjusted_VA,0.950844305,Adjusted,6.703154988,0.4762,1.996733106,4890
84,Lamp4a_Perceptual_VA,1.91753982,Perceptual,5.803872985,0.7209,2.659924843,3230
84,Lamp4a_Adjusted_VA,1.177773265,Adjusted,5.803872985,0.7209,1.633754009,3230
84,Moon1_Perceptual_VA,,Perceptual,,0.52,,6060
84,Moon1_Adjusted_VA,,Adjusted,,0.52,,6060
84,Moon2_Perceptual_VA,,Perceptual,,1.5149,,2080
84,Moon2_Adjusted_VA,,Adjusted,,1.5149,,2080
84,Moon3_Perceptual_VA,,Perceptual,,0.6676,,4720
84,Moon3_Adjusted_VA,,Adjusted,,0.6676,,4720
84,Moon4_Perceptual_VA,,Perceptual,,0.96,,3270
84,Moon4_Adjusted_VA,,Adjusted,,0.96,,3270
85,Stick1_Perceptual_VA,,Perceptual,,2.363,,6280
85,Stick1_Adjusted_VA,,Adjusted,,2.363,,6280
85,Stick2_Perceptual_VA,,Perceptual,,7.339,,2020
85,Stick2_Adjusted_VA,,Adjusted,,7.339,,2020
85,Stick3_Perceptual_VA,,Perceptual,,2.952,,5027
85,Stick3_Adjusted_VA,,Adjusted,,2.952,,5027
85,Stick4_Perceptual_VA,,Perceptual,,4.337,,3421
85,Stick4_Adjusted_VA,,Adjusted,,4.337,,3421
85,Lamp1_Perceptual_VA,,Perceptual,,0.3708,,6280
85,Lamp1_Adjusted_VA,,Adjusted,,0.3708,,6280
85,Lamp2_Perceptual_VA,,Perceptual,,1.1527,,2020
85,Lamp2_Adjusted_VA,,Adjusted,,1.1527,,2020
85,Lamp3_Perceptual_VA,,Perceptual,,0.4632,,5027
85,Lamp3_Adjusted_VA,,Adjusted,,0.4632,,5027
85,Lamp4_Perceptual_VA,,Perceptual,,0.6806,,3421
85,Lamp4_Adjusted_VA,,Adjusted,,0.6806,,3421
85,Lamp1a_Perceptual_VA,0.5436785,Perceptual,6.83640063,0.3491,1.557371813,6670
85,Lamp1a_Adjusted_VA,0.440734592,Adjusted,6.83640063,0.3491,1.26248809,6670
85,Lamp2a_Perceptual_VA,1.388477723,Perceptual,8.517259267,1.0349,1.341653998,2250
85,Lamp2a_Adjusted_VA,1.375032709,Adjusted,8.517259267,1.0349,1.328662392,2250
85,Lamp3a_Perceptual_VA,0.718057812,Perceptual,7.22908107,0.4762,1.507891248,4890
85,Lamp3a_Adjusted_VA,0.712079872,Adjusted,7.22908107,0.4762,1.495337825,4890
85,Lamp4a_Perceptual_VA,1.01856481,Perceptual,7.932320496,0.7209,1.412907213,3230
85,Lamp4a_Adjusted_VA,0.770517836,Adjusted,7.932320496,0.7209,1.068827627,3230
85,Moon1_Perceptual_VA,,Perceptual,,0.52,,6060
85,Moon1_Adjusted_VA,,Adjusted,,0.52,,6060
85,Moon2_Perceptual_VA,,Perceptual,,1.5149,,2080
85,Moon2_Adjusted_VA,,Adjusted,,1.5149,,2080
85,Moon3_Perceptual_VA,,Perceptual,,0.6676,,4720
85,Moon3_Adjusted_VA,,Adjusted,,0.6676,,4720
85,Moon4_Perceptual_VA,,Perceptual,,0.96,,3270
85,Moon4_Adjusted_VA,,Adjusted,,0.96,,3270
86,Stick1_Perceptual_VA,,Perceptual,,2.363,,6280
86,Stick1_Adjusted_VA,,Adjusted,,2.363,,6280
86,Stick2_Perceptual_VA,,Perceptual,,7.339,,2020
86,Stick2_Adjusted_VA,,Adjusted,,7.339,,2020
86,Stick3_Perceptual_VA,,Perceptual,,2.952,,5027
86,Stick3_Adjusted_VA,,Adjusted,,2.952,,5027
86,Stick4_Perceptual_VA,,Perceptual,,4.337,,3421
86,Stick4_Adjusted_VA,,Adjusted,,4.337,,3421
86,Lamp1_Perceptual_VA,,Perceptual,,0.3708,,6280
86,Lamp1_Adjusted_VA,,Adjusted,,0.3708,,6280
86,Lamp2_Perceptual_VA,,Perceptual,,1.1527,,2020
86,Lamp2_Adjusted_VA,,Adjusted,,1.1527,,2020
86,Lamp3_Perceptual_VA,,Perceptual,,0.4632,,5027
86,Lamp3_Adjusted_VA,,Adjusted,,0.4632,,5027
86,Lamp4_Perceptual_VA,,Perceptual,,0.6806,,3421
86,Lamp4_Adjusted_VA,,Adjusted,,0.6806,,3421
86,Lamp1a_Perceptual_VA,2.864192368,Perceptual,8.878560078,0.3491,8.204504063,6670
86,Lamp1a_Adjusted_VA,3.367745779,Adjusted,8.878560078,0.3491,9.646937206,6670
86,Lamp2a_Perceptual_VA,2.284039017,Perceptual,10.243737,1.0349,2.207014221,2250
86,Lamp2a_Adjusted_VA,2.864192368,Adjusted,10.243737,1.0349,2.767603023,2250
86,Lamp3a_Perceptual_VA,2.287776222,Perceptual,8.914634621,0.4762,4.804233983,4890
86,Lamp3a_Adjusted_VA,2.11769626,Adjusted,8.914634621,0.4762,4.447073205,4890
86,Lamp4a_Perceptual_VA,2.10550535,Perceptual,9.237473594,0.7209,2.920662158,3230
86,Lamp4a_Adjusted_VA,2.529074415,Adjusted,9.237473594,0.7209,3.508218082,3230
86,Moon1_Perceptual_VA,,Perceptual,,0.52,,6060
86,Moon1_Adjusted_VA,,Adjusted,,0.52,,6060
86,Moon2_Perceptual_VA,,Perceptual,,1.5149,,2080
86,Moon2_Adjusted_VA,,Adjusted,,1.5149,,2080
86,Moon3_Perceptual_VA,,Perceptual,,0.6676,,4720
86,Moon3_Adjusted_VA,,Adjusted,,0.6676,,4720
86,Moon4_Perceptual_VA,,Perceptual,,0.96,,3270
86,Moon4_Adjusted_VA,,Adjusted,,0.96,,3270
87,Stick1_Perceptual_VA,,Perceptual,,2.363,,6280
87,Stick1_Adjusted_VA,,Adjusted,,2.363,,6280
87,Stick2_Perceptual_VA,,Perceptual,,7.339,,2020
87,Stick2_Adjusted_VA,,Adjusted,,7.339,,2020
87,Stick3_Perceptual_VA,,Perceptual,,2.952,,5027
87,Stick3_Adjusted_VA,,Adjusted,,2.952,,5027
87,Stick4_Perceptual_VA,,Perceptual,,4.337,,3421
87,Stick4_Adjusted_VA,,Adjusted,,4.337,,3421
87,Lamp1_Perceptual_VA,,Perceptual,,0.3708,,6280
87,Lamp1_Adjusted_VA,,Adjusted,,0.3708,,6280
87,Lamp2_Perceptual_VA,,Perceptual,,1.1527,,2020
87,Lamp2_Adjusted_VA,,Adjusted,,1.1527,,2020
87,Lamp3_Perceptual_VA,,Perceptual,,0.4632,,5027
87,Lamp3_Adjusted_VA,,Adjusted,,0.4632,,5027
87,Lamp4_Perceptual_VA,,Perceptual,,0.6806,,3421
87,Lamp4_Adjusted_VA,,Adjusted,,0.6806,,3421
87,Lamp1a_Perceptual_VA,1.656840107,Perceptual,7.887354106,0.3491,4.746032961,6670
87,Lamp1a_Adjusted_VA,0.521835277,Adjusted,7.887354106,0.3491,1.494801709,6670
87,Lamp2a_Perceptual_VA,2.474792843,Perceptual,8.048548764,1.0349,2.391335243,2250
87,Lamp2a_Adjusted_VA,1.395157627,Adjusted,8.048548764,1.0349,1.348108636,2250
87,Lamp3a_Perceptual_VA,1.955142418,Perceptual,7.031526603,0.4762,4.105716963,4890
87,Lamp3a_Adjusted_VA,0.669817132,Adjusted,7.031526603,0.4762,1.406587845,4890
87,Lamp4a_Perceptual_VA,2.250945579,Perceptual,6.972511476,0.7209,3.122410291,3230
87,Lamp4a_Adjusted_VA,0.77107175,Adjusted,6.972511476,0.7209,1.069595991,3230
87,Moon1_Perceptual_VA,,Perceptual,,0.52,,6060
87,Moon1_Adjusted_VA,,Adjusted,,0.52,,6060
87,Moon2_Perceptual_VA,,Perceptual,,1.5149,,2080
87,Moon2_Adjusted_VA,,Adjusted,,1.5149,,2080
87,Moon3_Perceptual_VA,,Perceptual,,0.6676,,4720
87,Moon3_Adjusted_VA,,Adjusted,,0.6676,,4720
87,Moon4_Perceptual_VA,,Perceptual,,0.96,,3270
87,Moon4_Adjusted_VA,,Adjusted,,0.96,,3270
88,Stick1_Perceptual_VA,,Perceptual,,2.363,,6280
88,Stick1_Adjusted_VA,,Adjusted,,2.363,,6280
88,Stick2_Perceptual_VA,,Perceptual,,7.339,,2020
88,Stick2_Adjusted_VA,,Adjusted,,7.339,,2020
88,Stick3_Perceptual_VA,,Perceptual,,2.952,,5027
88,Stick3_Adjusted_VA,,Adjusted,,2.952,,5027
88,Stick4_Perceptual_VA,,Perceptual,,4.337,,3421
88,Stick4_Adjusted_VA,,Adjusted,,4.337,,3421
88,Lamp1_Perceptual_VA,,Perceptual,,0.3708,,6280
88,Lamp1_Adjusted_VA,,Adjusted,,0.3708,,6280
88,Lamp2_Perceptual_VA,,Perceptual,,1.1527,,2020
88,Lamp2_Adjusted_VA,,Adjusted,,1.1527,,2020
88,Lamp3_Perceptual_VA,,Perceptual,,0.4632,,5027
88,Lamp3_Adjusted_VA,,Adjusted,,0.4632,,5027
88,Lamp4_Perceptual_VA,,Perceptual,,0.6806,,3421
88,Lamp4_Adjusted_VA,,Adjusted,,0.6806,,3421
88,Lamp1a_Perceptual_VA,1.227719726,Perceptual,7.450610582,0.3491,3.516813882,6670
88,Lamp1a_Adjusted_VA,0.570623982,Adjusted,7.450610582,0.3491,1.634557381,6670
88,Lamp2a_Perceptual_VA,3.098852125,Perceptual,8.955409743,1.0349,2.994349333,2250
88,Lamp2a_Adjusted_VA,1.122493654,Adjusted,8.955409743,1.0349,1.084639727,2250
88,Lamp3a_Perceptual_VA,1.98028397,Perceptual,8.427645809,0.4762,4.158513166,4890
88,Lamp3a_Adjusted_VA,0.597064844,Adjusted,8.427645809,0.4762,1.253811097,4890
88,Lamp4a_Perceptual_VA,2.208284291,Perceptual,8.337322091,0.7209,3.063232475,3230
88,Lamp4a_Adjusted_VA,0.828358287,Adjusted,8.337322091,0.7209,1.149061294,3230
88,Moon1_Perceptual_VA,,Perceptual,,0.52,,6060
88,Moon1_Adjusted_VA,,Adjusted,,0.52,,6060
88,Moon2_Perceptual_VA,,Perceptual,,1.5149,,2080
88,Moon2_Adjusted_VA,,Adjusted,,1.5149,,2080
88,Moon3_Perceptual_VA,,Perceptual,,0.6676,,4720
88,Moon3_Adjusted_VA,,Adjusted,,0.6676,,4720
88,Moon4_Perceptual_VA,,Perceptual,,0.96,,3270
88,Moon4_Adjusted_VA,,Adjusted,,0.96,,3270
89,Stick1_Perceptual_VA,,Perceptual,,2.363,,6280
89,Stick1_Adjusted_VA,,Adjusted,,2.363,,6280
89,Stick2_Perceptual_VA,,Perceptual,,7.339,,2020
89,Stick2_Adjusted_VA,,Adjusted,,7.339,,2020
89,Stick3_Perceptual_VA,,Perceptual,,2.952,,5027
89,Stick3_Adjusted_VA,,Adjusted,,2.952,,5027
89,Stick4_Perceptual_VA,,Perceptual,,4.337,,3421
89,Stick4_Adjusted_VA,,Adjusted,,4.337,,3421
89,Lamp1_Perceptual_VA,,Perceptual,,0.3708,,6280
89,Lamp1_Adjusted_VA,,Adjusted,,0.3708,,6280
89,Lamp2_Perceptual_VA,,Perceptual,,1.1527,,2020
89,Lamp2_Adjusted_VA,,Adjusted,,1.1527,,2020
89,Lamp3_Perceptual_VA,,Perceptual,,0.4632,,5027
89,Lamp3_Adjusted_VA,,Adjusted,,0.4632,,5027
89,Lamp4_Perceptual_VA,,Perceptual,,0.6806,,3421
89,Lamp4_Adjusted_VA,,Adjusted,,0.6806,,3421
89,Lamp1a_Perceptual_VA,1.031296187,Perceptual,6.2488638,0.3491,2.954156937,6670
89,Lamp1a_Adjusted_VA,0.499892892,Adjusted,6.2488638,0.3491,1.431947556,6670
89,Lamp2a_Perceptual_VA,2.08185174,Perceptual,9.152760984,1.0349,2.011645319,2250
89,Lamp2a_Adjusted_VA,1.073579753,Adjusted,9.152760984,1.0349,1.037375353,2250
89,Lamp3a_Perceptual_VA,1.188152338,Perceptual,6.341057941,0.4762,2.495070009,4890
89,Lamp3a_Adjusted_VA,0.548684671,Adjusted,6.341057941,0.4762,1.152214766,4890
89,Lamp4a_Perceptual_VA,1.899305704,Perceptual,7.02385724,0.7209,2.6346313,3230
89,Lamp4a_Adjusted_VA,0.966411923,Adjusted,7.02385724,0.7209,1.340563078,3230
89,Moon1_Perceptual_VA,,Perceptual,,0.52,,6060
89,Moon1_Adjusted_VA,,Adjusted,,0.52,,6060
89,Moon2_Perceptual_VA,,Perceptual,,1.5149,,2080
89,Moon2_Adjusted_VA,,Adjusted,,1.5149,,2080
89,Moon3_Perceptual_VA,,Perceptual,,0.6676,,4720
89,Moon3_Adjusted_VA,,Adjusted,,0.6676,,4720
89,Moon4_Perceptual_VA,,Perceptual,,0.96,,3270
89,Moon4_Adjusted_VA,,Adjusted,,0.96,,3270
90,Stick1_Perceptual_VA,,Perceptual,,2.363,,6280
90,Stick1_Adjusted_VA,,Adjusted,,2.363,,6280
90,Stick2_Perceptual_VA,,Perceptual,,7.339,,2020
90,Stick2_Adjusted_VA,,Adjusted,,7.339,,2020
90,Stick3_Perceptual_VA,,Perceptual,,2.952,,5027
90,Stick3_Adjusted_VA,,Adjusted,,2.952,,5027
90,Stick4_Perceptual_VA,,Perceptual,,4.337,,3421
90,Stick4_Adjusted_VA,,Adjusted,,4.337,,3421
90,Lamp1_Perceptual_VA,,Perceptual,,0.3708,,6280
90,Lamp1_Adjusted_VA,,Adjusted,,0.3708,,6280
90,Lamp2_Perceptual_VA,,Perceptual,,1.1527,,2020
90,Lamp2_Adjusted_VA,,Adjusted,,1.1527,,2020
90,Lamp3_Perceptual_VA,,Perceptual,,0.4632,,5027
90,Lamp3_Adjusted_VA,,Adjusted,,0.4632,,5027
90,Lamp4_Perceptual_VA,,Perceptual,,0.6806,,3421
90,Lamp4_Adjusted_VA,,Adjusted,,0.6806,,3421
90,Lamp1a_Perceptual_VA,1.100766944,Perceptual,8.083937156,0.3491,3.153156529,6670
90,Lamp1a_Adjusted_VA,0.530713256,Adjusted,8.083937156,0.3491,1.520232758,6670
90,Lamp2a_Perceptual_VA,1.62227583,Perceptual,8.343666807,1.0349,1.567567717,2250
90,Lamp2a_Adjusted_VA,0.874556562,Adjusted,8.343666807,1.0349,0.845063834,2250
90,Lamp3a_Perceptual_VA,1.39592677,Perceptual,8.646100329,0.4762,2.931387589,4890
90,Lamp3a_Adjusted_VA,0.730131027,Adjusted,8.646100329,0.4762,1.533244491,4890
90,Lamp4a_Perceptual_VA,1.952044535,Perceptual,8.115965236,0.7209,2.70778823,3230
90,Lamp4a_Adjusted_VA,0.958234604,Adjusted,8.115965236,0.7209,1.329219869,3230
90,Moon1_Perceptual_VA,,Perceptual,,0.52,,6060
90,Moon1_Adjusted_VA,,Adjusted,,0.52,,6060
90,Moon2_Perceptual_VA,,Perceptual,,1.5149,,2080
90,Moon2_Adjusted_VA,,Adjusted,,1.5149,,2080
90,Moon3_Perceptual_VA,,Perceptual,,0.6676,,4720
90,Moon3_Adjusted_VA,,Adjusted,,0.6676,,4720
90,Moon4_Perceptual_VA,,Perceptual,,0.96,,3270
90,Moon4_Adjusted_VA,,Adjusted,,0.96,,3270
91,Stick1_Perceptual_VA,,Perceptual,,2.363,,6280
91,Stick1_Adjusted_VA,,Adjusted,,2.363,,6280
91,Stick2_Perceptual_VA,,Perceptual,,7.339,,2020
91,Stick2_Adjusted_VA,,Adjusted,,7.339,,2020
91,Stick3_Perceptual_VA,,Perceptual,,2.952,,5027
91,Stick3_Adjusted_VA,,Adjusted,,2.952,,5027
91,Stick4_Perceptual_VA,,Perceptual,,4.337,,3421
91,Stick4_Adjusted_VA,,Adjusted,,4.337,,3421
91,Lamp1_Perceptual_VA,,Perceptual,,0.3708,,6280
91,Lamp1_Adjusted_VA,,Adjusted,,0.3708,,6280
91,Lamp2_Perceptual_VA,,Perceptual,,1.1527,,2020
91,Lamp2_Adjusted_VA,,Adjusted,,1.1527,,2020
91,Lamp3_Perceptual_VA,,Perceptual,,0.4632,,5027
91,Lamp3_Adjusted_VA,,Adjusted,,0.4632,,5027
91,Lamp4_Perceptual_VA,,Perceptual,,0.6806,,3421
91,Lamp4_Adjusted_VA,,Adjusted,,0.6806,,3421
91,Lamp1a_Perceptual_VA,0.414953693,Perceptual,9.379800164,0.3491,1.188638477,6670
91,Lamp1a_Adjusted_VA,0.401604287,Adjusted,9.379800164,0.3491,1.150398989,6670
91,Lamp2a_Perceptual_VA,2.278029828,Perceptual,10.33416392,1.0349,2.20120768,2250
91,Lamp2a_Adjusted_VA,1.35621358,Adjusted,10.33416392,1.0349,1.310477902,2250
91,Lamp3a_Perceptual_VA,0.647684523,Perceptual,9.528999839,0.4762,1.360110297,4890
91,Lamp3a_Adjusted_VA,0.545140198,Adjusted,9.528999839,0.4762,1.144771519,4890
91,Lamp4a_Perceptual_VA,1.15875155,Perceptual,9.908673974,0.7209,1.607367942,3230
91,Lamp4a_Adjusted_VA,1.020454441,Adjusted,9.908673974,0.7209,1.415528424,3230
91,Moon1_Perceptual_VA,,Perceptual,,0.52,,6060
91,Moon1_Adjusted_VA,,Adjusted,,0.52,,6060
91,Moon2_Perceptual_VA,,Perceptual,,1.5149,,2080
91,Moon2_Adjusted_VA,,Adjusted,,1.5149,,2080
91,Moon3_Perceptual_VA,,Perceptual,,0.6676,,4720
91,Moon3_Adjusted_VA,,Adjusted,,0.6676,,4720
91,Moon4_Perceptual_VA,,Perceptual,,0.96,,3270
91,Moon4_Adjusted_VA,,Adjusted,,0.96,,3270
92,Stick1_Perceptual_VA,,Perceptual,,2.363,,6280
92,Stick1_Adjusted_VA,,Adjusted,,2.363,,6280
92,Stick2_Perceptual_VA,,Perceptual,,7.339,,2020
92,Stick2_Adjusted_VA,,Adjusted,,7.339,,2020
92,Stick3_Perceptual_VA,,Perceptual,,2.952,,5027
92,Stick3_Adjusted_VA,,Adjusted,,2.952,,5027
92,Stick4_Perceptual_VA,,Perceptual,,4.337,,3421
92,Stick4_Adjusted_VA,,Adjusted,,4.337,,3421
92,Lamp1_Perceptual_VA,,Perceptual,,0.3708,,6280
92,Lamp1_Adjusted_VA,,Adjusted,,0.3708,,6280
92,Lamp2_Perceptual_VA,,Perceptual,,1.1527,,2020
92,Lamp2_Adjusted_VA,,Adjusted,,1.1527,,2020
92,Lamp3_Perceptual_VA,,Perceptual,,0.4632,,5027
92,Lamp3_Adjusted_VA,,Adjusted,,0.4632,,5027
92,Lamp4_Perceptual_VA,,Perceptual,,0.6806,,3421
92,Lamp4_Adjusted_VA,,Adjusted,,0.6806,,3421
92,Lamp1a_Perceptual_VA,0.417159108,Perceptual,8.36285342,0.3491,1.194955908,6670
92,Lamp1a_Adjusted_VA,0.352950298,Adjusted,8.36285342,0.3491,1.011029211,6670
92,Lamp2a_Perceptual_VA,1.213277051,Perceptual,9.085291824,1.0349,1.17236163,2250
92,Lamp2a_Adjusted_VA,0.883198085,Adjusted,9.085291824,1.0349,0.853413938,2250
92,Lamp3a_Perceptual_VA,0.560872881,Perceptual,9.329205549,0.4762,1.177809493,4890
92,Lamp3a_Adjusted_VA,0.447800406,Adjusted,9.329205549,0.4762,0.940362046,4890
92,Lamp4a_Perceptual_VA,0.844343575,Perceptual,11.33322839,0.7209,1.171235366,3230
92,Lamp4a_Adjusted_VA,0.717567821,Adjusted,11.33322839,0.7209,0.995377751,3230
92,Moon1_Perceptual_VA,,Perceptual,,0.52,,6060
92,Moon1_Adjusted_VA,,Adjusted,,0.52,,6060
92,Moon2_Perceptual_VA,,Perceptual,,1.5149,,2080
92,Moon2_Adjusted_VA,,Adjusted,,1.5149,,2080
92,Moon3_Perceptual_VA,,Perceptual,,0.6676,,4720
92,Moon3_Adjusted_VA,,Adjusted,,0.6676,,4720
92,Moon4_Perceptual_VA,,Perceptual,,0.96,,3270
92,Moon4_Adjusted_VA,,Adjusted,,0.96,,3270
30337,Stick1_Perceptual_VA,6.676941088,Perceptual,,2.363,2.825620435,6280
30337,Stick1_Adjusted_VA,2.881543815,Adjusted,,2.363,1.219443003,6280
30337,Stick2_Perceptual_VA,11.24925608,Perceptual,,7.339,1.532805026,2020
30337,Stick2_Adjusted_VA,9.496316352,Adjusted,,7.339,1.293952358,2020
30337,Stick3_Perceptual_VA,8.958046153,Perceptual,,2.952,3.03456848,5027
30337,Stick3_Adjusted_VA,3.34632821,Adjusted,,2.952,1.133580017,5027
30337,Stick4_Perceptual_VA,11.24925608,Perceptual,,4.337,2.59378743,3421
30337,Stick4_Adjusted_VA,5.456875414,Adjusted,,4.337,1.258214299,3421
30337,Lamp1_Perceptual_VA,1.059073648,Perceptual,,0.3708,2.856185673,6280
30337,Lamp1_Adjusted_VA,0.505547716,Adjusted,,0.3708,1.363397292,6280
30337,Lamp2_Perceptual_VA,3.297937066,Perceptual,,1.1527,2.861054105,2020
30337,Lamp2_Adjusted_VA,1.279108462,Adjusted,,1.1527,1.109662932,2020
30337,Lamp3_Perceptual_VA,1.414960213,Perceptual,,0.4632,3.054750029,5027
30337,Lamp3_Adjusted_VA,0.629440261,Adjusted,,0.4632,1.35889521,5027
30337,Lamp4_Perceptual_VA,1.866288396,Perceptual,,0.6806,2.74212224,3421
30337,Lamp4_Adjusted_VA,0.827591315,Adjusted,,0.6806,1.215973134,3421
30337,Lamp1a_Perceptual_VA,,Perceptual,,0.3491,,6670
30337,Lamp1a_Adjusted_VA,,Adjusted,,0.3491,,6670
30337,Lamp2a_Perceptual_VA,,Perceptual,,1.0349,,2250
30337,Lamp2a_Adjusted_VA,,Adjusted,,1.0349,,2250
30337,Lamp3a_Perceptual_VA,,Perceptual,,0.4762,,4890
30337,Lamp3a_Adjusted_VA,,Adjusted,,0.4762,,4890
30337,Lamp4a_Perceptual_VA,,Perceptual,,0.7209,,3230
30337,Lamp4a_Adjusted_VA,,Adjusted,,0.7209,,3230
30337,Moon1_Perceptual_VA,,Perceptual,,0.52,,6060
30337,Moon1_Adjusted_VA,,Adjusted,,0.52,,6060
30337,Moon2_Perceptual_VA,,Perceptual,,1.5149,,2080
30337,Moon2_Adjusted_VA,,Adjusted,,1.5149,,2080
30337,Moon3_Perceptual_VA,,Perceptual,,0.6676,,4720
30337,Moon3_Adjusted_VA,,Adjusted,,0.6676,,4720
30337,Moon4_Perceptual_VA,,Perceptual,,0.96,,3270
30337,Moon4_Adjusted_VA,,Adjusted,,0.96,,3270
31453,Stick1_Perceptual_VA,,Perceptual,,2.363,,6280
31453,Stick1_Adjusted_VA,,Adjusted,,2.363,,6280
31453,Stick2_Perceptual_VA,,Perceptual,,7.339,,2020
31453,Stick2_Adjusted_VA,,Adjusted,,7.339,,2020
31453,Stick3_Perceptual_VA,,Perceptual,,2.952,,5027
31453,Stick3_Adjusted_VA,,Adjusted,,2.952,,5027
31453,Stick4_Perceptual_VA,,Perceptual,,4.337,,3421
31453,Stick4_Adjusted_VA,,Adjusted,,4.337,,3421
31453,Lamp1_Perceptual_VA,,Perceptual,,0.3708,,6280
31453,Lamp1_Adjusted_VA,,Adjusted,,0.3708,,6280
31453,Lamp2_Perceptual_VA,,Perceptual,,1.1527,,2020
31453,Lamp2_Adjusted_VA,,Adjusted,,1.1527,,2020
31453,Lamp3_Perceptual_VA,,Perceptual,,0.4632,,5027
31453,Lamp3_Adjusted_VA,,Adjusted,,0.4632,,5027
31453,Lamp4_Perceptual_VA,,Perceptual,,0.6806,,3421
31453,Lamp4_Adjusted_VA,,Adjusted,,0.6806,,3421
31453,Lamp1a_Perceptual_VA,0.774691695,Perceptual,,0.3491,2.219111129,6670
31453,Lamp1a_Adjusted_VA,0.417668319,Adjusted,,0.3491,1.196414548,6670
31453,Lamp2a_Perceptual_VA,1.315324211,Perceptual,,1.0349,1.270967447,2250
31453,Lamp2a_Adjusted_VA,1.259424081,Adjusted,,1.0349,1.216952441,2250
31453,Lamp3a_Perceptual_VA,0.984494805,Perceptual,,0.4762,2.067397743,4890
31453,Lamp3a_Adjusted_VA,0.654801782,Adjusted,,0.4762,1.37505624,4890
31453,Lamp4a_Perceptual_VA,1.162015415,Perceptual,,0.7209,1.611895429,3230
31453,Lamp4a_Adjusted_VA,0.877324482,Adjusted,,0.7209,1.216984993,3230
31453,Moon1_Perceptual_VA,0.790830598,Perceptual,,0.52,1.520828074,6060
31453,Moon1_Adjusted_VA,0.475843569,Adjusted,,0.52,0.915083787,6060
31453,Moon2_Perceptual_VA,1.533175848,Perceptual,,1.5149,1.012064062,2080
31453,Moon2_Adjusted_VA,1.226283906,Adjusted,,1.5149,0.809481752,2080
31453,Moon3_Perceptual_VA,0.984494805,Perceptual,,0.6676,1.474677659,4720
31453,Moon3_Adjusted_VA,0.522694714,Adjusted,,0.6676,0.782945947,4720
31453,Moon4_Perceptual_VA,1.162015415,Perceptual,,0.96,1.210432724,3270
31453,Moon4_Adjusted_VA,0.732624576,Adjusted,,0.96,0.7631506,3270
31624,Stick1_Perceptual_VA,,Perceptual,,2.363,,6280
31624,Stick1_Adjusted_VA,,Adjusted,,2.363,,6280
31624,Stick2_Perceptual_VA,,Perceptual,,7.339,,2020
31624,Stick2_Adjusted_VA,,Adjusted,,7.339,,2020
31624,Stick3_Perceptual_VA,,Perceptual,,2.952,,5027
31624,Stick3_Adjusted_VA,,Adjusted,,2.952,,5027
31624,Stick4_Perceptual_VA,,Perceptual,,4.337,,3421
31624,Stick4_Adjusted_VA,,Adjusted,,4.337,,3421
31624,Lamp1_Perceptual_VA,,Perceptual,,0.3708,,6280
31624,Lamp1_Adjusted_VA,,Adjusted,,0.3708,,6280
31624,Lamp2_Perceptual_VA,,Perceptual,,1.1527,,2020
31624,Lamp2_Adjusted_VA,,Adjusted,,1.1527,,2020
31624,Lamp3_Perceptual_VA,,Perceptual,,0.4632,,5027
31624,Lamp3_Adjusted_VA,,Adjusted,,0.4632,,5027
31624,Lamp4_Perceptual_VA,,Perceptual,,0.6806,,3421
31624,Lamp4_Adjusted_VA,,Adjusted,,0.6806,,3421
31624,Lamp1a_Perceptual_VA,0.940770936,Perceptual,,0.3491,2.694846566,6670
31624,Lamp1a_Adjusted_VA,0.570044678,Adjusted,,0.3491,1.63289796,6670
31624,Lamp2a_Perceptual_VA,1.465088147,Perceptual,,1.0349,1.415680884,2250
31624,Lamp2a_Adjusted_VA,1.22060305,Adjusted,,1.0349,1.179440574,2250
31624,Lamp3a_Perceptual_VA,1.110408346,Perceptual,,0.4762,2.33181089,4890
31624,Lamp3a_Adjusted_VA,0.730131027,Adjusted,,0.4762,1.533244491,4890
31624,Lamp4a_Perceptual_VA,1.256909492,Perceptual,,0.7209,1.743528217,3230
31624,Lamp4a_Adjusted_VA,0.932249743,Adjusted,,0.7209,1.293174841,3230
31624,Moon1_Perceptual_VA,0.940770936,Perceptual,,0.52,1.809174877,6060
31624,Moon1_Adjusted_VA,0.502139573,Adjusted,,0.52,0.965653024,6060
31624,Moon2_Perceptual_VA,1.256909492,Perceptual,,1.5149,0.829697994,2080
31624,Moon2_Adjusted_VA,1.170256088,Adjusted,,1.5149,0.772497253,2080
31624,Moon3_Perceptual_VA,1.110408346,Perceptual,,0.6676,1.663283921,4720
31624,Moon3_Adjusted_VA,0.665032832,Adjusted,,0.6676,0.996154631,4720
31624,Moon4_Perceptual_VA,1.465088147,Perceptual,,0.96,1.526133487,3270
31624,Moon4_Adjusted_VA,0.69828367,Adjusted,,0.96,0.727378823,3270
31849,Stick1_Perceptual_VA,,Perceptual,,2.363,,6280
31849,Stick1_Adjusted_VA,,Adjusted,,2.363,,6280
31849,Stick2_Perceptual_VA,,Perceptual,,7.339,,2020
31849,Stick2_Adjusted_VA,,Adjusted,,7.339,,2020
31849,Stick3_Perceptual_VA,,Perceptual,,2.952,,5027
31849,Stick3_Adjusted_VA,,Adjusted,,2.952,,5027
31849,Stick4_Perceptual_VA,,Perceptual,,4.337,,3421
31849,Stick4_Adjusted_VA,,Adjusted,,4.337,,3421
31849,Lamp1_Perceptual_VA,,Perceptual,,0.3708,,6280
31849,Lamp1_Adjusted_VA,,Adjusted,,0.3708,,6280
31849,Lamp2_Perceptual_VA,,Perceptual,,1.1527,,2020
31849,Lamp2_Adjusted_VA,,Adjusted,,1.1527,,2020
31849,Lamp3_Perceptual_VA,,Perceptual,,0.4632,,5027
31849,Lamp3_Adjusted_VA,,Adjusted,,0.4632,,5027
31849,Lamp4_Perceptual_VA,,Perceptual,,0.6806,,3421
31849,Lamp4_Adjusted_VA,,Adjusted,,0.6806,,3421
31849,Lamp1a_Perceptual_VA,0.724504719,Perceptual,,0.3491,2.075350098,6670
31849,Lamp1a_Adjusted_VA,0.610318837,Adjusted,,0.3491,1.74826364,6670
31849,Lamp2a_Perceptual_VA,1.803743945,Perceptual,,1.0349,1.74291617,2250
31849,Lamp2a_Adjusted_VA,1.426474292,Adjusted,,1.0349,1.378369207,2250
31849,Lamp3a_Perceptual_VA,0.901927839,Perceptual,,0.4762,1.894010583,4890
31849,Lamp3a_Adjusted_VA,0.696108385,Adjusted,,0.4762,1.461798372,4890
31849,Lamp4a_Perceptual_VA,1.404600375,Perceptual,,0.7209,1.948398356,3230
31849,Lamp4a_Adjusted_VA,1.030244973,Adjusted,,0.7209,1.429109409,3230
31849,Moon1_Perceptual_VA,0.480542431,Perceptual,,0.52,0.924120059,6060
31849,Moon1_Adjusted_VA,0.599869796,Adjusted,,0.52,1.153595761,6060
31849,Moon2_Perceptual_VA,1.995909169,Perceptual,,1.5149,1.31751876,2080
31849,Moon2_Adjusted_VA,1.754546125,Adjusted,,1.5149,1.158192703,2080
31849,Moon3_Perceptual_VA,0.724504719,Perceptual,,0.6676,1.085237746,4720
31849,Moon3_Adjusted_VA,0.744834644,Adjusted,,0.6676,1.11569,4720
31849,Moon4_Perceptual_VA,1.404600375,Perceptual,,0.96,1.46312539,3270
31849,Moon4_Adjusted_VA,1.011682974,Adjusted,,0.96,1.053836431,3270