"ID","Measurement_Type","Reported_Visual_Angle","Task","Disparity_VA","Real_Visual_Angle","Ratio_Visual_Angle","Distance"
1,"Stick1_Perceptual_VA","5.21288254174861","Perceptual","NA","2.36338945","2.20568071916738",6280
1,"Stick1_Adjusted_VA","3.01639732989873","Adjusted","NA","2.36338945","1.27630142797614",6280
1,"Stick2_Perceptual_VA","7.68490625582972","Perceptual","NA","7.338560272","1.0471953586252",2020
1,"Stick2_Adjusted_VA","6.44140992065572","Adjusted","NA","7.338560272","0.877748452272399",2020
1,"Stick3_Perceptual_VA","4.41898999209993","Perceptual","NA","2.952239146","1.49682656911018",5027
1,"Stick3_Adjusted_VA","4.41171609816193","Adjusted","NA","2.952239146","1.49436271249888",5027
1,"Stick4_Perceptual_VA","5.88687426353551","Perceptual","NA","4.337065743","1.35734033385057",3421
1,"Stick4_Adjusted_VA","5.08452583176158","Adjusted","NA","4.337065743","1.17234234688925",3421
1,"Lamp1_Perceptual_VA","1.04326745830232","Perceptual","NA","0.3707790372","2.81371748031046",6280
1,"Lamp1_Adjusted_VA","0.645393910516099","Adjusted","NA","0.3707790372","1.74064293221618",6280
1,"Lamp2_Perceptual_VA","1.62469681337902","Perceptual","NA","1.15268413","1.40949005117214",2020
1,"Lamp2_Adjusted_VA","1.24135999517374","Adjusted","NA","1.15268413","1.0769298916033",2020
1,"Lamp3_Perceptual_VA","1.23138427952128","Perceptual","NA","0.4631962995","2.65845016648557",5027
1,"Lamp3_Adjusted_VA","1.03978375730432","Adjusted","NA","0.4631962995","2.24480152027709",5027
1,"Lamp4_Perceptual_VA","1.39384350283648","Perceptual","NA","0.6806410687","2.04783926056455",3421
1,"Lamp4_Adjusted_VA","1.61765572140995","Adjusted","NA","0.6806410687","2.3766648763931",3421
1,"Lamp1a_Perceptual_VA","NA","Perceptual","NA","NA","NA",6670
1,"Lamp1a_Adjusted_VA","NA","Adjusted","NA","NA","NA",6670
1,"Lamp2a_Perceptual_VA","NA","Perceptual","NA","NA","NA",2250
1,"Lamp2a_Adjusted_VA","NA","Adjusted","NA","NA","NA",2250
1,"Lamp3a_Perceptual_VA","NA","Perceptual","NA","NA","NA",4890
1,"Lamp3a_Adjusted_VA","NA","Adjusted","NA","NA","NA",4890
1,"Lamp4a_Perceptual_VA","NA","Perceptual","NA","NA","NA",3230
1,"Lamp4a_Adjusted_VA","NA","Adjusted","NA","NA","NA",3230
1,"Moon1_Perceptual_VA","NA","Perceptual","NA","NA","NA",6060
1,"Moon1_Adjusted_VA","NA","Adjusted","NA","NA","NA",6060
1,"Moon2_Perceptual_VA","NA","Perceptual","NA","NA","NA",2080
1,"Moon2_Adjusted_VA","NA","Adjusted","NA","NA","NA",2080
1,"Moon3_Perceptual_VA","NA","Perceptual","NA","NA","NA",4720
1,"Moon3_Adjusted_VA","NA","Adjusted","NA","NA","NA",4720
1,"Moon4_Perceptual_VA","NA","Perceptual","NA","NA","NA",3270
1,"Moon4_Adjusted_VA","NA","Adjusted","NA","NA","NA",3270
2,"Stick1_Perceptual_VA","3.22325114970593","Perceptual","NA","2.36338945","1.36382564866994",6280
2,"Stick1_Adjusted_VA","1.68859547907484","Adjusted","NA","2.36338945","0.714480416706115",6280
2,"Stick2_Perceptual_VA","7.46699834456201","Perceptual","NA","7.338560272","1.01750180795708",2020
2,"Stick2_Adjusted_VA","6.6551879037153","Adjusted","NA","7.338560272","0.906879232035187",2020
2,"Stick3_Perceptual_VA","5.01745516192283","Perceptual","NA","2.952239146","1.69954225040373",5027
2,"Stick3_Adjusted_VA","3.02778639538388","Adjusted","NA","2.952239146","1.02558981357802",5027
2,"Stick4_Perceptual_VA","6.68339321049716","Perceptual","NA","4.337065743","1.54099421280024",3421
2,"Stick4_Adjusted_VA","4.4735374761806","Adjusted","NA","4.337065743","1.03146637410347",3421
2,"Lamp1_Perceptual_VA","0.932249743207225","Perceptual","NA","0.3707790372","2.51430002690353",6280
2,"Lamp1_Adjusted_VA","0.496560314362531","Adjusted","NA","0.3707790372","1.33923513614035",6280
2,"Lamp2_Perceptual_VA","2.08766604885264","Perceptual","NA","1.15268413","1.81113454633286",2020
2,"Lamp2_Adjusted_VA","1.56799715000266","Adjusted","NA","1.15268413","1.36030080504592",2020
2,"Lamp3_Perceptual_VA","1.18471797443858","Perceptual","NA","0.4631962995","2.55770172541842",5027
2,"Lamp3_Adjusted_VA","0.660579317030254","Adjusted","NA","0.4631962995","1.42613254411428",5027
2,"Lamp4_Perceptual_VA","1.58281662878822","Perceptual","NA","0.6806410687","2.32547917188032",3421
2,"Lamp4_Adjusted_VA","0.876271312098295","Adjusted","NA","0.6806410687","1.28742056921711",3421
2,"Lamp1a_Perceptual_VA","NA","Perceptual","NA","NA","NA",6670
2,"Lamp1a_Adjusted_VA","NA","Adjusted","NA","NA","NA",6670
2,"Lamp2a_Perceptual_VA","NA","Perceptual","NA","NA","NA",2250
2,"Lamp2a_Adjusted_VA","NA","Adjusted","NA","NA","NA",2250
2,"Lamp3a_Perceptual_VA","NA","Perceptual","NA","NA","NA",4890
2,"Lamp3a_Adjusted_VA","NA","Adjusted","NA","NA","NA",4890
2,"Lamp4a_Perceptual_VA","NA","Perceptual","NA","NA","NA",3230
2,"Lamp4a_Adjusted_VA","NA","Adjusted","NA","NA","NA",3230
2,"Moon1_Perceptual_VA","NA","Perceptual","NA","NA","NA",6060
2,"Moon1_Adjusted_VA","NA","Adjusted","NA","NA","NA",6060
2,"Moon2_Perceptual_VA","NA","Perceptual","NA","NA","NA",2080
2,"Moon2_Adjusted_VA","NA","Adjusted","NA","NA","NA",2080
2,"Moon3_Perceptual_VA","NA","Perceptual","NA","NA","NA",4720
2,"Moon3_Adjusted_VA","NA","Adjusted","NA","NA","NA",4720
2,"Moon4_Perceptual_VA","NA","Perceptual","NA","NA","NA",3270
2,"Moon4_Adjusted_VA","NA","Adjusted","NA","NA","NA",3270
3,"Stick1_Perceptual_VA","1.98605480600895","Perceptual","NA","2.36338945","0.840341741395585",6280
3,"Stick1_Adjusted_VA","2.0187852547795","Adjusted","NA","2.36338945","0.854190685661011",6280
3,"Stick2_Perceptual_VA","4.93393509758161","Perceptual","NA","7.338560272","0.672330118539307",2020
3,"Stick2_Adjusted_VA","7.10382132834509","Adjusted","NA","7.338560272","0.968012943281184",2020
3,"Stick3_Perceptual_VA","2.64468548926295","Perceptual","NA","2.952239146","0.895823596420448",5027
3,"Stick3_Adjusted_VA","3.20562459096324","Adjusted","NA","2.952239146","1.08582822475833",5027
3,"Stick4_Perceptual_VA","3.16955792456154","Perceptual","NA","4.337065743","0.730806981581313",3421
3,"Stick4_Adjusted_VA","4.66130378726946","Adjusted","NA","4.337065743","1.07475977157892",3421
3,"Lamp1_Perceptual_VA","0.496560314362531","Perceptual","NA","0.3707790372","1.33923513614035",6280
3,"Lamp1_Adjusted_VA","0.471844929289167","Adjusted","NA","0.3707790372","1.27257714689693",6280
3,"Lamp2_Perceptual_VA","1.16497404686829","Perceptual","NA","1.15268413","1.01066199884984",2020
3,"Lamp2_Adjusted_VA","1.38658648284498","Adjusted","NA","1.15268413","1.20291973035578",2020
3,"Lamp3_Perceptual_VA","0.620698207619945","Perceptual","NA","0.4631962995","1.34003274268374",5027
3,"Lamp3_Adjusted_VA","0.56214276130709","Adjusted","NA","0.4631962995","1.21361669321171",5027
3,"Lamp4_Perceptual_VA","0.744834644033682","Perceptual","NA","0.6806410687","1.09431340288691",3421
3,"Lamp4_Adjusted_VA","0.793313503796024","Adjusted","NA","0.6806410687","1.16553869620478",3421
3,"Lamp1a_Perceptual_VA","NA","Perceptual","NA","NA","NA",6670
3,"Lamp1a_Adjusted_VA","NA","Adjusted","NA","NA","NA",6670
3,"Lamp2a_Perceptual_VA","NA","Perceptual","NA","NA","NA",2250
3,"Lamp2a_Adjusted_VA","NA","Adjusted","NA","NA","NA",2250
3,"Lamp3a_Perceptual_VA","NA","Perceptual","NA","NA","NA",4890
3,"Lamp3a_Adjusted_VA","NA","Adjusted","NA","NA","NA",4890
3,"Lamp4a_Perceptual_VA","NA","Perceptual","NA","NA","NA",3230
3,"Lamp4a_Adjusted_VA","NA","Adjusted","NA","NA","NA",3230
3,"Moon1_Perceptual_VA","NA","Perceptual","NA","NA","NA",6060
3,"Moon1_Adjusted_VA","NA","Adjusted","NA","NA","NA",6060
3,"Moon2_Perceptual_VA","NA","Perceptual","NA","NA","NA",2080
3,"Moon2_Adjusted_VA","NA","Adjusted","NA","NA","NA",2080
3,"Moon3_Perceptual_VA","NA","Perceptual","NA","NA","NA",4720
3,"Moon3_Adjusted_VA","NA","Adjusted","NA","NA","NA",4720
3,"Moon4_Perceptual_VA","NA","Perceptual","NA","NA","NA",3270
3,"Moon4_Adjusted_VA","NA","Adjusted","NA","NA","NA",3270
4,"Stick1_Perceptual_VA","5.10384961451967","Perceptual","NA","2.36338945","2.15954658446989",6280
4,"Stick1_Adjusted_VA","2.55070460196698","Adjusted","NA","2.36338945","1.0792569976002",6280
4,"Stick2_Perceptual_VA","8.87294897131473","Perceptual","NA","7.338560272","1.20908579373111",2020
4,"Stick2_Adjusted_VA","8.10710846366281","Adjusted","NA","7.338560272","1.10472738019134",2020
4,"Stick3_Perceptual_VA","5.10384961451967","Perceptual","NA","2.952239146","1.72880629316053",5027
4,"Stick3_Adjusted_VA","3.1961791108192","Adjusted","NA","2.952239146","1.08262879555327",5027
4,"Stick4_Perceptual_VA","6.79835621592639","Perceptual","NA","4.337065743","1.56750130589994",3421
4,"Stick4_Adjusted_VA","5.33342801305523","Adjusted","NA","4.337065743","1.22973188074526",3421
4,"Lamp1_Perceptual_VA","0.96807807089276","Perceptual","NA","0.3707790372","2.61092989022077",6280
4,"Lamp1_Adjusted_VA","0.46191696085212","Adjusted","NA","0.3707790372","1.24580117673416",6280
4,"Lamp2_Perceptual_VA","1.8767628864129","Perceptual","NA","1.15268413","1.62816754179907",2020
4,"Lamp2_Adjusted_VA","1.20514265306009","Adjusted","NA","1.15268413","1.04550988574822",2020
4,"Lamp3_Perceptual_VA","0.948322286999679","Perceptual","NA","0.4631962995","2.04734426424251",5027
4,"Lamp3_Adjusted_VA","0.496898336208628","Adjusted","NA","0.4631962995","1.07275972788428",5027
4,"Lamp4_Perceptual_VA","1.20514265306009","Perceptual","NA","0.6806410687","1.77059937826242",3421
4,"Lamp4_Adjusted_VA","0.763932409458051","Adjusted","NA","0.6806410687","1.12237189994594",3421
4,"Lamp1a_Perceptual_VA","NA","Perceptual","NA","NA","NA",6670
4,"Lamp1a_Adjusted_VA","NA","Adjusted","NA","NA","NA",6670
4,"Lamp2a_Perceptual_VA","NA","Perceptual","NA","NA","NA",2250
4,"Lamp2a_Adjusted_VA","NA","Adjusted","NA","NA","NA",2250
4,"Lamp3a_Perceptual_VA","NA","Perceptual","NA","NA","NA",4890
4,"Lamp3a_Adjusted_VA","NA","Adjusted","NA","NA","NA",4890
4,"Lamp4a_Perceptual_VA","NA","Perceptual","NA","NA","NA",3230
4,"Lamp4a_Adjusted_VA","NA","Adjusted","NA","NA","NA",3230
4,"Moon1_Perceptual_VA","NA","Perceptual","NA","NA","NA",6060
4,"Moon1_Adjusted_VA","NA","Adjusted","NA","NA","NA",6060
4,"Moon2_Perceptual_VA","NA","Perceptual","NA","NA","NA",2080
4,"Moon2_Adjusted_VA","NA","Adjusted","NA","NA","NA",2080
4,"Moon3_Perceptual_VA","NA","Perceptual","NA","NA","NA",4720
4,"Moon3_Adjusted_VA","NA","Adjusted","NA","NA","NA",4720
4,"Moon4_Perceptual_VA","NA","Perceptual","NA","NA","NA",3270
4,"Moon4_Adjusted_VA","NA","Adjusted","NA","NA","NA",3270
5,"Stick1_Perceptual_VA","8.27145573535847","Perceptual","NA","2.36338945","3.49982764599312",6280
5,"Stick1_Adjusted_VA","4.00906806421181","Adjusted","NA","2.36338945","1.69632138461641",6280
5,"Stick2_Perceptual_VA","8.79741070999106","Perceptual","NA","7.338560272","1.198792458455",2020
5,"Stick2_Adjusted_VA","8.72073154036485","Adjusted","NA","7.338560272","1.18834365558575",2020
5,"Stick3_Perceptual_VA","7.20255623444688","Perceptual","NA","2.952239146","2.43969268011558",5027
5,"Stick3_Adjusted_VA","3.27315408323344","Adjusted","NA","2.952239146","1.10870221596656",5027
5,"Stick4_Perceptual_VA","8.79741070999106","Perceptual","NA","4.337065743","2.0284245688897",3421
5,"Stick4_Adjusted_VA","7.20455167708937","Adjusted","NA","4.337065743","1.6611580510896",3421
5,"Lamp1_Perceptual_VA","1.95507883796131","Perceptual","NA","0.3707790372","5.27289474811039",6280
5,"Lamp1_Adjusted_VA","1.0392902942167","Adjusted","NA","0.3707790372","2.80299097291226",6280
5,"Lamp2_Perceptual_VA","2.16335979634022","Perceptual","NA","1.15268413","1.87680192694266",2020
5,"Lamp2_Adjusted_VA","2.1709487194765","Adjusted","NA","1.15268413","1.88338562401869",2020
5,"Lamp3_Perceptual_VA","1.95507883796131","Perceptual","NA","0.4631962995","4.22084295593839",5027
5,"Lamp3_Adjusted_VA","0.950844305128317","Adjusted","NA","0.4631962995","2.05278907917596",5027
5,"Lamp4_Perceptual_VA","2.16335979634022","Perceptual","NA","0.6806410687","3.17841502052199",3421
5,"Lamp4_Adjusted_VA","1.38569084248824","Adjusted","NA","0.6806410687","2.03586134632584",3421
5,"Lamp1a_Perceptual_VA","NA","Perceptual","NA","NA","NA",6670
5,"Lamp1a_Adjusted_VA","NA","Adjusted","NA","NA","NA",6670
5,"Lamp2a_Perceptual_VA","NA","Perceptual","NA","NA","NA",2250
5,"Lamp2a_Adjusted_VA","NA","Adjusted","NA","NA","NA",2250
5,"Lamp3a_Perceptual_VA","NA","Perceptual","NA","NA","NA",4890
5,"Lamp3a_Adjusted_VA","NA","Adjusted","NA","NA","NA",4890
5,"Lamp4a_Perceptual_VA","NA","Perceptual","NA","NA","NA",3230
5,"Lamp4a_Adjusted_VA","NA","Adjusted","NA","NA","NA",3230
5,"Moon1_Perceptual_VA","NA","Perceptual","NA","NA","NA",6060
5,"Moon1_Adjusted_VA","NA","Adjusted","NA","NA","NA",6060
5,"Moon2_Perceptual_VA","NA","Perceptual","NA","NA","NA",2080
5,"Moon2_Adjusted_VA","NA","Adjusted","NA","NA","NA",2080
5,"Moon3_Perceptual_VA","NA","Perceptual","NA","NA","NA",4720
5,"Moon3_Adjusted_VA","NA","Adjusted","NA","NA","NA",4720
5,"Moon4_Perceptual_VA","NA","Perceptual","NA","NA","NA",3270
5,"Moon4_Adjusted_VA","NA","Adjusted","NA","NA","NA",3270
6,"Stick1_Perceptual_VA","7.16426884703724","Perceptual","NA","2.36338945","3.03135348557862",6280
6,"Stick1_Adjusted_VA","2.67869490871265","Adjusted","NA","2.36338945","1.13341240002262",6280
6,"Stick2_Perceptual_VA","9.610547548445","Perceptual","NA","7.338560272","1.3095957779503",2020
6,"Stick2_Adjusted_VA","9.3548357177635","Adjusted","NA","7.338560272","1.27475081910229",2020
6,"Stick3_Perceptual_VA","8.36983225023683","Perceptual","NA","2.952239146","2.835079353777",5027
6,"Stick3_Adjusted_VA","2.75147311309181","Adjusted","NA","2.952239146","0.931995335411695",5027
6,"Stick4_Perceptual_VA","9.610547548445","Perceptual","NA","4.337065743","2.2159100456239",3421
6,"Stick4_Adjusted_VA","6.07264378538437","Adjusted","NA","4.337065743","1.4001733303641",3421
6,"Lamp1_Perceptual_VA","2.27290029227217","Perceptual","NA","0.3707790372","6.13006687065256",6280
6,"Lamp1_Adjusted_VA","0.451418957979161","Adjusted","NA","0.3707790372","1.21748780995853",6280
6,"Lamp2_Perceptual_VA","2.51502055904088","Perceptual","NA","1.15268413","2.18188183005598",2020
6,"Lamp2_Adjusted_VA","1.29925018933351","Adjusted","NA","1.15268413","1.12715197122867",2020
6,"Lamp3_Perceptual_VA","2.51502055904088","Perceptual","NA","0.4631962995","5.42970779722492",5027
6,"Lamp3_Adjusted_VA","0.642101153543711","Adjusted","NA","0.4631962995","1.38623981719377",5027
6,"Lamp4_Perceptual_VA","2.51502055904088","Perceptual","NA","0.6806410687","3.69507611970062",3421
6,"Lamp4_Adjusted_VA","0.715042047745884","Adjusted","NA","0.6806410687","1.05054202666846",3421
6,"Lamp1a_Perceptual_VA","NA","Perceptual","NA","NA","NA",6670
6,"Lamp1a_Adjusted_VA","NA","Adjusted","NA","NA","NA",6670
6,"Lamp2a_Perceptual_VA","NA","Perceptual","NA","NA","NA",2250
6,"Lamp2a_Adjusted_VA","NA","Adjusted","NA","NA","NA",2250
6,"Lamp3a_Perceptual_VA","NA","Perceptual","NA","NA","NA",4890
6,"Lamp3a_Adjusted_VA","NA","Adjusted","NA","NA","NA",4890
6,"Lamp4a_Perceptual_VA","NA","Perceptual","NA","NA","NA",3230
6,"Lamp4a_Adjusted_VA","NA","Adjusted","NA","NA","NA",3230
6,"Moon1_Perceptual_VA","NA","Perceptual","NA","NA","NA",6060
6,"Moon1_Adjusted_VA","NA","Adjusted","NA","NA","NA",6060
6,"Moon2_Perceptual_VA","NA","Perceptual","NA","NA","NA",2080
6,"Moon2_Adjusted_VA","NA","Adjusted","NA","NA","NA",2080
6,"Moon3_Perceptual_VA","NA","Perceptual","NA","NA","NA",4720
6,"Moon3_Adjusted_VA","NA","Adjusted","NA","NA","NA",4720
6,"Moon4_Perceptual_VA","NA","Perceptual","NA","NA","NA",3270
6,"Moon4_Adjusted_VA","NA","Adjusted","NA","NA","NA",3270
7,"Stick1_Perceptual_VA","3.79756844106824","Perceptual","NA","2.36338945","1.60683142639409",6280
7,"Stick1_Adjusted_VA","2.59032439167658","Adjusted","NA","2.36338945","1.09602096754582",6280
7,"Stick2_Perceptual_VA","11.1744879284087","Perceptual","NA","7.338560272","1.52270847608141",2020
7,"Stick2_Adjusted_VA","7.58681370650875","Adjusted","NA","7.338560272","1.03382862922799",2020
7,"Stick3_Perceptual_VA","5.06612767562011","Perceptual","NA","2.952239146","1.71602889369048",5027
7,"Stick3_Adjusted_VA","3.45938686239028","Adjusted","NA","2.952239146","1.17178409041741",5027
7,"Stick4_Perceptual_VA","6.43278161567526","Perceptual","NA","4.337065743","1.48321053838248",3421
7,"Stick4_Adjusted_VA","5.01745516192283","Adjusted","NA","4.337065743","1.15687781999177",3421
7,"Lamp1_Perceptual_VA","1.19569461087798","Perceptual","NA","0.3707790372","3.22481718467005",6280
7,"Lamp1_Adjusted_VA","0.37873343469225","Adjusted","NA","0.3707790372","1.02145320175682",6280
7,"Lamp2_Perceptual_VA","2.67746756199938","Perceptual","NA","1.15268413","2.32281116076386",2020
7,"Lamp2_Adjusted_VA","1.1000451740939","Adjusted","NA","1.15268413","0.954333581476392",2020
7,"Lamp3_Perceptual_VA","1.22060305031885","Perceptual","NA","0.4631962995","2.63517444253427",5027
7,"Lamp3_Adjusted_VA","0.494709384012567","Adjusted","NA","0.4631962995","1.06803397295398",5027
7,"Lamp4_Perceptual_VA","1.79346056011619","Perceptual","NA","0.6806410687","2.63495789864934",3421
7,"Lamp4_Adjusted_VA","0.687541103742946","Adjusted","NA","0.6806410687","1.01013755319838",3421
7,"Lamp1a_Perceptual_VA","NA","Perceptual","NA","NA","NA",6670
7,"Lamp1a_Adjusted_VA","NA","Adjusted","NA","NA","NA",6670
7,"Lamp2a_Perceptual_VA","NA","Perceptual","NA","NA","NA",2250
7,"Lamp2a_Adjusted_VA","NA","Adjusted","NA","NA","NA",2250
7,"Lamp3a_Perceptual_VA","NA","Perceptual","NA","NA","NA",4890
7,"Lamp3a_Adjusted_VA","NA","Adjusted","NA","NA","NA",4890
7,"Lamp4a_Perceptual_VA","NA","Perceptual","NA","NA","NA",3230
7,"Lamp4a_Adjusted_VA","NA","Adjusted","NA","NA","NA",3230
7,"Moon1_Perceptual_VA","NA","Perceptual","NA","NA","NA",6060
7,"Moon1_Adjusted_VA","NA","Adjusted","NA","NA","NA",6060
7,"Moon2_Perceptual_VA","NA","Perceptual","NA","NA","NA",2080
7,"Moon2_Adjusted_VA","NA","Adjusted","NA","NA","NA",2080
7,"Moon3_Perceptual_VA","NA","Perceptual","NA","NA","NA",4720
7,"Moon3_Adjusted_VA","NA","Adjusted","NA","NA","NA",4720
7,"Moon4_Perceptual_VA","NA","Perceptual","NA","NA","NA",3270
7,"Moon4_Adjusted_VA","NA","Adjusted","NA","NA","NA",3270
8,"Stick1_Perceptual_VA","4.78494655580969","Perceptual","NA","2.36338945","2.0246119638935",6280
8,"Stick1_Adjusted_VA","2.26425275163414","Adjusted","NA","2.36338945","0.958053168780178",6280
8,"Stick2_Perceptual_VA","10.1765203950752","Perceptual","NA","7.338560272","1.38671892277063",2020
8,"Stick2_Adjusted_VA","6.88053743594023","Adjusted","NA","7.338560272","0.937586826423251",2020
8,"Stick3_Perceptual_VA","6.03793344657877","Perceptual","NA","2.952239146","2.04520472359415",5027
8,"Stick3_Adjusted_VA","2.44571762307088","Adjusted","NA","2.952239146","0.82842801755562",5027
8,"Stick4_Perceptual_VA","8.10206608234819","Perceptual","NA","4.337065743","1.86809851693507",3421
8,"Stick4_Adjusted_VA","4.16234386301024","Adjusted","NA","4.337065743","0.959714265279064",3421
8,"Lamp1_Perceptual_VA","1.49117583849202","Perceptual","NA","0.3707790372","4.02173717735739",6280
8,"Lamp1_Adjusted_VA","0.982189309936894","Adjusted","NA","0.3707790372","2.64898824203779",6280
8,"Lamp2_Perceptual_VA","2.58964224140539","Perceptual","NA","1.15268413","2.24661915090771",2020
8,"Lamp2_Adjusted_VA","1.37053956755001","Adjusted","NA","1.15268413","1.18899838375498",2020
8,"Lamp3_Perceptual_VA","1.27929096791041","Perceptual","NA","0.4631962995","2.76187648582545",5027
8,"Lamp3_Adjusted_VA","0.790973420408377","Adjusted","NA","0.4631962995","1.70764192473515",5027
8,"Lamp4_Perceptual_VA","1.68735647370734","Perceptual","NA","0.6806410687","2.47906944100528",3421
8,"Lamp4_Adjusted_VA","1.01168297412184","Adjusted","NA","0.6806410687","1.48636780918043",3421
8,"Lamp1a_Perceptual_VA","NA","Perceptual","NA","NA","NA",6670
8,"Lamp1a_Adjusted_VA","NA","Adjusted","NA","NA","NA",6670
8,"Lamp2a_Perceptual_VA","NA","Perceptual","NA","NA","NA",2250
8,"Lamp2a_Adjusted_VA","NA","Adjusted","NA","NA","NA",2250
8,"Lamp3a_Perceptual_VA","NA","Perceptual","NA","NA","NA",4890
8,"Lamp3a_Adjusted_VA","NA","Adjusted","NA","NA","NA",4890
8,"Lamp4a_Perceptual_VA","NA","Perceptual","NA","NA","NA",3230
8,"Lamp4a_Adjusted_VA","NA","Adjusted","NA","NA","NA",3230
8,"Moon1_Perceptual_VA","NA","Perceptual","NA","NA","NA",6060
8,"Moon1_Adjusted_VA","NA","Adjusted","NA","NA","NA",6060
8,"Moon2_Perceptual_VA","NA","Perceptual","NA","NA","NA",2080
8,"Moon2_Adjusted_VA","NA","Adjusted","NA","NA","NA",2080
8,"Moon3_Perceptual_VA","NA","Perceptual","NA","NA","NA",4720
8,"Moon3_Adjusted_VA","NA","Adjusted","NA","NA","NA",4720
8,"Moon4_Perceptual_VA","NA","Perceptual","NA","NA","NA",3270
8,"Moon4_Adjusted_VA","NA","Adjusted","NA","NA","NA",3270
9,"Stick1_Perceptual_VA","3.06760678295177","Perceptual","NA","2.36338945","1.2979692292998",6280
9,"Stick1_Adjusted_VA","2.42243204643162","Adjusted","NA","2.36338945","1.02498216975269",6280
9,"Stick2_Perceptual_VA","9.77680189624951","Perceptual","NA","7.338560272","1.33225067777293",2020
9,"Stick2_Adjusted_VA","8.02145299461337","Adjusted","NA","7.338560272","1.09305540832293",2020
9,"Stick3_Perceptual_VA","6.77711398144701","Perceptual","NA","2.952239146","2.29558435014634",5027
9,"Stick3_Adjusted_VA","3.13987151287871","Adjusted","NA","2.952239146","1.06355595112711",5027
9,"Stick4_Perceptual_VA","7.78325049031586","Perceptual","NA","4.337065743","1.79458900360871",3421
9,"Stick4_Adjusted_VA","6.95246624292917","Adjusted","NA","4.337065743","1.60303455260055",3421
9,"Lamp1_Perceptual_VA","0.723726539416115","Perceptual","NA","0.3707790372","1.95190792036534",6280
9,"Lamp1_Adjusted_VA","0.809600804879764","Adjusted","NA","0.3707790372","2.1835128840983",6280
9,"Lamp2_Perceptual_VA","1.83933809879903","Perceptual","NA","1.15268413","1.5957000282454",2020
9,"Lamp2_Adjusted_VA","1.48716864965156","Adjusted","NA","1.15268413","1.29017881911115",2020
9,"Lamp3_Perceptual_VA","0.738803762095228","Perceptual","NA","0.4631962995","1.59501222892483",5027
9,"Lamp3_Adjusted_VA","0.726668438508244","Adjusted","NA","0.4631962995","1.56881313450183",5027
9,"Lamp4_Perceptual_VA","1.08557176724372","Perceptual","NA","0.6806410687","1.59492545655102",3421
9,"Lamp4_Adjusted_VA","1.22435636686762","Adjusted","NA","0.6806410687","1.79882822705086",3421
9,"Lamp1a_Perceptual_VA","NA","Perceptual","NA","NA","NA",6670
9,"Lamp1a_Adjusted_VA","NA","Adjusted","NA","NA","NA",6670
9,"Lamp2a_Perceptual_VA","NA","Perceptual","NA","NA","NA",2250
9,"Lamp2a_Adjusted_VA","NA","Adjusted","NA","NA","NA",2250
9,"Lamp3a_Perceptual_VA","NA","Perceptual","NA","NA","NA",4890
9,"Lamp3a_Adjusted_VA","NA","Adjusted","NA","NA","NA",4890
9,"Lamp4a_Perceptual_VA","NA","Perceptual","NA","NA","NA",3230
9,"Lamp4a_Adjusted_VA","NA","Adjusted","NA","NA","NA",3230
9,"Moon1_Perceptual_VA","NA","Perceptual","NA","NA","NA",6060
9,"Moon1_Adjusted_VA","NA","Adjusted","NA","NA","NA",6060
9,"Moon2_Perceptual_VA","NA","Perceptual","NA","NA","NA",2080
9,"Moon2_Adjusted_VA","NA","Adjusted","NA","NA","NA",2080
9,"Moon3_Perceptual_VA","NA","Perceptual","NA","NA","NA",4720
9,"Moon3_Adjusted_VA","NA","Adjusted","NA","NA","NA",4720
9,"Moon4_Perceptual_VA","NA","Perceptual","NA","NA","NA",3270
9,"Moon4_Adjusted_VA","NA","Adjusted","NA","NA","NA",3270
10,"Stick1_Perceptual_VA","9.52728338145235","Perceptual","NA","2.36338945","4.03119485087502",6280
10,"Stick1_Adjusted_VA","4.12054282703827","Adjusted","NA","2.36338945","1.743488711536",6280
10,"Stick2_Perceptual_VA","13.7273838292541","Perceptual","NA","7.338560272","1.87058269203435",2020
10,"Stick2_Adjusted_VA","9.84964388141976","Adjusted","NA","7.338560272","1.34217660090641",2020
10,"Stick3_Perceptual_VA","10.937742538026","Perceptual","NA","2.952239146","3.70489719738512",5027
10,"Stick3_Adjusted_VA","5.35446552890147","Adjusted","NA","2.952239146","1.81369640605039",5027
10,"Stick4_Perceptual_VA","11.6312530589825","Perceptual","NA","4.337065743","2.68182539721821",3421
10,"Stick4_Adjusted_VA","6.41969398143388","Adjusted","NA","4.337065743","1.48019291425204",3421
10,"Lamp1_Perceptual_VA","1.29440514759931","Perceptual","NA","0.3707790372","3.49104188137017",6280
10,"Lamp1_Adjusted_VA","0.726668438508244","Adjusted","NA","0.3707790372","1.95984229312369",6280
10,"Lamp2_Perceptual_VA","2.58848005903914","Perceptual","NA","1.15268413","2.24561091080445",2020
10,"Lamp2_Adjusted_VA","1.57070726396602","Adjusted","NA","1.15268413","1.36265193827733",2020
10,"Lamp3_Perceptual_VA","1.72935241528148","Perceptual","NA","0.4631962995","3.73351949734538",5027
10,"Lamp3_Adjusted_VA","0.931035929808642","Adjusted","NA","0.4631962995","2.01002454210807",5027
10,"Lamp4_Perceptual_VA","2.01575467142859","Perceptual","NA","0.6806410687","2.96155310651267",3421
10,"Lamp4_Adjusted_VA","1.10094384853008","Adjusted","NA","0.6806410687","1.61751016675035",3421
10,"Lamp1a_Perceptual_VA","NA","Perceptual","NA","NA","NA",6670
10,"Lamp1a_Adjusted_VA","NA","Adjusted","NA","NA","NA",6670
10,"Lamp2a_Perceptual_VA","NA","Perceptual","NA","NA","NA",2250
10,"Lamp2a_Adjusted_VA","NA","Adjusted","NA","NA","NA",2250
10,"Lamp3a_Perceptual_VA","NA","Perceptual","NA","NA","NA",4890
10,"Lamp3a_Adjusted_VA","NA","Adjusted","NA","NA","NA",4890
10,"Lamp4a_Perceptual_VA","NA","Perceptual","NA","NA","NA",3230
10,"Lamp4a_Adjusted_VA","NA","Adjusted","NA","NA","NA",3230
10,"Moon1_Perceptual_VA","NA","Perceptual","NA","NA","NA",6060
10,"Moon1_Adjusted_VA","NA","Adjusted","NA","NA","NA",6060
10,"Moon2_Perceptual_VA","NA","Perceptual","NA","NA","NA",2080
10,"Moon2_Adjusted_VA","NA","Adjusted","NA","NA","NA",2080
10,"Moon3_Perceptual_VA","NA","Perceptual","NA","NA","NA",4720
10,"Moon3_Adjusted_VA","NA","Adjusted","NA","NA","NA",4720
10,"Moon4_Perceptual_VA","NA","Perceptual","NA","NA","NA",3270
10,"Moon4_Adjusted_VA","NA","Adjusted","NA","NA","NA",3270
11,"Stick1_Perceptual_VA","5.16557403242697","Perceptual","NA","2.36338945","2.18566348953913",6280
11,"Stick1_Adjusted_VA","2.85903380468775","Adjusted","NA","2.36338945","1.2097175963478",6280
11,"Stick2_Perceptual_VA","13.6364291433037","Perceptual","NA","7.338560272","1.85818861437073",2020
11,"Stick2_Adjusted_VA","8.72314529004119","Adjusted","NA","7.338560272","1.18867256883125",2020
11,"Stick3_Perceptual_VA","6.43278161567526","Perceptual","NA","2.952239146","2.1789500435258",5027
11,"Stick3_Adjusted_VA","2.94852722374811","Adjusted","NA","2.952239146","0.998742675620665",5027
11,"Stick4_Perceptual_VA","9.56851448843483","Perceptual","NA","4.337065743","2.20621845630963",3421
11,"Stick4_Adjusted_VA","4.66229467084579","Adjusted","NA","4.337065743","1.07498824023378",3421
11,"Lamp1_Perceptual_VA","1.51949465365048","Perceptual","NA","0.3707790372","4.0981137043917",6280
11,"Lamp1_Adjusted_VA","0.73023044249914","Adjusted","NA","0.3707790372","1.96944910374005",6280
11,"Lamp2_Perceptual_VA","4.10858793239121","Perceptual","NA","1.15268413","3.56436583575694",2020
11,"Lamp2_Adjusted_VA","1.6675987099984","Adjusted","NA","1.15268413","1.44670917781995",2020
11,"Lamp3_Perceptual_VA","1.79346056011619","Perceptual","NA","0.4631962995","3.87192333369708",5027
11,"Lamp3_Adjusted_VA","0.649645973060357","Adjusted","NA","0.4631962995","1.40252841778231",5027
11,"Lamp4_Perceptual_VA","2.67746756199938","Perceptual","NA","0.6806410687","3.93374376764135",3421
11,"Lamp4_Adjusted_VA","0.873061651512799","Adjusted","NA","0.6806410687","1.28270492578462",3421
11,"Lamp1a_Perceptual_VA","NA","Perceptual","NA","NA","NA",6670
11,"Lamp1a_Adjusted_VA","NA","Adjusted","NA","NA","NA",6670
11,"Lamp2a_Perceptual_VA","NA","Perceptual","NA","NA","NA",2250
11,"Lamp2a_Adjusted_VA","NA","Adjusted","NA","NA","NA",2250
11,"Lamp3a_Perceptual_VA","NA","Perceptual","NA","NA","NA",4890
11,"Lamp3a_Adjusted_VA","NA","Adjusted","NA","NA","NA",4890
11,"Lamp4a_Perceptual_VA","NA","Perceptual","NA","NA","NA",3230
11,"Lamp4a_Adjusted_VA","NA","Adjusted","NA","NA","NA",3230
11,"Moon1_Perceptual_VA","NA","Perceptual","NA","NA","NA",6060
11,"Moon1_Adjusted_VA","NA","Adjusted","NA","NA","NA",6060
11,"Moon2_Perceptual_VA","NA","Perceptual","NA","NA","NA",2080
11,"Moon2_Adjusted_VA","NA","Adjusted","NA","NA","NA",2080
11,"Moon3_Perceptual_VA","NA","Perceptual","NA","NA","NA",4720
11,"Moon3_Adjusted_VA","NA","Adjusted","NA","NA","NA",4720
11,"Moon4_Perceptual_VA","NA","Perceptual","NA","NA","NA",3270
11,"Moon4_Adjusted_VA","NA","Adjusted","NA","NA","NA",3270
12,"Stick1_Perceptual_VA","3.71397221878404","Perceptual","NA","2.36338945","1.57146009887792",6280
12,"Stick1_Adjusted_VA","3.14789490912524","Adjusted","NA","2.36338945","1.33194083147204",6280
12,"Stick2_Perceptual_VA","6.16230166619986","Perceptual","NA","7.338560272","0.839715344399621",2020
12,"Stick2_Adjusted_VA","8.30257053284338","Adjusted","NA","7.338560272","1.13136231428411",2020
12,"Stick3_Perceptual_VA","4.6259102082723","Perceptual","NA","2.952239146","1.56691581525161",5027
12,"Stick3_Adjusted_VA","3.7002026844883","Adjusted","NA","2.952239146","1.25335465776941",5027
12,"Stick4_Perceptual_VA","6.16230166619986","Perceptual","NA","4.337065743","1.42084580482686",3421
12,"Stick4_Adjusted_VA","5.58763535431475","Adjusted","NA","4.337065743","1.28834462870044",3421
12,"Lamp1_Perceptual_VA","0.877324481678558","Perceptual","NA","0.3707790372","2.36616527272907",6280
12,"Lamp1_Adjusted_VA","0.456500543816602","Adjusted","NA","0.3707790372","1.23119296944062",6280
12,"Lamp2_Perceptual_VA","1.45917301262444","Perceptual","NA","1.15268413","1.26589147421023",2020
12,"Lamp2_Adjusted_VA","1.15534681735627","Adjusted","NA","1.15268413","1.00230998873583",2020
12,"Lamp3_Perceptual_VA","1.09216772520983","Perceptual","NA","0.4631962995","2.35789389161524",5027
12,"Lamp3_Adjusted_VA","0.631218305188749","Adjusted","NA","0.4631962995","1.36274470644546",5027
12,"Lamp4_Perceptual_VA","1.45917301262444","Perceptual","NA","0.6806410687","2.1438215819263",3421
12,"Lamp4_Adjusted_VA","0.887142732868295","Adjusted","NA","0.6806410687","1.30339289482297",3421
12,"Lamp1a_Perceptual_VA","NA","Perceptual","NA","NA","NA",6670
12,"Lamp1a_Adjusted_VA","NA","Adjusted","NA","NA","NA",6670
12,"Lamp2a_Perceptual_VA","NA","Perceptual","NA","NA","NA",2250
12,"Lamp2a_Adjusted_VA","NA","Adjusted","NA","NA","NA",2250
12,"Lamp3a_Perceptual_VA","NA","Perceptual","NA","NA","NA",4890
12,"Lamp3a_Adjusted_VA","NA","Adjusted","NA","NA","NA",4890
12,"Lamp4a_Perceptual_VA","NA","Perceptual","NA","NA","NA",3230
12,"Lamp4a_Adjusted_VA","NA","Adjusted","NA","NA","NA",3230
12,"Moon1_Perceptual_VA","NA","Perceptual","NA","NA","NA",6060
12,"Moon1_Adjusted_VA","NA","Adjusted","NA","NA","NA",6060
12,"Moon2_Perceptual_VA","NA","Perceptual","NA","NA","NA",2080
12,"Moon2_Adjusted_VA","NA","Adjusted","NA","NA","NA",2080
12,"Moon3_Perceptual_VA","NA","Perceptual","NA","NA","NA",4720
12,"Moon3_Adjusted_VA","NA","Adjusted","NA","NA","NA",4720
12,"Moon4_Perceptual_VA","NA","Perceptual","NA","NA","NA",3270
12,"Moon4_Adjusted_VA","NA","Adjusted","NA","NA","NA",3270
13,"Stick1_Perceptual_VA","9.96067333596166","Perceptual","NA","2.36338945","4.21457129545943",6280
13,"Stick1_Adjusted_VA","2.43036556603707","Adjusted","NA","2.36338945","1.02833900948363",6280
13,"Stick2_Perceptual_VA","14.6528133203391","Perceptual","NA","7.338560272","1.99668773945298",2020
13,"Stick2_Adjusted_VA","6.85046932604136","Adjusted","NA","7.338560272","0.933489550011474",2020
13,"Stick3_Perceptual_VA","9.96067333596166","Perceptual","NA","2.952239146","3.37393850679658",5027
13,"Stick3_Adjusted_VA","2.8815438152453","Adjusted","NA","2.952239146","0.976053657153594",5027
13,"Stick4_Perceptual_VA","14.6528133203391","Perceptual","NA","4.337065743","3.37850846369775",3421
13,"Stick4_Adjusted_VA","5.43084420963736","Adjusted","NA","4.337065743","1.25219319499657",3421
13,"Lamp1_Perceptual_VA","1.60417702561128","Perceptual","NA","0.3707790372","4.32650410261995",6280
13,"Lamp1_Adjusted_VA","0.648624538962656","Adjusted","NA","0.3707790372","1.7493560150025",6280
13,"Lamp2_Perceptual_VA","3.10957882152719","Perceptual","NA","1.15268413","2.69768511650038",2020
13,"Lamp2_Adjusted_VA","1.26926997390507","Adjusted","NA","1.15268413","1.10114292447582",2020
13,"Lamp3_Perceptual_VA","1.9969649918728","Perceptual","NA","0.4631962995","4.31127147178946",5027
13,"Lamp3_Adjusted_VA","0.537143998798051","Adjusted","NA","0.4631962995","1.15964656750901",5027
13,"Lamp4_Perceptual_VA","2.66786417897555","Perceptual","NA","0.6806410687","3.91963444708247",3421
13,"Lamp4_Adjusted_VA","0.891249709902549","Adjusted","NA","0.6806410687","1.30942687840568",3421
13,"Lamp1a_Perceptual_VA","NA","Perceptual","NA","NA","NA",6670
13,"Lamp1a_Adjusted_VA","NA","Adjusted","NA","NA","NA",6670
13,"Lamp2a_Perceptual_VA","NA","Perceptual","NA","NA","NA",2250
13,"Lamp2a_Adjusted_VA","NA","Adjusted","NA","NA","NA",2250
13,"Lamp3a_Perceptual_VA","NA","Perceptual","NA","NA","NA",4890
13,"Lamp3a_Adjusted_VA","NA","Adjusted","NA","NA","NA",4890
13,"Lamp4a_Perceptual_VA","NA","Perceptual","NA","NA","NA",3230
13,"Lamp4a_Adjusted_VA","NA","Adjusted","NA","NA","NA",3230
13,"Moon1_Perceptual_VA","NA","Perceptual","NA","NA","NA",6060
13,"Moon1_Adjusted_VA","NA","Adjusted","NA","NA","NA",6060
13,"Moon2_Perceptual_VA","NA","Perceptual","NA","NA","NA",2080
13,"Moon2_Adjusted_VA","NA","Adjusted","NA","NA","NA",2080
13,"Moon3_Perceptual_VA","NA","Perceptual","NA","NA","NA",4720
13,"Moon3_Adjusted_VA","NA","Adjusted","NA","NA","NA",4720
13,"Moon4_Perceptual_VA","NA","Perceptual","NA","NA","NA",3270
13,"Moon4_Adjusted_VA","NA","Adjusted","NA","NA","NA",3270
14,"Stick1_Perceptual_VA","6.12581160273117","Perceptual","NA","2.36338945","2.59196028937642",6280
14,"Stick1_Adjusted_VA","1.90968250774438","Adjusted","NA","2.36338945","0.808027008728662",6280
14,"Stick2_Perceptual_VA","10.3652931058766","Perceptual","NA","7.338560272","1.41244232133992",2020
14,"Stick2_Adjusted_VA","7.75490084359634","Adjusted","NA","7.338560272","1.05673327685062",2020
14,"Stick3_Perceptual_VA","6.91733857930066","Perceptual","NA","2.952239146","2.3430820598233",5027
14,"Stick3_Adjusted_VA","3.29630046372947","Adjusted","NA","2.952239146","1.11654249561579",5027
14,"Stick4_Perceptual_VA","10.3652931058766","Perceptual","NA","4.337065743","2.38993220764664",3421
14,"Stick4_Adjusted_VA","6.23498721149685","Adjusted","NA","4.337065743","1.43760495712109",3421
14,"Lamp1_Perceptual_VA","1.22628390640326","Perceptual","NA","0.3707790372","3.30731725197774",6280
14,"Lamp1_Adjusted_VA","0.340369966416804","Adjusted","NA","0.3707790372","0.917986003165565",6280
14,"Lamp2_Perceptual_VA","2.16090041902653","Perceptual","NA","1.15268413","1.87466831787346",2020
14,"Lamp2_Adjusted_VA","1.33138486989719","Adjusted","NA","1.15268413","1.15503010343102",2020
14,"Lamp3_Perceptual_VA","1.90968250774438","Perceptual","NA","0.4631962995","4.12283627871336",5027
14,"Lamp3_Adjusted_VA","0.546671180254721","Adjusted","NA","0.4631962995","1.18021491286702",5027
14,"Lamp4_Perceptual_VA","2.45228701198675","Perceptual","NA","0.6806410687","3.60290779495649",3421
14,"Lamp4_Adjusted_VA","1.02087960763189","Adjusted","NA","0.6806410687","1.49987953207369",3421
14,"Lamp1a_Perceptual_VA","NA","Perceptual","NA","NA","NA",6670
14,"Lamp1a_Adjusted_VA","NA","Adjusted","NA","NA","NA",6670
14,"Lamp2a_Perceptual_VA","NA","Perceptual","NA","NA","NA",2250
14,"Lamp2a_Adjusted_VA","NA","Adjusted","NA","NA","NA",2250
14,"Lamp3a_Perceptual_VA","NA","Perceptual","NA","NA","NA",4890
14,"Lamp3a_Adjusted_VA","NA","Adjusted","NA","NA","NA",4890
14,"Lamp4a_Perceptual_VA","NA","Perceptual","NA","NA","NA",3230
14,"Lamp4a_Adjusted_VA","NA","Adjusted","NA","NA","NA",3230
14,"Moon1_Perceptual_VA","NA","Perceptual","NA","NA","NA",6060
14,"Moon1_Adjusted_VA","NA","Adjusted","NA","NA","NA",6060
14,"Moon2_Perceptual_VA","NA","Perceptual","NA","NA","NA",2080
14,"Moon2_Adjusted_VA","NA","Adjusted","NA","NA","NA",2080
14,"Moon3_Perceptual_VA","NA","Perceptual","NA","NA","NA",4720
14,"Moon3_Adjusted_VA","NA","Adjusted","NA","NA","NA",4720
14,"Moon4_Perceptual_VA","NA","Perceptual","NA","NA","NA",3270
14,"Moon4_Adjusted_VA","NA","Adjusted","NA","NA","NA",3270
15,"Stick1_Perceptual_VA","9.61590792606094","Perceptual","NA","2.36338945","4.06869376778378",6280
15,"Stick1_Adjusted_VA","2.86419236832929","Adjusted","NA","2.36338945","1.21190029359287",6280
15,"Stick2_Perceptual_VA","11.0393360375014","Perceptual","NA","7.338560272","1.50429179952661",2020
15,"Stick2_Adjusted_VA","8.79984484043712","Adjusted","NA","7.338560272","1.19912414891687",2020
15,"Stick3_Perceptual_VA","8.23211769264195","Perceptual","NA","2.952239146","2.78843185986328",5027
15,"Stick3_Adjusted_VA","3.4575319840712","Adjusted","NA","2.952239146","1.17115579500252",5027
15,"Stick4_Perceptual_VA","9.61590792606094","Perceptual","NA","4.337065743","2.21714599129168",3421
15,"Stick4_Adjusted_VA","7.43798794631609","Adjusted","NA","4.337065743","1.71498159978805",3421
15,"Lamp1_Perceptual_VA","1.30650134849125","Perceptual","NA","0.3707790372","3.52366562672344",6280
15,"Lamp1_Adjusted_VA","0.640720319658762","Adjusted","NA","0.3707790372","1.7280381450291",6280
15,"Lamp2_Perceptual_VA","2.30223086573137","Perceptual","NA","1.15268413","1.99727818386063",2020
15,"Lamp2_Adjusted_VA","1.67599582404446","Adjusted","NA","1.15268413","1.45399401312522",2020
15,"Lamp3_Perceptual_VA","1.74551209902246","Perceptual","NA","0.4631962995","3.76840683076843",5027
15,"Lamp3_Adjusted_VA","0.827591315087436","Adjusted","NA","0.4631962995","1.78669673307145",5027
15,"Lamp4_Perceptual_VA","2.03458955947317","Perceptual","NA","0.6806410687","2.98922538329808",3421
15,"Lamp4_Adjusted_VA","1.39651548448802","Adjusted","NA","0.6806410687","2.05176494441529",3421
15,"Lamp1a_Perceptual_VA","NA","Perceptual","NA","NA","NA",6670
15,"Lamp1a_Adjusted_VA","NA","Adjusted","NA","NA","NA",6670
15,"Lamp2a_Perceptual_VA","NA","Perceptual","NA","NA","NA",2250
15,"Lamp2a_Adjusted_VA","NA","Adjusted","NA","NA","NA",2250
15,"Lamp3a_Perceptual_VA","NA","Perceptual","NA","NA","NA",4890
15,"Lamp3a_Adjusted_VA","NA","Adjusted","NA","NA","NA",4890
15,"Lamp4a_Perceptual_VA","NA","Perceptual","NA","NA","NA",3230
15,"Lamp4a_Adjusted_VA","NA","Adjusted","NA","NA","NA",3230
15,"Moon1_Perceptual_VA","NA","Perceptual","NA","NA","NA",6060
15,"Moon1_Adjusted_VA","NA","Adjusted","NA","NA","NA",6060
15,"Moon2_Perceptual_VA","NA","Perceptual","NA","NA","NA",2080
15,"Moon2_Adjusted_VA","NA","Adjusted","NA","NA","NA",2080
15,"Moon3_Perceptual_VA","NA","Perceptual","NA","NA","NA",4720
15,"Moon3_Adjusted_VA","NA","Adjusted","NA","NA","NA",4720
15,"Moon4_Perceptual_VA","NA","Perceptual","NA","NA","NA",3270
15,"Moon4_Adjusted_VA","NA","Adjusted","NA","NA","NA",3270
16,"Stick1_Perceptual_VA","6.57224949843447","Perceptual","NA","2.36338945","2.78085759350177",6280
16,"Stick1_Adjusted_VA","2.49896298154888","Adjusted","NA","2.36338945","1.05736402502299",6280
16,"Stick2_Perceptual_VA","10.474952133625","Perceptual","NA","7.338560272","1.42738517439065",2020
16,"Stick2_Adjusted_VA","7.4491750759384","Adjusted","NA","7.338560272","1.01507309333691",2020
16,"Stick3_Perceptual_VA","8.57830665763804","Perceptual","NA","2.952239146","2.90569504481397",5027
16,"Stick3_Adjusted_VA","3.67772890153473","Adjusted","NA","2.952239146","1.2457422043596",5027
16,"Stick4_Perceptual_VA","9.84964388141976","Perceptual","NA","4.337065743","2.27103863881174",3421
16,"Stick4_Adjusted_VA","4.42157151717913","Adjusted","NA","4.337065743","1.01948454996688",3421
16,"Lamp1_Perceptual_VA","0.935810261301848","Perceptual","NA","0.3707790372","2.52390283002183",6280
16,"Lamp1_Adjusted_VA","0.629440261271577","Adjusted","NA","0.3707790372","1.69761555568217",6280
16,"Lamp2_Perceptual_VA","2.05287912186776","Perceptual","NA","1.15268413","1.78095548332721",2020
16,"Lamp2_Adjusted_VA","1.50002199850549","Adjusted","NA","1.15268413","1.30132961794615",2020
16,"Lamp3_Perceptual_VA","1.3750327092782","Perceptual","NA","0.4631962995","2.96857446996551",5027
16,"Lamp3_Adjusted_VA","0.63843208023995","Adjusted","NA","0.4631962995","1.37831861120028",5027
16,"Lamp4_Perceptual_VA","1.81421475686113","Perceptual","NA","0.6806410687","2.66545002981705",3421
16,"Lamp4_Adjusted_VA","0.726668438508244","Adjusted","NA","0.6806410687","1.06762355656287",3421
16,"Lamp1a_Perceptual_VA","NA","Perceptual","NA","NA","NA",6670
16,"Lamp1a_Adjusted_VA","NA","Adjusted","NA","NA","NA",6670
16,"Lamp2a_Perceptual_VA","NA","Perceptual","NA","NA","NA",2250
16,"Lamp2a_Adjusted_VA","NA","Adjusted","NA","NA","NA",2250
16,"Lamp3a_Perceptual_VA","NA","Perceptual","NA","NA","NA",4890
16,"Lamp3a_Adjusted_VA","NA","Adjusted","NA","NA","NA",4890
16,"Lamp4a_Perceptual_VA","NA","Perceptual","NA","NA","NA",3230
16,"Lamp4a_Adjusted_VA","NA","Adjusted","NA","NA","NA",3230
16,"Moon1_Perceptual_VA","NA","Perceptual","NA","NA","NA",6060
16,"Moon1_Adjusted_VA","NA","Adjusted","NA","NA","NA",6060
16,"Moon2_Perceptual_VA","NA","Perceptual","NA","NA","NA",2080
16,"Moon2_Adjusted_VA","NA","Adjusted","NA","NA","NA",2080
16,"Moon3_Perceptual_VA","NA","Perceptual","NA","NA","NA",4720
16,"Moon3_Adjusted_VA","NA","Adjusted","NA","NA","NA",4720
16,"Moon4_Perceptual_VA","NA","Perceptual","NA","NA","NA",3270
16,"Moon4_Adjusted_VA","NA","Adjusted","NA","NA","NA",3270
17,"Stick1_Perceptual_VA","6.07264378538437","Perceptual","NA","2.36338945","2.56946386275202",6280
17,"Stick1_Adjusted_VA","2.88501408879437","Adjusted","NA","2.36338945","1.22071040335497",6280
17,"Stick2_Perceptual_VA","10.9276856264733","Perceptual","NA","7.338560272","1.48907758762539",2020
17,"Stick2_Adjusted_VA","7.694571849309","Adjusted","NA","7.338560272","1.04851245532006",2020
17,"Stick3_Perceptual_VA","6.85733193337949","Perceptual","NA","2.952239146","2.32275625186751",5027
17,"Stick3_Adjusted_VA","2.91147077047824","Adjusted","NA","2.952239146","0.986190693400636",5027
17,"Stick4_Perceptual_VA","7.66121700737146","Perceptual","NA","4.337065743","1.7664516660225",3421
17,"Stick4_Adjusted_VA","4.46304684334031","Adjusted","NA","4.337065743","1.02904754223374",3421
17,"Lamp1_Perceptual_VA","0.956568186329096","Perceptual","NA","0.3707790372","2.57988745413651",6280
17,"Lamp1_Adjusted_VA","0.608031137496004","Adjusted","NA","0.3707790372","1.63987463284778",6280
17,"Lamp2_Perceptual_VA","1.62410203838201","Perceptual","NA","1.15268413","1.40897405985976",2020
17,"Lamp2_Adjusted_VA","1.52779692185999","Adjusted","NA","1.15268413","1.32542548482904",2020
17,"Lamp3_Perceptual_VA","0.777217786526536","Perceptual","NA","0.4631962995","1.67794472314548",5027
17,"Lamp3_Adjusted_VA","0.708196326772338","Adjusted","NA","0.4631962995","1.52893347277775",5027
17,"Lamp4_Perceptual_VA","0.976495735309457","Perceptual","NA","0.6806410687","1.43467060718879",3421
17,"Lamp4_Adjusted_VA","0.943673859023845","Adjusted","NA","0.6806410687","1.3864486032649",3421
17,"Lamp1a_Perceptual_VA","NA","Perceptual","NA","NA","NA",6670
17,"Lamp1a_Adjusted_VA","NA","Adjusted","NA","NA","NA",6670
17,"Lamp2a_Perceptual_VA","NA","Perceptual","NA","NA","NA",2250
17,"Lamp2a_Adjusted_VA","NA","Adjusted","NA","NA","NA",2250
17,"Lamp3a_Perceptual_VA","NA","Perceptual","NA","NA","NA",4890
17,"Lamp3a_Adjusted_VA","NA","Adjusted","NA","NA","NA",4890
17,"Lamp4a_Perceptual_VA","NA","Perceptual","NA","NA","NA",3230
17,"Lamp4a_Adjusted_VA","NA","Adjusted","NA","NA","NA",3230
17,"Moon1_Perceptual_VA","NA","Perceptual","NA","NA","NA",6060
17,"Moon1_Adjusted_VA","NA","Adjusted","NA","NA","NA",6060
17,"Moon2_Perceptual_VA","NA","Perceptual","NA","NA","NA",2080
17,"Moon2_Adjusted_VA","NA","Adjusted","NA","NA","NA",2080
17,"Moon3_Perceptual_VA","NA","Perceptual","NA","NA","NA",4720
17,"Moon3_Adjusted_VA","NA","Adjusted","NA","NA","NA",4720
17,"Moon4_Perceptual_VA","NA","Perceptual","NA","NA","NA",3270
17,"Moon4_Adjusted_VA","NA","Adjusted","NA","NA","NA",3270
18,"Stick1_Perceptual_VA","7.66121700737146","Perceptual","NA","2.36338945","3.24162274963674",6280
18,"Stick1_Adjusted_VA","3.17719150465746","Adjusted","NA","2.36338945","1.34433683989639",6280
18,"Stick2_Perceptual_VA","12.8990694076846","Perceptual","NA","7.338560272","1.75771117625081",2020
18,"Stick2_Adjusted_VA","8.32950117297298","Adjusted","NA","7.338560272","1.13503205863879",2020
18,"Stick3_Perceptual_VA","8.9497930124922","Perceptual","NA","2.952239146","3.0315271120967",5027
18,"Stick3_Adjusted_VA","3.63944511785833","Adjusted","NA","2.952239146","1.23277449348554",5027
18,"Stick4_Perceptual_VA","10.2756446194628","Perceptual","NA","4.337065743","2.36926189925703",3421
18,"Stick4_Adjusted_VA","4.95847368181644","Adjusted","NA","4.337065743","1.14327842270304",3421
18,"Lamp1_Perceptual_VA","1.21562137158315","Perceptual","NA","0.3707790372","3.27856013857503",6280
18,"Lamp1_Adjusted_VA","0.687541103742946","Adjusted","NA","0.3707790372","1.85431492819828",6280
18,"Lamp2_Perceptual_VA","1.62410203838201","Perceptual","NA","1.15268413","1.40897405985976",2020
18,"Lamp2_Adjusted_VA","1.38634875116186","Adjusted","NA","1.15268413","1.20271348852687",2020
18,"Lamp3_Perceptual_VA","1.43481062193527","Perceptual","NA","0.4631962995","3.09762971656744",5027
18,"Lamp3_Adjusted_VA","0.614299380258609","Adjusted","NA","0.4631962995","1.32621823818912",5027
18,"Lamp4_Perceptual_VA","1.43481062193527","Perceptual","NA","0.6806410687","2.10802828086132",3421
18,"Lamp4_Adjusted_VA","0.893796034514574","Adjusted","NA","0.6806410687","1.31316794653854",3421
18,"Lamp1a_Perceptual_VA","NA","Perceptual","NA","NA","NA",6670
18,"Lamp1a_Adjusted_VA","NA","Adjusted","NA","NA","NA",6670
18,"Lamp2a_Perceptual_VA","NA","Perceptual","NA","NA","NA",2250
18,"Lamp2a_Adjusted_VA","NA","Adjusted","NA","NA","NA",2250
18,"Lamp3a_Perceptual_VA","NA","Perceptual","NA","NA","NA",4890
18,"Lamp3a_Adjusted_VA","NA","Adjusted","NA","NA","NA",4890
18,"Lamp4a_Perceptual_VA","NA","Perceptual","NA","NA","NA",3230
18,"Lamp4a_Adjusted_VA","NA","Adjusted","NA","NA","NA",3230
18,"Moon1_Perceptual_VA","NA","Perceptual","NA","NA","NA",6060
18,"Moon1_Adjusted_VA","NA","Adjusted","NA","NA","NA",6060
18,"Moon2_Perceptual_VA","NA","Perceptual","NA","NA","NA",2080
18,"Moon2_Adjusted_VA","NA","Adjusted","NA","NA","NA",2080
18,"Moon3_Perceptual_VA","NA","Perceptual","NA","NA","NA",4720
18,"Moon3_Adjusted_VA","NA","Adjusted","NA","NA","NA",4720
18,"Moon4_Perceptual_VA","NA","Perceptual","NA","NA","NA",3270
18,"Moon4_Adjusted_VA","NA","Adjusted","NA","NA","NA",3270
19,"Stick1_Perceptual_VA","3.44501225479606","Perceptual","NA","2.36338945","1.45765745666507",6280
19,"Stick1_Adjusted_VA","2.77097655274658","Adjusted","NA","2.36338945","1.17245871294999",6280
19,"Stick2_Perceptual_VA","8.57004932411535","Perceptual","NA","7.338560272","1.1678107157904",2020
19,"Stick2_Adjusted_VA","6.6551879037153","Adjusted","NA","7.338560272","0.906879232035187",2020
19,"Stick3_Perceptual_VA","5.71652739371184","Perceptual","NA","2.952239146","1.93633615401963",5027
19,"Stick3_Adjusted_VA","2.71247292645691","Adjusted","NA","2.952239146","0.91878496026721",5027
19,"Stick4_Perceptual_VA","4.29102481325839","Perceptual","NA","4.337065743","0.989384313618968",3421
19,"Stick4_Adjusted_VA","3.65687327199374","Adjusted","NA","4.337065743","0.843167590414306",3421
19,"Lamp1_Perceptual_VA","1.01302942083891","Perceptual","NA","0.3707790372","2.7321647644618",6280
19,"Lamp1_Adjusted_VA","1.17602997349224","Adjusted","NA","0.3707790372","3.17178118367539",6280
19,"Lamp2_Perceptual_VA","2.24172275062064","Perceptual","NA","1.15268413","1.9447849521626",2020
19,"Lamp2_Adjusted_VA","1.70138599620334","Adjusted","NA","1.15268413","1.47602101210792",2020
19,"Lamp3_Perceptual_VA","1.35344605518774","Perceptual","NA","0.4631962995","2.92197078570948",5027
19,"Lamp3_Adjusted_VA","0.610523021327166","Adjusted","NA","0.4631962995","1.31806541197803",5027
19,"Lamp4_Perceptual_VA","2.02590052632231","Perceptual","NA","0.6806410687","2.97645942844986",3421
19,"Lamp4_Adjusted_VA","0.92441605306587","Adjusted","NA","0.6806410687","1.35815497415028",3421
19,"Lamp1a_Perceptual_VA","NA","Perceptual","NA","NA","NA",6670
19,"Lamp1a_Adjusted_VA","NA","Adjusted","NA","NA","NA",6670
19,"Lamp2a_Perceptual_VA","NA","Perceptual","NA","NA","NA",2250
19,"Lamp2a_Adjusted_VA","NA","Adjusted","NA","NA","NA",2250
19,"Lamp3a_Perceptual_VA","NA","Perceptual","NA","NA","NA",4890
19,"Lamp3a_Adjusted_VA","NA","Adjusted","NA","NA","NA",4890
19,"Lamp4a_Perceptual_VA","NA","Perceptual","NA","NA","NA",3230
19,"Lamp4a_Adjusted_VA","NA","Adjusted","NA","NA","NA",3230
19,"Moon1_Perceptual_VA","NA","Perceptual","NA","NA","NA",6060
19,"Moon1_Adjusted_VA","NA","Adjusted","NA","NA","NA",6060
19,"Moon2_Perceptual_VA","NA","Perceptual","NA","NA","NA",2080
19,"Moon2_Adjusted_VA","NA","Adjusted","NA","NA","NA",2080
19,"Moon3_Perceptual_VA","NA","Perceptual","NA","NA","NA",4720
19,"Moon3_Adjusted_VA","NA","Adjusted","NA","NA","NA",4720
19,"Moon4_Perceptual_VA","NA","Perceptual","NA","NA","NA",3270
19,"Moon4_Adjusted_VA","NA","Adjusted","NA","NA","NA",3270
20,"Stick1_Perceptual_VA","4.26028306883585","Perceptual","NA","2.36338945","1.80261575968186",6280
20,"Stick1_Adjusted_VA","2.00514760752012","Adjusted","NA","2.36338945","0.848420309026989",6280
20,"Stick2_Perceptual_VA","12.5269812286691","Perceptual","NA","7.338560272","1.70700801851629",2020
20,"Stick2_Adjusted_VA","6.21778516719019","Adjusted","NA","7.338560272","0.847275887467181",2020
20,"Stick3_Perceptual_VA","7.2153075242465","Perceptual","NA","2.952239146","2.44401187282627",5027
20,"Stick3_Adjusted_VA","2.75630871666976","Adjusted","NA","2.952239146","0.933633279812136",5027
20,"Stick4_Perceptual_VA","9.60592202742266","Perceptual","NA","4.337065743","2.21484353630714",3421
20,"Stick4_Adjusted_VA","4.38861008491545","Adjusted","NA","4.337065743","1.01188461161758",3421
20,"Lamp1_Perceptual_VA","1.00614393022129","Perceptual","NA","0.3707790372","2.71359443030909",6280
20,"Lamp1_Adjusted_VA","0.411704428629937","Adjusted","NA","0.3707790372","1.11037676708746",6280
20,"Lamp2_Perceptual_VA","2.01213275104213","Perceptual","NA","1.15268413","1.74560636229296",2020
20,"Lamp2_Adjusted_VA","1.16378050803425","Adjusted","NA","1.15268413","1.00962655574537",2020
20,"Lamp3_Perceptual_VA","0.908328699476422","Perceptual","NA","0.4631962995","1.96100163247617",5027
20,"Lamp3_Adjusted_VA","0.502139572712056","Adjusted","NA","0.4631962995","1.08407509570801",5027
20,"Lamp4_Perceptual_VA","1.36944367868379","Perceptual","NA","0.6806410687","2.01199096213718",3421
20,"Lamp4_Adjusted_VA","0.701864522160991","Adjusted","NA","0.6806410687","1.03118156461162",3421
20,"Lamp1a_Perceptual_VA","NA","Perceptual","NA","NA","NA",6670
20,"Lamp1a_Adjusted_VA","NA","Adjusted","NA","NA","NA",6670
20,"Lamp2a_Perceptual_VA","NA","Perceptual","NA","NA","NA",2250
20,"Lamp2a_Adjusted_VA","NA","Adjusted","NA","NA","NA",2250
20,"Lamp3a_Perceptual_VA","NA","Perceptual","NA","NA","NA",4890
20,"Lamp3a_Adjusted_VA","NA","Adjusted","NA","NA","NA",4890
20,"Lamp4a_Perceptual_VA","NA","Perceptual","NA","NA","NA",3230
20,"Lamp4a_Adjusted_VA","NA","Adjusted","NA","NA","NA",3230
20,"Moon1_Perceptual_VA","NA","Perceptual","NA","NA","NA",6060
20,"Moon1_Adjusted_VA","NA","Adjusted","NA","NA","NA",6060
20,"Moon2_Perceptual_VA","NA","Perceptual","NA","NA","NA",2080
20,"Moon2_Adjusted_VA","NA","Adjusted","NA","NA","NA",2080
20,"Moon3_Perceptual_VA","NA","Perceptual","NA","NA","NA",4720
20,"Moon3_Adjusted_VA","NA","Adjusted","NA","NA","NA",4720
20,"Moon4_Perceptual_VA","NA","Perceptual","NA","NA","NA",3270
20,"Moon4_Adjusted_VA","NA","Adjusted","NA","NA","NA",3270
21,"Stick1_Perceptual_VA","10.138840265225","Perceptual","NA","2.36338945","4.28995748678873",6280
21,"Stick1_Adjusted_VA","2.50252297928149","Adjusted","NA","2.36338945","1.05887033526425",6280
21,"Stick2_Perceptual_VA","13.7948551155035","Perceptual","NA","7.338560272","1.8797767687672",2020
21,"Stick2_Adjusted_VA","6.96128708202622","Adjusted","NA","7.338560272","0.948590298915545",2020
21,"Stick3_Perceptual_VA","11.9699046302308","Perceptual","NA","2.952239146","4.05451727935011",5027
21,"Stick3_Adjusted_VA","3.56535040298206","Adjusted","NA","2.952239146","1.20767669103391",5027
21,"Stick4_Perceptual_VA","13.7948551155035","Perceptual","NA","4.337065743","3.18068849608017",3421
21,"Stick4_Adjusted_VA","4.39772315053402","Adjusted","NA","4.337065743","1.013985816939",3421
21,"Lamp1_Perceptual_VA","1.50623777298719","Perceptual","NA","0.3707790372","4.06235957771991",6280
21,"Lamp1_Adjusted_VA","0.580393842433667","Adjusted","NA","0.3707790372","1.565336181939",6280
21,"Lamp2_Perceptual_VA","3.04889441703089","Perceptual","NA","1.15268413","2.64503894664611",2020
21,"Lamp2_Adjusted_VA","1.40130462486882","Adjusted","NA","1.15268413","1.21568831252047",2020
21,"Lamp3_Perceptual_VA","2.25457520039089","Perceptual","NA","0.4631962995","4.86742921483743",5027
21,"Lamp3_Adjusted_VA","0.660579317030254","Adjusted","NA","0.4631962995","1.42613254411428",5027
21,"Lamp4_Perceptual_VA","2.49474456938856","Perceptual","NA","0.6806410687","3.66528657189822",3421
21,"Lamp4_Adjusted_VA","0.873061651512799","Adjusted","NA","0.6806410687","1.28270492578462",3421
21,"Lamp1a_Perceptual_VA","NA","Perceptual","NA","NA","NA",6670
21,"Lamp1a_Adjusted_VA","NA","Adjusted","NA","NA","NA",6670
21,"Lamp2a_Perceptual_VA","NA","Perceptual","NA","NA","NA",2250
21,"Lamp2a_Adjusted_VA","NA","Adjusted","NA","NA","NA",2250
21,"Lamp3a_Perceptual_VA","NA","Perceptual","NA","NA","NA",4890
21,"Lamp3a_Adjusted_VA","NA","Adjusted","NA","NA","NA",4890
21,"Lamp4a_Perceptual_VA","NA","Perceptual","NA","NA","NA",3230
21,"Lamp4a_Adjusted_VA","NA","Adjusted","NA","NA","NA",3230
21,"Moon1_Perceptual_VA","NA","Perceptual","NA","NA","NA",6060
21,"Moon1_Adjusted_VA","NA","Adjusted","NA","NA","NA",6060
21,"Moon2_Perceptual_VA","NA","Perceptual","NA","NA","NA",2080
21,"Moon2_Adjusted_VA","NA","Adjusted","NA","NA","NA",2080
21,"Moon3_Perceptual_VA","NA","Perceptual","NA","NA","NA",4720
21,"Moon3_Adjusted_VA","NA","Adjusted","NA","NA","NA",4720
21,"Moon4_Perceptual_VA","NA","Perceptual","NA","NA","NA",3270
21,"Moon4_Adjusted_VA","NA","Adjusted","NA","NA","NA",3270
22,"Stick1_Perceptual_VA","16.4384184977981","Perceptual","NA","2.36338945","6.95544210785832",6280
22,"Stick1_Adjusted_VA","2.35890472369543","Adjusted","NA","2.36338945","0.998102417566192",6280
22,"Stick2_Perceptual_VA","18.9246444160512","Perceptual","NA","7.338560272","2.57879525610187",2020
22,"Stick2_Adjusted_VA","8.11441599959824","Adjusted","NA","7.338560272","1.10572315261326",2020
22,"Stick3_Perceptual_VA","13.9365134827571","Perceptual","NA","2.952239146","4.72065872496804",5027
22,"Stick3_Adjusted_VA","3.06736376625916","Adjusted","NA","2.952239146","1.03899569600083",5027
22,"Stick4_Perceptual_VA","18.9246444160512","Perceptual","NA","4.337065743","4.36346726968469",3421
22,"Stick4_Adjusted_VA","5.63262467183988","Adjusted","NA","4.337065743","1.29871784418553",3421
22,"Lamp1_Perceptual_VA","2.73694446146761","Perceptual","NA","0.3707790372","7.38160517955951",6280
22,"Lamp1_Adjusted_VA","1.18538763723341","Adjusted","NA","0.3707790372","3.19701902832766",6280
22,"Lamp2_Perceptual_VA","4.83543823026369","Perceptual","NA","1.15268413","4.19493780161933",2020
22,"Lamp2_Adjusted_VA","1.58467585534085","Adjusted","NA","1.15268413","1.37477025500546",2020
22,"Lamp3_Perceptual_VA","4.19980903529035","Perceptual","NA","0.4631962995","9.06701767657439",5027
22,"Lamp3_Adjusted_VA","0.912036007307599","Adjusted","NA","0.4631962995","1.96900538344564",5027
22,"Lamp4_Perceptual_VA","4.83543823026369","Perceptual","NA","0.6806410687","7.10424106423552",3421
22,"Lamp4_Adjusted_VA","1.33002086862535","Adjusted","NA","0.6806410687","1.95407084554219",3421
22,"Lamp1a_Perceptual_VA","NA","Perceptual","NA","NA","NA",6670
22,"Lamp1a_Adjusted_VA","NA","Adjusted","NA","NA","NA",6670
22,"Lamp2a_Perceptual_VA","NA","Perceptual","NA","NA","NA",2250
22,"Lamp2a_Adjusted_VA","NA","Adjusted","NA","NA","NA",2250
22,"Lamp3a_Perceptual_VA","NA","Perceptual","NA","NA","NA",4890
22,"Lamp3a_Adjusted_VA","NA","Adjusted","NA","NA","NA",4890
22,"Lamp4a_Perceptual_VA","NA","Perceptual","NA","NA","NA",3230
22,"Lamp4a_Adjusted_VA","NA","Adjusted","NA","NA","NA",3230
22,"Moon1_Perceptual_VA","NA","Perceptual","NA","NA","NA",6060
22,"Moon1_Adjusted_VA","NA","Adjusted","NA","NA","NA",6060
22,"Moon2_Perceptual_VA","NA","Perceptual","NA","NA","NA",2080
22,"Moon2_Adjusted_VA","NA","Adjusted","NA","NA","NA",2080
22,"Moon3_Perceptual_VA","NA","Perceptual","NA","NA","NA",4720
22,"Moon3_Adjusted_VA","NA","Adjusted","NA","NA","NA",4720
22,"Moon4_Perceptual_VA","NA","Perceptual","NA","NA","NA",3270
22,"Moon4_Adjusted_VA","NA","Adjusted","NA","NA","NA",3270
23,"Stick1_Perceptual_VA","3.55906618049237","Perceptual","NA","2.36338945","1.50591608187655",6280
23,"Stick1_Adjusted_VA","2.83855342294904","Adjusted","NA","2.36338945","1.2010519142112",6280
23,"Stick2_Perceptual_VA","11.3345713564783","Perceptual","NA","7.338560272","1.54452248620549",2020
23,"Stick2_Adjusted_VA","9.53340170220291","Adjusted","NA","7.338560272","1.2990833826871",2020
23,"Stick3_Perceptual_VA","6.72779349945773","Perceptual","NA","2.952239146","2.27887822318637",5027
23,"Stick3_Adjusted_VA","3.39092004894821","Adjusted","NA","2.952239146","1.14859260420775",5027
23,"Stick4_Perceptual_VA","7.86035109145096","Perceptual","NA","4.337065743","1.81236613812865",3421
23,"Stick4_Adjusted_VA","5.20797260322004","Adjusted","NA","4.337065743","1.20080554730481",3421
23,"Lamp1_Perceptual_VA","0.682292822890108","Perceptual","NA","0.3707790372","1.84016018824191",6280
23,"Lamp1_Adjusted_VA","0.710748656770106","Adjusted","NA","0.3707790372","1.91690625807069",6280
23,"Lamp2_Perceptual_VA","3.3230980998697","Perceptual","NA","1.15268413","2.88292170715467",2020
23,"Lamp2_Adjusted_VA","1.625492151901","Adjusted","NA","1.15268413","1.4101800394363",2020
23,"Lamp3_Perceptual_VA","1.42576032574527","Perceptual","NA","0.4631962995","3.07809092448345",5027
23,"Lamp3_Adjusted_VA","0.84639953212337","Adjusted","NA","0.4631962995","1.82730201652522",5027
23,"Lamp4_Perceptual_VA","1.88053232451094","Perceptual","NA","0.6806410687","2.76288400889868",3421
23,"Lamp4_Adjusted_VA","1.00425986212191","Adjusted","NA","0.6806410687","1.47546174967081",3421
23,"Lamp1a_Perceptual_VA","NA","Perceptual","NA","NA","NA",6670
23,"Lamp1a_Adjusted_VA","NA","Adjusted","NA","NA","NA",6670
23,"Lamp2a_Perceptual_VA","NA","Perceptual","NA","NA","NA",2250
23,"Lamp2a_Adjusted_VA","NA","Adjusted","NA","NA","NA",2250
23,"Lamp3a_Perceptual_VA","NA","Perceptual","NA","NA","NA",4890
23,"Lamp3a_Adjusted_VA","NA","Adjusted","NA","NA","NA",4890
23,"Lamp4a_Perceptual_VA","NA","Perceptual","NA","NA","NA",3230
23,"Lamp4a_Adjusted_VA","NA","Adjusted","NA","NA","NA",3230
23,"Moon1_Perceptual_VA","NA","Perceptual","NA","NA","NA",6060
23,"Moon1_Adjusted_VA","NA","Adjusted","NA","NA","NA",6060
23,"Moon2_Perceptual_VA","NA","Perceptual","NA","NA","NA",2080
23,"Moon2_Adjusted_VA","NA","Adjusted","NA","NA","NA",2080
23,"Moon3_Perceptual_VA","NA","Perceptual","NA","NA","NA",4720
23,"Moon3_Adjusted_VA","NA","Adjusted","NA","NA","NA",4720
23,"Moon4_Perceptual_VA","NA","Perceptual","NA","NA","NA",3270
23,"Moon4_Adjusted_VA","NA","Adjusted","NA","NA","NA",3270
24,"Stick1_Perceptual_VA","3.42829771129073","Perceptual","NA","2.36338945","1.45058518023372",6280
24,"Stick1_Adjusted_VA","2.35516148565449","Adjusted","NA","2.36338945","0.996518574479755",6280
24,"Stick2_Perceptual_VA","6.48098529659251","Perceptual","NA","7.338560272","0.883141250651094",2020
24,"Stick2_Adjusted_VA","7.79639932600961","Adjusted","NA","7.338560272","1.06238813023809",2020
24,"Stick3_Perceptual_VA","4.35406784022052","Perceptual","NA","2.952239146","1.47483575174452",5027
24,"Stick3_Adjusted_VA","3.42829771129073","Adjusted","NA","2.952239146","1.16125338827505",5027
24,"Stick4_Perceptual_VA","5.80045148515443","Perceptual","NA","4.337065743","1.33741377900861",3421
24,"Stick4_Adjusted_VA","5.88687426353551","Adjusted","NA","4.337065743","1.35734033385057",3421
24,"Lamp1_Perceptual_VA","0.606655527170763","Perceptual","NA","0.3707790372","1.63616457864507",6280
24,"Lamp1_Adjusted_VA","0.561494145432168","Adjusted","NA","0.3707790372","1.51436324359755",6280
24,"Lamp2_Perceptual_VA","1.21327705058698","Perceptual","NA","1.15268413","1.05256680387104",2020
24,"Lamp2_Adjusted_VA","1.26926997390507","Adjusted","NA","1.15268413","1.10114292447582",2020
24,"Lamp3_Perceptual_VA","0.825719001432256","Perceptual","NA","0.4631962995","1.78265457285299",5027
24,"Lamp3_Adjusted_VA","0.434943974757543","Adjusted","NA","0.4631962995","0.939005720095445",5027
24,"Lamp4_Perceptual_VA","1.0279261189529","Perceptual","NA","0.6806410687","1.51023228868073",3421
24,"Lamp4_Adjusted_VA","0.682292822890108","Adjusted","NA","0.6806410687","1.00242676245391",3421
24,"Lamp1a_Perceptual_VA","NA","Perceptual","NA","NA","NA",6670
24,"Lamp1a_Adjusted_VA","NA","Adjusted","NA","NA","NA",6670
24,"Lamp2a_Perceptual_VA","NA","Perceptual","NA","NA","NA",2250
24,"Lamp2a_Adjusted_VA","NA","Adjusted","NA","NA","NA",2250
24,"Lamp3a_Perceptual_VA","NA","Perceptual","NA","NA","NA",4890
24,"Lamp3a_Adjusted_VA","NA","Adjusted","NA","NA","NA",4890
24,"Lamp4a_Perceptual_VA","NA","Perceptual","NA","NA","NA",3230
24,"Lamp4a_Adjusted_VA","NA","Adjusted","NA","NA","NA",3230
24,"Moon1_Perceptual_VA","NA","Perceptual","NA","NA","NA",6060
24,"Moon1_Adjusted_VA","NA","Adjusted","NA","NA","NA",6060
24,"Moon2_Perceptual_VA","NA","Perceptual","NA","NA","NA",2080
24,"Moon2_Adjusted_VA","NA","Adjusted","NA","NA","NA",2080
24,"Moon3_Perceptual_VA","NA","Perceptual","NA","NA","NA",4720
24,"Moon3_Adjusted_VA","NA","Adjusted","NA","NA","NA",4720
24,"Moon4_Perceptual_VA","NA","Perceptual","NA","NA","NA",3270
24,"Moon4_Adjusted_VA","NA","Adjusted","NA","NA","NA",3270
25,"Stick1_Perceptual_VA","12.0753650428458","Perceptual","NA","2.36338945","5.10934202691215",6280
25,"Stick1_Adjusted_VA","3.84605358119707","Adjusted","NA","2.36338945","1.62734651337175",6280
25,"Stick2_Perceptual_VA","16.4144328238363","Perceptual","NA","7.338560272","2.23673748193701",2020
25,"Stick2_Adjusted_VA","8.21421232006713","Adjusted","NA","7.338560272","1.11932204895941",2020
25,"Stick3_Perceptual_VA","14.2500326978036","Perceptual","NA","2.952239146","4.82685581793434",5027
25,"Stick3_Adjusted_VA","3.13987151287871","Adjusted","NA","2.952239146","1.06355595112711",5027
25,"Stick4_Perceptual_VA","11.3557265877199","Perceptual","NA","4.337065743","2.61829708393238",3421
25,"Stick4_Adjusted_VA","4.4735374761806","Adjusted","NA","4.337065743","1.03146637410347",3421
25,"Lamp1_Perceptual_VA","1.58655097187362","Perceptual","NA","0.3707790372","4.27896621085898",6280
25,"Lamp1_Adjusted_VA","0.667017959422743","Adjusted","NA","0.3707790372","1.79896351330928",6280
25,"Lamp2_Perceptual_VA","2.68800114399016","Perceptual","NA","1.15268413","2.33194946822957",2020
25,"Lamp2_Adjusted_VA","1.21327705058698","Adjusted","NA","1.15268413","1.05256680387104",2020
25,"Lamp3_Perceptual_VA","2.09326677052905","Perceptual","NA","0.4631962995","4.51917852709238",5027
25,"Lamp3_Adjusted_VA","0.630890973012452","Adjusted","NA","0.4631962995","1.36203802511693",5027
25,"Lamp4_Perceptual_VA","2.97430505841653","Perceptual","NA","0.6806410687","4.36985835147642",3421
25,"Lamp4_Adjusted_VA","0.987615502237472","Adjusted","NA","0.6806410687","1.45100780375152",3421
25,"Lamp1a_Perceptual_VA","NA","Perceptual","NA","NA","NA",6670
25,"Lamp1a_Adjusted_VA","NA","Adjusted","NA","NA","NA",6670
25,"Lamp2a_Perceptual_VA","NA","Perceptual","NA","NA","NA",2250
25,"Lamp2a_Adjusted_VA","NA","Adjusted","NA","NA","NA",2250
25,"Lamp3a_Perceptual_VA","NA","Perceptual","NA","NA","NA",4890
25,"Lamp3a_Adjusted_VA","NA","Adjusted","NA","NA","NA",4890
25,"Lamp4a_Perceptual_VA","NA","Perceptual","NA","NA","NA",3230
25,"Lamp4a_Adjusted_VA","NA","Adjusted","NA","NA","NA",3230
25,"Moon1_Perceptual_VA","NA","Perceptual","NA","NA","NA",6060
25,"Moon1_Adjusted_VA","NA","Adjusted","NA","NA","NA",6060
25,"Moon2_Perceptual_VA","NA","Perceptual","NA","NA","NA",2080
25,"Moon2_Adjusted_VA","NA","Adjusted","NA","NA","NA",2080
25,"Moon3_Perceptual_VA","NA","Perceptual","NA","NA","NA",4720
25,"Moon3_Adjusted_VA","NA","Adjusted","NA","NA","NA",4720
25,"Moon4_Perceptual_VA","NA","Perceptual","NA","NA","NA",3270
25,"Moon4_Adjusted_VA","NA","Adjusted","NA","NA","NA",3270
26,"Stick1_Perceptual_VA","8.38432377174021","Perceptual","NA","2.36338945","3.54758449638514",6280
26,"Stick1_Adjusted_VA","9.25891956522072","Adjusted","NA","2.36338945","3.91764445137077",6280
26,"Stick2_Perceptual_VA","15.7478762634513","Perceptual","NA","7.338560272","2.14590814543511",2020
26,"Stick2_Adjusted_VA","22.9976972637883","Adjusted","NA","7.338560272","3.13381595454563",2020
26,"Stick3_Perceptual_VA","10.9381899402239","Perceptual","NA","2.952239146","3.70504874411819",5027
26,"Stick3_Adjusted_VA","8.00834588141877","Adjusted","NA","2.952239146","2.71263454123265",5027
26,"Stick4_Perceptual_VA","12.5545969791951","Perceptual","NA","4.337065743","2.89472139071402",3421
26,"Stick4_Adjusted_VA","10.569642185018","Adjusted","NA","4.337065743","2.43704910447285",3421
26,"Lamp1_Perceptual_VA","2.62052024189515","Perceptual","NA","0.3707790372","7.06760625326732",6280
26,"Lamp1_Adjusted_VA","4.1077300287723","Adjusted","NA","0.3707790372","11.078646893828",6280
26,"Lamp2_Perceptual_VA","4.62990372540444","Perceptual","NA","1.15268413","4.01662832419185",2020
26,"Lamp2_Adjusted_VA","6.10576502958486","Adjusted","NA","1.15268413","5.29699756479241",2020
26,"Lamp3_Perceptual_VA","2.97383650527282","Perceptual","NA","0.4631962995","6.42025100045692",5027
26,"Lamp3_Adjusted_VA","1.98605480600895","Adjusted","NA","0.4631962995","4.28771734176809",5027
26,"Lamp4_Perceptual_VA","4.0212436950691","Perceptual","NA","0.6806410687","5.90802389099078",3421
26,"Lamp4_Adjusted_VA","2.66100295762706","Adjusted","NA","0.6806410687","3.90955391908613",3421
26,"Lamp1a_Perceptual_VA","NA","Perceptual","NA","NA","NA",6670
26,"Lamp1a_Adjusted_VA","NA","Adjusted","NA","NA","NA",6670
26,"Lamp2a_Perceptual_VA","NA","Perceptual","NA","NA","NA",2250
26,"Lamp2a_Adjusted_VA","NA","Adjusted","NA","NA","NA",2250
26,"Lamp3a_Perceptual_VA","NA","Perceptual","NA","NA","NA",4890
26,"Lamp3a_Adjusted_VA","NA","Adjusted","NA","NA","NA",4890
26,"Lamp4a_Perceptual_VA","NA","Perceptual","NA","NA","NA",3230
26,"Lamp4a_Adjusted_VA","NA","Adjusted","NA","NA","NA",3230
26,"Moon1_Perceptual_VA","NA","Perceptual","NA","NA","NA",6060
26,"Moon1_Adjusted_VA","NA","Adjusted","NA","NA","NA",6060
26,"Moon2_Perceptual_VA","NA","Perceptual","NA","NA","NA",2080
26,"Moon2_Adjusted_VA","NA","Adjusted","NA","NA","NA",2080
26,"Moon3_Perceptual_VA","NA","Perceptual","NA","NA","NA",4720
26,"Moon3_Adjusted_VA","NA","Adjusted","NA","NA","NA",4720
26,"Moon4_Perceptual_VA","NA","Perceptual","NA","NA","NA",3270
26,"Moon4_Adjusted_VA","NA","Adjusted","NA","NA","NA",3270
27,"Stick1_Perceptual_VA","4.69925570146253","Perceptual","NA","2.36338945","1.98835435330497",6280
27,"Stick1_Adjusted_VA","3.56392118065326","Adjusted","NA","2.36338945","1.50797033500055",6280
27,"Stick2_Perceptual_VA","9.97872513928441","Perceptual","NA","7.338560272","1.35976605348025",2020
27,"Stick2_Adjusted_VA","7.76123790608199","Adjusted","NA","7.338560272","1.05759680624205",2020
27,"Stick3_Perceptual_VA","11.7812528324082","Perceptual","NA","2.952239146","3.9906160205113",5027
27,"Stick3_Adjusted_VA","4.12054282703827","Adjusted","NA","2.952239146","1.39573477054568",5027
27,"Stick4_Perceptual_VA","11.7812528324082","Perceptual","NA","4.337065743","2.71641094014382",3421
27,"Stick4_Adjusted_VA","4.75282243542666","Adjusted","NA","4.337065743","1.09586128434822",3421
27,"Lamp1_Perceptual_VA","1.48233192547313","Perceptual","NA","0.3707790372","3.99788493078576",6280
27,"Lamp1_Adjusted_VA","1.10891595452183","Adjusted","NA","0.3707790372","2.99077305690201",6280
27,"Lamp2_Perceptual_VA","2.21879730851814","Perceptual","NA","1.15268413","1.9248962059694",2020
27,"Lamp2_Adjusted_VA","1.24135999517374","Adjusted","NA","1.15268413","1.0769298916033",2020
27,"Lamp3_Perceptual_VA","1.72783699880744","Perceptual","NA","0.4631962995","3.73024784669603",5027
27,"Lamp3_Adjusted_VA","0.588030470325489","Adjusted","NA","0.4631962995","1.26950597610612",5027
27,"Lamp4_Perceptual_VA","1.95514241782868","Perceptual","NA","0.6806410687","2.87250139278684",3421
27,"Lamp4_Adjusted_VA","0.722264504360669","Adjusted","NA","0.6806410687","1.06115328265479",3421
27,"Lamp1a_Perceptual_VA","NA","Perceptual","NA","NA","NA",6670
27,"Lamp1a_Adjusted_VA","NA","Adjusted","NA","NA","NA",6670
27,"Lamp2a_Perceptual_VA","NA","Perceptual","NA","NA","NA",2250
27,"Lamp2a_Adjusted_VA","NA","Adjusted","NA","NA","NA",2250
27,"Lamp3a_Perceptual_VA","NA","Perceptual","NA","NA","NA",4890
27,"Lamp3a_Adjusted_VA","NA","Adjusted","NA","NA","NA",4890
27,"Lamp4a_Perceptual_VA","NA","Perceptual","NA","NA","NA",3230
27,"Lamp4a_Adjusted_VA","NA","Adjusted","NA","NA","NA",3230
27,"Moon1_Perceptual_VA","NA","Perceptual","NA","NA","NA",6060
27,"Moon1_Adjusted_VA","NA","Adjusted","NA","NA","NA",6060
27,"Moon2_Perceptual_VA","NA","Perceptual","NA","NA","NA",2080
27,"Moon2_Adjusted_VA","NA","Adjusted","NA","NA","NA",2080
27,"Moon3_Perceptual_VA","NA","Perceptual","NA","NA","NA",4720
27,"Moon3_Adjusted_VA","NA","Adjusted","NA","NA","NA",4720
27,"Moon4_Perceptual_VA","NA","Perceptual","NA","NA","NA",3270
27,"Moon4_Adjusted_VA","NA","Adjusted","NA","NA","NA",3270
28,"Stick1_Perceptual_VA","3.47943512033849","Perceptual","NA","2.36338945","1.47222249821691",6280
28,"Stick1_Adjusted_VA","2.836925543777","Adjusted","NA","2.36338945","1.20036312414655",6280
28,"Stick2_Perceptual_VA","7.68490625582972","Perceptual","NA","7.338560272","1.0471953586252",2020
28,"Stick2_Adjusted_VA","8.80617354235344","Adjusted","NA","7.338560272","1.19998653904269",2020
28,"Stick3_Perceptual_VA","5.21288254174861","Perceptual","NA","2.952239146","1.76573857467189",5027
28,"Stick3_Adjusted_VA","3.50530235581373","Adjusted","NA","2.952239146","1.18733685940147",5027
28,"Stick4_Perceptual_VA","6.57750564887419","Perceptual","NA","4.337065743","1.51657965053683",3421
28,"Stick4_Adjusted_VA","4.84970418719529","Adjusted","NA","4.337065743","1.11819937131981",3421
28,"Lamp1_Perceptual_VA","0.838042729434726","Perceptual","NA","0.3707790372","2.26022144014221",6280
28,"Lamp1_Adjusted_VA","0.790973420408377","Adjusted","NA","0.3707790372","2.13327437921395",6280
28,"Lamp2_Perceptual_VA","2.08636199879084","Perceptual","NA","1.15268413","1.81000323027857",2020
28,"Lamp2_Adjusted_VA","1.53826003154152","Adjusted","NA","1.15268413","1.33450265472252",2020
28,"Lamp3_Perceptual_VA","1.62469681337902","Perceptual","NA","0.4631962995","3.50757727368031",5027
28,"Lamp3_Adjusted_VA","0.779847181605806","Adjusted","NA","0.4631962995","1.68362135545473",5027
28,"Lamp4_Perceptual_VA","1.8384381612317","Perceptual","NA","0.6806410687","2.70103913174539",3421
28,"Lamp4_Adjusted_VA","0.971513853554409","Adjusted","NA","0.6806410687","1.42735121083711",3421
28,"Lamp1a_Perceptual_VA","NA","Perceptual","NA","NA","NA",6670
28,"Lamp1a_Adjusted_VA","NA","Adjusted","NA","NA","NA",6670
28,"Lamp2a_Perceptual_VA","NA","Perceptual","NA","NA","NA",2250
28,"Lamp2a_Adjusted_VA","NA","Adjusted","NA","NA","NA",2250
28,"Lamp3a_Perceptual_VA","NA","Perceptual","NA","NA","NA",4890
28,"Lamp3a_Adjusted_VA","NA","Adjusted","NA","NA","NA",4890
28,"Lamp4a_Perceptual_VA","NA","Perceptual","NA","NA","NA",3230
28,"Lamp4a_Adjusted_VA","NA","Adjusted","NA","NA","NA",3230
28,"Moon1_Perceptual_VA","NA","Perceptual","NA","NA","NA",6060
28,"Moon1_Adjusted_VA","NA","Adjusted","NA","NA","NA",6060
28,"Moon2_Perceptual_VA","NA","Perceptual","NA","NA","NA",2080
28,"Moon2_Adjusted_VA","NA","Adjusted","NA","NA","NA",2080
28,"Moon3_Perceptual_VA","NA","Perceptual","NA","NA","NA",4720
28,"Moon3_Adjusted_VA","NA","Adjusted","NA","NA","NA",4720
28,"Moon4_Perceptual_VA","NA","Perceptual","NA","NA","NA",3270
28,"Moon4_Adjusted_VA","NA","Adjusted","NA","NA","NA",3270
29,"Stick1_Perceptual_VA","8.98516295983063","Perceptual","NA","2.36338945","3.80181224885752",6280
29,"Stick1_Adjusted_VA","2.50252297928149","Adjusted","NA","2.36338945","1.05887033526425",6280
29,"Stick2_Perceptual_VA","12.8087054527683","Perceptual","NA","7.338560272","1.74539759544381",2020
29,"Stick2_Adjusted_VA","6.33427348999954","Adjusted","NA","7.338560272","0.863149344724703",2020
29,"Stick3_Perceptual_VA","10.4942778032329","Perceptual","NA","2.952239146","3.55468418520621",5027
29,"Stick3_Adjusted_VA","3.09228962694366","Adjusted","NA","2.952239146","1.04743873176176",5027
29,"Stick4_Perceptual_VA","12.0460103619387","Perceptual","NA","4.337065743","2.77745625170217",3421
29,"Stick4_Adjusted_VA","4.75282243542666","Adjusted","NA","4.337065743","1.09586128434822",3421
29,"Lamp1_Perceptual_VA","1.68367316970786","Perceptual","NA","0.3707790372","4.54090711929778",6280
29,"Lamp1_Adjusted_VA","0.502139572712056","Adjusted","NA","0.3707790372","1.35428253038264",6280
29,"Lamp2_Perceptual_VA","2.51359526784811","Perceptual","NA","1.15268413","2.18064533242781",2020
29,"Lamp2_Adjusted_VA","1.31437494482284","Adjusted","NA","1.15268413","1.1402733069838",2020
29,"Lamp3_Perceptual_VA","1.90578591584784","Perceptual","NA","0.4631962995","4.11442388012395",5027
29,"Lamp3_Adjusted_VA","0.475430336090064","Adjusted","NA","0.4631962995","1.02641220709939",5027
29,"Lamp4_Perceptual_VA","2.22139478135891","Perceptual","NA","0.6806410687","3.26368020313804",3421
29,"Lamp4_Adjusted_VA","0.720808364374137","Adjusted","NA","0.6806410687","1.05901391720434",3421
29,"Lamp1a_Perceptual_VA","NA","Perceptual","NA","NA","NA",6670
29,"Lamp1a_Adjusted_VA","NA","Adjusted","NA","NA","NA",6670
29,"Lamp2a_Perceptual_VA","NA","Perceptual","NA","NA","NA",2250
29,"Lamp2a_Adjusted_VA","NA","Adjusted","NA","NA","NA",2250
29,"Lamp3a_Perceptual_VA","NA","Perceptual","NA","NA","NA",4890
29,"Lamp3a_Adjusted_VA","NA","Adjusted","NA","NA","NA",4890
29,"Lamp4a_Perceptual_VA","NA","Perceptual","NA","NA","NA",3230
29,"Lamp4a_Adjusted_VA","NA","Adjusted","NA","NA","NA",3230
29,"Moon1_Perceptual_VA","NA","Perceptual","NA","NA","NA",6060
29,"Moon1_Adjusted_VA","NA","Adjusted","NA","NA","NA",6060
29,"Moon2_Perceptual_VA","NA","Perceptual","NA","NA","NA",2080
29,"Moon2_Adjusted_VA","NA","Adjusted","NA","NA","NA",2080
29,"Moon3_Perceptual_VA","NA","Perceptual","NA","NA","NA",4720
29,"Moon3_Adjusted_VA","NA","Adjusted","NA","NA","NA",4720
29,"Moon4_Perceptual_VA","NA","Perceptual","NA","NA","NA",3270
29,"Moon4_Adjusted_VA","NA","Adjusted","NA","NA","NA",3270
30,"Stick1_Perceptual_VA","3.96137930730684","Perceptual","NA","2.36338945","1.67614326420338",6280
30,"Stick1_Adjusted_VA","2.92342607208033","Adjusted","NA","2.36338945","1.23696332488932",6280
30,"Stick2_Perceptual_VA","13.0732672975941","Perceptual","NA","7.338560272","1.78144851483672",2020
30,"Stick2_Adjusted_VA","7.68247390791023","Adjusted","NA","7.338560272","1.04686391106201",2020
30,"Stick3_Perceptual_VA","4.95061530033457","Perceptual","NA","2.952239146","1.6769018550012",5027
30,"Stick3_Adjusted_VA","3.46799676258306","Adjusted","NA","2.952239146","1.17470048701233",5027
30,"Stick4_Perceptual_VA","8.21025384666051","Perceptual","NA","4.337065743","1.89304343839191",3421
30,"Stick4_Adjusted_VA","5.12172569675958","Adjusted","NA","4.337065743","1.18091954336316",3421
30,"Lamp1_Perceptual_VA","0.620698207619945","Perceptual","NA","0.3707790372","1.67403802627908",6280
30,"Lamp1_Adjusted_VA","0.667516094505652","Adjusted","NA","0.3707790372","1.80030699563414",6280
30,"Lamp2_Perceptual_VA","1.9454822379486","Perceptual","NA","1.15268413","1.68778435246488",2020
30,"Lamp2_Adjusted_VA","1.39651548448802","Adjusted","NA","1.15268413","1.21153353997163",2020
30,"Lamp3_Perceptual_VA","0.584889336618137","Perceptual","NA","0.4631962995","1.26272454518635",5027
30,"Lamp3_Adjusted_VA","0.616417613190578","Adjusted","NA","0.4631962995","1.33079131645908",5027
30,"Lamp4_Perceptual_VA","1.14587739536697","Perceptual","NA","0.6806410687","1.68352667516163",3421
30,"Lamp4_Adjusted_VA","0.882761954853227","Adjusted","NA","0.6806410687","1.29695664197764",3421
30,"Lamp1a_Perceptual_VA","NA","Perceptual","NA","NA","NA",6670
30,"Lamp1a_Adjusted_VA","NA","Adjusted","NA","NA","NA",6670
30,"Lamp2a_Perceptual_VA","NA","Perceptual","NA","NA","NA",2250
30,"Lamp2a_Adjusted_VA","NA","Adjusted","NA","NA","NA",2250
30,"Lamp3a_Perceptual_VA","NA","Perceptual","NA","NA","NA",4890
30,"Lamp3a_Adjusted_VA","NA","Adjusted","NA","NA","NA",4890
30,"Lamp4a_Perceptual_VA","NA","Perceptual","NA","NA","NA",3230
30,"Lamp4a_Adjusted_VA","NA","Adjusted","NA","NA","NA",3230
30,"Moon1_Perceptual_VA","NA","Perceptual","NA","NA","NA",6060
30,"Moon1_Adjusted_VA","NA","Adjusted","NA","NA","NA",6060
30,"Moon2_Perceptual_VA","NA","Perceptual","NA","NA","NA",2080
30,"Moon2_Adjusted_VA","NA","Adjusted","NA","NA","NA",2080
30,"Moon3_Perceptual_VA","NA","Perceptual","NA","NA","NA",4720
30,"Moon3_Adjusted_VA","NA","Adjusted","NA","NA","NA",4720
30,"Moon4_Perceptual_VA","NA","Perceptual","NA","NA","NA",3270
30,"Moon4_Adjusted_VA","NA","Adjusted","NA","NA","NA",3270
31,"Stick1_Perceptual_VA","NA","Perceptual","NA","NA","NA",6280
31,"Stick1_Adjusted_VA","NA","Adjusted","NA","NA","NA",6280
31,"Stick2_Perceptual_VA","NA","Perceptual","NA","NA","NA",2020
31,"Stick2_Adjusted_VA","NA","Adjusted","NA","NA","NA",2020
31,"Stick3_Perceptual_VA","NA","Perceptual","NA","NA","NA",5027
31,"Stick3_Adjusted_VA","NA","Adjusted","NA","NA","NA",5027
31,"Stick4_Perceptual_VA","NA","Perceptual","NA","NA","NA",3421
31,"Stick4_Adjusted_VA","NA","Adjusted","NA","NA","NA",3421
31,"Lamp1_Perceptual_VA","NA","Perceptual","NA","NA","NA",6280
31,"Lamp1_Adjusted_VA","NA","Adjusted","NA","NA","NA",6280
31,"Lamp2_Perceptual_VA","NA","Perceptual","NA","NA","NA",2020
31,"Lamp2_Adjusted_VA","NA","Adjusted","NA","NA","NA",2020
31,"Lamp3_Perceptual_VA","NA","Perceptual","NA","NA","NA",5027
31,"Lamp3_Adjusted_VA","NA","Adjusted","NA","NA","NA",5027
31,"Lamp4_Perceptual_VA","NA","Perceptual","NA","NA","NA",3421
31,"Lamp4_Adjusted_VA","NA","Adjusted","NA","NA","NA",3421
31,"Lamp1a_Perceptual_VA","NA","Perceptual","NA","NA","NA",6670
31,"Lamp1a_Adjusted_VA","NA","Adjusted","NA","NA","NA",6670
31,"Lamp2a_Perceptual_VA","NA","Perceptual","NA","NA","NA",2250
31,"Lamp2a_Adjusted_VA","NA","Adjusted","NA","NA","NA",2250
31,"Lamp3a_Perceptual_VA","NA","Perceptual","NA","NA","NA",4890
31,"Lamp3a_Adjusted_VA","NA","Adjusted","NA","NA","NA",4890
31,"Lamp4a_Perceptual_VA","NA","Perceptual","NA","0.7208884712","NA",3230
31,"Lamp4a_Adjusted_VA","NA","Adjusted","NA","NA","NA",3230
31,"Moon1_Perceptual_VA","0.513682858260855","Perceptual","NA","0.5200076307","0.987837154561307",6060
31,"Moon1_Adjusted_VA","0.390651528768234","Adjusted","NA","0.5200076307","0.751241915897205",6060
31,"Moon2_Perceptual_VA","0.96807807089276","Perceptual","NA","1.514944365","0.639018892877139",2080
31,"Moon2_Adjusted_VA","1.16974819967416","Adjusted","NA","1.514944365","0.772139377985782",2080
31,"Moon3_Perceptual_VA","0.642101153543711","Perceptual","NA","0.6676339443","0.961756302275703",4720
31,"Moon3_Adjusted_VA","0.510449932125362","Adjusted","NA","0.6676339443","0.764565577414668",4720
31,"Moon4_Perceptual_VA","0.770517836025137","Perceptual","NA","0.9636677632","0.799567927297391",3270
31,"Moon4_Adjusted_VA","0.723726539416115","Adjusted","NA","0.9636677632","0.751012503534284",3270
32,"Stick1a_Perceptual_VA","3.52152041561668","Perceptual","NA","2.225236077","1.58253789430032",6670
32,"Stick1a_Adjusted_VA","2.29152567635021","Adjusted","NA","2.225236077","1.02978991758914",6670
32,"Stick2a_Perceptual_VA","7.30062334629877","Perceptual","NA","6.590143026","1.10780954487569",2250
32,"Stick2a_Adjusted_VA","7.34789695601517","Adjusted","NA","6.590143026","1.11498292632278",2250
32,"Stick3a_Perceptual_VA","5.48135595283756","Perceptual","NA","3.034911994","1.80610046145462",4890
32,"Stick3a_Adjusted_VA","3.39225392708711","Adjusted","NA","3.034911994","1.11774375461087",4890
32,"Stick4a_Perceptual_VA","5.48135595283756","Perceptual","NA","4.593263035","1.1933468453843",3230
32,"Stick4a_Adjusted_VA","5.05581232128309","Adjusted","NA","4.593263035","1.10070167607614",3230
32,"Lamp1_Perceptual_VA","NA","Perceptual","NA",NA,"NA",NA
32,"Lamp1_Adjusted_VA","NA","Adjusted","NA",NA,"NA",NA
32,"Lamp2_Perceptual_VA","NA","Perceptual","NA",NA,"NA",NA
32,"Lamp2_Adjusted_VA","NA","Adjusted","NA",NA,"NA",NA
32,"Lamp3_Perceptual_VA","NA","Perceptual","NA",NA,"NA",NA
32,"Lamp3_Adjusted_VA","NA","Adjusted","NA",NA,"NA",NA
32,"Lamp4_Perceptual_VA","NA","Perceptual","NA",NA,"NA",NA
32,"Lamp4_Adjusted_VA","NA","Adjusted","NA",NA,"NA",NA
32,"Lamp1a_Perceptual_VA","0.551732872573209","Perceptual","NA",NA,"1.58044616137583",NA
32,"Lamp1a_Adjusted_VA","0.452332752055121","Adjusted","NA",NA,"1.29571319235691",NA
32,"Lamp2a_Perceptual_VA","2.01575467142859","Perceptual","NA",NA,"1.94785071015316",NA
32,"Lamp2a_Adjusted_VA","1.14587739536697","Adjusted","NA",NA,"1.10727665918401",NA
32,"Lamp3a_Perceptual_VA","0.551732872573209","Perceptual","NA",NA,"1.15868100511333",NA
32,"Lamp3a_Adjusted_VA","0.56214276130709","Adjusted","NA",NA,"1.18054256337981",NA
32,"Lamp4a_Perceptual_VA","0.827591315087436","Perceptual","NA",NA,"1.14801574466827",NA
32,"Lamp4a_Adjusted_VA","0.677124058646317","Adjusted","NA",NA,"0.93929100782978",NA
32,"Moon1_Perceptual_VA","NA","Perceptual","NA",NA,"NA",NA
32,"Moon1_Adjusted_VA","NA","Adjusted","NA",NA,"NA",NA
32,"Moon2_Perceptual_VA","NA","Perceptual","NA",NA,"NA",NA
32,"Moon2_Adjusted_VA","NA","Adjusted","NA",NA,"NA",NA
32,"Moon3_Perceptual_VA","NA","Perceptual","NA",NA,"NA",NA
32,"Moon3_Adjusted_VA","NA","Adjusted","NA",NA,"NA",NA
32,"Moon4_Perceptual_VA","NA","Perceptual","NA",NA,"NA",NA
32,"Moon4_Adjusted_VA","NA","Adjusted","NA",NA,"NA",NA
33,"Stick1_Perceptual_VA","NA","Perceptual","NA","NA","NA",6280
33,"Stick1_Adjusted_VA","NA","Adjusted","NA","NA","NA",6280
33,"Stick2_Perceptual_VA","NA","Perceptual","NA","NA","NA",2020
33,"Stick2_Adjusted_VA","NA","Adjusted","NA","NA","NA",2020
33,"Stick3_Perceptual_VA","NA","Perceptual","NA","NA","NA",5027
33,"Stick3_Adjusted_VA","NA","Adjusted","NA","NA","NA",5027
33,"Stick4_Perceptual_VA","NA","Perceptual","NA","NA","NA",3421
33,"Stick4_Adjusted_VA","NA","Adjusted","NA","NA","NA",3421
33,"Lamp1_Perceptual_VA","NA","Perceptual","NA","NA","NA",6280
33,"Lamp1_Adjusted_VA","NA","Adjusted","NA","NA","NA",6280
33,"Lamp2_Perceptual_VA","NA","Perceptual","NA","NA","NA",2020
33,"Lamp2_Adjusted_VA","NA","Adjusted","NA","NA","NA",2020
33,"Lamp3_Perceptual_VA","NA","Perceptual","NA","NA","NA",5027
33,"Lamp3_Adjusted_VA","NA","Adjusted","NA","NA","NA",5027
33,"Lamp4_Perceptual_VA","NA","Perceptual","NA","NA","NA",3421
33,"Lamp4_Adjusted_VA","NA","Adjusted","NA","NA","NA",3421
33,"Lamp1a_Perceptual_VA","NA","Perceptual","NA","NA","NA",6670
33,"Lamp1a_Adjusted_VA","NA","Adjusted","NA","NA","NA",6670
33,"Lamp2a_Perceptual_VA","NA","Perceptual","NA","NA","NA",2250
33,"Lamp2a_Adjusted_VA","NA","Adjusted","NA","NA","NA",2250
33,"Lamp3a_Perceptual_VA","NA","Perceptual","NA","NA","NA",4890
33,"Lamp3a_Adjusted_VA","NA","Adjusted","NA","NA","NA",4890
33,"Lamp4a_Perceptual_VA","NA","Perceptual","NA","0.7208884712","NA",3230
33,"Lamp4a_Adjusted_VA","NA","Adjusted","NA","NA","NA",3230
33,"Moon1_Perceptual_VA","1.23138427952128","Perceptual","NA","0.5200076307","2.36801194217798",6060
33,"Moon1_Adjusted_VA","0.37555082367291","Adjusted","NA","0.5200076307","0.722202524542511",6060
33,"Moon2_Perceptual_VA","1.8384381612317","Perceptual","NA","1.514944365","1.21353509983959",2080
33,"Moon2_Adjusted_VA","0.959804287993453","Adjusted","NA","1.514944365","0.63355744947997",2080
33,"Moon3_Perceptual_VA","1.39384350283648","Perceptual","NA","0.6676339443","2.08773612356977",4720
33,"Moon3_Adjusted_VA","0.69019563852128","Adjusted","NA","0.6676339443","1.03379350977269",4720
33,"Moon4_Perceptual_VA","1.62469681337902","Perceptual","NA","0.9636677632","1.68595119129437",3270
33,"Moon4_Adjusted_VA","0.839739904360239","Adjusted","NA","0.9636677632","0.871399808552026",3270
34,"Stick1_Perceptual_VA","NA","Perceptual","NA","NA","NA",6280
34,"Stick1_Adjusted_VA","NA","Adjusted","NA","NA","NA",6280
34,"Stick2_Perceptual_VA","NA","Perceptual","NA","NA","NA",2020
34,"Stick2_Adjusted_VA","NA","Adjusted","NA","NA","NA",2020
34,"Stick3_Perceptual_VA","NA","Perceptual","NA","NA","NA",5027
34,"Stick3_Adjusted_VA","NA","Adjusted","NA","NA","NA",5027
34,"Stick4_Perceptual_VA","NA","Perceptual","NA","NA","NA",3421
34,"Stick4_Adjusted_VA","NA","Adjusted","NA","NA","NA",3421
34,"Lamp1_Perceptual_VA","NA","Perceptual","NA","NA","NA",6280
34,"Lamp1_Adjusted_VA","NA","Adjusted","NA","NA","NA",6280
34,"Lamp2_Perceptual_VA","NA","Perceptual","NA","NA","NA",2020
34,"Lamp2_Adjusted_VA","NA","Adjusted","NA","NA","NA",2020
34,"Lamp3_Perceptual_VA","NA","Perceptual","NA","NA","NA",5027
34,"Lamp3_Adjusted_VA","NA","Adjusted","NA","NA","NA",5027
34,"Lamp4_Perceptual_VA","NA","Perceptual","NA","NA","NA",3421
34,"Lamp4_Adjusted_VA","NA","Adjusted","NA","NA","NA",3421
34,"Lamp1a_Perceptual_VA","NA","Perceptual","NA","NA","NA",6670
34,"Lamp1a_Adjusted_VA","NA","Adjusted","NA","NA","NA",6670
34,"Lamp2a_Perceptual_VA","NA","Perceptual","NA","NA","NA",2250
34,"Lamp2a_Adjusted_VA","NA","Adjusted","NA","NA","NA",2250
34,"Lamp3a_Perceptual_VA","NA","Perceptual","NA","NA","NA",4890
34,"Lamp3a_Adjusted_VA","NA","Adjusted","NA","NA","NA",4890
34,"Lamp4a_Perceptual_VA","NA","Perceptual","NA","0.7208884712","NA",3230
34,"Lamp4a_Adjusted_VA","NA","Adjusted","NA","NA","NA",3230
34,"Moon1_Perceptual_VA","0.572953020554149","Perceptual","NA","0.5200076307","1.1018165633125",6060
34,"Moon1_Adjusted_VA","0.31252165886217","Adjusted","NA","0.5200076307","0.600994370873894",6060
34,"Moon2_Perceptual_VA","1.05773819557891","Perceptual","NA","1.514944365","0.69820266672229",2080
34,"Moon2_Adjusted_VA","1.04434985062509","Adjusted","NA","1.514944365","0.689365150795549",2080
34,"Moon3_Perceptual_VA","0.716187918647142","Perceptual","NA","0.6676339443","1.07272544297916",4720
34,"Moon3_Adjusted_VA","0.458363791508201","Adjusted","NA","0.6676339443","0.686549561210201",4720
34,"Moon4_Perceptual_VA","0.859420578802087","Perceptual","NA","0.9636677632","0.891822484492223",3270
34,"Moon4_Adjusted_VA","0.692870750339188","Adjusted","NA","0.9636677632","0.718993388383574",3270
35,"Stick1_Perceptual_VA","NA","Perceptual","NA","NA","NA",6280
35,"Stick1_Adjusted_VA","NA","Adjusted","NA","NA","NA",6280
35,"Stick2_Perceptual_VA","NA","Perceptual","NA","NA","NA",2020
35,"Stick2_Adjusted_VA","NA","Adjusted","NA","NA","NA",2020
35,"Stick3_Perceptual_VA","NA","Perceptual","NA","NA","NA",5027
35,"Stick3_Adjusted_VA","NA","Adjusted","NA","NA","NA",5027
35,"Stick4_Perceptual_VA","NA","Perceptual","NA","NA","NA",3421
35,"Stick4_Adjusted_VA","NA","Adjusted","NA","NA","NA",3421
35,"Lamp1_Perceptual_VA","NA","Perceptual","NA","NA","NA",6280
35,"Lamp1_Adjusted_VA","NA","Adjusted","NA","NA","NA",6280
35,"Lamp2_Perceptual_VA","NA","Perceptual","NA","NA","NA",2020
35,"Lamp2_Adjusted_VA","NA","Adjusted","NA","NA","NA",2020
35,"Lamp3_Perceptual_VA","NA","Perceptual","NA","NA","NA",5027
35,"Lamp3_Adjusted_VA","NA","Adjusted","NA","NA","NA",5027
35,"Lamp4_Perceptual_VA","NA","Perceptual","NA","NA","NA",3421
35,"Lamp4_Adjusted_VA","NA","Adjusted","NA","NA","NA",3421
35,"Lamp1a_Perceptual_VA","NA","Perceptual","NA","NA","NA",6670
35,"Lamp1a_Adjusted_VA","NA","Adjusted","NA","NA","NA",6670
35,"Lamp2a_Perceptual_VA","NA","Perceptual","NA","NA","NA",2250
35,"Lamp2a_Adjusted_VA","NA","Adjusted","NA","NA","NA",2250
35,"Lamp3a_Perceptual_VA","NA","Perceptual","NA","NA","NA",4890
35,"Lamp3a_Adjusted_VA","NA","Adjusted","NA","NA","NA",4890
35,"Lamp4a_Perceptual_VA","NA","Perceptual","NA","0.7208884712","NA",3230
35,"Lamp4a_Adjusted_VA","NA","Adjusted","NA","NA","NA",3230
35,"Moon1_Perceptual_VA","0.711248818915873","Perceptual","NA","0.5200076307","1.36776611904413",6060
35,"Moon1_Adjusted_VA","0.337033025301154","Adjusted","NA","0.5200076307","0.648130922324086",6060
35,"Moon2_Perceptual_VA","1.61010300942674","Perceptual","NA","1.514944365","1.06281329309855",2080
35,"Moon2_Adjusted_VA","1.06800690662508","Adjusted","NA","1.514944365","0.704980942732557",2080
35,"Moon3_Perceptual_VA","0.770517836025137","Perceptual","NA","0.6676339443","1.15410224810095",4720
35,"Moon3_Adjusted_VA","0.504976482825877","Adjusted","NA","0.6676339443","0.756367298483204",4720
35,"Moon4_Perceptual_VA","1.20514265306009","Perceptual","NA","0.9636677632","1.2505789848757",3270
35,"Moon4_Adjusted_VA","0.66004008054003","Adjusted","NA","0.9636677632","0.684924935486344",3270
36,"Stick1_Perceptual_VA","NA","Perceptual","NA","NA","NA",6280
36,"Stick1_Adjusted_VA","NA","Adjusted","NA","NA","NA",6280
36,"Stick2_Perceptual_VA","NA","Perceptual","NA","NA","NA",2020
36,"Stick2_Adjusted_VA","NA","Adjusted","NA","NA","NA",2020
36,"Stick3_Perceptual_VA","NA","Perceptual","NA","NA","NA",5027
36,"Stick3_Adjusted_VA","NA","Adjusted","NA","NA","NA",5027
36,"Stick4_Perceptual_VA","NA","Perceptual","NA","NA","NA",3421
36,"Stick4_Adjusted_VA","NA","Adjusted","NA","NA","NA",3421
36,"Lamp1_Perceptual_VA","NA","Perceptual","NA","NA","NA",6280
36,"Lamp1_Adjusted_VA","NA","Adjusted","NA","NA","NA",6280
36,"Lamp2_Perceptual_VA","NA","Perceptual","NA","NA","NA",2020
36,"Lamp2_Adjusted_VA","NA","Adjusted","NA","NA","NA",2020
36,"Lamp3_Perceptual_VA","NA","Perceptual","NA","NA","NA",5027
36,"Lamp3_Adjusted_VA","NA","Adjusted","NA","NA","NA",5027
36,"Lamp4_Perceptual_VA","NA","Perceptual","NA","NA","NA",3421
36,"Lamp4_Adjusted_VA","NA","Adjusted","NA","NA","NA",3421
36,"Lamp1a_Perceptual_VA","NA","Perceptual","NA","NA","NA",6670
36,"Lamp1a_Adjusted_VA","NA","Adjusted","NA","NA","NA",6670
36,"Lamp2a_Perceptual_VA","NA","Perceptual","NA","NA","NA",2250
36,"Lamp2a_Adjusted_VA","NA","Adjusted","NA","NA","NA",2250
36,"Lamp3a_Perceptual_VA","NA","Perceptual","NA","NA","NA",4890
36,"Lamp3a_Adjusted_VA","NA","Adjusted","NA","NA","NA",4890
36,"Lamp4a_Perceptual_VA","NA","Perceptual","NA","0.7208884712","NA",3230
36,"Lamp4a_Adjusted_VA","NA","Adjusted","NA","NA","NA",3230
36,"Moon1_Perceptual_VA","0.572953020554149","Perceptual","NA","0.5200076307","1.1018165633125",6060
36,"Moon1_Adjusted_VA","0.377773001842421","Adjusted","NA","0.5200076307","0.726475881390216",6060
36,"Moon2_Perceptual_VA","2.14833999674524","Perceptual","NA","1.514944365","1.41809827897227",2080
36,"Moon2_Adjusted_VA","1.1055726971215","Adjusted","NA","1.514944365","0.72977775465801",2080
36,"Moon3_Perceptual_VA","0.763932409458051","Perceptual","NA","0.6676339443","1.14423841984101",4720
36,"Moon3_Adjusted_VA","0.465585032750433","Adjusted","NA","0.6676339443","0.697365729716737",4720
36,"Moon4_Perceptual_VA","1.51188422710866","Perceptual","NA","0.9636677632","1.56888534082351",3270
36,"Moon4_Adjusted_VA","0.687541103742946","Adjusted","NA","0.9636677632","0.713462803258942",3270
37,"Stick1_Perceptual_VA","NA","Perceptual","NA","NA","NA",6280
37,"Stick1_Adjusted_VA","NA","Adjusted","NA","NA","NA",6280
37,"Stick2_Perceptual_VA","NA","Perceptual","NA","NA","NA",2020
37,"Stick2_Adjusted_VA","NA","Adjusted","NA","NA","NA",2020
37,"Stick3_Perceptual_VA","NA","Perceptual","NA","NA","NA",5027
37,"Stick3_Adjusted_VA","NA","Adjusted","NA","NA","NA",5027
37,"Stick4_Perceptual_VA","NA","Perceptual","NA","NA","NA",3421
37,"Stick4_Adjusted_VA","NA","Adjusted","NA","NA","NA",3421
37,"Lamp1_Perceptual_VA","NA","Perceptual","NA","NA","NA",6280
37,"Lamp1_Adjusted_VA","NA","Adjusted","NA","NA","NA",6280
37,"Lamp2_Perceptual_VA","NA","Perceptual","NA","NA","NA",2020
37,"Lamp2_Adjusted_VA","NA","Adjusted","NA","NA","NA",2020
37,"Lamp3_Perceptual_VA","NA","Perceptual","NA","NA","NA",5027
37,"Lamp3_Adjusted_VA","NA","Adjusted","NA","NA","NA",5027
37,"Lamp4_Perceptual_VA","NA","Perceptual","NA","NA","NA",3421
37,"Lamp4_Adjusted_VA","NA","Adjusted","NA","NA","NA",3421
37,"Lamp1a_Perceptual_VA","NA","Perceptual","NA","NA","NA",6670
37,"Lamp1a_Adjusted_VA","NA","Adjusted","NA","NA","NA",6670
37,"Lamp2a_Perceptual_VA","NA","Perceptual","NA","NA","NA",2250
37,"Lamp2a_Adjusted_VA","NA","Adjusted","NA","NA","NA",2250
37,"Lamp3a_Perceptual_VA","NA","Perceptual","NA","NA","NA",4890
37,"Lamp3a_Adjusted_VA","NA","Adjusted","NA","NA","NA",4890
37,"Lamp4a_Perceptual_VA","NA","Perceptual","NA","0.7208884712","NA",3230
37,"Lamp4a_Adjusted_VA","NA","Adjusted","NA","NA","NA",3230
37,"Moon1_Perceptual_VA","0.943673859023845","Perceptual","NA","0.5200076307","1.8147307910723",6060
37,"Moon1_Adjusted_VA","0.438142061163488","Adjusted","NA","0.5200076307","0.842568522645889",6060
37,"Moon2_Perceptual_VA","2.59953053617955","Perceptual","NA","1.514944365","1.71592475356648",2080
37,"Moon2_Adjusted_VA","1.24263308515393","Adjusted","NA","1.514944365","0.820249980040638",2080
37,"Moon3_Perceptual_VA","1.17476306169338","Perceptual","NA","0.6676339443","1.7595915721827",4720
37,"Moon3_Adjusted_VA","0.568579405435038","Adjusted","NA","0.6676339443","0.851633459157296",4720
37,"Moon4_Perceptual_VA","1.56951731918571","Perceptual","NA","0.9636677632","1.62869131781881",3270
37,"Moon4_Adjusted_VA","0.726115012019391","Adjusted","NA","0.9636677632","0.753491026417881",3270
38,"Stick1_Perceptual_VA","NA","Perceptual","NA","NA","NA",6280
38,"Stick1_Adjusted_VA","NA","Adjusted","NA","NA","NA",6280
38,"Stick2_Perceptual_VA","NA","Perceptual","NA","NA","NA",2020
38,"Stick2_Adjusted_VA","NA","Adjusted","NA","NA","NA",2020
38,"Stick3_Perceptual_VA","NA","Perceptual","NA","NA","NA",5027
38,"Stick3_Adjusted_VA","NA","Adjusted","NA","NA","NA",5027
38,"Stick4_Perceptual_VA","NA","Perceptual","NA","NA","NA",3421
38,"Stick4_Adjusted_VA","NA","Adjusted","NA","NA","NA",3421
38,"Lamp1_Perceptual_VA","NA","Perceptual","NA","NA","NA",6280
38,"Lamp1_Adjusted_VA","NA","Adjusted","NA","NA","NA",6280
38,"Lamp2_Perceptual_VA","NA","Perceptual","NA","NA","NA",2020
38,"Lamp2_Adjusted_VA","NA","Adjusted","NA","NA","NA",2020
38,"Lamp3_Perceptual_VA","NA","Perceptual","NA","NA","NA",5027
38,"Lamp3_Adjusted_VA","NA","Adjusted","NA","NA","NA",5027
38,"Lamp4_Perceptual_VA","NA","Perceptual","NA","NA","NA",3421
38,"Lamp4_Adjusted_VA","NA","Adjusted","NA","NA","NA",3421
38,"Lamp1a_Perceptual_VA","NA","Perceptual","NA","NA","NA",6670
38,"Lamp1a_Adjusted_VA","NA","Adjusted","NA","NA","NA",6670
38,"Lamp2a_Perceptual_VA","NA","Perceptual","NA","NA","NA",2250
38,"Lamp2a_Adjusted_VA","NA","Adjusted","NA","NA","NA",2250
38,"Lamp3a_Perceptual_VA","NA","Perceptual","NA","NA","NA",4890
38,"Lamp3a_Adjusted_VA","NA","Adjusted","NA","NA","NA",4890
38,"Lamp4a_Perceptual_VA","NA","Perceptual","NA","0.7208884712","NA",3230
38,"Lamp4a_Adjusted_VA","NA","Adjusted","NA","NA","NA",3230
38,"Moon1_Perceptual_VA","0.769164666596614","Perceptual","NA","0.5200076307","1.47914111483559",6060
38,"Moon1_Adjusted_VA","0.496898336208628","Adjusted","NA","0.5200076307","0.9555597011908",6060
38,"Moon2_Perceptual_VA","1.68735647370734","Perceptual","NA","1.514944365","1.11380755141285",2080
38,"Moon2_Adjusted_VA","1.18206046970809","Adjusted","NA","1.514944365","0.78026658735292",2080
38,"Moon3_Perceptual_VA","0.957523618089764","Perceptual","NA","0.6676339443","1.43420451620941",4720
38,"Moon3_Adjusted_VA","0.513682858260855","Adjusted","NA","0.6676339443","0.769407940753283",4720
38,"Moon4_Perceptual_VA","1.27929096791041","Perceptual","NA","0.9636677632","1.32752284216953",3270
38,"Moon4_Adjusted_VA","0.703781828483644","Adjusted","NA","0.9636677632","0.730315836390162",3270
39,"Stick1_Perceptual_VA","NA","Perceptual","NA","NA","NA",6280
39,"Stick1_Adjusted_VA","NA","Adjusted","NA","NA","NA",6280
39,"Stick2_Perceptual_VA","NA","Perceptual","NA","NA","NA",2020
39,"Stick2_Adjusted_VA","NA","Adjusted","NA","NA","NA",2020
39,"Stick3_Perceptual_VA","NA","Perceptual","NA","NA","NA",5027
39,"Stick3_Adjusted_VA","NA","Adjusted","NA","NA","NA",5027
39,"Stick4_Perceptual_VA","NA","Perceptual","NA","NA","NA",3421
39,"Stick4_Adjusted_VA","NA","Adjusted","NA","NA","NA",3421
39,"Lamp1_Perceptual_VA","NA","Perceptual","NA","NA","NA",6280
39,"Lamp1_Adjusted_VA","NA","Adjusted","NA","NA","NA",6280
39,"Lamp2_Perceptual_VA","NA","Perceptual","NA","NA","NA",2020
39,"Lamp2_Adjusted_VA","NA","Adjusted","NA","NA","NA",2020
39,"Lamp3_Perceptual_VA","NA","Perceptual","NA","NA","NA",5027
39,"Lamp3_Adjusted_VA","NA","Adjusted","NA","NA","NA",5027
39,"Lamp4_Perceptual_VA","NA","Perceptual","NA","NA","NA",3421
39,"Lamp4_Adjusted_VA","NA","Adjusted","NA","NA","NA",3421
39,"Lamp1a_Perceptual_VA","NA","Perceptual","NA","NA","NA",6670
39,"Lamp1a_Adjusted_VA","NA","Adjusted","NA","NA","NA",6670
39,"Lamp2a_Perceptual_VA","NA","Perceptual","NA","NA","NA",2250
39,"Lamp2a_Adjusted_VA","NA","Adjusted","NA","NA","NA",2250
39,"Lamp3a_Perceptual_VA","NA","Perceptual","NA","NA","NA",4890
39,"Lamp3a_Adjusted_VA","NA","Adjusted","NA","NA","NA",4890
39,"Lamp4a_Perceptual_VA","NA","Perceptual","NA","0.7208884712","NA",3230
39,"Lamp4a_Adjusted_VA","NA","Adjusted","NA","NA","NA",3230
39,"Moon1_Perceptual_VA","2.13430181664235","Perceptual","NA","0.5200076307","4.1043663412579",6060
39,"Moon1_Adjusted_VA","0.636613222902732","Adjusted","NA","0.5200076307","1.22423823290009",6060
39,"Moon2_Perceptual_VA","3.70608126165302","Perceptual","NA","1.514944365","2.44634809520086",2080
39,"Moon2_Adjusted_VA","1.33002086862535","Adjusted","NA","1.514944365","0.87793380361222",2080
39,"Moon3_Perceptual_VA","2.13430181664235","Perceptual","NA","0.6676339443","3.19681441434215",4720
39,"Moon3_Adjusted_VA","0.572953020554149","Adjusted","NA","0.6676339443","0.858184377001499",4720
39,"Moon4_Perceptual_VA","3.03259780080651","Perceptual","NA","0.9636677632","3.14693291258009",3270
39,"Moon4_Adjusted_VA","0.931035929808642","Adjusted","NA","0.9636677632","0.966137880047996",3270
40,"Stick1_Perceptual_VA","NA","Perceptual","NA","NA","NA",6280
40,"Stick1_Adjusted_VA","NA","Adjusted","NA","NA","NA",6280
40,"Stick2_Perceptual_VA","NA","Perceptual","NA","NA","NA",2020
40,"Stick2_Adjusted_VA","NA","Adjusted","NA","NA","NA",2020
40,"Stick3_Perceptual_VA","NA","Perceptual","NA","NA","NA",5027
40,"Stick3_Adjusted_VA","NA","Adjusted","NA","NA","NA",5027
40,"Stick4_Perceptual_VA","NA","Perceptual","NA","NA","NA",3421
40,"Stick4_Adjusted_VA","NA","Adjusted","NA","NA","NA",3421
40,"Lamp1_Perceptual_VA","NA","Perceptual","NA","NA","NA",6280
40,"Lamp1_Adjusted_VA","NA","Adjusted","NA","NA","NA",6280
40,"Lamp2_Perceptual_VA","NA","Perceptual","NA","NA","NA",2020
40,"Lamp2_Adjusted_VA","NA","Adjusted","NA","NA","NA",2020
40,"Lamp3_Perceptual_VA","NA","Perceptual","NA","NA","NA",5027
40,"Lamp3_Adjusted_VA","NA","Adjusted","NA","NA","NA",5027
40,"Lamp4_Perceptual_VA","NA","Perceptual","NA","NA","NA",3421
40,"Lamp4_Adjusted_VA","NA","Adjusted","NA","NA","NA",3421
40,"Lamp1a_Perceptual_VA","NA","Perceptual","NA","NA","NA",6670
40,"Lamp1a_Adjusted_VA","NA","Adjusted","NA","NA","NA",6670
40,"Lamp2a_Perceptual_VA","NA","Perceptual","NA","NA","NA",2250
40,"Lamp2a_Adjusted_VA","NA","Adjusted","NA","NA","NA",2250
40,"Lamp3a_Perceptual_VA","NA","Perceptual","NA","NA","NA",4890
40,"Lamp3a_Adjusted_VA","NA","Adjusted","NA","NA","NA",4890
40,"Lamp4a_Perceptual_VA","NA","Perceptual","NA","0.7208884712","NA",3230
40,"Lamp4a_Adjusted_VA","NA","Adjusted","NA","NA","NA",3230
40,"Moon1_Perceptual_VA","0.919728289724227","Perceptual","NA","0.5200076307","1.76868229507738",6060
40,"Moon1_Adjusted_VA","0.412369228200872","Adjusted","NA","0.5200076307","0.793006109632984",6060
40,"Moon2_Perceptual_VA","2.03529390911587","Perceptual","NA","1.514944365","1.34347765907289",2080
40,"Moon2_Adjusted_VA","1.13018146971724","Adjusted","NA","1.514944365","0.746021765437728",2080
40,"Moon3_Perceptual_VA","1.08557176724372","Perceptual","NA","0.6676339443","1.62599846294802",4720
40,"Moon3_Adjusted_VA","0.670772196376542","Adjusted","NA","0.6676339443","1.00470055799789",4720
40,"Moon4_Perceptual_VA","1.43231989094082","Perceptual","NA","0.9636677632","1.48632126718091",3270
40,"Moon4_Adjusted_VA","0.798035455758009","Adjusted","NA","0.9636677632","0.828123017322916",3270
41,"Stick1_Perceptual_VA","NA","Perceptual","NA","NA","NA",6280
41,"Stick1_Adjusted_VA","NA","Adjusted","NA","NA","NA",6280
41,"Stick2_Perceptual_VA","NA","Perceptual","NA","NA","NA",2020
41,"Stick2_Adjusted_VA","NA","Adjusted","NA","NA","NA",2020
41,"Stick3_Perceptual_VA","NA","Perceptual","NA","NA","NA",5027
41,"Stick3_Adjusted_VA","NA","Adjusted","NA","NA","NA",5027
41,"Stick4_Perceptual_VA","NA","Perceptual","NA","NA","NA",3421
41,"Stick4_Adjusted_VA","NA","Adjusted","NA","NA","NA",3421
41,"Lamp1_Perceptual_VA","NA","Perceptual","NA","NA","NA",6280
41,"Lamp1_Adjusted_VA","NA","Adjusted","NA","NA","NA",6280
41,"Lamp2_Perceptual_VA","NA","Perceptual","NA","NA","NA",2020
41,"Lamp2_Adjusted_VA","NA","Adjusted","NA","NA","NA",2020
41,"Lamp3_Perceptual_VA","NA","Perceptual","NA","NA","NA",5027
41,"Lamp3_Adjusted_VA","NA","Adjusted","NA","NA","NA",5027
41,"Lamp4_Perceptual_VA","NA","Perceptual","NA","NA","NA",3421
41,"Lamp4_Adjusted_VA","NA","Adjusted","NA","NA","NA",3421
41,"Lamp1a_Perceptual_VA","NA","Perceptual","NA","NA","NA",6670
41,"Lamp1a_Adjusted_VA","NA","Adjusted","NA","NA","NA",6670
41,"Lamp2a_Perceptual_VA","NA","Perceptual","NA","NA","NA",2250
41,"Lamp2a_Adjusted_VA","NA","Adjusted","NA","NA","NA",2250
41,"Lamp3a_Perceptual_VA","NA","Perceptual","NA","NA","NA",4890
41,"Lamp3a_Adjusted_VA","NA","Adjusted","NA","NA","NA",4890
41,"Lamp4a_Perceptual_VA","NA","Perceptual","NA","0.7208884712","NA",3230
41,"Lamp4a_Adjusted_VA","NA","Adjusted","NA","NA","NA",3230
41,"Moon1_Perceptual_VA","0.743286174739155","Perceptual","NA","0.5200076307","1.42937551462195",6060
41,"Moon1_Adjusted_VA","0.431919984739736","Adjusted","NA","0.5200076307","0.830603166646447",6060
41,"Moon2_Perceptual_VA","1.66455758859699","Perceptual","NA","1.514944365","1.0987582297103",2080
41,"Moon2_Adjusted_VA","1.13656193244754","Adjusted","NA","1.514944365","0.750233446656995",2080
41,"Moon3_Perceptual_VA","0.94458469988587","Perceptual","NA","0.6676339443","1.41482425803896",4720
41,"Moon3_Adjusted_VA","0.608031137496004","Adjusted","NA","0.6676339443","0.910725319895937",4720
41,"Moon4_Perceptual_VA","1.47102704255262","Perceptual","NA","0.9636677632","1.52648775722025",3270
41,"Moon4_Adjusted_VA","0.791411133898011","Adjusted","NA","0.9636677632","0.82124894504099",3270
42,"Stick1_Perceptual_VA","NA","Perceptual","NA","NA","NA",6280
42,"Stick1_Adjusted_VA","NA","Adjusted","NA","NA","NA",6280
42,"Stick2_Perceptual_VA","NA","Perceptual","NA","NA","NA",2020
42,"Stick2_Adjusted_VA","NA","Adjusted","NA","NA","NA",2020
42,"Stick3_Perceptual_VA","NA","Perceptual","NA","NA","NA",5027
42,"Stick3_Adjusted_VA","NA","Adjusted","NA","NA","NA",5027
42,"Stick4_Perceptual_VA","NA","Perceptual","NA","NA","NA",3421
42,"Stick4_Adjusted_VA","NA","Adjusted","NA","NA","NA",3421
42,"Lamp1_Perceptual_VA","NA","Perceptual","NA","NA","NA",6280
42,"Lamp1_Adjusted_VA","NA","Adjusted","NA","NA","NA",6280
42,"Lamp2_Perceptual_VA","NA","Perceptual","NA","NA","NA",2020
42,"Lamp2_Adjusted_VA","NA","Adjusted","NA","NA","NA",2020
42,"Lamp3_Perceptual_VA","NA","Perceptual","NA","NA","NA",5027
42,"Lamp3_Adjusted_VA","NA","Adjusted","NA","NA","NA",5027
42,"Lamp4_Perceptual_VA","NA","Perceptual","NA","NA","NA",3421
42,"Lamp4_Adjusted_VA","NA","Adjusted","NA","NA","NA",3421
42,"Lamp1a_Perceptual_VA","NA","Perceptual","NA","NA","NA",6670
42,"Lamp1a_Adjusted_VA","NA","Adjusted","NA","NA","NA",6670
42,"Lamp2a_Perceptual_VA","NA","Perceptual","NA","NA","NA",2250
42,"Lamp2a_Adjusted_VA","NA","Adjusted","NA","NA","NA",2250
42,"Lamp3a_Perceptual_VA","NA","Perceptual","NA","NA","NA",4890
42,"Lamp3a_Adjusted_VA","NA","Adjusted","NA","NA","NA",4890
42,"Lamp4a_Perceptual_VA","NA","Perceptual","NA","0.7208884712","NA",3230
42,"Lamp4a_Adjusted_VA","NA","Adjusted","NA","NA","NA",3230
42,"Moon1_Perceptual_VA","0.94458469988587","Perceptual","NA","0.5200076307","1.81648238241107",6060
42,"Moon1_Adjusted_VA","0.693318619664842","Adjusted","NA","0.5200076307","1.3332854726219",6060
42,"Moon2_Perceptual_VA","1.47102704255262","Perceptual","NA","1.514944365","0.971010603780568",2080
42,"Moon2_Adjusted_VA","1.31882574964045","Adjusted","NA","1.514944365","0.870544014756904",2080
42,"Moon3_Perceptual_VA","1.11490971756358","Perceptual","NA","0.6676339443","1.66994163056305",4720
42,"Moon3_Adjusted_VA","0.709367256417357","Adjusted","NA","0.6676339443","1.06250927244437",4720
42,"Moon4_Perceptual_VA","1.26200465952468","Perceptual","NA","0.9636677632","1.30958480476094",3270
42,"Moon4_Adjusted_VA","0.819692061787062","Adjusted","NA","0.9636677632","0.850596121494357",3270
43,"Stick1_Perceptual_VA","NA","Perceptual","NA","NA","NA",6280
43,"Stick1_Adjusted_VA","NA","Adjusted","NA","NA","NA",6280
43,"Stick2_Perceptual_VA","NA","Perceptual","NA","NA","NA",2020
43,"Stick2_Adjusted_VA","NA","Adjusted","NA","NA","NA",2020
43,"Stick3_Perceptual_VA","NA","Perceptual","NA","NA","NA",5027
43,"Stick3_Adjusted_VA","NA","Adjusted","NA","NA","NA",5027
43,"Stick4_Perceptual_VA","NA","Perceptual","NA","NA","NA",3421
43,"Stick4_Adjusted_VA","NA","Adjusted","NA","NA","NA",3421
43,"Lamp1_Perceptual_VA","NA","Perceptual","NA","NA","NA",6280
43,"Lamp1_Adjusted_VA","NA","Adjusted","NA","NA","NA",6280
43,"Lamp2_Perceptual_VA","NA","Perceptual","NA","NA","NA",2020
43,"Lamp2_Adjusted_VA","NA","Adjusted","NA","NA","NA",2020
43,"Lamp3_Perceptual_VA","NA","Perceptual","NA","NA","NA",5027
43,"Lamp3_Adjusted_VA","NA","Adjusted","NA","NA","NA",5027
43,"Lamp4_Perceptual_VA","NA","Perceptual","NA","NA","NA",3421
43,"Lamp4_Adjusted_VA","NA","Adjusted","NA","NA","NA",3421
43,"Lamp1a_Perceptual_VA","NA","Perceptual","NA","NA","NA",6670
43,"Lamp1a_Adjusted_VA","NA","Adjusted","NA","NA","NA",6670
43,"Lamp2a_Perceptual_VA","NA","Perceptual","NA","NA","NA",2250
43,"Lamp2a_Adjusted_VA","NA","Adjusted","NA","NA","NA",2250
43,"Lamp3a_Perceptual_VA","NA","Perceptual","NA","NA","NA",4890
43,"Lamp3a_Adjusted_VA","NA","Adjusted","NA","NA","NA",4890
43,"Lamp4a_Perceptual_VA","NA","Perceptual","NA","0.7208884712","NA",3230
43,"Lamp4a_Adjusted_VA","NA","Adjusted","NA","NA","NA",3230
43,"Moon1_Perceptual_VA","0.891249709902549","Perceptual","NA","0.5200076307","1.7139165990753",6060
43,"Moon1_Adjusted_VA","0.361866878256866","Adjusted","NA","0.5200076307","0.695887631052153",6060
43,"Moon2_Perceptual_VA","1.95514241782868","Perceptual","NA","1.514944365","1.29057044139616",2080
43,"Moon2_Adjusted_VA","1.35067852845297","Adjusted","NA","1.514944365","0.891569723389131",2080
43,"Moon3_Perceptual_VA","1.3095608045354","Perceptual","NA","0.6676339443","1.9614952410912",4720
43,"Moon3_Adjusted_VA","0.595870736193214","Adjusted","NA","0.6676339443","0.89251114518746",4720
43,"Moon4_Perceptual_VA","1.72783699880744","Perceptual","NA","0.9636677632","1.79297997171754",3270
43,"Moon4_Adjusted_VA","0.788055841834024","Adjusted","NA","0.9636677632","0.817767151634469",3270
44,"Stick1_Perceptual_VA","NA","Perceptual","NA","NA","NA",6280
44,"Stick1_Adjusted_VA","NA","Adjusted","NA","NA","NA",6280
44,"Stick2_Perceptual_VA","NA","Perceptual","NA","NA","NA",2020
44,"Stick2_Adjusted_VA","NA","Adjusted","NA","NA","NA",2020
44,"Stick3_Perceptual_VA","NA","Perceptual","NA","NA","NA",5027
44,"Stick3_Adjusted_VA","NA","Adjusted","NA","NA","NA",5027
44,"Stick4_Perceptual_VA","NA","Perceptual","NA","NA","NA",3421
44,"Stick4_Adjusted_VA","NA","Adjusted","NA","NA","NA",3421
44,"Lamp1_Perceptual_VA","NA","Perceptual","NA","NA","NA",6280
44,"Lamp1_Adjusted_VA","NA","Adjusted","NA","NA","NA",6280
44,"Lamp2_Perceptual_VA","NA","Perceptual","NA","NA","NA",2020
44,"Lamp2_Adjusted_VA","NA","Adjusted","NA","NA","NA",2020
44,"Lamp3_Perceptual_VA","NA","Perceptual","NA","NA","NA",5027
44,"Lamp3_Adjusted_VA","NA","Adjusted","NA","NA","NA",5027
44,"Lamp4_Perceptual_VA","NA","Perceptual","NA","NA","NA",3421
44,"Lamp4_Adjusted_VA","NA","Adjusted","NA","NA","NA",3421
44,"Lamp1a_Perceptual_VA","NA","Perceptual","NA","NA","NA",6670
44,"Lamp1a_Adjusted_VA","NA","Adjusted","NA","NA","NA",6670
44,"Lamp2a_Perceptual_VA","NA","Perceptual","NA","NA","NA",2250
44,"Lamp2a_Adjusted_VA","NA","Adjusted","NA","NA","NA",2250
44,"Lamp3a_Perceptual_VA","NA","Perceptual","NA","NA","NA",4890
44,"Lamp3a_Adjusted_VA","NA","Adjusted","NA","NA","NA",4890
44,"Lamp4a_Perceptual_VA","NA","Perceptual","NA","0.7208884712","NA",3230
44,"Lamp4a_Adjusted_VA","NA","Adjusted","NA","NA","NA",3230
44,"Moon1_Perceptual_VA","0.677124058646317","Perceptual","NA","0.5200076307","1.30214254305233",6060
44,"Moon1_Adjusted_VA","0.578859652753886","Adjusted","NA","0.5200076307","1.11317530470594",6060
44,"Moon2_Perceptual_VA","1.4149602132169","Perceptual","NA","1.514944365","0.934001436558957",2080
44,"Moon2_Adjusted_VA","1.14587739536697","Adjusted","NA","1.514944365","0.756382492875883",2080
44,"Moon3_Perceptual_VA","0.625038668734024","Perceptual","NA","0.6676339443","0.936199655620212",4720
44,"Moon3_Adjusted_VA","0.659147715664571","Adjusted","NA","0.6676339443","0.987289099501484",4720
44,"Moon4_Perceptual_VA","0.833378463587148","Perceptual","NA","0.9636677632","0.864798528509237",3270
44,"Moon4_Adjusted_VA","0.887142732868295","Adjusted","NA","0.9636677632","0.920589820211904",3270
45,"Stick1_Perceptual_VA","NA","Perceptual","NA","NA","NA",6280
45,"Stick1_Adjusted_VA","NA","Adjusted","NA","NA","NA",6280
45,"Stick2_Perceptual_VA","NA","Perceptual","NA","NA","NA",2020
45,"Stick2_Adjusted_VA","NA","Adjusted","NA","NA","NA",2020
45,"Stick3_Perceptual_VA","NA","Perceptual","NA","NA","NA",5027
45,"Stick3_Adjusted_VA","NA","Adjusted","NA","NA","NA",5027
45,"Stick4_Perceptual_VA","NA","Perceptual","NA","NA","NA",3421
45,"Stick4_Adjusted_VA","NA","Adjusted","NA","NA","NA",3421
45,"Lamp1_Perceptual_VA","NA","Perceptual","NA","NA","NA",6280
45,"Lamp1_Adjusted_VA","NA","Adjusted","NA","NA","NA",6280
45,"Lamp2_Perceptual_VA","NA","Perceptual","NA","NA","NA",2020
45,"Lamp2_Adjusted_VA","NA","Adjusted","NA","NA","NA",2020
45,"Lamp3_Perceptual_VA","NA","Perceptual","NA","NA","NA",5027
45,"Lamp3_Adjusted_VA","NA","Adjusted","NA","NA","NA",5027
45,"Lamp4_Perceptual_VA","NA","Perceptual","NA","NA","NA",3421
45,"Lamp4_Adjusted_VA","NA","Adjusted","NA","NA","NA",3421
45,"Lamp1a_Perceptual_VA","0.970821925241984","Perceptual","NA","0.3490994417","2.78093233410629",6670
45,"Lamp1a_Adjusted_VA","0.524761415107994","Adjusted","NA","0.3490994417","1.50318606226517",6670
45,"Lamp2a_Perceptual_VA","2.62559699395004","Perceptual","NA","1.034860968","2.53714950620308",2250
45,"Lamp2a_Adjusted_VA","1.31882574964045","Adjusted","NA","1.034860968","1.27439896799784",2250
45,"Lamp3a_Perceptual_VA","1.2970573908472","Perceptual","NA","0.4761732264","2.72391919355338",4890
45,"Lamp3a_Adjusted_VA","0.496560314362531","Adjusted","NA","0.4761732264","1.04281443565541",4890
45,"Lamp4a_Perceptual_VA","1.71078852195229","Perceptual","NA","0.7208884712","2.37316671066259",3230
45,"Lamp4a_Adjusted_VA","0.770517836025137","Adjusted","NA","0.7208884712","1.06884471982542",3230
45,"Moon1_Perceptual_VA","0.970821925241984","Perceptual","NA","0.5200076307","1.86693784461418",6060
45,"Moon1_Adjusted_VA","0.532222371336866","Adjusted","NA","0.5200076307","1.02348954114466",6060
45,"Moon2_Perceptual_VA","1.94150450877571","Perceptual","NA","1.514944365","1.28156819064158",2080
45,"Moon2_Adjusted_VA","1.48650980969647","Adjusted","NA","1.514944365","0.981230627367936",2080
45,"Moon3_Perceptual_VA","0.970821925241984","Perceptual","NA","0.6676339443","1.45412307677057",4720
45,"Moon3_Adjusted_VA","0.613035413905704","Adjusted","NA","0.6676339443","0.918220859109341",4720
45,"Moon4_Perceptual_VA","1.51188422710866","Perceptual","NA","0.9636677632","1.56888534082351",3270
45,"Moon4_Adjusted_VA","0.820940407868353","Adjusted","NA","0.9636677632","0.851891532764674",3270
46,"Stick1_Perceptual_VA","NA","Perceptual","NA","NA","NA",6280
46,"Stick1_Adjusted_VA","NA","Adjusted","NA","NA","NA",6280
46,"Stick2_Perceptual_VA","NA","Perceptual","NA","NA","NA",2020
46,"Stick2_Adjusted_VA","NA","Adjusted","NA","NA","NA",2020
46,"Stick3_Perceptual_VA","NA","Perceptual","NA","NA","NA",5027
46,"Stick3_Adjusted_VA","NA","Adjusted","NA","NA","NA",5027
46,"Stick4_Perceptual_VA","NA","Perceptual","NA","NA","NA",3421
46,"Stick4_Adjusted_VA","NA","Adjusted","NA","NA","NA",3421
46,"Lamp1_Perceptual_VA","NA","Perceptual","NA","NA","NA",6280
46,"Lamp1_Adjusted_VA","NA","Adjusted","NA","NA","NA",6280
46,"Lamp2_Perceptual_VA","NA","Perceptual","NA","NA","NA",2020
46,"Lamp2_Adjusted_VA","NA","Adjusted","NA","NA","NA",2020
46,"Lamp3_Perceptual_VA","NA","Perceptual","NA","NA","NA",5027
46,"Lamp3_Adjusted_VA","NA","Adjusted","NA","NA","NA",5027
46,"Lamp4_Perceptual_VA","NA","Perceptual","NA","NA","NA",3421
46,"Lamp4_Adjusted_VA","NA","Adjusted","NA","NA","NA",3421
46,"Lamp1a_Perceptual_VA","0.94458469988587","Perceptual","NA","0.3490994417","2.70577545265055",6670
46,"Lamp1a_Adjusted_VA","0.732624575536509","Adjusted","NA","0.3490994417","2.09861285360087",6670
46,"Lamp2a_Perceptual_VA","1.88904105196659","Perceptual","NA","1.034860968","1.82540564421654",2250
46,"Lamp2a_Adjusted_VA","1.51747518058942","Adjusted","NA","1.034860968","1.46635657108812",2250
46,"Lamp3a_Perceptual_VA","1.11490971756358","Perceptual","NA","0.4761732264","2.34139522289526",4890
46,"Lamp3a_Adjusted_VA","0.689663093023205","Adjusted","NA","0.4761732264","1.44834496100767",4890
46,"Lamp4a_Perceptual_VA","1.66455758859699","Perceptual","NA","0.7208884712","2.30903621724752",3230
46,"Lamp4a_Adjusted_VA","0.932249743207225","Adjusted","NA","0.7208884712","1.29319552254094",3230
46,"Moon1_Perceptual_VA","1.11490971756358","Perceptual","NA","0.5200076307","2.14402568682072",6060
46,"Moon1_Adjusted_VA","0.698283669595114","Adjusted","NA","0.5200076307","1.34283350545285",6060
46,"Moon2_Perceptual_VA","2.09028981160228","Perceptual","NA","1.514944365","1.37977991792608",2080
46,"Moon2_Adjusted_VA","1.3414984285074","Adjusted","NA","1.514944365","0.885510028949086",2080
46,"Moon3_Perceptual_VA","1.26200465952468","Perceptual","NA","0.6676339443","1.8902643736125",4720
46,"Moon3_Adjusted_VA","0.653365844024839","Adjusted","NA","0.6676339443","0.978628857329713",4720
46,"Moon4_Perceptual_VA","1.47102704255262","Perceptual","NA","0.9636677632","1.52648775722025",3270
46,"Moon4_Adjusted_VA","0.877324481678558","Adjusted","NA","0.9636677632","0.910401400961337",3270
47,"Stick1_Perceptual_VA","NA","Perceptual","NA","NA","NA",6280
47,"Stick1_Adjusted_VA","NA","Adjusted","NA","NA","NA",6280
47,"Stick2_Perceptual_VA","NA","Perceptual","NA","NA","NA",2020
47,"Stick2_Adjusted_VA","NA","Adjusted","NA","NA","NA",2020
47,"Stick3_Perceptual_VA","NA","Perceptual","NA","NA","NA",5027
47,"Stick3_Adjusted_VA","NA","Adjusted","NA","NA","NA",5027
47,"Stick4_Perceptual_VA","NA","Perceptual","NA","NA","NA",3421
47,"Stick4_Adjusted_VA","NA","Adjusted","NA","NA","NA",3421
47,"Lamp1_Perceptual_VA","NA","Perceptual","NA","NA","NA",6280
47,"Lamp1_Adjusted_VA","NA","Adjusted","NA","NA","NA",6280
47,"Lamp2_Perceptual_VA","NA","Perceptual","NA","NA","NA",2020
47,"Lamp2_Adjusted_VA","NA","Adjusted","NA","NA","NA",2020
47,"Lamp3_Perceptual_VA","NA","Perceptual","NA","NA","NA",5027
47,"Lamp3_Adjusted_VA","NA","Adjusted","NA","NA","NA",5027
47,"Lamp4_Perceptual_VA","NA","Perceptual","NA","NA","NA",3421
47,"Lamp4_Adjusted_VA","NA","Adjusted","NA","NA","NA",3421
47,"Lamp1a_Perceptual_VA","1.84495889016128","Perceptual","NA","0.3490994417","5.28490931173346",6670
47,"Lamp1a_Adjusted_VA","NA","Adjusted","NA","NA","NA",6670
47,"Lamp2a_Perceptual_VA","2.36918274121409","Perceptual","NA","1.034860968","2.28937298291658",2250
47,"Lamp2a_Adjusted_VA","NA","Adjusted","NA","NA","NA",2250
47,"Lamp3a_Perceptual_VA","1.84495889016128","Perceptual","NA","0.4761732264","3.87455402335338",4890
47,"Lamp3a_Adjusted_VA","NA","Adjusted","NA","NA","NA",4890
47,"Lamp4a_Perceptual_VA","1.58281662878822","Perceptual","NA","0.7208884712","2.19564702727655",3230
47,"Lamp4a_Adjusted_VA","NA","Adjusted","NA","NA","NA",3230
47,"Moon1_Perceptual_VA","1.39833605416732","Perceptual","NA","0.5200076307","2.68906833594918",6060
47,"Moon1_Adjusted_VA","0.737460248233488","Adjusted","NA","0.5200076307","1.41817197420885",6060
47,"Moon2_Perceptual_VA","2.36918274121409","Perceptual","NA","1.514944365","1.56387442070461",2080
47,"Moon2_Adjusted_VA","1.45618934029784","Adjusted","NA","1.514944365","0.96121638123512",2080
47,"Moon3_Perceptual_VA","1.58281662878822","Perceptual","NA","0.6676339443","2.37078513203484",4720
47,"Moon3_Adjusted_VA","0.95934877805972","Adjusted","NA","0.6676339443","1.43693828968744",4720
47,"Moon4_Perceptual_VA","1.84495889016128","Perceptual","NA","0.9636677632","1.91451759684772",3270
47,"Moon4_Adjusted_VA","1.58855393632231","Adjusted","NA","0.9636677632","1.64844565418198",3270
48,"Stick1_Perceptual_VA","NA","Perceptual","NA","NA","NA",6280
48,"Stick1_Adjusted_VA","NA","Adjusted","NA","NA","NA",6280
48,"Stick2_Perceptual_VA","NA","Perceptual","NA","NA","NA",2020
48,"Stick2_Adjusted_VA","NA","Adjusted","NA","NA","NA",2020
48,"Stick3_Perceptual_VA","NA","Perceptual","NA","NA","NA",5027
48,"Stick3_Adjusted_VA","NA","Adjusted","NA","NA","NA",5027
48,"Stick4_Perceptual_VA","NA","Perceptual","NA","NA","NA",3421
48,"Stick4_Adjusted_VA","NA","Adjusted","NA","NA","NA",3421
48,"Lamp1_Perceptual_VA","NA","Perceptual","NA","NA","NA",6280
48,"Lamp1_Adjusted_VA","NA","Adjusted","NA","NA","NA",6280
48,"Lamp2_Perceptual_VA","NA","Perceptual","NA","NA","NA",2020
48,"Lamp2_Adjusted_VA","NA","Adjusted","NA","NA","NA",2020
48,"Lamp3_Perceptual_VA","NA","Perceptual","NA","NA","NA",5027
48,"Lamp3_Adjusted_VA","NA","Adjusted","NA","NA","NA",5027
48,"Lamp4_Perceptual_VA","NA","Perceptual","NA","NA","NA",3421
48,"Lamp4_Adjusted_VA","NA","Adjusted","NA","NA","NA",3421
48,"Lamp1a_Perceptual_VA","0.982189309936894","Perceptual","NA","0.3490994417","2.81349435895387",6670
48,"Lamp1a_Adjusted_VA","0.496560314362531","Adjusted","NA","0.3490994417","1.42240363360206",6670
48,"Lamp2a_Perceptual_VA","2.49606412268826","Perceptual","NA","1.034860968","2.41198015953024",2250
48,"Lamp2a_Adjusted_VA","1.40367638781734","Adjusted","NA","1.034860968","1.35639127498462",2250
48,"Lamp3a_Perceptual_VA","1.00265055352368","Perceptual","NA","0.4761732264","2.10564243837058",4890
48,"Lamp3a_Adjusted_VA","0.771848569274286","Adjusted","NA","0.4761732264","1.62094071334013",4890
48,"Lamp4a_Perceptual_VA","1.47323886973195","Perceptual","NA","0.7208884712","2.04364326603751",3230
48,"Lamp4a_Adjusted_VA","0.867764150465031","Adjusted","NA","0.7208884712","1.20374258312182",3230
48,"Moon1_Perceptual_VA","0.982189309936894","Perceptual","NA","0.5200076307","1.88879787901331",6060
48,"Moon1_Adjusted_VA","0.538438302658692","Adjusted","NA","0.5200076307","1.03544307981381",6060
48,"Moon2_Perceptual_VA","2.76194012873058","Perceptual","NA","1.514944365","1.82312974161964",2080
48,"Moon2_Adjusted_VA","1.36944367868379","Adjusted","NA","1.514944365","0.903956416038943",2080
48,"Moon3_Perceptual_VA","1.24818011648329","Perceptual","NA","0.6676339443","1.86955760284474",4720
48,"Moon3_Adjusted_VA","0.520412236089036","Adjusted","NA","0.6676339443","0.779487383066894",4720
48,"Moon4_Perceptual_VA","1.94377749744809","Perceptual","NA","0.9636677632","2.01706186683416",3270
48,"Moon4_Adjusted_VA","0.751093580169171","Adjusted","NA","0.9636677632","0.779411337445858",3270
49,"Stick1_Perceptual_VA","NA","Perceptual","NA","NA","NA",6280
49,"Stick1_Adjusted_VA","NA","Adjusted","NA","NA","NA",6280
49,"Stick2_Perceptual_VA","NA","Perceptual","NA","NA","NA",2020
49,"Stick2_Adjusted_VA","NA","Adjusted","NA","NA","NA",2020
49,"Stick3_Perceptual_VA","NA","Perceptual","NA","NA","NA",5027
49,"Stick3_Adjusted_VA","NA","Adjusted","NA","NA","NA",5027
49,"Stick4_Perceptual_VA","NA","Perceptual","NA","NA","NA",3421
49,"Stick4_Adjusted_VA","NA","Adjusted","NA","NA","NA",3421
49,"Lamp1_Perceptual_VA","NA","Perceptual","NA","NA","NA",6280
49,"Lamp1_Adjusted_VA","NA","Adjusted","NA","NA","NA",6280
49,"Lamp2_Perceptual_VA","NA","Perceptual","NA","NA","NA",2020
49,"Lamp2_Adjusted_VA","NA","Adjusted","NA","NA","NA",2020
49,"Lamp3_Perceptual_VA","NA","Perceptual","NA","NA","NA",5027
49,"Lamp3_Adjusted_VA","NA","Adjusted","NA","NA","NA",5027
49,"Lamp4_Perceptual_VA","NA","Perceptual","NA","NA","NA",3421
49,"Lamp4_Adjusted_VA","NA","Adjusted","NA","NA","NA",3421
49,"Lamp1a_Perceptual_VA","1.21283939314558","Perceptual","NA","0.3490994417","3.47419459406596",6670
49,"Lamp1a_Adjusted_VA","0.399736375178841","Adjusted","NA","0.3490994417","1.14505017032469",6670
49,"Lamp2a_Perceptual_VA","2.82701025502107","Perceptual","NA","1.034860968","2.73177783532084",2250
49,"Lamp2a_Adjusted_VA","1.20747926312046","Adjusted","NA","1.034860968","1.16680336823802",2250
49,"Lamp3a_Perceptual_VA","1.41372023374187","Perceptual","NA","0.4761732264","2.96892003868001",4890
49,"Lamp3a_Adjusted_VA","0.500733037217084","Adjusted","NA","0.4761732264","1.05157747108707",4890
49,"Lamp4a_Perceptual_VA","2.45515766426909","Perceptual","NA","0.7208884712","3.40573856061563",3230
49,"Lamp4a_Adjusted_VA","0.757458595371652","Adjusted","NA","0.7208884712","1.05072923986532",3230
49,"Moon1_Perceptual_VA","1.41372023374187","Perceptual","NA","0.5200076307","2.7186528625336",6060
49,"Moon1_Adjusted_VA","0.386262219185347","Adjusted","NA","0.5200076307","0.742801059794807",6060
49,"Moon2_Perceptual_VA","3.49618962745355","Perceptual","NA","1.514944365","2.30780067455055",2080
49,"Moon2_Adjusted_VA","1.1229613296417","Adjusted","NA","1.514944365","0.741255821392291",2080
49,"Moon3_Perceptual_VA","1.815454614211","Perceptual","NA","0.6676339443","2.71923653629455",4720
49,"Moon3_Adjusted_VA","0.488420080751358","Adjusted","NA","0.6676339443","0.731568676100578",4720
49,"Moon4_Perceptual_VA","2.45515766426909","Perceptual","NA","0.9636677632","2.54772210716728",3270
49,"Moon4_Adjusted_VA","0.698283669595114","Adjusted","NA","0.9636677632","0.724610385716713",3270
50,"Stick1_Perceptual_VA","NA","Perceptual","NA","NA","NA",6280
50,"Stick1_Adjusted_VA","NA","Adjusted","NA","NA","NA",6280
50,"Stick2_Perceptual_VA","NA","Perceptual","NA","NA","NA",2020
50,"Stick2_Adjusted_VA","NA","Adjusted","NA","NA","NA",2020
50,"Stick3_Perceptual_VA","NA","Perceptual","NA","NA","NA",5027
50,"Stick3_Adjusted_VA","NA","Adjusted","NA","NA","NA",5027
50,"Stick4_Perceptual_VA","NA","Perceptual","NA","NA","NA",3421
50,"Stick4_Adjusted_VA","NA","Adjusted","NA","NA","NA",3421
50,"Lamp1_Perceptual_VA","NA","Perceptual","NA","NA","NA",6280
50,"Lamp1_Adjusted_VA","NA","Adjusted","NA","NA","NA",6280
50,"Lamp2_Perceptual_VA","NA","Perceptual","NA","NA","NA",2020
50,"Lamp2_Adjusted_VA","NA","Adjusted","NA","NA","NA",2020
50,"Lamp3_Perceptual_VA","NA","Perceptual","NA","NA","NA",5027
50,"Lamp3_Adjusted_VA","NA","Adjusted","NA","NA","NA",5027
50,"Lamp4_Perceptual_VA","NA","Perceptual","NA","NA","NA",3421
50,"Lamp4_Adjusted_VA","NA","Adjusted","NA","NA","NA",3421
50,"Lamp1a_Perceptual_VA","0.94458469988587","Perceptual","NA","0.3490994417","2.70577545265055",6670
50,"Lamp1a_Adjusted_VA","0.475430336090064","Adjusted","NA","0.3490994417","1.36187652943492",6670
50,"Lamp2a_Perceptual_VA","1.66455758859699","Perceptual","NA","1.034860968","1.60848426993431",2250
50,"Lamp2a_Adjusted_VA","1.14587739536697","Adjusted","NA","1.034860968","1.10727665918401",2250
50,"Lamp3a_Perceptual_VA","1.26200465952468","Perceptual","NA","0.4761732264","2.65030579116298",4890
50,"Lamp3a_Adjusted_VA","0.572953020554149","Adjusted","NA","0.4761732264","1.20324493018188",4890
50,"Lamp4a_Perceptual_VA","1.11490971756358","Perceptual","NA","0.7208884712","1.54657726140035",3230
50,"Lamp4a_Adjusted_VA","0.578515577175834","Adjusted","NA","0.7208884712","0.802503577582299",3230
50,"Moon1_Perceptual_VA","0.94458469988587","Perceptual","NA","0.5200076307","1.81648238241107",6060
50,"Moon1_Adjusted_VA","0.607019878030704","Adjusted","NA","0.5200076307","1.16732878941329",6060
50,"Moon2_Perceptual_VA","1.66455758859699","Perceptual","NA","1.514944365","1.0987582297103",2080
50,"Moon2_Adjusted_VA","1.22060305031885","Adjusted","NA","1.514944365","0.805708168906157",2080
50,"Moon3_Perceptual_VA","1.26200465952468","Perceptual","NA","0.6676339443","1.8902643736125",4720
50,"Moon3_Adjusted_VA","0.556889173749183","Adjusted","NA","0.6676339443","0.834123517091495",4720
50,"Moon4_Perceptual_VA","1.47102704255262","Perceptual","NA","0.9636677632","1.52648775722025",3270
50,"Moon4_Adjusted_VA","0.767210991558389","Adjusted","NA","0.9636677632","0.796136408061169",3270
51,"Stick1_Perceptual_VA","NA","Perceptual","NA","NA","NA",6280
51,"Stick1_Adjusted_VA","NA","Adjusted","NA","NA","NA",6280
51,"Stick2_Perceptual_VA","NA","Perceptual","NA","NA","NA",2020
51,"Stick2_Adjusted_VA","NA","Adjusted","NA","NA","NA",2020
51,"Stick3_Perceptual_VA","NA","Perceptual","NA","NA","NA",5027
51,"Stick3_Adjusted_VA","NA","Adjusted","NA","NA","NA",5027
51,"Stick4_Perceptual_VA","NA","Perceptual","NA","NA","NA",3421
51,"Stick4_Adjusted_VA","NA","Adjusted","NA","NA","NA",3421
51,"Lamp1_Perceptual_VA","NA","Perceptual","NA","NA","NA",6280
51,"Lamp1_Adjusted_VA","NA","Adjusted","NA","NA","NA",6280
51,"Lamp2_Perceptual_VA","NA","Perceptual","NA","NA","NA",2020
51,"Lamp2_Adjusted_VA","NA","Adjusted","NA","NA","NA",2020
51,"Lamp3_Perceptual_VA","NA","Perceptual","NA","NA","NA",5027
51,"Lamp3_Adjusted_VA","NA","Adjusted","NA","NA","NA",5027
51,"Lamp4_Perceptual_VA","NA","Perceptual","NA","NA","NA",3421
51,"Lamp4_Adjusted_VA","NA","Adjusted","NA","NA","NA",3421
51,"Lamp1a_Perceptual_VA","1.84918839068029","Perceptual","NA","0.3490994417","5.29702477229796",6670
51,"Lamp1a_Adjusted_VA","0.698283669595114","Adjusted","NA","0.3490994417","2.00024287118507",6670
51,"Lamp2a_Perceptual_VA","2.76781216013388","Perceptual","NA","1.034860968","2.67457392415044",2250
51,"Lamp2a_Adjusted_VA","1.65135226424648","Adjusted","NA","1.034860968","1.59572378832485",2250
51,"Lamp3a_Perceptual_VA","2.15542855826005","Perceptual","NA","0.4761732264","4.52656394513334",4890
51,"Lamp3a_Adjusted_VA","0.818497216069878","Adjusted","NA","0.4761732264","1.7189064203755",4890
51,"Lamp4a_Perceptual_VA","2.43895691308944","Perceptual","NA","0.7208884712","3.38326524910229",3230
51,"Lamp4a_Adjusted_VA","1.20747926312046","Adjusted","NA","0.7208884712","1.67498761786338",3230
51,"Moon1_Perceptual_VA","2.15542855826005","Perceptual","NA","0.5200076307","4.14499409433388",6060
51,"Moon1_Adjusted_VA","0.794488745425679","Adjusted","NA","0.5200076307","1.52784055179381",6060
51,"Moon2_Perceptual_VA","4.30933299892624","Perceptual","NA","1.514944365","2.84454868342722",2080
51,"Moon2_Adjusted_VA","2.02590052632231","Adjusted","NA","1.514944365","1.33727717870505",2080
51,"Moon3_Perceptual_VA","2.76781216013388","Perceptual","NA","0.6676339443","4.1457031712728",4720
51,"Moon3_Adjusted_VA","1.51949465365048","Adjusted","NA","0.6676339443","2.2759397820068",4720
51,"Moon4_Perceptual_VA","3.74274917257612","Perceptual","NA","0.9636677632","3.88385843700714",3270
51,"Moon4_Adjusted_VA","1.38410795292895","Adjusted","NA","0.9636677632","1.4362916409415",3270
52,"Stick1_Perceptual_VA","NA","Perceptual","NA","NA","NA",6280
52,"Stick1_Adjusted_VA","NA","Adjusted","NA","NA","NA",6280
52,"Stick2_Perceptual_VA","NA","Perceptual","NA","NA","NA",2020
52,"Stick2_Adjusted_VA","NA","Adjusted","NA","NA","NA",2020
52,"Stick3_Perceptual_VA","NA","Perceptual","NA","NA","NA",5027
52,"Stick3_Adjusted_VA","NA","Adjusted","NA","NA","NA",5027
52,"Stick4_Perceptual_VA","NA","Perceptual","NA","NA","NA",3421
52,"Stick4_Adjusted_VA","NA","Adjusted","NA","NA","NA",3421
52,"Lamp1_Perceptual_VA","NA","Perceptual","NA","NA","NA",6280
52,"Lamp1_Adjusted_VA","NA","Adjusted","NA","NA","NA",6280
52,"Lamp2_Perceptual_VA","NA","Perceptual","NA","NA","NA",2020
52,"Lamp2_Adjusted_VA","NA","Adjusted","NA","NA","NA",2020
52,"Lamp3_Perceptual_VA","NA","Perceptual","NA","NA","NA",5027
52,"Lamp3_Adjusted_VA","NA","Adjusted","NA","NA","NA",5027
52,"Lamp4_Perceptual_VA","NA","Perceptual","NA","NA","NA",3421
52,"Lamp4_Adjusted_VA","NA","Adjusted","NA","NA","NA",3421
52,"Lamp1a_Perceptual_VA","0.779847181605806","Perceptual","NA","0.3490994417","2.23388263758947",6670
52,"Lamp1a_Adjusted_VA","0.480542430626895","Adjusted","NA","0.3490994417","1.37652019231773",6670
52,"Lamp2a_Perceptual_VA","1.2970573908472","Perceptual","NA","1.034860968","1.25336391163146",2250
52,"Lamp2a_Adjusted_VA","1.22628390640326","Adjusted","NA","1.034860968","1.18497454665162",2250
52,"Lamp3a_Perceptual_VA","0.763932409458051","Perceptual","NA","0.4761732264","1.60431617550947",4890
52,"Lamp3a_Adjusted_VA","0.559503635456979","Adjusted","NA","0.4761732264","1.17500019832484",4890
52,"Lamp4a_Perceptual_VA","0.970821925241984","Perceptual","NA","0.7208884712","1.34670197128544",3230
52,"Lamp4a_Adjusted_VA","0.843205687134125","Adjusted","NA","0.7208884712","1.16967564445928",3230
52,"Moon1_Perceptual_VA","0.763932409458051","Perceptual","NA","0.5200076307","1.46907922952918",6060
52,"Moon1_Adjusted_VA","0.500733037217084","Adjusted","NA","0.5200076307","0.962934017993217",6060
52,"Moon2_Perceptual_VA","1.2970573908472","Perceptual","NA","1.514944365","0.85617493342549",2080
52,"Moon2_Adjusted_VA","1.2371351368506","Adjusted","NA","1.514944365","0.816620837987406",2080
52,"Moon3_Perceptual_VA","0.779847181605806","Perceptual","NA","0.6676339443","1.16807599173745",4720
52,"Moon3_Adjusted_VA","0.589971130709289","Adjusted","NA","0.6676339443","0.883674558111124",4720
52,"Moon4_Perceptual_VA","1.14587739536697","Perceptual","NA","0.9636677632","1.18907930629735",3270
52,"Moon4_Adjusted_VA","0.876271312098295","Adjusted","NA","0.9636677632","0.909308524743535",3270
53,"Stick1_Perceptual_VA","NA","Perceptual","NA","NA","NA",6280
53,"Stick1_Adjusted_VA","NA","Adjusted","NA","NA","NA",6280
53,"Stick2_Perceptual_VA","NA","Perceptual","NA","NA","NA",2020
53,"Stick2_Adjusted_VA","NA","Adjusted","NA","NA","NA",2020
53,"Stick3_Perceptual_VA","NA","Perceptual","NA","NA","NA",5027
53,"Stick3_Adjusted_VA","NA","Adjusted","NA","NA","NA",5027
53,"Stick4_Perceptual_VA","NA","Perceptual","NA","NA","NA",3421
53,"Stick4_Adjusted_VA","NA","Adjusted","NA","NA","NA",3421
53,"Lamp1_Perceptual_VA","NA","Perceptual","NA","NA","NA",6280
53,"Lamp1_Adjusted_VA","NA","Adjusted","NA","NA","NA",6280
53,"Lamp2_Perceptual_VA","NA","Perceptual","NA","NA","NA",2020
53,"Lamp2_Adjusted_VA","NA","Adjusted","NA","NA","NA",2020
53,"Lamp3_Perceptual_VA","NA","Perceptual","NA","NA","NA",5027
53,"Lamp3_Adjusted_VA","NA","Adjusted","NA","NA","NA",5027
53,"Lamp4_Perceptual_VA","NA","Perceptual","NA","NA","NA",3421
53,"Lamp4_Adjusted_VA","NA","Adjusted","NA","NA","NA",3421
53,"Lamp1a_Perceptual_VA","1.41372023374187","Perceptual","NA","0.3490994417","4.04962043725283",6670
53,"Lamp1a_Adjusted_VA","0.417668318844712","Adjusted","NA","0.3490994417","1.19641646177033",6670
53,"Lamp2a_Perceptual_VA","1.815454614211","Perceptual","NA","1.034860968","1.75429808481384",2250
53,"Lamp2a_Adjusted_VA","1.27087245618219","Adjusted","NA","1.034860968","1.22806105890564",2250
53,"Lamp3a_Perceptual_VA","1.41372023374187","Perceptual","NA","0.4761732264","2.96892003868001",4890
53,"Lamp3a_Adjusted_VA","0.59114168760263","Adjusted","NA","0.4761732264","1.24144251467438",4890
53,"Lamp4a_Perceptual_VA","1.815454614211","Perceptual","NA","0.7208884712","2.5183571200535",3230
53,"Lamp4a_Adjusted_VA","0.859420578802087","Adjusted","NA","0.7208884712","1.1921685713346",3230
53,"Moon1_Perceptual_VA","1.815454614211","Perceptual","NA","0.5200076307","3.49120764202471",6060
53,"Moon1_Adjusted_VA","0.595870736193214","Adjusted","NA","0.5200076307","1.14588844665816",6060
53,"Moon2_Perceptual_VA","2.45515766426909","Perceptual","NA","1.514944365","1.62062562889502",2080
53,"Moon2_Adjusted_VA","1.35723460864245","Adjusted","NA","1.514944365","0.895897327980391",2080
53,"Moon3_Perceptual_VA","1.41372023374187","Perceptual","NA","0.6676339443","2.11750802338867",4720
53,"Moon3_Adjusted_VA","0.631218305188749","Adjusted","NA","0.6676339443","0.94545568058342",4720
53,"Moon4_Perceptual_VA","1.815454614211","Perceptual","NA","0.9636677632","1.88390094962035",3270
53,"Moon4_Adjusted_VA","0.912986598751953","Adjusted","NA","0.9636677632","0.947408052460163",3270
54,"Stick1_Perceptual_VA","NA","Perceptual","NA","NA","NA",6280
54,"Stick1_Adjusted_VA","NA","Adjusted","NA","NA","NA",6280
54,"Stick2_Perceptual_VA","NA","Perceptual","NA","NA","NA",2020
54,"Stick2_Adjusted_VA","NA","Adjusted","NA","NA","NA",2020
54,"Stick3_Perceptual_VA","NA","Perceptual","NA","NA","NA",5027
54,"Stick3_Adjusted_VA","NA","Adjusted","NA","NA","NA",5027
54,"Stick4_Perceptual_VA","NA","Perceptual","NA","NA","NA",3421
54,"Stick4_Adjusted_VA","NA","Adjusted","NA","NA","NA",3421
54,"Lamp1_Perceptual_VA","NA","Perceptual","NA","NA","NA",6280
54,"Lamp1_Adjusted_VA","NA","Adjusted","NA","NA","NA",6280
54,"Lamp2_Perceptual_VA","NA","Perceptual","NA","NA","NA",2020
54,"Lamp2_Adjusted_VA","NA","Adjusted","NA","NA","NA",2020
54,"Lamp3_Perceptual_VA","NA","Perceptual","NA","NA","NA",5027
54,"Lamp3_Adjusted_VA","NA","Adjusted","NA","NA","NA",5027
54,"Lamp4_Perceptual_VA","NA","Perceptual","NA","NA","NA",3421
54,"Lamp4_Adjusted_VA","NA","Adjusted","NA","NA","NA",3421
54,"Lamp1a_Perceptual_VA","0.822348835742584","Perceptual","NA","0.3490994417","2.35562919189448",6670
54,"Lamp1a_Adjusted_VA","0.524761415107994","Adjusted","NA","0.3490994417","1.50318606226517",6670
54,"Lamp2a_Perceptual_VA","2.6957745603972","Perceptual","NA","1.034860968","2.60496302764914",2250
54,"Lamp2a_Adjusted_VA","1.33138486989719","Adjusted","NA","1.034860968","1.28653501394517",2250
54,"Lamp3a_Perceptual_VA","1.28067586632604","Perceptual","NA","0.4761732264","2.68951674584541",4890
54,"Lamp3a_Adjusted_VA","0.642101153543711","Adjusted","NA","0.4761732264","1.34846126985797",4890
54,"Lamp4a_Perceptual_VA","2.22414504423126","Perceptual","NA","0.7208884712","3.08528313752739",3230
54,"Lamp4a_Adjusted_VA","0.940217333643014","Adjusted","NA","0.7208884712","1.30424798176882",3230
54,"Moon1_Perceptual_VA","0.822348835742584","Perceptual","NA","0.5200076307","1.58141686235564",6060
54,"Moon1_Adjusted_VA","0.524761415107994","Adjusted","NA","0.5200076307","1.00914175894226",6060
54,"Moon2_Perceptual_VA","2.22414504423126","Perceptual","NA","1.514944365","1.46813645148696",2080
54,"Moon2_Adjusted_VA","1.57144286602442","Adjusted","NA","1.514944365","1.0372941094932",2080
54,"Moon3_Perceptual_VA","1.28067586632604","Perceptual","NA","0.6676339443","1.91823060714625",4720
54,"Moon3_Adjusted_VA","0.777217786526536","Adjusted","NA","0.6676339443","1.16413761337649",4720
54,"Moon4_Perceptual_VA","1.8198305779284","Perceptual","NA","0.9636677632","1.88844189607981",3270
54,"Moon4_Adjusted_VA","1.1183781056593","Adjusted","NA","0.9636677632","1.1605432373763",3270
55,"Stick1_Perceptual_VA","NA","Perceptual","NA","NA","NA",6280
55,"Stick1_Adjusted_VA","NA","Adjusted","NA","NA","NA",6280
55,"Stick2_Perceptual_VA","NA","Perceptual","NA","NA","NA",2020
55,"Stick2_Adjusted_VA","NA","Adjusted","NA","NA","NA",2020
55,"Stick3_Perceptual_VA","NA","Perceptual","NA","NA","NA",5027
55,"Stick3_Adjusted_VA","NA","Adjusted","NA","NA","NA",5027
55,"Stick4_Perceptual_VA","NA","Perceptual","NA","NA","NA",3421
55,"Stick4_Adjusted_VA","NA","Adjusted","NA","NA","NA",3421
55,"Lamp1_Perceptual_VA","NA","Perceptual","NA","NA","NA",6280
55,"Lamp1_Adjusted_VA","NA","Adjusted","NA","NA","NA",6280
55,"Lamp2_Perceptual_VA","NA","Perceptual","NA","NA","NA",2020
55,"Lamp2_Adjusted_VA","NA","Adjusted","NA","NA","NA",2020
55,"Lamp3_Perceptual_VA","NA","Perceptual","NA","NA","NA",5027
55,"Lamp3_Adjusted_VA","NA","Adjusted","NA","NA","NA",5027
55,"Lamp4_Perceptual_VA","NA","Perceptual","NA","NA","NA",3421
55,"Lamp4_Adjusted_VA","NA","Adjusted","NA","NA","NA",3421
55,"Lamp1a_Perceptual_VA","0.931990796366406","Perceptual","NA","0.3490994417","2.66970004829545",6670
55,"Lamp1a_Adjusted_VA","0.504976482825877","Adjusted","NA","0.3490994417","1.4465118602505",6670
55,"Lamp2a_Perceptual_VA","1.2451792641937","Perceptual","NA","1.034860968","1.20323338370773",2250
55,"Lamp2a_Adjusted_VA","1.30650134849125","Adjusted","NA","1.034860968","1.26248973426472",2250
55,"Lamp3a_Perceptual_VA","0.931990796366406","Perceptual","NA","0.4761732264","1.95725157294649",4890
55,"Lamp3a_Adjusted_VA","0.630550362800435","Adjusted","NA","0.4761732264","1.3242037305784",4890
55,"Lamp4a_Perceptual_VA","1.2451792641937","Perceptual","NA","0.7208884712","1.72728419712547",3230
55,"Lamp4a_Adjusted_VA","0.927012614242197","Adjusted","NA","0.7208884712","1.28593069701764",3230
55,"Moon1_Perceptual_VA","1.2451792641937","Perceptual","NA","0.5200076307","2.39454036956634",6060
55,"Moon1_Adjusted_VA","0.4819702387965","Adjusted","NA","0.5200076307","0.926852242817482",6060
55,"Moon2_Perceptual_VA","1.86385831002637","Perceptual","NA","1.514944365","1.23031469213483",2080
55,"Moon2_Adjusted_VA","1.22628390640326","Adjusted","NA","1.514944365","0.809458046601769",2080
55,"Moon3_Perceptual_VA","1.1000451740939","Perceptual","NA","0.6676339443","1.64767711930416",4720
55,"Moon3_Adjusted_VA","0.589971130709289","Adjusted","NA","0.6676339443","0.883674558111124",4720
55,"Moon4_Perceptual_VA","1.45141546046989","Perceptual","NA","0.9636677632","1.50613677856178",3270
55,"Moon4_Adjusted_VA","0.889054601771869","Adjusted","NA","0.9636677632","0.922573770465905",3270
56,"Stick1_Perceptual_VA","NA","Perceptual","NA","NA","NA",6280
56,"Stick1_Adjusted_VA","NA","Adjusted","NA","NA","NA",6280
56,"Stick2_Perceptual_VA","NA","Perceptual","NA","NA","NA",2020
56,"Stick2_Adjusted_VA","NA","Adjusted","NA","NA","NA",2020
56,"Stick3_Perceptual_VA","NA","Perceptual","NA","NA","NA",5027
56,"Stick3_Adjusted_VA","NA","Adjusted","NA","NA","NA",5027
56,"Stick4_Perceptual_VA","NA","Perceptual","NA","NA","NA",3421
56,"Stick4_Adjusted_VA","NA","Adjusted","NA","NA","NA",3421
56,"Lamp1_Perceptual_VA","NA","Perceptual","NA","NA","NA",6280
56,"Lamp1_Adjusted_VA","NA","Adjusted","NA","NA","NA",6280
56,"Lamp2_Perceptual_VA","NA","Perceptual","NA","NA","NA",2020
56,"Lamp2_Adjusted_VA","NA","Adjusted","NA","NA","NA",2020
56,"Lamp3_Perceptual_VA","NA","Perceptual","NA","NA","NA",5027
56,"Lamp3_Adjusted_VA","NA","Adjusted","NA","NA","NA",5027
56,"Lamp4_Perceptual_VA","NA","Perceptual","NA","NA","NA",3421
56,"Lamp4_Adjusted_VA","NA","Adjusted","NA","NA","NA",3421
56,"Lamp1a_Perceptual_VA","0.901685460893871","Perceptual","NA","0.3490994417","2.58289001123278",6670
56,"Lamp1a_Adjusted_VA","0.460726466067454","Adjusted","NA","0.3490994417","1.31975709793137",6670
56,"Lamp2a_Perceptual_VA","1.5309272811238","Perceptual","NA","1.034860968","1.47935551582596",2250
56,"Lamp2a_Adjusted_VA","1.1576897646967","Adjusted","NA","1.034860968","1.1186911097189",2250
56,"Lamp3a_Perceptual_VA","1.14587739536697","Perceptual","NA","0.4761732264","2.40642970212777",4890
56,"Lamp3a_Adjusted_VA","0.510449932125362","Adjusted","NA","0.4761732264","1.07198368960074",4890
56,"Lamp4a_Perceptual_VA","1.5309272811238","Perceptual","NA","0.7208884712","2.12366731094394",3230
56,"Lamp4a_Adjusted_VA","0.81625483390123","Adjusted","NA","0.7208884712","1.13229003724041",3230
56,"Moon1_Perceptual_VA","0.901685460893871","Perceptual","NA","0.5200076307","1.73398505648865",6060
56,"Moon1_Adjusted_VA","0.485765655677938","Adjusted","NA","0.5200076307","0.934151014330371",6060
56,"Moon2_Perceptual_VA","1.78447837938828","Perceptual","NA","1.514944365","1.1779167741175",2080
56,"Moon2_Adjusted_VA","1.38410795292895","Adjusted","NA","1.514944365","0.91363616044669",2080
56,"Moon3_Perceptual_VA","1.35249330026039","Perceptual","NA","0.6676339443","2.0258006828554",4720
56,"Moon3_Adjusted_VA","0.501334872134867","Adjusted","NA","0.6676339443","0.750912796473382",4720
56,"Moon4_Perceptual_VA","1.5309272811238","Perceptual","NA","0.9636677632","1.58864635674864",3270
56,"Moon4_Adjusted_VA","0.928076631804784","Adjusted","NA","0.9636677632","0.963067010483955",3270
57,"Stick1_Perceptual_VA","NA","Perceptual","NA","NA","NA",6280
57,"Stick1_Adjusted_VA","NA","Adjusted","NA","NA","NA",6280
57,"Stick2_Perceptual_VA","NA","Perceptual","NA","NA","NA",2020
57,"Stick2_Adjusted_VA","NA","Adjusted","NA","NA","NA",2020
57,"Stick3_Perceptual_VA","NA","Perceptual","NA","NA","NA",5027
57,"Stick3_Adjusted_VA","NA","Adjusted","NA","NA","NA",5027
57,"Stick4_Perceptual_VA","NA","Perceptual","NA","NA","NA",3421
57,"Stick4_Adjusted_VA","NA","Adjusted","NA","NA","NA",3421
57,"Lamp1_Perceptual_VA","NA","Perceptual","NA","NA","NA",6280
57,"Lamp1_Adjusted_VA","NA","Adjusted","NA","NA","NA",6280
57,"Lamp2_Perceptual_VA","NA","Perceptual","NA","NA","NA",2020
57,"Lamp2_Adjusted_VA","NA","Adjusted","NA","NA","NA",2020
57,"Lamp3_Perceptual_VA","NA","Perceptual","NA","NA","NA",5027
57,"Lamp3_Adjusted_VA","NA","Adjusted","NA","NA","NA",5027
57,"Lamp4_Perceptual_VA","NA","Perceptual","NA","NA","NA",3421
57,"Lamp4_Adjusted_VA","NA","Adjusted","NA","NA","NA",3421
57,"Lamp1a_Perceptual_VA","1.15059262391857","Perceptual","NA","0.3490994417","3.29588789462269",6670
57,"Lamp1a_Adjusted_VA","0.461440025421175","Adjusted","NA","0.3490994417","1.32180109820317",6670
57,"Lamp2a_Perceptual_VA","2.02754025746889","Perceptual","NA","1.034860968","1.95923927963712",2250
57,"Lamp2a_Adjusted_VA","1.06403389544809","Adjusted","NA","1.034860968","1.02819019013198",2250
57,"Lamp3a_Perceptual_VA","1.3580585962353","Perceptual","NA","0.4761732264","2.85202636549434",4890
57,"Lamp3a_Adjusted_VA","0.549190363796324","Adjusted","NA","0.4761732264","1.15334154326222",4890
57,"Lamp4a_Perceptual_VA","2.30095329379831","Perceptual","NA","0.7208884712","3.19182978466574",3230
57,"Lamp4a_Adjusted_VA","0.790973420408377","Adjusted","NA","0.7208884712","1.09722023864761",3230
57,"Moon1_Perceptual_VA","0.490430015437819","Perceptual","NA","0.5200076307","0.943120805319018",6060
57,"Moon1_Adjusted_VA","0.440734592246325","Adjusted","NA","0.5200076307","0.847554086183384",6060
57,"Moon2_Perceptual_VA","2.30095329379831","Perceptual","NA","1.514944365","1.51883682791104",2080
57,"Moon2_Adjusted_VA","1.02734507258561","Adjusted","NA","1.514944365","0.67814046266023",2080
57,"Moon3_Perceptual_VA","0.90539594653981","Perceptual","NA","0.6676339443","1.35612629386167",4720
57,"Moon3_Adjusted_VA","0.5417015166301","Adjusted","NA","0.6676339443","0.811375037556041",4720
57,"Moon4_Perceptual_VA","1.3580585962353","Perceptual","NA","0.9636677632","1.40926017046131",3270
57,"Moon4_Adjusted_VA","0.73867915705323","Adjusted","NA","0.9636677632","0.766528865301396",3270
58,"Stick1_Perceptual_VA","NA","Perceptual","NA","NA","NA",6280
58,"Stick1_Adjusted_VA","NA","Adjusted","NA","NA","NA",6280
58,"Stick2_Perceptual_VA","NA","Perceptual","NA","NA","NA",2020
58,"Stick2_Adjusted_VA","NA","Adjusted","NA","NA","NA",2020
58,"Stick3_Perceptual_VA","NA","Perceptual","NA","NA","NA",5027
58,"Stick3_Adjusted_VA","NA","Adjusted","NA","NA","NA",5027
58,"Stick4_Perceptual_VA","NA","Perceptual","NA","NA","NA",3421
58,"Stick4_Adjusted_VA","NA","Adjusted","NA","NA","NA",3421
58,"Lamp1_Perceptual_VA","NA","Perceptual","NA","NA","NA",6280
58,"Lamp1_Adjusted_VA","NA","Adjusted","NA","NA","NA",6280
58,"Lamp2_Perceptual_VA","NA","Perceptual","NA","NA","NA",2020
58,"Lamp2_Adjusted_VA","NA","Adjusted","NA","NA","NA",2020
58,"Lamp3_Perceptual_VA","NA","Perceptual","NA","NA","NA",5027
58,"Lamp3_Adjusted_VA","NA","Adjusted","NA","NA","NA",5027
58,"Lamp4_Perceptual_VA","NA","Perceptual","NA","NA","NA",3421
58,"Lamp4_Adjusted_VA","NA","Adjusted","NA","NA","NA",3421
58,"Lamp1a_Perceptual_VA","1.50218133579795","Perceptual","NA","0.3490994417","4.30301844220324",6670
58,"Lamp1a_Adjusted_VA","0.502139572712056","Adjusted","NA","0.3490994417","1.43838549344794",6670
58,"Lamp2a_Perceptual_VA","2.65469525137005","Perceptual","NA","1.034860968","2.56526754168783",2250
58,"Lamp2a_Adjusted_VA","1.11115604849173","Adjusted","NA","1.034860968","1.07372495712074",2250
58,"Lamp3a_Perceptual_VA","1.8863979298442","Perceptual","NA","0.4761732264","3.96157915913476",4890
58,"Lamp3a_Adjusted_VA","0.507125290925812","Adjusted","NA","0.4761732264","1.06500169016183",4890
58,"Lamp4a_Perceptual_VA","2.65469525137005","Perceptual","NA","0.7208884712","3.68253253787096",3230
58,"Lamp4a_Adjusted_VA","0.72","Adjusted","NA","NA","NA",3230
58,"Moon1_Perceptual_VA","1.50218133579795","Perceptual","NA","0.5200076307","2.88876787014802",6060
58,"Moon1_Adjusted_VA","0.584889336618137","Adjusted","NA","0.5200076307","1.12477068044328",6060
58,"Moon2_Perceptual_VA","2.65469525137005","Perceptual","NA","1.514944365","1.7523384440392",2080
58,"Moon2_Adjusted_VA","1.14587739536697","Adjusted","NA","1.514944365","0.756382492875883",2080
58,"Moon3_Perceptual_VA","1.8863979298442","Perceptual","NA","0.6676339443","2.82549733420467",4720
58,"Moon3_Adjusted_VA","0.625914055632534","Adjusted","NA","0.6676339443","0.937510833558339",4720
58,"Moon4_Perceptual_VA","2.30549463499594","Perceptual","NA","0.9636677632","2.39241647696111",3270
58,"Moon4_Adjusted_VA","0.774691695301452","Adjusted","NA","0.9636677632","0.803899149566833",3270
59,"Stick1_Perceptual_VA","NA","Perceptual","NA","NA","NA",6280
59,"Stick1_Adjusted_VA","NA","Adjusted","NA","NA","NA",6280
59,"Stick2_Perceptual_VA","NA","Perceptual","NA","NA","NA",2020
59,"Stick2_Adjusted_VA","NA","Adjusted","NA","NA","NA",2020
59,"Stick3_Perceptual_VA","NA","Perceptual","NA","NA","NA",5027
59,"Stick3_Adjusted_VA","NA","Adjusted","NA","NA","NA",5027
59,"Stick4_Perceptual_VA","NA","Perceptual","NA","NA","NA",3421
59,"Stick4_Adjusted_VA","NA","Adjusted","NA","NA","NA",3421
59,"Lamp1_Perceptual_VA","NA","Perceptual","NA","NA","NA",6280
59,"Lamp1_Adjusted_VA","NA","Adjusted","NA","NA","NA",6280
59,"Lamp2_Perceptual_VA","NA","Perceptual","NA","NA","NA",2020
59,"Lamp2_Adjusted_VA","NA","Adjusted","NA","NA","NA",2020
59,"Lamp3_Perceptual_VA","NA","Perceptual","NA","NA","NA",5027
59,"Lamp3_Adjusted_VA","NA","Adjusted","NA","NA","NA",5027
59,"Lamp4_Perceptual_VA","NA","Perceptual","NA","NA","NA",3421
59,"Lamp4_Adjusted_VA","NA","Adjusted","NA","NA","NA",3421
59,"Lamp1a_Perceptual_VA","0.714327738540262","Perceptual","NA","0.3490994417","2.04620132035078",6670
59,"Lamp1a_Adjusted_VA","0.395420007456842","Adjusted","NA","0.3490994417","1.13268587750034",6670
59,"Lamp2a_Perceptual_VA","1.21283939314558","Perceptual","NA","1.034860968","1.17198293360078",2250
59,"Lamp2a_Adjusted_VA","1.06310031298248","Adjusted","NA","1.034860968","1.02728805690397",2250
59,"Lamp3a_Perceptual_VA","0.729209168771621","Perceptual","NA","0.4761732264","1.53139472852063",4890
59,"Lamp3a_Adjusted_VA","0.496560314362531","Adjusted","NA","0.4761732264","1.04281443565541",4890
59,"Lamp4a_Perceptual_VA","1.07147425973608","Perceptual","NA","0.7208884712","1.48632458770286",3230
59,"Lamp4a_Adjusted_VA","0.859420578802087","Adjusted","NA","0.7208884712","1.1921685713346",3230
59,"Moon1_Perceptual_VA","NA","Perceptual","NA","NA","NA",6060
59,"Moon1_Adjusted_VA","NA","Adjusted","NA","NA","NA",6060
59,"Moon2_Perceptual_VA","NA","Perceptual","NA","NA","NA",2080
59,"Moon2_Adjusted_VA","NA","Adjusted","NA","NA","NA",2080
59,"Moon3_Perceptual_VA","NA","Perceptual","NA","NA","NA",4720
59,"Moon3_Adjusted_VA","NA","Adjusted","NA","NA","NA",4720
59,"Moon4_Perceptual_VA","NA","Perceptual","NA","NA","NA",3270
59,"Moon4_Adjusted_VA","NA","Adjusted","NA","NA","NA",3270
60,"Stick1_Perceptual_VA","NA","Perceptual","NA","NA","NA",6280
60,"Stick1_Adjusted_VA","NA","Adjusted","NA","NA","NA",6280
60,"Stick2_Perceptual_VA","NA","Perceptual","NA","NA","NA",2020
60,"Stick2_Adjusted_VA","NA","Adjusted","NA","NA","NA",2020
60,"Stick3_Perceptual_VA","NA","Perceptual","NA","NA","NA",5027
60,"Stick3_Adjusted_VA","NA","Adjusted","NA","NA","NA",5027
60,"Stick4_Perceptual_VA","NA","Perceptual","NA","NA","NA",3421
60,"Stick4_Adjusted_VA","NA","Adjusted","NA","NA","NA",3421
60,"Lamp1_Perceptual_VA","NA","Perceptual","NA","NA","NA",6280
60,"Lamp1_Adjusted_VA","NA","Adjusted","NA","NA","NA",6280
60,"Lamp2_Perceptual_VA","NA","Perceptual","NA","NA","NA",2020
60,"Lamp2_Adjusted_VA","NA","Adjusted","NA","NA","NA",2020
60,"Lamp3_Perceptual_VA","NA","Perceptual","NA","NA","NA",5027
60,"Lamp3_Adjusted_VA","NA","Adjusted","NA","NA","NA",5027
60,"Lamp4_Perceptual_VA","NA","Perceptual","NA","NA","NA",3421
60,"Lamp4_Adjusted_VA","NA","Adjusted","NA","NA","NA",3421
60,"Lamp1a_Perceptual_VA","0.774691695301452","Perceptual","NA","0.3490994417","2.2191146784107",6670
60,"Lamp1a_Adjusted_VA","0.417668318844712","Adjusted","NA","0.3490994417","1.19641646177033",6670
60,"Lamp2a_Perceptual_VA","1.53317584763577","Perceptual","NA","1.034860968","1.4815283357327",2250
60,"Lamp2a_Adjusted_VA","1.33138486989719","Adjusted","NA","1.034860968","1.28653501394517",2250
60,"Lamp3a_Perceptual_VA","0.774691695301452","Perceptual","NA","0.4761732264","1.62691149428609",4890
60,"Lamp3a_Adjusted_VA","0.625914055632534","Adjusted","NA","0.4761732264","1.31446713282184",4890
60,"Lamp4a_Perceptual_VA","0.984494805327187","Perceptual","NA","0.7208884712","1.36566867783082",3230
60,"Lamp4a_Adjusted_VA","0.909137095434154","Adjusted","NA","0.7208884712","1.26113418615336",3230
60,"Moon1_Perceptual_VA","NA","Perceptual","NA","NA","NA",6060
60,"Moon1_Adjusted_VA","NA","Adjusted","NA","NA","NA",6060
60,"Moon2_Perceptual_VA","NA","Perceptual","NA","NA","NA",2080
60,"Moon2_Adjusted_VA","NA","Adjusted","NA","NA","NA",2080
60,"Moon3_Perceptual_VA","NA","Perceptual","NA","NA","NA",4720
60,"Moon3_Adjusted_VA","NA","Adjusted","NA","NA","NA",4720
60,"Moon4_Perceptual_VA","NA","Perceptual","NA","NA","NA",3270
60,"Moon4_Adjusted_VA","NA","Adjusted","NA","NA","NA",3270
61,"Stick1_Perceptual_VA","NA","Perceptual","NA","NA","NA",6280
61,"Stick1_Adjusted_VA","NA","Adjusted","NA","NA","NA",6280
61,"Stick2_Perceptual_VA","NA","Perceptual","NA","NA","NA",2020
61,"Stick2_Adjusted_VA","NA","Adjusted","NA","NA","NA",2020
61,"Stick3_Perceptual_VA","NA","Perceptual","NA","NA","NA",5027
61,"Stick3_Adjusted_VA","NA","Adjusted","NA","NA","NA",5027
61,"Stick4_Perceptual_VA","NA","Perceptual","NA","NA","NA",3421
61,"Stick4_Adjusted_VA","NA","Adjusted","NA","NA","NA",3421
61,"Lamp1_Perceptual_VA","NA","Perceptual","NA","NA","NA",6280
61,"Lamp1_Adjusted_VA","NA","Adjusted","NA","NA","NA",6280
61,"Lamp2_Perceptual_VA","NA","Perceptual","NA","NA","NA",2020
61,"Lamp2_Adjusted_VA","NA","Adjusted","NA","NA","NA",2020
61,"Lamp3_Perceptual_VA","NA","Perceptual","NA","NA","NA",5027
61,"Lamp3_Adjusted_VA","NA","Adjusted","NA","NA","NA",5027
61,"Lamp4_Perceptual_VA","NA","Perceptual","NA","NA","NA",3421
61,"Lamp4_Adjusted_VA","NA","Adjusted","NA","NA","NA",3421
61,"Lamp1a_Perceptual_VA","0.756924060046937","Perceptual","9.33938689978227","0.3490994417","2.16821905059763",6670
61,"Lamp1a_Adjusted_VA","0.429716332060364","Adjusted","9.33938689978227","0.3490994417","1.23092815608007",6670
61,"Lamp2a_Perceptual_VA","1.62410203838201","Perceptual","8.65789104668803","1.034860968","1.5693915304592",2250
61,"Lamp2a_Adjusted_VA","1.24220496643375","Adjusted","8.65789104668803","1.034860968","1.20035927998566",2250
61,"Lamp3a_Perceptual_VA","0.975223765849835","Perceptual","6.67404253117732","0.4761732264","2.04804409778096",4890
61,"Lamp3a_Adjusted_VA","0.678357407013856","Adjusted","6.67404253117732","0.4761732264","1.42460216031553",4890
61,"Lamp4a_Perceptual_VA","1.20514265306009","Perceptual","6.77085758304271","0.7208884712","1.67174632582762",3230
61,"Lamp4a_Adjusted_VA","0.895587136067724","Adjusted","6.77085758304271","0.7208884712","1.24233799241777",3230
61,"Moon1_Perceptual_VA","NA","Perceptual","NA","NA","NA",6060
61,"Moon1_Adjusted_VA","NA","Adjusted","NA","NA","NA",6060
61,"Moon2_Perceptual_VA","NA","Perceptual","NA","NA","NA",2080
61,"Moon2_Adjusted_VA","NA","Adjusted","NA","NA","NA",2080
61,"Moon3_Perceptual_VA","NA","Perceptual","NA","NA","NA",4720
61,"Moon3_Adjusted_VA","NA","Adjusted","NA","NA","NA",4720
61,"Moon4_Perceptual_VA","NA","Perceptual","NA","NA","NA",3270
61,"Moon4_Adjusted_VA","NA","Adjusted","NA","NA","NA",3270
62,"Stick1_Perceptual_VA","NA","Perceptual","NA","NA","NA",6280
62,"Stick1_Adjusted_VA","NA","Adjusted","NA","NA","NA",6280
62,"Stick2_Perceptual_VA","NA","Perceptual","NA","NA","NA",2020
62,"Stick2_Adjusted_VA","NA","Adjusted","NA","NA","NA",2020
62,"Stick3_Perceptual_VA","NA","Perceptual","NA","NA","NA",5027
62,"Stick3_Adjusted_VA","NA","Adjusted","NA","NA","NA",5027
62,"Stick4_Perceptual_VA","NA","Perceptual","NA","NA","NA",3421
62,"Stick4_Adjusted_VA","NA","Adjusted","NA","NA","NA",3421
62,"Lamp1_Perceptual_VA","NA","Perceptual","NA","NA","NA",6280
62,"Lamp1_Adjusted_VA","NA","Adjusted","NA","NA","NA",6280
62,"Lamp2_Perceptual_VA","NA","Perceptual","NA","NA","NA",2020
62,"Lamp2_Adjusted_VA","NA","Adjusted","NA","NA","NA",2020
62,"Lamp3_Perceptual_VA","NA","Perceptual","NA","NA","NA",5027
62,"Lamp3_Adjusted_VA","NA","Adjusted","NA","NA","NA",5027
62,"Lamp4_Perceptual_VA","NA","Perceptual","NA","NA","NA",3421
62,"Lamp4_Adjusted_VA","NA","Adjusted","NA","NA","NA",3421
62,"Lamp1a_Perceptual_VA","1.23529765773605","Perceptual","7.04811128024319","0.3490994417","3.53852659208092",6670
62,"Lamp1a_Adjusted_VA","0.425461754207389","Adjusted","7.04811128024319","0.3490994417","1.21874086115844",6670
62,"Lamp2a_Perceptual_VA","2.77590435396964","Perceptual","7.07472984992669","1.034860968","2.68239351932891",2250
62,"Lamp2a_Adjusted_VA","1.10891595452183","Adjusted","7.07472984992669","1.034860968","1.07156032434478",2250
62,"Lamp3a_Perceptual_VA","1.50145863682283","Perceptual","7.27754473618416","0.4761732264","3.15317735979041",4890
62,"Lamp3a_Adjusted_VA","0.48471194666461","Adjusted","7.27754473618416","0.4761732264","1.01793196213312",4890
62,"Lamp4a_Perceptual_VA","1.8384381612317","Perceptual","6.94933973813707","0.7208884712","2.55023937083002",3230
62,"Lamp4a_Adjusted_VA","0.823929533101967","Adjusted","6.94933973813707","0.7208884712","1.14293620444567",3230
62,"Moon1_Perceptual_VA","NA","Perceptual","NA","NA","NA",6060
62,"Moon1_Adjusted_VA","NA","Adjusted","NA","NA","NA",6060
62,"Moon2_Perceptual_VA","NA","Perceptual","NA","NA","NA",2080
62,"Moon2_Adjusted_VA","NA","Adjusted","NA","NA","NA",2080
62,"Moon3_Perceptual_VA","NA","Perceptual","NA","NA","NA",4720
62,"Moon3_Adjusted_VA","NA","Adjusted","NA","NA","NA",4720
62,"Moon4_Perceptual_VA","NA","Perceptual","NA","NA","NA",3270
62,"Moon4_Adjusted_VA","NA","Adjusted","NA","NA","NA",3270
63,"Stick1_Perceptual_VA","NA","Perceptual","NA","NA","NA",6280
63,"Stick1_Adjusted_VA","NA","Adjusted","NA","NA","NA",6280
63,"Stick2_Perceptual_VA","NA","Perceptual","NA","NA","NA",2020
63,"Stick2_Adjusted_VA","NA","Adjusted","NA","NA","NA",2020
63,"Stick3_Perceptual_VA","NA","Perceptual","NA","NA","NA",5027
63,"Stick3_Adjusted_VA","NA","Adjusted","NA","NA","NA",5027
63,"Stick4_Perceptual_VA","NA","Perceptual","NA","NA","NA",3421
63,"Stick4_Adjusted_VA","NA","Adjusted","NA","NA","NA",3421
63,"Lamp1_Perceptual_VA","NA","Perceptual","NA","NA","NA",6280
63,"Lamp1_Adjusted_VA","NA","Adjusted","NA","NA","NA",6280
63,"Lamp2_Perceptual_VA","NA","Perceptual","NA","NA","NA",2020
63,"Lamp2_Adjusted_VA","NA","Adjusted","NA","NA","NA",2020
63,"Lamp3_Perceptual_VA","NA","Perceptual","NA","NA","NA",5027
63,"Lamp3_Adjusted_VA","NA","Adjusted","NA","NA","NA",5027
63,"Lamp4_Perceptual_VA","NA","Perceptual","NA","NA","NA",3421
63,"Lamp4_Adjusted_VA","NA","Adjusted","NA","NA","NA",3421
63,"Lamp1a_Perceptual_VA","0.564272055592532","Perceptual","6.25001091098009","0.3490994417","1.6163648181295",6670
63,"Lamp1a_Adjusted_VA","0.360407747260714","Adjusted","6.25001091098009","0.3490994417","1.03239279188086",6670
63,"Lamp2a_Perceptual_VA","1.31373101549868","Perceptual","6.63599351915877","1.034860968","1.26947585822821",2250
63,"Lamp2a_Adjusted_VA","1.23494955511109","Adjusted","6.63599351915877","1.034860968","1.1933482789459",2250
63,"Lamp3a_Perceptual_VA","0.644570721372708","Perceptual","6.28416623870492","0.4761732264","1.35364755016959",4890
63,"Lamp3a_Adjusted_VA","0.454171483862772","Adjusted","6.28416623870492","0.4761732264","0.95379466690396",4890
63,"Lamp4a_Perceptual_VA","1.04326745830232","Perceptual","6.027645858255","0.7208884712","1.4471967578642",3230
63,"Lamp4a_Adjusted_VA","1.01010174202328","Adjusted","6.027645858255","0.7208884712","1.4011900347662",3230
63,"Moon1_Perceptual_VA","NA","Perceptual","NA","NA","NA",6060
63,"Moon1_Adjusted_VA","NA","Adjusted","NA","NA","NA",6060
63,"Moon2_Perceptual_VA","NA","Perceptual","NA","NA","NA",2080
63,"Moon2_Adjusted_VA","NA","Adjusted","NA","NA","NA",2080
63,"Moon3_Perceptual_VA","NA","Perceptual","NA","NA","NA",4720
63,"Moon3_Adjusted_VA","NA","Adjusted","NA","NA","NA",4720
63,"Moon4_Perceptual_VA","NA","Perceptual","NA","NA","NA",3270
63,"Moon4_Adjusted_VA","NA","Adjusted","NA","NA","NA",3270
64,"Stick1_Perceptual_VA","NA","Perceptual","NA","NA","NA",6280
64,"Stick1_Adjusted_VA","NA","Adjusted","NA","NA","NA",6280
64,"Stick2_Perceptual_VA","NA","Perceptual","NA","NA","NA",2020
64,"Stick2_Adjusted_VA","NA","Adjusted","NA","NA","NA",2020
64,"Stick3_Perceptual_VA","NA","Perceptual","NA","NA","NA",5027
64,"Stick3_Adjusted_VA","NA","Adjusted","NA","NA","NA",5027
64,"Stick4_Perceptual_VA","NA","Perceptual","NA","NA","NA",3421
64,"Stick4_Adjusted_VA","NA","Adjusted","NA","NA","NA",3421
64,"Lamp1_Perceptual_VA","NA","Perceptual","NA","NA","NA",6280
64,"Lamp1_Adjusted_VA","NA","Adjusted","NA","NA","NA",6280
64,"Lamp2_Perceptual_VA","NA","Perceptual","NA","NA","NA",2020
64,"Lamp2_Adjusted_VA","NA","Adjusted","NA","NA","NA",2020
64,"Lamp3_Perceptual_VA","NA","Perceptual","NA","NA","NA",5027
64,"Lamp3_Adjusted_VA","NA","Adjusted","NA","NA","NA",5027
64,"Lamp4_Perceptual_VA","NA","Perceptual","NA","NA","NA",3421
64,"Lamp4_Adjusted_VA","NA","Adjusted","NA","NA","NA",3421
64,"Lamp1a_Perceptual_VA","0.716462067910065","Perceptual","7.32140211648102","0.3490994417","2.05231513525524",6670
64,"Lamp1a_Adjusted_VA","0.519655833333058","Adjusted","7.32140211648102","0.3490994417","1.48856105527555",6670
64,"Lamp2a_Perceptual_VA","2.2224024210706","Perceptual","7.94993675946866","1.034860968","2.14753719561544",2250
64,"Lamp2a_Adjusted_VA","1.83106219380955","Adjusted","7.94993675946866","1.034860968","1.76937989781208",2250
64,"Lamp3a_Perceptual_VA","0.931990796366406","Perceptual","6.96031077074886","0.4761732264","1.95725157294649",4890
64,"Lamp3a_Adjusted_VA","0.84639953212337","Adjusted","6.96031077074886","0.4761732264","1.77750340673788",4890
64,"Lamp4a_Perceptual_VA","1.46115545153287","Perceptual","6.03993957979827","0.7208884712","2.02688142466838",3230
64,"Lamp4a_Adjusted_VA","1.60195238222086","Adjusted","6.03993957979827","0.7208884712","2.22219170678958",3230
64,"Moon1_Perceptual_VA","NA","Perceptual","NA","NA","NA",6060
64,"Moon1_Adjusted_VA","NA","Adjusted","NA","NA","NA",6060
64,"Moon2_Perceptual_VA","NA","Perceptual","NA","NA","NA",2080
64,"Moon2_Adjusted_VA","NA","Adjusted","NA","NA","NA",2080
64,"Moon3_Perceptual_VA","NA","Perceptual","NA","NA","NA",4720
64,"Moon3_Adjusted_VA","NA","Adjusted","NA","NA","NA",4720
64,"Moon4_Perceptual_VA","NA","Perceptual","NA","NA","NA",3270
64,"Moon4_Adjusted_VA","NA","Adjusted","NA","NA","NA",3270
65,"Stick1_Perceptual_VA","NA","Perceptual","NA","NA","NA",6280
65,"Stick1_Adjusted_VA","NA","Adjusted","NA","NA","NA",6280
65,"Stick2_Perceptual_VA","NA","Perceptual","NA","NA","NA",2020
65,"Stick2_Adjusted_VA","NA","Adjusted","NA","NA","NA",2020
65,"Stick3_Perceptual_VA","NA","Perceptual","NA","NA","NA",5027
65,"Stick3_Adjusted_VA","NA","Adjusted","NA","NA","NA",5027
65,"Stick4_Perceptual_VA","NA","Perceptual","NA","NA","NA",3421
65,"Stick4_Adjusted_VA","NA","Adjusted","NA","NA","NA",3421
65,"Lamp1_Perceptual_VA","NA","Perceptual","NA","NA","NA",6280
65,"Lamp1_Adjusted_VA","NA","Adjusted","NA","NA","NA",6280
65,"Lamp2_Perceptual_VA","NA","Perceptual","NA","NA","NA",2020
65,"Lamp2_Adjusted_VA","NA","Adjusted","NA","NA","NA",2020
65,"Lamp3_Perceptual_VA","NA","Perceptual","NA","NA","NA",5027
65,"Lamp3_Adjusted_VA","NA","Adjusted","NA","NA","NA",5027
65,"Lamp4_Perceptual_VA","NA","Perceptual","NA","NA","NA",3421
65,"Lamp4_Adjusted_VA","NA","Adjusted","NA","NA","NA",3421
65,"Lamp1a_Perceptual_VA","0.772338565170127","Perceptual","7.64757688463984","0.3490994417","2.21237410581091",6670
65,"Lamp1a_Adjusted_VA","0.555850217722829","Adjusted","7.64757688463984","0.3490994417","1.59224035139106",6670
65,"Lamp2a_Perceptual_VA","1.81140684305761","Perceptual","7.84941250574802","1.034860968","1.75038666938843",2250
65,"Lamp2a_Adjusted_VA","1.29680643653629","Adjusted","7.84941250574802","1.034860968","1.25312141112301",2250
65,"Lamp3a_Perceptual_VA","0.813752464656205","Perceptual","6.9185513696056","0.4761732264","1.708942081453",4890
65,"Lamp3a_Adjusted_VA","0.545669966136184","Adjusted","6.9185513696056","0.4761732264","1.14594844036402",4890
65,"Lamp4a_Perceptual_VA","1.20091560325611","Perceptual","7.27853927272168","0.7208884712","1.66588265901527",3230
65,"Lamp4a_Adjusted_VA","0.840035854721637","Adjusted","7.27853927272168","0.7208884712","1.16527852543307",3230
65,"Moon1_Perceptual_VA","NA","Perceptual","NA","NA","NA",6060
65,"Moon1_Adjusted_VA","NA","Adjusted","NA","NA","NA",6060
65,"Moon2_Perceptual_VA","NA","Perceptual","NA","NA","NA",2080
65,"Moon2_Adjusted_VA","NA","Adjusted","NA","NA","NA",2080
65,"Moon3_Perceptual_VA","NA","Perceptual","NA","NA","NA",4720
65,"Moon3_Adjusted_VA","NA","Adjusted","NA","NA","NA",4720
65,"Moon4_Perceptual_VA","NA","Perceptual","NA","NA","NA",3270
65,"Moon4_Adjusted_VA","NA","Adjusted","NA","NA","NA",3270
66,"Stick1_Perceptual_VA","NA","Perceptual","NA","NA","NA",6280
66,"Stick1_Adjusted_VA","NA","Adjusted","NA","NA","NA",6280
66,"Stick2_Perceptual_VA","NA","Perceptual","NA","NA","NA",2020
66,"Stick2_Adjusted_VA","NA","Adjusted","NA","NA","NA",2020
66,"Stick3_Perceptual_VA","NA","Perceptual","NA","NA","NA",5027
66,"Stick3_Adjusted_VA","NA","Adjusted","NA","NA","NA",5027
66,"Stick4_Perceptual_VA","NA","Perceptual","NA","NA","NA",3421
66,"Stick4_Adjusted_VA","NA","Adjusted","NA","NA","NA",3421
66,"Lamp1_Perceptual_VA","NA","Perceptual","NA","NA","NA",6280
66,"Lamp1_Adjusted_VA","NA","Adjusted","NA","NA","NA",6280
66,"Lamp2_Perceptual_VA","NA","Perceptual","NA","NA","NA",2020
66,"Lamp2_Adjusted_VA","NA","Adjusted","NA","NA","NA",2020
66,"Lamp3_Perceptual_VA","NA","Perceptual","NA","NA","NA",5027
66,"Lamp3_Adjusted_VA","NA","Adjusted","NA","NA","NA",5027
66,"Lamp4_Perceptual_VA","NA","Perceptual","NA","NA","NA",3421
66,"Lamp4_Adjusted_VA","NA","Adjusted","NA","NA","NA",3421
66,"Lamp1a_Perceptual_VA","1.18030049723867","Perceptual","7.11560007566494","0.3490994417","3.3809864933928",6670
66,"Lamp1a_Adjusted_VA","0.442042397072563","Adjusted","7.11560007566494","0.3490994417","1.26623633346407",6670
66,"Lamp2a_Perceptual_VA","2.3190027832077","Perceptual","7.43357364332652","1.034860968","2.24088341807834",2250
66,"Lamp2a_Adjusted_VA","1.1219681754716","Adjusted","7.43357364332652","1.034860968","1.08417286008955",2250
66,"Lamp3a_Perceptual_VA","1.30612693940679","Perceptual","6.56218175706016","0.4761732264","2.74296593548836",4890
66,"Lamp3a_Adjusted_VA","0.625914055632534","Adjusted","6.56218175706016","0.4761732264","1.31446713282184",4890
66,"Lamp4a_Perceptual_VA","1.51188422710866","Perceptual","6.27592255674091","0.7208884712","2.09725122194278",3230
66,"Lamp4a_Adjusted_VA","0.885626907960644","Adjusted","6.27592255674091","0.7208884712","1.22852139178536",3230
66,"Moon1_Perceptual_VA","NA","Perceptual","NA","NA","NA",6060
66,"Moon1_Adjusted_VA","NA","Adjusted","NA","NA","NA",6060
66,"Moon2_Perceptual_VA","NA","Perceptual","NA","NA","NA",2080
66,"Moon2_Adjusted_VA","NA","Adjusted","NA","NA","NA",2080
66,"Moon3_Perceptual_VA","NA","Perceptual","NA","NA","NA",4720
66,"Moon3_Adjusted_VA","NA","Adjusted","NA","NA","NA",4720
66,"Moon4_Perceptual_VA","NA","Perceptual","NA","NA","NA",3270
66,"Moon4_Adjusted_VA","NA","Adjusted","NA","NA","NA",3270
67,"Stick1_Perceptual_VA","NA","Perceptual","NA","NA","NA",6280
67,"Stick1_Adjusted_VA","NA","Adjusted","NA","NA","NA",6280
67,"Stick2_Perceptual_VA","NA","Perceptual","NA","NA","NA",2020
67,"Stick2_Adjusted_VA","NA","Adjusted","NA","NA","NA",2020
67,"Stick3_Perceptual_VA","NA","Perceptual","NA","NA","NA",5027
67,"Stick3_Adjusted_VA","NA","Adjusted","NA","NA","NA",5027
67,"Stick4_Perceptual_VA","NA","Perceptual","NA","NA","NA",3421
67,"Stick4_Adjusted_VA","NA","Adjusted","NA","NA","NA",3421
67,"Lamp1_Perceptual_VA","NA","Perceptual","NA","NA","NA",6280
67,"Lamp1_Adjusted_VA","NA","Adjusted","NA","NA","NA",6280
67,"Lamp2_Perceptual_VA","NA","Perceptual","NA","NA","NA",2020
67,"Lamp2_Adjusted_VA","NA","Adjusted","NA","NA","NA",2020
67,"Lamp3_Perceptual_VA","NA","Perceptual","NA","NA","NA",5027
67,"Lamp3_Adjusted_VA","NA","Adjusted","NA","NA","NA",5027
67,"Lamp4_Perceptual_VA","NA","Perceptual","NA","NA","NA",3421
67,"Lamp4_Adjusted_VA","NA","Adjusted","NA","NA","NA",3421
67,"Lamp1a_Perceptual_VA","2.19093135923898","Perceptual","8.33188765357948","0.3490994417","6.27595205701236",6670
67,"Lamp1a_Adjusted_VA","0.338052786489691","Adjusted","8.33188765357948","0.3490994417","0.968356709032489",6670
67,"Lamp2a_Perceptual_VA","4.05388273854648","Perceptual","10.2887401479335","1.034860968","3.91732113192087",2250
67,"Lamp2a_Adjusted_VA","1.12558136750325","Adjusted","10.2887401479335","1.034860968","1.08766433589488",2250
67,"Lamp3a_Perceptual_VA","2.747672020903","Perceptual","8.80757991324868","0.4761732264","5.77032027120917",4890
67,"Lamp3a_Adjusted_VA","0.5417015166301","Adjusted","8.80757991324868","0.4761732264","1.1376143945041",4890
67,"Lamp4a_Perceptual_VA","3.16839121769946","Perceptual","9.280860807618","0.7208884712","4.39511983375919",3230
67,"Lamp4a_Adjusted_VA","0.838459858765722","Adjusted","9.280860807618","0.7208884712","1.16309233988721",3230
67,"Moon1_Perceptual_VA","NA","Perceptual","NA","NA","NA",6060
67,"Moon1_Adjusted_VA","NA","Adjusted","NA","NA","NA",6060
67,"Moon2_Perceptual_VA","NA","Perceptual","NA","NA","NA",2080
67,"Moon2_Adjusted_VA","NA","Adjusted","NA","NA","NA",2080
67,"Moon3_Perceptual_VA","NA","Perceptual","NA","NA","NA",4720
67,"Moon3_Adjusted_VA","NA","Adjusted","NA","NA","NA",4720
67,"Moon4_Perceptual_VA","NA","Perceptual","NA","NA","NA",3270
67,"Moon4_Adjusted_VA","NA","Adjusted","NA","NA","NA",3270
68,"Stick1_Perceptual_VA","NA","Perceptual","NA","NA","NA",6280
68,"Stick1_Adjusted_VA","NA","Adjusted","NA","NA","NA",6280
68,"Stick2_Perceptual_VA","NA","Perceptual","NA","NA","NA",2020
68,"Stick2_Adjusted_VA","NA","Adjusted","NA","NA","NA",2020
68,"Stick3_Perceptual_VA","NA","Perceptual","NA","NA","NA",5027
68,"Stick3_Adjusted_VA","NA","Adjusted","NA","NA","NA",5027
68,"Stick4_Perceptual_VA","NA","Perceptual","NA","NA","NA",3421
68,"Stick4_Adjusted_VA","NA","Adjusted","NA","NA","NA",3421
68,"Lamp1_Perceptual_VA","NA","Perceptual","NA","NA","NA",6280
68,"Lamp1_Adjusted_VA","NA","Adjusted","NA","NA","NA",6280
68,"Lamp2_Perceptual_VA","NA","Perceptual","NA","NA","NA",2020
68,"Lamp2_Adjusted_VA","NA","Adjusted","NA","NA","NA",2020
68,"Lamp3_Perceptual_VA","NA","Perceptual","NA","NA","NA",5027
68,"Lamp3_Adjusted_VA","NA","Adjusted","NA","NA","NA",5027
68,"Lamp4_Perceptual_VA","NA","Perceptual","NA","NA","NA",3421
68,"Lamp4_Adjusted_VA","NA","Adjusted","NA","NA","NA",3421
68,"Lamp1a_Perceptual_VA","1.0148064650938","Perceptual","8.53713459197587","0.3490994417","2.90692663429086",6670
68,"Lamp1a_Adjusted_VA","0.486029799142579","Adjusted","8.53713459197587","0.3490994417","1.3922388325108",6670
68,"Lamp2a_Perceptual_VA","1.35731782934087","Perceptual","8.22408749579615","1.034860968","1.31159437964315",2250
68,"Lamp2a_Adjusted_VA","1.18271351797535","Adjusted","8.22408749579615","1.034860968","1.14287189733428",2250
68,"Lamp3a_Perceptual_VA","0.698011015790482","Perceptual","7.16710340093622","0.4761732264","1.4658762338816",4890
68,"Lamp3a_Adjusted_VA","0.651081397318597","Adjusted","7.16710340093622","0.4761732264","1.36732046495128",4890
68,"Lamp4a_Perceptual_VA","0.896146487219218","Perceptual","7.70100792497796","0.7208884712","1.24311391154235",3230
68,"Lamp4a_Adjusted_VA","0.951603528398524","Adjusted","7.70100792497796","0.7208884712","1.32004265072303",3230
68,"Moon1_Perceptual_VA","NA","Perceptual","NA","NA","NA",6060
68,"Moon1_Adjusted_VA","NA","Adjusted","NA","NA","NA",6060
68,"Moon2_Perceptual_VA","NA","Perceptual","NA","NA","NA",2080
68,"Moon2_Adjusted_VA","NA","Adjusted","NA","NA","NA",2080
68,"Moon3_Perceptual_VA","NA","Perceptual","NA","NA","NA",4720
68,"Moon3_Adjusted_VA","NA","Adjusted","NA","NA","NA",4720
68,"Moon4_Perceptual_VA","NA","Perceptual","NA","NA","NA",3270
68,"Moon4_Adjusted_VA","NA","Adjusted","NA","NA","NA",3270
69,"Stick1_Perceptual_VA","NA","Perceptual","NA","NA","NA",6280
69,"Stick1_Adjusted_VA","NA","Adjusted","NA","NA","NA",6280
69,"Stick2_Perceptual_VA","NA","Perceptual","NA","NA","NA",2020
69,"Stick2_Adjusted_VA","NA","Adjusted","NA","NA","NA",2020
69,"Stick3_Perceptual_VA","NA","Perceptual","NA","NA","NA",5027
69,"Stick3_Adjusted_VA","NA","Adjusted","NA","NA","NA",5027
69,"Stick4_Perceptual_VA","NA","Perceptual","NA","NA","NA",3421
69,"Stick4_Adjusted_VA","NA","Adjusted","NA","NA","NA",3421
69,"Lamp1_Perceptual_VA","NA","Perceptual","NA","NA","NA",6280
69,"Lamp1_Adjusted_VA","NA","Adjusted","NA","NA","NA",6280
69,"Lamp2_Perceptual_VA","NA","Perceptual","NA","NA","NA",2020
69,"Lamp2_Adjusted_VA","NA","Adjusted","NA","NA","NA",2020
69,"Lamp3_Perceptual_VA","NA","Perceptual","NA","NA","NA",5027
69,"Lamp3_Adjusted_VA","NA","Adjusted","NA","NA","NA",5027
69,"Lamp4_Perceptual_VA","NA","Perceptual","NA","NA","NA",3421
69,"Lamp4_Adjusted_VA","NA","Adjusted","NA","NA","NA",3421
69,"Lamp1a_Perceptual_VA","1.13797531399819","Perceptual","7.43214215610641","0.3490994417","3.25974544232045",6670
69,"Lamp1a_Adjusted_VA","0.677124058646317","Adjusted","7.43214215610641","0.3490994417","1.93963088382194",6670
69,"Lamp2a_Perceptual_VA","1.46311915685552","Perceptual","8.18984720112296","1.034860968","1.41383161806091",2250
69,"Lamp2a_Adjusted_VA","1.22628390640326","Adjusted","8.18984720112296","1.034860968","1.18497454665162",2250
69,"Lamp3a_Perceptual_VA","0.952305746637953","Perceptual","7.39461194533217","0.4761732264","1.99991451396301",4890
69,"Lamp3a_Adjusted_VA","0.620698207619945","Adjusted","7.39461194533217","0.4761732264","1.30351345520325",4890
69,"Lamp4a_Perceptual_VA","1.22557164918656","Perceptual","8.57085887056133","0.7208884712","1.70008496202812",3230
69,"Lamp4a_Adjusted_VA","0.959804287993453","Adjusted","8.57085887056133","0.7208884712","1.33141855687573",3230
69,"Moon1_Perceptual_VA","NA","Perceptual","NA","NA","NA",6060
69,"Moon1_Adjusted_VA","NA","Adjusted","NA","NA","NA",6060
69,"Moon2_Perceptual_VA","NA","Perceptual","NA","NA","NA",2080
69,"Moon2_Adjusted_VA","NA","Adjusted","NA","NA","NA",2080
69,"Moon3_Perceptual_VA","NA","Perceptual","NA","NA","NA",4720
69,"Moon3_Adjusted_VA","NA","Adjusted","NA","NA","NA",4720
69,"Moon4_Perceptual_VA","NA","Perceptual","NA","NA","NA",3270
69,"Moon4_Adjusted_VA","NA","Adjusted","NA","NA","NA",3270
70,"Stick1_Perceptual_VA","NA","Perceptual","NA","NA","NA",6280
70,"Stick1_Adjusted_VA","NA","Adjusted","NA","NA","NA",6280
70,"Stick2_Perceptual_VA","NA","Perceptual","NA","NA","NA",2020
70,"Stick2_Adjusted_VA","NA","Adjusted","NA","NA","NA",2020
70,"Stick3_Perceptual_VA","NA","Perceptual","NA","NA","NA",5027
70,"Stick3_Adjusted_VA","NA","Adjusted","NA","NA","NA",5027
70,"Stick4_Perceptual_VA","NA","Perceptual","NA","NA","NA",3421
70,"Stick4_Adjusted_VA","NA","Adjusted","NA","NA","NA",3421
70,"Lamp1_Perceptual_VA","NA","Perceptual","NA","NA","NA",6280
70,"Lamp1_Adjusted_VA","NA","Adjusted","NA","NA","NA",6280
70,"Lamp2_Perceptual_VA","NA","Perceptual","NA","NA","NA",2020
70,"Lamp2_Adjusted_VA","NA","Adjusted","NA","NA","NA",2020
70,"Lamp3_Perceptual_VA","NA","Perceptual","NA","NA","NA",5027
70,"Lamp3_Adjusted_VA","NA","Adjusted","NA","NA","NA",5027
70,"Lamp4_Perceptual_VA","NA","Perceptual","NA","NA","NA",3421
70,"Lamp4_Adjusted_VA","NA","Adjusted","NA","NA","NA",3421
70,"Lamp1a_Perceptual_VA","1.43012667340082","Perceptual","7.05365952437476","0.3490994417","4.09661690215423",6670
70,"Lamp1a_Adjusted_VA","0.764973158407671","Adjusted","7.05365952437476","0.3490994417","2.19127580004855",6670
70,"Lamp2a_Perceptual_VA","1.11340521081355","Perceptual","7.97850204370874","1.034860968","1.07589835276651",2250
70,"Lamp2a_Adjusted_VA","0.737460248233488","Adjusted","7.97850204370874","1.034860968","0.712617705215729",2250
70,"Lamp3a_Perceptual_VA","0.755537792457979","Perceptual","7.10186953130127","0.4761732264","1.58668684119444",4890
70,"Lamp3a_Adjusted_VA","0.671023981986672","Adjusted","7.10186953130127","0.4761732264","1.40920140987304",4890
70,"Lamp4a_Perceptual_VA","1.46311915685552","Perceptual","11.2521829815715","0.7208884712","2.02960543178058",3230
70,"Lamp4a_Adjusted_VA","1.34477807499867","Adjusted","11.2521829815715","0.7208884712","1.86544538957619",3230
70,"Moon1_Perceptual_VA","NA","Perceptual","NA","NA","NA",6060
70,"Moon1_Adjusted_VA","NA","Adjusted","NA","NA","NA",6060
70,"Moon2_Perceptual_VA","NA","Perceptual","NA","NA","NA",2080
70,"Moon2_Adjusted_VA","NA","Adjusted","NA","NA","NA",2080
70,"Moon3_Perceptual_VA","NA","Perceptual","NA","NA","NA",4720
70,"Moon3_Adjusted_VA","NA","Adjusted","NA","NA","NA",4720
70,"Moon4_Perceptual_VA","NA","Perceptual","NA","NA","NA",3270
70,"Moon4_Adjusted_VA","NA","Adjusted","NA","NA","NA",3270
71,"Stick1_Perceptual_VA","NA","Perceptual","NA","NA","NA",6280
71,"Stick1_Adjusted_VA","NA","Adjusted","NA","NA","NA",6280
71,"Stick2_Perceptual_VA","NA","Perceptual","NA","NA","NA",2020
71,"Stick2_Adjusted_VA","NA","Adjusted","NA","NA","NA",2020
71,"Stick3_Perceptual_VA","NA","Perceptual","NA","NA","NA",5027
71,"Stick3_Adjusted_VA","NA","Adjusted","NA","NA","NA",5027
71,"Stick4_Perceptual_VA","NA","Perceptual","NA","NA","NA",3421
71,"Stick4_Adjusted_VA","NA","Adjusted","NA","NA","NA",3421
71,"Lamp1_Perceptual_VA","NA","Perceptual","NA","NA","NA",6280
71,"Lamp1_Adjusted_VA","NA","Adjusted","NA","NA","NA",6280
71,"Lamp2_Perceptual_VA","NA","Perceptual","NA","NA","NA",2020
71,"Lamp2_Adjusted_VA","NA","Adjusted","NA","NA","NA",2020
71,"Lamp3_Perceptual_VA","NA","Perceptual","NA","NA","NA",5027
71,"Lamp3_Adjusted_VA","NA","Adjusted","NA","NA","NA",5027
71,"Lamp4_Perceptual_VA","NA","Perceptual","NA","NA","NA",3421
71,"Lamp4_Adjusted_VA","NA","Adjusted","NA","NA","NA",3421
71,"Lamp1a_Perceptual_VA","0.618122746448099","Perceptual","6.37828878319062","0.3490994417","1.77062083926014",6670
71,"Lamp1a_Adjusted_VA","0.532028415534515","Adjusted","6.37828878319062","0.3490994417","1.52400248176769",6670
71,"Lamp2a_Perceptual_VA","1.53317584763577","Perceptual","7.78541218897251","1.034860968","1.4815283357327",2250
71,"Lamp2a_Adjusted_VA","1.20488829708586","Adjusted","7.78541218897251","1.034860968","1.1642996830912",2250
71,"Lamp3a_Perceptual_VA","0.977610561491119","Perceptual","6.94570211542174","0.4761732264","2.05305655020154",4890
71,"Lamp3a_Adjusted_VA","0.557932020904537","Adjusted","6.94570211542174","0.4761732264","1.17169968820518",4890
71,"Lamp4a_Perceptual_VA","1.13797531399819","Perceptual","7.32083362213515","0.7208884712","1.57857332924731",3230
71,"Lamp4a_Adjusted_VA","0.80233353175904","Adjusted","7.32083362213515","0.7208884712","1.11297872529916",3230
71,"Moon1_Perceptual_VA","NA","Perceptual","NA","NA","NA",6060
71,"Moon1_Adjusted_VA","NA","Adjusted","NA","NA","NA",6060
71,"Moon2_Perceptual_VA","NA","Perceptual","NA","NA","NA",2080
71,"Moon2_Adjusted_VA","NA","Adjusted","NA","NA","NA",2080
71,"Moon3_Perceptual_VA","NA","Perceptual","NA","NA","NA",4720
71,"Moon3_Adjusted_VA","NA","Adjusted","NA","NA","NA",4720
71,"Moon4_Perceptual_VA","NA","Perceptual","NA","NA","NA",3270
71,"Moon4_Adjusted_VA","NA","Adjusted","NA","NA","NA",3270
72,"Stick1_Perceptual_VA","NA","Perceptual","NA","NA","NA",6280
72,"Stick1_Adjusted_VA","NA","Adjusted","NA","NA","NA",6280
72,"Stick2_Perceptual_VA","NA","Perceptual","NA","NA","NA",2020
72,"Stick2_Adjusted_VA","NA","Adjusted","NA","NA","NA",2020
72,"Stick3_Perceptual_VA","NA","Perceptual","NA","NA","NA",5027
72,"Stick3_Adjusted_VA","NA","Adjusted","NA","NA","NA",5027
72,"Stick4_Perceptual_VA","NA","Perceptual","NA","NA","NA",3421
72,"Stick4_Adjusted_VA","NA","Adjusted","NA","NA","NA",3421
72,"Lamp1_Perceptual_VA","NA","Perceptual","NA","NA","NA",6280
72,"Lamp1_Adjusted_VA","NA","Adjusted","NA","NA","NA",6280
72,"Lamp2_Perceptual_VA","NA","Perceptual","NA","NA","NA",2020
72,"Lamp2_Adjusted_VA","NA","Adjusted","NA","NA","NA",2020
72,"Lamp3_Perceptual_VA","NA","Perceptual","NA","NA","NA",5027
72,"Lamp3_Adjusted_VA","NA","Adjusted","NA","NA","NA",5027
72,"Lamp4_Perceptual_VA","NA","Perceptual","NA","NA","NA",3421
72,"Lamp4_Adjusted_VA","NA","Adjusted","NA","NA","NA",3421
72,"Lamp1a_Perceptual_VA","0.833378463587148","Perceptual","8.68535461366014","0.3490994417","2.38722370774604",6670
72,"Lamp1a_Adjusted_VA","0.517030229252116","Adjusted","8.68535461366014","0.3490994417","1.48103997741832",6670
72,"Lamp2a_Perceptual_VA","1.28910065694572","Perceptual","6.85756087512233","1.034860968","1.24567521319997",2250
72,"Lamp2a_Adjusted_VA","1.06182189352138","Adjusted","6.85756087512233","1.034860968","1.02605270307323",2250
72,"Lamp3a_Perceptual_VA","0.926545219018122","Perceptual","7.57781679354966","0.4761732264","1.94581544624644",4890
72,"Lamp3a_Adjusted_VA","0.689663093023205","Adjusted","7.57781679354966","0.4761732264","1.44834496100767",4890
72,"Lamp4a_Perceptual_VA","1.03553997349239","Perceptual","7.20455167708937","0.7208884712","1.43647736766912",3230
72,"Lamp4a_Adjusted_VA","1.03908893143435","Adjusted","7.20455167708937","0.7208884712","1.44140040095893",3230
72,"Moon1_Perceptual_VA","NA","Perceptual","NA","NA","NA",6060
72,"Moon1_Adjusted_VA","NA","Adjusted","NA","NA","NA",6060
72,"Moon2_Perceptual_VA","NA","Perceptual","NA","NA","NA",2080
72,"Moon2_Adjusted_VA","NA","Adjusted","NA","NA","NA",2080
72,"Moon3_Perceptual_VA","NA","Perceptual","NA","NA","NA",4720
72,"Moon3_Adjusted_VA","NA","Adjusted","NA","NA","NA",4720
72,"Moon4_Perceptual_VA","NA","Perceptual","NA","NA","NA",3270
72,"Moon4_Adjusted_VA","NA","Adjusted","NA","NA","NA",3270
73,"Stick1_Perceptual_VA","NA","Perceptual","NA","NA","NA",6280
73,"Stick1_Adjusted_VA","NA","Adjusted","NA","NA","NA",6280
73,"Stick2_Perceptual_VA","NA","Perceptual","NA","NA","NA",2020
73,"Stick2_Adjusted_VA","NA","Adjusted","NA","NA","NA",2020
73,"Stick3_Perceptual_VA","NA","Perceptual","NA","NA","NA",5027
73,"Stick3_Adjusted_VA","NA","Adjusted","NA","NA","NA",5027
73,"Stick4_Perceptual_VA","NA","Perceptual","NA","NA","NA",3421
73,"Stick4_Adjusted_VA","NA","Adjusted","NA","NA","NA",3421
73,"Lamp1_Perceptual_VA","NA","Perceptual","NA","NA","NA",6280
73,"Lamp1_Adjusted_VA","NA","Adjusted","NA","NA","NA",6280
73,"Lamp2_Perceptual_VA","NA","Perceptual","NA","NA","NA",2020
73,"Lamp2_Adjusted_VA","NA","Adjusted","NA","NA","NA",2020
73,"Lamp3_Perceptual_VA","NA","Perceptual","NA","NA","NA",5027
73,"Lamp3_Adjusted_VA","NA","Adjusted","NA","NA","NA",5027
73,"Lamp4_Perceptual_VA","NA","Perceptual","NA","NA","NA",3421
73,"Lamp4_Adjusted_VA","NA","Adjusted","NA","NA","NA",3421
73,"Lamp1a_Perceptual_VA","1.00614393022129","Perceptual","6.61139195947292","0.3490994417","2.8821126877823",6670
73,"Lamp1a_Adjusted_VA","0.584187200727894","Adjusted","6.61139195947292","0.3490994417","1.67341201659646",6670
73,"Lamp2a_Perceptual_VA","2.77301224257557","Perceptual","7.83490795817315","1.034860968","2.67959883339185",2250
73,"Lamp2a_Adjusted_VA","1.40367638781734","Adjusted","7.83490795817315","1.034860968","1.35639127498462",2250
73,"Lamp3a_Perceptual_VA","1.18213680506133","Perceptual","7.46207738885428","0.4761732264","2.48257722089628",4890
73,"Lamp3a_Adjusted_VA","0.633904285848674","Adjusted","7.46207738885428","0.4761732264","1.33124722412716",4890
73,"Lamp4a_Perceptual_VA","1.99590916901365","Perceptual","7.73237191139481","0.7208884712","2.76867955134756",3230
73,"Lamp4a_Adjusted_VA","0.961067960553996","Adjusted","7.73237191139481","0.7208884712","1.33317149455059",3230
73,"Moon1_Perceptual_VA","NA","Perceptual","NA","NA","NA",6060
73,"Moon1_Adjusted_VA","NA","Adjusted","NA","NA","NA",6060
73,"Moon2_Perceptual_VA","NA","Perceptual","NA","NA","NA",2080
73,"Moon2_Adjusted_VA","NA","Adjusted","NA","NA","NA",2080
73,"Moon3_Perceptual_VA","NA","Perceptual","NA","NA","NA",4720
73,"Moon3_Adjusted_VA","NA","Adjusted","NA","NA","NA",4720
73,"Moon4_Perceptual_VA","NA","Perceptual","NA","NA","NA",3270
73,"Moon4_Adjusted_VA","NA","Adjusted","NA","NA","NA",3270
74,"Stick1_Perceptual_VA","NA","Perceptual","NA","NA","NA",6280
74,"Stick1_Adjusted_VA","NA","Adjusted","NA","NA","NA",6280
74,"Stick2_Perceptual_VA","NA","Perceptual","NA","NA","NA",2020
74,"Stick2_Adjusted_VA","NA","Adjusted","NA","NA","NA",2020
74,"Stick3_Perceptual_VA","NA","Perceptual","NA","NA","NA",5027
74,"Stick3_Adjusted_VA","NA","Adjusted","NA","NA","NA",5027
74,"Stick4_Perceptual_VA","NA","Perceptual","NA","NA","NA",3421
74,"Stick4_Adjusted_VA","NA","Adjusted","NA","NA","NA",3421
74,"Lamp1_Perceptual_VA","NA","Perceptual","NA","NA","NA",6280
74,"Lamp1_Adjusted_VA","NA","Adjusted","NA","NA","NA",6280
74,"Lamp2_Perceptual_VA","NA","Perceptual","NA","NA","NA",2020
74,"Lamp2_Adjusted_VA","NA","Adjusted","NA","NA","NA",2020
74,"Lamp3_Perceptual_VA","NA","Perceptual","NA","NA","NA",5027
74,"Lamp3_Adjusted_VA","NA","Adjusted","NA","NA","NA",5027
74,"Lamp4_Perceptual_VA","NA","Perceptual","NA","NA","NA",3421
74,"Lamp4_Adjusted_VA","NA","Adjusted","NA","NA","NA",3421
74,"Lamp1a_Perceptual_VA","0.768129714888904","Perceptual","7.18756874136335","0.3490994417","2.20031779812756",6670
74,"Lamp1a_Adjusted_VA","0.551732872573209","Adjusted","7.18756874136335","0.3490994417","1.58044616137583",6670
74,"Lamp2a_Perceptual_VA","NA","Perceptual","6.96297609283182","1.034860968","NA",2250
74,"Lamp2a_Adjusted_VA","1.38634875116186","Adjusted","6.96297609283182","1.034860968","1.33964734783761",2250
74,"Lamp3a_Perceptual_VA","0.932249743207225","Perceptual","11.9685205345546","0.4761732264","1.95779538101142",4890
74,"Lamp3a_Adjusted_VA","0.647684523433837","Adjusted","11.9685205345546","0.4761732264","1.36018677137837",4890
74,"Lamp4a_Perceptual_VA","1.44069515059095","Perceptual","10.7184930101311","0.7208884712","1.99849936314386",3230
74,"Lamp4a_Adjusted_VA","0.920469774871083","Adjusted","10.7184930101311","0.7208884712","1.27685461988157",3230
74,"Moon1_Perceptual_VA","NA","Perceptual","NA","NA","NA",6060
74,"Moon1_Adjusted_VA","NA","Adjusted","NA","NA","NA",6060
74,"Moon2_Perceptual_VA","NA","Perceptual","NA","NA","NA",2080
74,"Moon2_Adjusted_VA","NA","Adjusted","NA","NA","NA",2080
74,"Moon3_Perceptual_VA","NA","Perceptual","NA","NA","NA",4720
74,"Moon3_Adjusted_VA","NA","Adjusted","NA","NA","NA",4720
74,"Moon4_Perceptual_VA","NA","Perceptual","NA","NA","NA",3270
74,"Moon4_Adjusted_VA","NA","Adjusted","NA","NA","NA",3270
75,"Stick1_Perceptual_VA","NA","Perceptual","NA","NA","NA",6280
75,"Stick1_Adjusted_VA","NA","Adjusted","NA","NA","NA",6280
75,"Stick2_Perceptual_VA","NA","Perceptual","NA","NA","NA",2020
75,"Stick2_Adjusted_VA","NA","Adjusted","NA","NA","NA",2020
75,"Stick3_Perceptual_VA","NA","Perceptual","NA","NA","NA",5027
75,"Stick3_Adjusted_VA","NA","Adjusted","NA","NA","NA",5027
75,"Stick4_Perceptual_VA","NA","Perceptual","NA","NA","NA",3421
75,"Stick4_Adjusted_VA","NA","Adjusted","NA","NA","NA",3421
75,"Lamp1_Perceptual_VA","NA","Perceptual","NA","NA","NA",6280
75,"Lamp1_Adjusted_VA","NA","Adjusted","NA","NA","NA",6280
75,"Lamp2_Perceptual_VA","NA","Perceptual","NA","NA","NA",2020
75,"Lamp2_Adjusted_VA","NA","Adjusted","NA","NA","NA",2020
75,"Lamp3_Perceptual_VA","NA","Perceptual","NA","NA","NA",5027
75,"Lamp3_Adjusted_VA","NA","Adjusted","NA","NA","NA",5027
75,"Lamp4_Perceptual_VA","NA","Perceptual","NA","NA","NA",3421
75,"Lamp4_Adjusted_VA","NA","Adjusted","NA","NA","NA",3421
75,"Lamp1a_Perceptual_VA","0.41151487941807","Perceptual","7.27189232976354","0.3490994417","1.1787898525822",6670
75,"Lamp1a_Adjusted_VA","0.337033025301154","Adjusted","7.27189232976354","0.3490994417","0.965435589526907",6670
75,"Lamp2a_Perceptual_VA","0.961474699677829","Perceptual","7.75788299656838","1.034860968","0.92908586699912",2250
75,"Lamp2a_Adjusted_VA","1.03594712630621","Adjusted","7.75788299656838","1.034860968","1.00104956930428",2250
75,"Lamp3a_Perceptual_VA","0.503270503169242","Perceptual","7.22303740455343","0.4761732264","1.05690634262263",4890
75,"Lamp3a_Adjusted_VA","0.557932020904537","Adjusted","7.22303740455343","0.4761732264","1.17169968820518",4890
75,"Lamp4a_Perceptual_VA","0.728519301684818","Perceptual","7.25027408601721","0.7208884712","1.01058531352584",3230
75,"Lamp4a_Adjusted_VA","0.777217786526536","Adjusted","7.25027408601721","0.7208884712","1.07813873792817",3230
75,"Moon1_Perceptual_VA","NA","Perceptual","NA","NA","NA",6060
75,"Moon1_Adjusted_VA","NA","Adjusted","NA","NA","NA",6060
75,"Moon2_Perceptual_VA","NA","Perceptual","NA","NA","NA",2080
75,"Moon2_Adjusted_VA","NA","Adjusted","NA","NA","NA",2080
75,"Moon3_Perceptual_VA","NA","Perceptual","NA","NA","NA",4720
75,"Moon3_Adjusted_VA","NA","Adjusted","NA","NA","NA",4720
75,"Moon4_Perceptual_VA","NA","Perceptual","NA","NA","NA",3270
75,"Moon4_Adjusted_VA","NA","Adjusted","NA","NA","NA",3270
76,"Stick1_Perceptual_VA","NA","Perceptual","NA","NA","NA",6280
76,"Stick1_Adjusted_VA","NA","Adjusted","NA","NA","NA",6280
76,"Stick2_Perceptual_VA","NA","Perceptual","NA","NA","NA",2020
76,"Stick2_Adjusted_VA","NA","Adjusted","NA","NA","NA",2020
76,"Stick3_Perceptual_VA","NA","Perceptual","NA","NA","NA",5027
76,"Stick3_Adjusted_VA","NA","Adjusted","NA","NA","NA",5027
76,"Stick4_Perceptual_VA","NA","Perceptual","NA","NA","NA",3421
76,"Stick4_Adjusted_VA","NA","Adjusted","NA","NA","NA",3421
76,"Lamp1_Perceptual_VA","NA","Perceptual","NA","NA","NA",6280
76,"Lamp1_Adjusted_VA","NA","Adjusted","NA","NA","NA",6280
76,"Lamp2_Perceptual_VA","NA","Perceptual","NA","NA","NA",2020
76,"Lamp2_Adjusted_VA","NA","Adjusted","NA","NA","NA",2020
76,"Lamp3_Perceptual_VA","NA","Perceptual","NA","NA","NA",5027
76,"Lamp3_Adjusted_VA","NA","Adjusted","NA","NA","NA",5027
76,"Lamp4_Perceptual_VA","NA","Perceptual","NA","NA","NA",3421
76,"Lamp4_Adjusted_VA","NA","Adjusted","NA","NA","NA",3421
76,"Lamp1a_Perceptual_VA","1.19729130912842","Perceptual","12.1461877732227","0.3490994417","3.42965690033189",6670
76,"Lamp1a_Adjusted_VA","0.651461028439795","Adjusted","12.1461877732227","0.3490994417","1.86611879201924",6670
76,"Lamp2a_Perceptual_VA","1.42482160884379","Perceptual","9.99929175266461","1.034860968","1.37682418498925",2250
76,"Lamp2a_Adjusted_VA","0.713899837631708","Adjusted","9.99929175266461","1.034860968","0.689850965208795",2250
76,"Lamp3a_Perceptual_VA","1.64236654717519","Perceptual","9.39349012102379","0.4761732264","3.44909469100549",4890
76,"Lamp3a_Adjusted_VA","0.711060213623038","Adjusted","9.39349012102379","0.4761732264","1.49328054203897",4890
76,"Lamp4a_Perceptual_VA","2.55465874937243","Perceptual","10.252009914031","0.7208884712","3.54376419020811",3230
76,"Lamp4a_Adjusted_VA","0.985220609266672","Adjusted","10.252009914031","0.7208884712","1.36667549645601",3230
76,"Moon1_Perceptual_VA","NA","Perceptual","NA","NA","NA",6060
76,"Moon1_Adjusted_VA","NA","Adjusted","NA","NA","NA",6060
76,"Moon2_Perceptual_VA","NA","Perceptual","NA","NA","NA",2080
76,"Moon2_Adjusted_VA","NA","Adjusted","NA","NA","NA",2080
76,"Moon3_Perceptual_VA","NA","Perceptual","NA","NA","NA",4720
76,"Moon3_Adjusted_VA","NA","Adjusted","NA","NA","NA",4720
76,"Moon4_Perceptual_VA","NA","Perceptual","NA","NA","NA",3270
76,"Moon4_Adjusted_VA","NA","Adjusted","NA","NA","NA",3270
77,"Stick1_Perceptual_VA","NA","Perceptual","NA","NA","NA",6280
77,"Stick1_Adjusted_VA","NA","Adjusted","NA","NA","NA",6280
77,"Stick2_Perceptual_VA","NA","Perceptual","NA","NA","NA",2020
77,"Stick2_Adjusted_VA","NA","Adjusted","NA","NA","NA",2020
77,"Stick3_Perceptual_VA","NA","Perceptual","NA","NA","NA",5027
77,"Stick3_Adjusted_VA","NA","Adjusted","NA","NA","NA",5027
77,"Stick4_Perceptual_VA","NA","Perceptual","NA","NA","NA",3421
77,"Stick4_Adjusted_VA","NA","Adjusted","NA","NA","NA",3421
77,"Lamp1_Perceptual_VA","NA","Perceptual","NA","NA","NA",6280
77,"Lamp1_Adjusted_VA","NA","Adjusted","NA","NA","NA",6280
77,"Lamp2_Perceptual_VA","NA","Perceptual","NA","NA","NA",2020
77,"Lamp2_Adjusted_VA","NA","Adjusted","NA","NA","NA",2020
77,"Lamp3_Perceptual_VA","NA","Perceptual","NA","NA","NA",5027
77,"Lamp3_Adjusted_VA","NA","Adjusted","NA","NA","NA",5027
77,"Lamp4_Perceptual_VA","NA","Perceptual","NA","NA","NA",3421
77,"Lamp4_Adjusted_VA","NA","Adjusted","NA","NA","NA",3421
77,"Lamp1a_Perceptual_VA","0.613877479418406","Perceptual","8.15186180324906","0.3490994417","1.7584602153158",6670
77,"Lamp1a_Adjusted_VA","0.404439117236538","Adjusted","8.15186180324906","0.3490994417","1.15852123757933",6670
77,"Lamp2a_Perceptual_VA","0.681252766892765","Perceptual","8.19542914554408","1.034860968","0.658303663930211",2250
77,"Lamp2a_Adjusted_VA","0.847067964212812","Adjusted","8.19542914554408","1.034860968","0.81853310773705",2250
77,"Lamp3a_Perceptual_VA","0.848169766346786","Perceptual","6.57906855139169","0.4761732264","1.78122103327644",4890
77,"Lamp3a_Adjusted_VA","0.542688207749255","Adjusted","6.57906855139169","0.4761732264","1.13968652091619",4890
77,"Lamp4a_Perceptual_VA","1.24251037769931","Perceptual","6.88456064521222","0.7208884712","1.72358197881985",3230
77,"Lamp4a_Adjusted_VA","0.982189309936894","Adjusted","6.88456064521222","0.7208884712","1.36247054735378",3230
77,"Moon1_Perceptual_VA","NA","Perceptual","NA","NA","NA",6060
77,"Moon1_Adjusted_VA","NA","Adjusted","NA","NA","NA",6060
77,"Moon2_Perceptual_VA","NA","Perceptual","NA","NA","NA",2080
77,"Moon2_Adjusted_VA","NA","Adjusted","NA","NA","NA",2080
77,"Moon3_Perceptual_VA","NA","Perceptual","NA","NA","NA",4720
77,"Moon3_Adjusted_VA","NA","Adjusted","NA","NA","NA",4720
77,"Moon4_Perceptual_VA","NA","Perceptual","NA","NA","NA",3270
77,"Moon4_Adjusted_VA","NA","Adjusted","NA","NA","NA",3270
78,"Stick1_Perceptual_VA","NA","Perceptual","NA","NA","NA",6280
78,"Stick1_Adjusted_VA","NA","Adjusted","NA","NA","NA",6280
78,"Stick2_Perceptual_VA","NA","Perceptual","NA","NA","NA",2020
78,"Stick2_Adjusted_VA","NA","Adjusted","NA","NA","NA",2020
78,"Stick3_Perceptual_VA","NA","Perceptual","NA","NA","NA",5027
78,"Stick3_Adjusted_VA","NA","Adjusted","NA","NA","NA",5027
78,"Stick4_Perceptual_VA","NA","Perceptual","NA","NA","NA",3421
78,"Stick4_Adjusted_VA","NA","Adjusted","NA","NA","NA",3421
78,"Lamp1_Perceptual_VA","NA","Perceptual","NA","NA","NA",6280
78,"Lamp1_Adjusted_VA","NA","Adjusted","NA","NA","NA",6280
78,"Lamp2_Perceptual_VA","NA","Perceptual","NA","NA","NA",2020
78,"Lamp2_Adjusted_VA","NA","Adjusted","NA","NA","NA",2020
78,"Lamp3_Perceptual_VA","NA","Perceptual","NA","NA","NA",5027
78,"Lamp3_Adjusted_VA","NA","Adjusted","NA","NA","NA",5027
78,"Lamp4_Perceptual_VA","NA","Perceptual","NA","NA","NA",3421
78,"Lamp4_Adjusted_VA","NA","Adjusted","NA","NA","NA",3421
78,"Lamp1a_Perceptual_VA","0.377135414886068","Perceptual","6.27536019322783","0.3490994417","1.08030941857009",6670
78,"Lamp1a_Adjusted_VA","0.506694067560163","Adjusted","6.27536019322783","0.3490994417","1.45143190459638",6670
78,"Lamp2a_Perceptual_VA","1.55136523787813","Perceptual","7.24851964249385","1.034860968","1.49910498690113",2250
78,"Lamp2a_Adjusted_VA","1.47323886973195","Adjusted","7.24851964249385","1.034860968","1.42361043201695",2250
78,"Lamp3a_Perceptual_VA","1.00983827025102","Perceptual","7.21811690966691","0.4761732264","2.12073719029874",4890
78,"Lamp3a_Adjusted_VA","0.613877479418406","Adjusted","7.21811690966691","0.4761732264","1.28918940709768",4890
78,"Lamp4a_Perceptual_VA","1.34723966878055","Perceptual","6.56028653761112","0.7208884712","1.86886005617195",3230
78,"Lamp4a_Adjusted_VA","1.01745289811155","Adjusted","6.56028653761112","0.7208884712","1.41138739036551",3230
78,"Moon1_Perceptual_VA","NA","Perceptual","NA","NA","NA",6060
78,"Moon1_Adjusted_VA","NA","Adjusted","NA","NA","NA",6060
78,"Moon2_Perceptual_VA","NA","Perceptual","NA","NA","NA",2080
78,"Moon2_Adjusted_VA","NA","Adjusted","NA","NA","NA",2080
78,"Moon3_Perceptual_VA","NA","Perceptual","NA","NA","NA",4720
78,"Moon3_Adjusted_VA","NA","Adjusted","NA","NA","NA",4720
78,"Moon4_Perceptual_VA","NA","Perceptual","NA","NA","NA",3270
78,"Moon4_Adjusted_VA","NA","Adjusted","NA","NA","NA",3270
79,"Stick1_Perceptual_VA","NA","Perceptual","NA","NA","NA",6280
79,"Stick1_Adjusted_VA","NA","Adjusted","NA","NA","NA",6280
79,"Stick2_Perceptual_VA","NA","Perceptual","NA","NA","NA",2020
79,"Stick2_Adjusted_VA","NA","Adjusted","NA","NA","NA",2020
79,"Stick3_Perceptual_VA","NA","Perceptual","NA","NA","NA",5027
79,"Stick3_Adjusted_VA","NA","Adjusted","NA","NA","NA",5027
79,"Stick4_Perceptual_VA","NA","Perceptual","NA","NA","NA",3421
79,"Stick4_Adjusted_VA","NA","Adjusted","NA","NA","NA",3421
79,"Lamp1_Perceptual_VA","NA","Perceptual","NA","NA","NA",6280
79,"Lamp1_Adjusted_VA","NA","Adjusted","NA","NA","NA",6280
79,"Lamp2_Perceptual_VA","NA","Perceptual","NA","NA","NA",2020
79,"Lamp2_Adjusted_VA","NA","Adjusted","NA","NA","NA",2020
79,"Lamp3_Perceptual_VA","NA","Perceptual","NA","NA","NA",5027
79,"Lamp3_Adjusted_VA","NA","Adjusted","NA","NA","NA",5027
79,"Lamp4_Perceptual_VA","NA","Perceptual","NA","NA","NA",3421
79,"Lamp4_Adjusted_VA","NA","Adjusted","NA","NA","NA",3421
79,"Lamp1a_Perceptual_VA","1.20813273333056","Perceptual","7.28545231202694","0.3490994417","3.46071230434327",6670
79,"Lamp1a_Adjusted_VA","0.623881212611789","Adjusted","7.28545231202694","0.3490994417","1.78711604227635",6670
79,"Lamp2a_Perceptual_VA","1.89159680046215","Perceptual","8.43643670501455","1.034860968","1.82787529818416",2250
79,"Lamp2a_Adjusted_VA","1.44993882878154","Adjusted","8.43643670501455","1.034860968","1.40109529068792",2250
79,"Lamp3a_Perceptual_VA","1.20036895395541","Perceptual","7.32740075562752","0.4761732264","2.5208661205724",4890
79,"Lamp3a_Adjusted_VA","0.769633226781237","Adjusted","7.32740075562752","0.4761732264","1.61628832557402",4890
79,"Lamp4a_Perceptual_VA","1.81310033218802","Perceptual","7.21228650568966","0.7208884712","2.51509131387537",3230
79,"Lamp4a_Adjusted_VA","0.968356320961905","Adjusted","7.21228650568966","0.7208884712","1.34328174141829",3230
79,"Moon1_Perceptual_VA","NA","Perceptual","NA","NA","NA",6060
79,"Moon1_Adjusted_VA","NA","Adjusted","NA","NA","NA",6060
79,"Moon2_Perceptual_VA","NA","Perceptual","NA","NA","NA",2080
79,"Moon2_Adjusted_VA","NA","Adjusted","NA","NA","NA",2080
79,"Moon3_Perceptual_VA","NA","Perceptual","NA","NA","NA",4720
79,"Moon3_Adjusted_VA","NA","Adjusted","NA","NA","NA",4720
79,"Moon4_Perceptual_VA","NA","Perceptual","NA","NA","NA",3270
79,"Moon4_Adjusted_VA","NA","Adjusted","NA","NA","NA",3270
80,"Stick1_Perceptual_VA","NA","Perceptual","NA","NA","NA",6280
80,"Stick1_Adjusted_VA","NA","Adjusted","NA","NA","NA",6280
80,"Stick2_Perceptual_VA","NA","Perceptual","NA","NA","NA",2020
80,"Stick2_Adjusted_VA","NA","Adjusted","NA","NA","NA",2020
80,"Stick3_Perceptual_VA","NA","Perceptual","NA","NA","NA",5027
80,"Stick3_Adjusted_VA","NA","Adjusted","NA","NA","NA",5027
80,"Stick4_Perceptual_VA","NA","Perceptual","NA","NA","NA",3421
80,"Stick4_Adjusted_VA","NA","Adjusted","NA","NA","NA",3421
80,"Lamp1_Perceptual_VA","NA","Perceptual","NA","NA","NA",6280
80,"Lamp1_Adjusted_VA","NA","Adjusted","NA","NA","NA",6280
80,"Lamp2_Perceptual_VA","NA","Perceptual","NA","NA","NA",2020
80,"Lamp2_Adjusted_VA","NA","Adjusted","NA","NA","NA",2020
80,"Lamp3_Perceptual_VA","NA","Perceptual","NA","NA","NA",5027
80,"Lamp3_Adjusted_VA","NA","Adjusted","NA","NA","NA",5027
80,"Lamp4_Perceptual_VA","NA","Perceptual","NA","NA","NA",3421
80,"Lamp4_Adjusted_VA","NA","Adjusted","NA","NA","NA",3421
80,"Lamp1a_Perceptual_VA","0.502421828552024","Perceptual","5.4936357319158","0.3490994417","1.43919401906057",6670
80,"Lamp1a_Adjusted_VA","0.494089895732803","Adjusted","5.4936357319158","0.3490994417","1.41532708653657",6670
80,"Lamp2a_Perceptual_VA","1.73333882642822","Perceptual","3.9952119092567","1.034860968","1.67494850035567",2250
80,"Lamp2a_Adjusted_VA","1.13201688257884","Adjusted","3.9952119092567","1.034860968","1.09388306022074",2250
80,"Lamp3a_Perceptual_VA","0.748577425475401","Perceptual","4.31655421032326","0.4761732264","1.57206954102575",4890
80,"Lamp3a_Adjusted_VA","0.721739616717967","Adjusted","4.31655421032326","0.4761732264","1.51570810096678",4890
80,"Lamp4a_Perceptual_VA","1.2010015731634","Perceptual","3.20002988822209","0.7208884712","1.66600191450447",3230
80,"Lamp4a_Adjusted_VA","0.901003771162865","Adjusted","3.20002988822209","0.7208884712","1.24985182473933",3230
80,"Moon1_Perceptual_VA","NA","Perceptual","NA","NA","NA",6060
80,"Moon1_Adjusted_VA","NA","Adjusted","NA","NA","NA",6060
80,"Moon2_Perceptual_VA","NA","Perceptual","NA","NA","NA",2080
80,"Moon2_Adjusted_VA","NA","Adjusted","NA","NA","NA",2080
80,"Moon3_Perceptual_VA","NA","Perceptual","NA","NA","NA",4720
80,"Moon3_Adjusted_VA","NA","Adjusted","NA","NA","NA",4720
80,"Moon4_Perceptual_VA","NA","Perceptual","NA","NA","NA",3270
80,"Moon4_Adjusted_VA","NA","Adjusted","NA","NA","NA",3270
81,"Stick1_Perceptual_VA","NA","Perceptual","NA","NA","NA",6280
81,"Stick1_Adjusted_VA","NA","Adjusted","NA","NA","NA",6280
81,"Stick2_Perceptual_VA","NA","Perceptual","NA","NA","NA",2020
81,"Stick2_Adjusted_VA","NA","Adjusted","NA","NA","NA",2020
81,"Stick3_Perceptual_VA","NA","Perceptual","NA","NA","NA",5027
81,"Stick3_Adjusted_VA","NA","Adjusted","NA","NA","NA",5027
81,"Stick4_Perceptual_VA","NA","Perceptual","NA","NA","NA",3421
81,"Stick4_Adjusted_VA","NA","Adjusted","NA","NA","NA",3421
81,"Lamp1_Perceptual_VA","NA","Perceptual","NA","NA","NA",6280
81,"Lamp1_Adjusted_VA","NA","Adjusted","NA","NA","NA",6280
81,"Lamp2_Perceptual_VA","NA","Perceptual","NA","NA","NA",2020
81,"Lamp2_Adjusted_VA","NA","Adjusted","NA","NA","NA",2020
81,"Lamp3_Perceptual_VA","NA","Perceptual","NA","NA","NA",5027
81,"Lamp3_Adjusted_VA","NA","Adjusted","NA","NA","NA",5027
81,"Lamp4_Perceptual_VA","NA","Perceptual","NA","NA","NA",3421
81,"Lamp4_Adjusted_VA","NA","Adjusted","NA","NA","NA",3421
81,"Lamp1a_Perceptual_VA","1.35731782934087","Perceptual","6.93082548283899","0.3490994417","3.88805499868799",6670
81,"Lamp1a_Adjusted_VA","0.809600804879764","Adjusted","6.93082548283899","0.3490994417","2.3191122877117",6670
81,"Lamp2a_Perceptual_VA","1.60806579228771","Perceptual","6.92423058462116","1.034860968","1.55389549129049",2250
81,"Lamp2a_Adjusted_VA","1.59421448277288","Adjusted","6.92423058462116","1.034860968","1.54051078557336",2250
81,"Lamp3a_Perceptual_VA","0.900765609214318","Perceptual","8.72008714434351","0.4761732264","1.89167630449186",4890
81,"Lamp3a_Adjusted_VA","0.964178066296559","Adjusted","8.72008714434351","0.4761732264","2.02484728842486",4890
81,"Lamp4a_Perceptual_VA","1.07426439401823","Perceptual","8.06668615909847","0.7208884712","1.49019499816663",3230
81,"Lamp4a_Adjusted_VA","0.951856872318167","Adjusted","8.06668615909847","0.7208884712","1.3203940836142",3230
81,"Moon1_Perceptual_VA","NA","Perceptual","NA","NA","NA",6060
81,"Moon1_Adjusted_VA","NA","Adjusted","NA","NA","NA",6060
81,"Moon2_Perceptual_VA","NA","Perceptual","NA","NA","NA",2080
81,"Moon2_Adjusted_VA","NA","Adjusted","NA","NA","NA",2080
81,"Moon3_Perceptual_VA","NA","Perceptual","NA","NA","NA",4720
81,"Moon3_Adjusted_VA","NA","Adjusted","NA","NA","NA",4720
81,"Moon4_Perceptual_VA","NA","Perceptual","NA","NA","NA",3270
81,"Moon4_Adjusted_VA","NA","Adjusted","NA","NA","NA",3270
82,"Stick1_Perceptual_VA","NA","Perceptual","NA","NA","NA",6280
82,"Stick1_Adjusted_VA","NA","Adjusted","NA","NA","NA",6280
82,"Stick2_Perceptual_VA","NA","Perceptual","NA","NA","NA",2020
82,"Stick2_Adjusted_VA","NA","Adjusted","NA","NA","NA",2020
82,"Stick3_Perceptual_VA","NA","Perceptual","NA","NA","NA",5027
82,"Stick3_Adjusted_VA","NA","Adjusted","NA","NA","NA",5027
82,"Stick4_Perceptual_VA","NA","Perceptual","NA","NA","NA",3421
82,"Stick4_Adjusted_VA","NA","Adjusted","NA","NA","NA",3421
82,"Lamp1_Perceptual_VA","NA","Perceptual","NA","NA","NA",6280
82,"Lamp1_Adjusted_VA","NA","Adjusted","NA","NA","NA",6280
82,"Lamp2_Perceptual_VA","NA","Perceptual","NA","NA","NA",2020
82,"Lamp2_Adjusted_VA","NA","Adjusted","NA","NA","NA",2020
82,"Lamp3_Perceptual_VA","NA","Perceptual","NA","NA","NA",5027
82,"Lamp3_Adjusted_VA","NA","Adjusted","NA","NA","NA",5027
82,"Lamp4_Perceptual_VA","NA","Perceptual","NA","NA","NA",3421
82,"Lamp4_Adjusted_VA","NA","Adjusted","NA","NA","NA",3421
82,"Lamp1a_Perceptual_VA","0.554195927432813","Perceptual","5.94558762058901","0.3490994417","1.58750161482373",6670
82,"Lamp1a_Adjusted_VA","0.383939353860724","Adjusted","5.94558762058901","0.3490994417","1.09979939237676",6670
82,"Lamp2a_Perceptual_VA","1.1555059671712","Perceptual","6.70193772315835","1.034860968","1.11658087695042",2250
82,"Lamp2a_Adjusted_VA","1.22199652606329","Adjusted","6.70193772315835","1.034860968","1.1808315936632",2250
82,"Lamp3a_Perceptual_VA","0.642101153543711","Perceptual","6.82546158984465","0.4761732264","1.34846126985797",4890
82,"Lamp3a_Adjusted_VA","0.588482148252502","Adjusted","6.82546158984465","0.4761732264","1.23585727971644",4890
82,"Lamp4a_Perceptual_VA","1.06229253229552","Perceptual","6.76145460530144","0.7208884712","1.47358790539015",3230
82,"Lamp4a_Adjusted_VA","0.85408276108957","Adjusted","6.76145460530144","0.7208884712","1.18476407268361",3230
82,"Moon1_Perceptual_VA","NA","Perceptual","NA","NA","NA",6060
82,"Moon1_Adjusted_VA","NA","Adjusted","NA","NA","NA",6060
82,"Moon2_Perceptual_VA","NA","Perceptual","NA","NA","NA",2080
82,"Moon2_Adjusted_VA","NA","Adjusted","NA","NA","NA",2080
82,"Moon3_Perceptual_VA","NA","Perceptual","NA","NA","NA",4720
82,"Moon3_Adjusted_VA","NA","Adjusted","NA","NA","NA",4720
82,"Moon4_Perceptual_VA","NA","Perceptual","NA","NA","NA",3270
82,"Moon4_Adjusted_VA","NA","Adjusted","NA","NA","NA",3270
83,"Stick1_Perceptual_VA","NA","Perceptual","NA","NA","NA",6280
83,"Stick1_Adjusted_VA","NA","Adjusted","NA","NA","NA",6280
83,"Stick2_Perceptual_VA","NA","Perceptual","NA","NA","NA",2020
83,"Stick2_Adjusted_VA","NA","Adjusted","NA","NA","NA",2020
83,"Stick3_Perceptual_VA","NA","Perceptual","NA","NA","NA",5027
83,"Stick3_Adjusted_VA","NA","Adjusted","NA","NA","NA",5027
83,"Stick4_Perceptual_VA","NA","Perceptual","NA","NA","NA",3421
83,"Stick4_Adjusted_VA","NA","Adjusted","NA","NA","NA",3421
83,"Lamp1_Perceptual_VA","NA","Perceptual","NA","NA","NA",6280
83,"Lamp1_Adjusted_VA","NA","Adjusted","NA","NA","NA",6280
83,"Lamp2_Perceptual_VA","NA","Perceptual","NA","NA","NA",2020
83,"Lamp2_Adjusted_VA","NA","Adjusted","NA","NA","NA",2020
83,"Lamp3_Perceptual_VA","NA","Perceptual","NA","NA","NA",5027
83,"Lamp3_Adjusted_VA","NA","Adjusted","NA","NA","NA",5027
83,"Lamp4_Perceptual_VA","NA","Perceptual","NA","NA","NA",3421
83,"Lamp4_Adjusted_VA","NA","Adjusted","NA","NA","NA",3421
83,"Lamp1a_Perceptual_VA","1.11190475895546","Perceptual","5.18595142795698","0.3490994417","3.1850659901971",6670
83,"Lamp1a_Adjusted_VA","0.639345411914623","Adjusted","5.18595142795698","0.3490994417","1.83141344712905",6670
83,"Lamp2a_Perceptual_VA","2.29152567635021","Perceptual","7.43125976931286","1.034860968","2.21433192207343",2250
83,"Lamp2a_Adjusted_VA","1.34677519327074","Adjusted","7.43125976931286","1.034860968","1.30140688934626",2250
83,"Lamp3a_Perceptual_VA","1.50978754313405","Perceptual","6.20098289961556","0.4761732264","3.17066869665995",4890
83,"Lamp3a_Adjusted_VA","0.635632328982125","Adjusted","6.20098289961556","0.4761732264","1.33487624616714",4890
83,"Lamp4a_Perceptual_VA","1.96298822875747","Perceptual","6.37637751379807","0.7208884712","2.72301237595027",3230
83,"Lamp4a_Adjusted_VA","0.846199208156729","Adjusted","6.37637751379807","0.7208884712","1.17382818835781",3230
83,"Moon1_Perceptual_VA","NA","Perceptual","NA","NA","NA",6060
83,"Moon1_Adjusted_VA","NA","Adjusted","NA","NA","NA",6060
83,"Moon2_Perceptual_VA","NA","Perceptual","NA","NA","NA",2080
83,"Moon2_Adjusted_VA","NA","Adjusted","NA","NA","NA",2080
83,"Moon3_Perceptual_VA","NA","Perceptual","NA","NA","NA",4720
83,"Moon3_Adjusted_VA","NA","Adjusted","NA","NA","NA",4720
83,"Moon4_Perceptual_VA","NA","Perceptual","NA","NA","NA",3270
83,"Moon4_Adjusted_VA","NA","Adjusted","NA","NA","NA",3270
84,"Stick1_Perceptual_VA","NA","Perceptual","NA","NA","NA",6280
84,"Stick1_Adjusted_VA","NA","Adjusted","NA","NA","NA",6280
84,"Stick2_Perceptual_VA","NA","Perceptual","NA","NA","NA",2020
84,"Stick2_Adjusted_VA","NA","Adjusted","NA","NA","NA",2020
84,"Stick3_Perceptual_VA","NA","Perceptual","NA","NA","NA",5027
84,"Stick3_Adjusted_VA","NA","Adjusted","NA","NA","NA",5027
84,"Stick4_Perceptual_VA","NA","Perceptual","NA","NA","NA",3421
84,"Stick4_Adjusted_VA","NA","Adjusted","NA","NA","NA",3421
84,"Lamp1_Perceptual_VA","NA","Perceptual","NA","NA","NA",6280
84,"Lamp1_Adjusted_VA","NA","Adjusted","NA","NA","NA",6280
84,"Lamp2_Perceptual_VA","NA","Perceptual","NA","NA","NA",2020
84,"Lamp2_Adjusted_VA","NA","Adjusted","NA","NA","NA",2020
84,"Lamp3_Perceptual_VA","NA","Perceptual","NA","NA","NA",5027
84,"Lamp3_Adjusted_VA","NA","Adjusted","NA","NA","NA",5027
84,"Lamp4_Perceptual_VA","NA","Perceptual","NA","NA","NA",3421
84,"Lamp4_Adjusted_VA","NA","Adjusted","NA","NA","NA",3421
84,"Lamp1a_Perceptual_VA","1.87636519780742","Perceptual","8.03492088980846","0.3490994417","5.37487309824998",6670
84,"Lamp1a_Adjusted_VA","0.669683305286759","Adjusted","8.03492088980846","0.3490994417","1.91831674672873",6670
84,"Lamp2a_Perceptual_VA","2.13058922935635","Perceptual","7.19666133876573","1.034860968","2.05881687998532",2250
84,"Lamp2a_Adjusted_VA","1.23277168176084","Adjusted","7.19666133876573","1.034860968","1.19124377078723",2250
84,"Lamp3a_Perceptual_VA","1.67816238887266","Perceptual","6.70315498766454","0.4761732264","3.52426868171489",4890
84,"Lamp3a_Adjusted_VA","0.950844305128317","Adjusted","6.70315498766454","0.4761732264","1.99684537561459",4890
84,"Lamp4a_Perceptual_VA","1.91753981952618","Perceptual","5.80387298502342","0.7208884712","2.65996738210311",3230
84,"Lamp4a_Adjusted_VA","1.17777326536039","Adjusted","5.80387298502342","0.7208884712","1.63378013716859",3230
84,"Moon1_Perceptual_VA","NA","Perceptual","NA","NA","NA",6060
84,"Moon1_Adjusted_VA","NA","Adjusted","NA","NA","NA",6060
84,"Moon2_Perceptual_VA","NA","Perceptual","NA","NA","NA",2080
84,"Moon2_Adjusted_VA","NA","Adjusted","NA","NA","NA",2080
84,"Moon3_Perceptual_VA","NA","Perceptual","NA","NA","NA",4720
84,"Moon3_Adjusted_VA","NA","Adjusted","NA","NA","NA",4720
84,"Moon4_Perceptual_VA","NA","Perceptual","NA","NA","NA",3270
84,"Moon4_Adjusted_VA","NA","Adjusted","NA","NA","NA",3270
85,"Stick1_Perceptual_VA","NA","Perceptual","NA","NA","NA",6280
85,"Stick1_Adjusted_VA","NA","Adjusted","NA","NA","NA",6280
85,"Stick2_Perceptual_VA","NA","Perceptual","NA","NA","NA",2020
85,"Stick2_Adjusted_VA","NA","Adjusted","NA","NA","NA",2020
85,"Stick3_Perceptual_VA","NA","Perceptual","NA","NA","NA",5027
85,"Stick3_Adjusted_VA","NA","Adjusted","NA","NA","NA",5027
85,"Stick4_Perceptual_VA","NA","Perceptual","NA","NA","NA",3421
85,"Stick4_Adjusted_VA","NA","Adjusted","NA","NA","NA",3421
85,"Lamp1_Perceptual_VA","NA","Perceptual","NA","NA","NA",6280
85,"Lamp1_Adjusted_VA","NA","Adjusted","NA","NA","NA",6280
85,"Lamp2_Perceptual_VA","NA","Perceptual","NA","NA","NA",2020
85,"Lamp2_Adjusted_VA","NA","Adjusted","NA","NA","NA",2020
85,"Lamp3_Perceptual_VA","NA","Perceptual","NA","NA","NA",5027
85,"Lamp3_Adjusted_VA","NA","Adjusted","NA","NA","NA",5027
85,"Lamp4_Perceptual_VA","NA","Perceptual","NA","NA","NA",3421
85,"Lamp4_Adjusted_VA","NA","Adjusted","NA","NA","NA",3421
85,"Lamp1a_Perceptual_VA","0.543678499849975","Perceptual","6.836400629929","0.3490994417","1.55737430344328",6670
85,"Lamp1a_Adjusted_VA","0.440734592246325","Adjusted","6.836400629929","0.3490994417","1.26249010912218",6670
85,"Lamp2a_Perceptual_VA","1.388477722863","Perceptual","8.51725926702824","1.034860968","1.34170460167843",2250
85,"Lamp2a_Adjusted_VA","1.3750327092782","Adjusted","8.51725926702824","1.034860968","1.3287125051548",2250
85,"Lamp3a_Perceptual_VA","0.718057812107842","Perceptual","7.22908107024097","0.4761732264","1.50797603119469",4890
85,"Lamp3a_Adjusted_VA","0.712079872210953","Adjusted","7.22908107024097","0.4761732264","1.49542190264344",4890
85,"Lamp4a_Perceptual_VA","1.01856480995505","Perceptual","7.9323204964782","0.7208884712","1.41292980904457",3230
85,"Lamp4a_Adjusted_VA","0.770517836025137","Adjusted","7.9323204964782","0.7208884712","1.06884471982542",3230
85,"Moon1_Perceptual_VA","NA","Perceptual","NA","NA","NA",6060
85,"Moon1_Adjusted_VA","NA","Adjusted","NA","NA","NA",6060
85,"Moon2_Perceptual_VA","NA","Perceptual","NA","NA","NA",2080
85,"Moon2_Adjusted_VA","NA","Adjusted","NA","NA","NA",2080
85,"Moon3_Perceptual_VA","NA","Perceptual","NA","NA","NA",4720
85,"Moon3_Adjusted_VA","NA","Adjusted","NA","NA","NA",4720
85,"Moon4_Perceptual_VA","NA","Perceptual","NA","NA","NA",3270
85,"Moon4_Adjusted_VA","NA","Adjusted","NA","NA","NA",3270
86,"Stick1_Perceptual_VA","NA","Perceptual","NA","NA","NA",6280
86,"Stick1_Adjusted_VA","NA","Adjusted","NA","NA","NA",6280
86,"Stick2_Perceptual_VA","NA","Perceptual","NA","NA","NA",2020
86,"Stick2_Adjusted_VA","NA","Adjusted","NA","NA","NA",2020
86,"Stick3_Perceptual_VA","NA","Perceptual","NA","NA","NA",5027
86,"Stick3_Adjusted_VA","NA","Adjusted","NA","NA","NA",5027
86,"Stick4_Perceptual_VA","NA","Perceptual","NA","NA","NA",3421
86,"Stick4_Adjusted_VA","NA","Adjusted","NA","NA","NA",3421
86,"Lamp1_Perceptual_VA","NA","Perceptual","NA","NA","NA",6280
86,"Lamp1_Adjusted_VA","NA","Adjusted","NA","NA","NA",6280
86,"Lamp2_Perceptual_VA","NA","Perceptual","NA","NA","NA",2020
86,"Lamp2_Adjusted_VA","NA","Adjusted","NA","NA","NA",2020
86,"Lamp3_Perceptual_VA","NA","Perceptual","NA","NA","NA",5027
86,"Lamp3_Adjusted_VA","NA","Adjusted","NA","NA","NA",5027
86,"Lamp4_Perceptual_VA","NA","Perceptual","NA","NA","NA",3421
86,"Lamp4_Adjusted_VA","NA","Adjusted","NA","NA","NA",3421
86,"Lamp1a_Perceptual_VA","2.86419236832929","Perceptual","8.87856007752583","0.3490994417","8.20451718393365",6670
86,"Lamp1a_Adjusted_VA","3.36774577874455","Adjusted","8.87856007752583","0.3490994417","9.64695263431168",6670
86,"Lamp2a_Perceptual_VA","2.28403901685738","Perceptual","10.2437370012943","1.034860968","2.20709746283269",2250
86,"Lamp2a_Adjusted_VA","2.86419236832929","Adjusted","10.2437370012943","1.034860968","2.76770740891379",2250
86,"Lamp3a_Perceptual_VA","2.28777622248284","Perceptual","8.91463462084577","0.4761732264","4.8045041082613",4890
86,"Lamp3a_Adjusted_VA","2.11769626021812","Adjusted","8.91463462084577","0.4761732264","4.44732324878592",4890
86,"Lamp4a_Perceptual_VA","2.10550534971804","Perceptual","9.23747359393428","0.7208884712","2.92070886667558",3230
86,"Lamp4a_Adjusted_VA","2.52907441526102","Adjusted","9.23747359393428","0.7208884712","3.50827418706127",3230
86,"Moon1_Perceptual_VA","NA","Perceptual","NA","NA","NA",6060
86,"Moon1_Adjusted_VA","NA","Adjusted","NA","NA","NA",6060
86,"Moon2_Perceptual_VA","NA","Perceptual","NA","NA","NA",2080
86,"Moon2_Adjusted_VA","NA","Adjusted","NA","NA","NA",2080
86,"Moon3_Perceptual_VA","NA","Perceptual","NA","NA","NA",4720
86,"Moon3_Adjusted_VA","NA","Adjusted","NA","NA","NA",4720
86,"Moon4_Perceptual_VA","NA","Perceptual","NA","NA","NA",3270
86,"Moon4_Adjusted_VA","NA","Adjusted","NA","NA","NA",3270
87,"Stick1_Perceptual_VA","NA","Perceptual","NA","NA","NA",6280
87,"Stick1_Adjusted_VA","NA","Adjusted","NA","NA","NA",6280
87,"Stick2_Perceptual_VA","NA","Perceptual","NA","NA","NA",2020
87,"Stick2_Adjusted_VA","NA","Adjusted","NA","NA","NA",2020
87,"Stick3_Perceptual_VA","NA","Perceptual","NA","NA","NA",5027
87,"Stick3_Adjusted_VA","NA","Adjusted","NA","NA","NA",5027
87,"Stick4_Perceptual_VA","NA","Perceptual","NA","NA","NA",3421
87,"Stick4_Adjusted_VA","NA","Adjusted","NA","NA","NA",3421
87,"Lamp1_Perceptual_VA","NA","Perceptual","NA","NA","NA",6280
87,"Lamp1_Adjusted_VA","NA","Adjusted","NA","NA","NA",6280
87,"Lamp2_Perceptual_VA","NA","Perceptual","NA","NA","NA",2020
87,"Lamp2_Adjusted_VA","NA","Adjusted","NA","NA","NA",2020
87,"Lamp3_Perceptual_VA","NA","Perceptual","NA","NA","NA",5027
87,"Lamp3_Adjusted_VA","NA","Adjusted","NA","NA","NA",5027
87,"Lamp4_Perceptual_VA","NA","Perceptual","NA","NA","NA",3421
87,"Lamp4_Adjusted_VA","NA","Adjusted","NA","NA","NA",3421
87,"Lamp1a_Perceptual_VA","1.65684010658502","Perceptual","7.88735410599954","0.3490994417","4.74604055084348",6670
87,"Lamp1a_Adjusted_VA","0.521835276781503","Adjusted","7.88735410599954","0.3490994417","1.4948041000591",6670
87,"Lamp2a_Perceptual_VA","2.47479284305571","Perceptual","8.04854876362135","1.034860968","2.39142543740785",2250
87,"Lamp2a_Adjusted_VA","1.39515762733533","Adjusted","8.04854876362135","1.034860968","1.34815948274835",2250
87,"Lamp3a_Perceptual_VA","1.95514241782868","Perceptual","7.03152660310789","0.4761732264","4.10594781359315",4890
87,"Lamp3a_Adjusted_VA","0.669817131836091","Adjusted","7.03152660310789","0.4761732264","1.4066669327465",4890
87,"Lamp4a_Perceptual_VA","2.25094557910675","Perceptual","6.97251147632089","0.7208884712","3.12246022655876",3230
87,"Lamp4a_Adjusted_VA","0.771071750177838","Adjusted","6.97251147632089","0.7208884712","1.06961309686962",3230
87,"Moon1_Perceptual_VA","NA","Perceptual","NA","NA","NA",6060
87,"Moon1_Adjusted_VA","NA","Adjusted","NA","NA","NA",6060
87,"Moon2_Perceptual_VA","NA","Perceptual","NA","NA","NA",2080
87,"Moon2_Adjusted_VA","NA","Adjusted","NA","NA","NA",2080
87,"Moon3_Perceptual_VA","NA","Perceptual","NA","NA","NA",4720
87,"Moon3_Adjusted_VA","NA","Adjusted","NA","NA","NA",4720
87,"Moon4_Perceptual_VA","NA","Perceptual","NA","NA","NA",3270
87,"Moon4_Adjusted_VA","NA","Adjusted","NA","NA","NA",3270
88,"Stick1_Perceptual_VA","NA","Perceptual","NA","NA","NA",6280
88,"Stick1_Adjusted_VA","NA","Adjusted","NA","NA","NA",6280
88,"Stick2_Perceptual_VA","NA","Perceptual","NA","NA","NA",2020
88,"Stick2_Adjusted_VA","NA","Adjusted","NA","NA","NA",2020
88,"Stick3_Perceptual_VA","NA","Perceptual","NA","NA","NA",5027
88,"Stick3_Adjusted_VA","NA","Adjusted","NA","NA","NA",5027
88,"Stick4_Perceptual_VA","NA","Perceptual","NA","NA","NA",3421
88,"Stick4_Adjusted_VA","NA","Adjusted","NA","NA","NA",3421
88,"Lamp1_Perceptual_VA","NA","Perceptual","NA","NA","NA",6280
88,"Lamp1_Adjusted_VA","NA","Adjusted","NA","NA","NA",6280
88,"Lamp2_Perceptual_VA","NA","Perceptual","NA","NA","NA",2020
88,"Lamp2_Adjusted_VA","NA","Adjusted","NA","NA","NA",2020
88,"Lamp3_Perceptual_VA","NA","Perceptual","NA","NA","NA",5027
88,"Lamp3_Adjusted_VA","NA","Adjusted","NA","NA","NA",5027
88,"Lamp4_Perceptual_VA","NA","Perceptual","NA","NA","NA",3421
88,"Lamp4_Adjusted_VA","NA","Adjusted","NA","NA","NA",3421
88,"Lamp1a_Perceptual_VA","1.22771972621866","Perceptual","7.45061058228215","0.3490994417","3.51681950632766",6670
88,"Lamp1a_Adjusted_VA","0.570623981815573","Adjusted","7.45061058228215","0.3490994417","1.63455999538934",6670
88,"Lamp2a_Perceptual_VA","3.0988521247398","Perceptual","8.95540974343661","1.034860968","2.99446227132203",2250
88,"Lamp2a_Adjusted_VA","1.12249365388949","Adjusted","8.95540974343661","1.034860968","1.08468063691575",2250
88,"Lamp3a_Perceptual_VA","1.98028396965213","Perceptual","8.42764580892129","0.4761732264","4.15874698504916",4890
88,"Lamp3a_Adjusted_VA","0.597064844334641","Adjusted","8.42764580892129","0.4761732264","1.2538815944118",4890
88,"Lamp4a_Perceptual_VA","2.20828429091226","Perceptual","8.33732209100009","0.7208884712","3.06328146327035",3230
88,"Lamp4a_Adjusted_VA","0.82835828681866","Adjusted","8.33732209100009","0.7208884712","1.14907967031261",3230
88,"Moon1_Perceptual_VA","NA","Perceptual","NA","NA","NA",6060
88,"Moon1_Adjusted_VA","NA","Adjusted","NA","NA","NA",6060
88,"Moon2_Perceptual_VA","NA","Perceptual","NA","NA","NA",2080
88,"Moon2_Adjusted_VA","NA","Adjusted","NA","NA","NA",2080
88,"Moon3_Perceptual_VA","NA","Perceptual","NA","NA","NA",4720
88,"Moon3_Adjusted_VA","NA","Adjusted","NA","NA","NA",4720
88,"Moon4_Perceptual_VA","NA","Perceptual","NA","NA","NA",3270
88,"Moon4_Adjusted_VA","NA","Adjusted","NA","NA","NA",3270
89,"Stick1_Perceptual_VA","NA","Perceptual","NA","NA","NA",6280
89,"Stick1_Adjusted_VA","NA","Adjusted","NA","NA","NA",6280
89,"Stick2_Perceptual_VA","NA","Perceptual","NA","NA","NA",2020
89,"Stick2_Adjusted_VA","NA","Adjusted","NA","NA","NA",2020
89,"Stick3_Perceptual_VA","NA","Perceptual","NA","NA","NA",5027
89,"Stick3_Adjusted_VA","NA","Adjusted","NA","NA","NA",5027
89,"Stick4_Perceptual_VA","NA","Perceptual","NA","NA","NA",3421
89,"Stick4_Adjusted_VA","NA","Adjusted","NA","NA","NA",3421
89,"Lamp1_Perceptual_VA","NA","Perceptual","NA","NA","NA",6280
89,"Lamp1_Adjusted_VA","NA","Adjusted","NA","NA","NA",6280
89,"Lamp2_Perceptual_VA","NA","Perceptual","NA","NA","NA",2020
89,"Lamp2_Adjusted_VA","NA","Adjusted","NA","NA","NA",2020
89,"Lamp3_Perceptual_VA","NA","Perceptual","NA","NA","NA",5027
89,"Lamp3_Adjusted_VA","NA","Adjusted","NA","NA","NA",5027
89,"Lamp4_Perceptual_VA","NA","Perceptual","NA","NA","NA",3421
89,"Lamp4_Adjusted_VA","NA","Adjusted","NA","NA","NA",3421
89,"Lamp1a_Perceptual_VA","1.03129618683986","Perceptual","6.24908393723547","0.3490994417","2.95416166183993",6670
89,"Lamp1a_Adjusted_VA","0.49989289178231","Adjusted","6.24908393723547","0.3490994417","1.43194984600375",6670
89,"Lamp2a_Perceptual_VA","2.08185174042681","Perceptual","9.15276098398425","1.034860968","2.01172119231654",2250
89,"Lamp2a_Adjusted_VA","1.0735797531554","Adjusted","9.15276098398425","1.034860968","1.03741448015981",2250
89,"Lamp3a_Perceptual_VA","1.18815233837221","Perceptual","6.34105794105841","0.4761732264","2.49521029847681",4890
89,"Lamp3a_Adjusted_VA","0.548684671378362","Adjusted","6.34105794105841","0.4761732264","1.15227955071428",4890
89,"Lamp4a_Perceptual_VA","1.89930570435103","Perceptual","7.02385723968735","0.7208884712","2.63467343455974",3230
89,"Lamp4a_Adjusted_VA","0.966411922649632","Adjusted","7.02385723968735","0.7208884712","1.34058451654932",3230
89,"Moon1_Perceptual_VA","NA","Perceptual","NA","NA","NA",6060
89,"Moon1_Adjusted_VA","NA","Adjusted","NA","NA","NA",6060
89,"Moon2_Perceptual_VA","NA","Perceptual","NA","NA","NA",2080
89,"Moon2_Adjusted_VA","NA","Adjusted","NA","NA","NA",2080
89,"Moon3_Perceptual_VA","NA","Perceptual","NA","NA","NA",4720
89,"Moon3_Adjusted_VA","NA","Adjusted","NA","NA","NA",4720
89,"Moon4_Perceptual_VA","NA","Perceptual","NA","NA","NA",3270
89,"Moon4_Adjusted_VA","NA","Adjusted","NA","NA","NA",3270
90,"Stick1_Perceptual_VA","NA","Perceptual","NA","NA","NA",6280
90,"Stick1_Adjusted_VA","NA","Adjusted","NA","NA","NA",6280
90,"Stick2_Perceptual_VA","NA","Perceptual","NA","NA","NA",2020
90,"Stick2_Adjusted_VA","NA","Adjusted","NA","NA","NA",2020
90,"Stick3_Perceptual_VA","NA","Perceptual","NA","NA","NA",5027
90,"Stick3_Adjusted_VA","NA","Adjusted","NA","NA","NA",5027
90,"Stick4_Perceptual_VA","NA","Perceptual","NA","NA","NA",3421
90,"Stick4_Adjusted_VA","NA","Adjusted","NA","NA","NA",3421
90,"Lamp1_Perceptual_VA","NA","Perceptual","NA","NA","NA",6280
90,"Lamp1_Adjusted_VA","NA","Adjusted","NA","NA","NA",6280
90,"Lamp2_Perceptual_VA","NA","Perceptual","NA","NA","NA",2020
90,"Lamp2_Adjusted_VA","NA","Adjusted","NA","NA","NA",2020
90,"Lamp3_Perceptual_VA","NA","Perceptual","NA","NA","NA",5027
90,"Lamp3_Adjusted_VA","NA","Adjusted","NA","NA","NA",5027
90,"Lamp4_Perceptual_VA","NA","Perceptual","NA","NA","NA",3421
90,"Lamp4_Adjusted_VA","NA","Adjusted","NA","NA","NA",3421
90,"Lamp1a_Perceptual_VA","1.10076694412421","Perceptual","8.08393715619386","0.3490994417","3.15316157128133",6670
90,"Lamp1a_Adjusted_VA","0.530713255788686","Adjusted","8.08393715619386","0.3490994417","1.52023518916068",6670
90,"Lamp2a_Perceptual_VA","1.62227583040224","Perceptual","8.34366680737014","1.034860968","1.56762684125336",2250
90,"Lamp2a_Adjusted_VA","0.874556562093225","Adjusted","8.34366680737014","1.034860968","0.845095707671163",2250
90,"Lamp3a_Perceptual_VA","1.39592676997645","Perceptual","8.64610032943377","0.4761732264","2.93155241114675",4890
90,"Lamp3a_Adjusted_VA","0.730131026477661","Adjusted","8.64610032943377","0.4761732264","1.53333069983302",4890
90,"Lamp4a_Perceptual_VA","1.95204453525333","Perceptual","8.11596523564371","0.7208884712","2.70783153461164",3230
90,"Lamp4a_Adjusted_VA","0.958234603808351","Adjusted","8.11596523564371","0.7208884712","1.32924112687398",3230
90,"Moon1_Perceptual_VA","NA","Perceptual","NA","NA","NA",6060
90,"Moon1_Adjusted_VA","NA","Adjusted","NA","NA","NA",6060
90,"Moon2_Perceptual_VA","NA","Perceptual","NA","NA","NA",2080
90,"Moon2_Adjusted_VA","NA","Adjusted","NA","NA","NA",2080
90,"Moon3_Perceptual_VA","NA","Perceptual","NA","NA","NA",4720
90,"Moon3_Adjusted_VA","NA","Adjusted","NA","NA","NA",4720
90,"Moon4_Perceptual_VA","NA","Perceptual","NA","NA","NA",3270
90,"Moon4_Adjusted_VA","NA","Adjusted","NA","NA","NA",3270
91,"Stick1_Perceptual_VA","NA","Perceptual","NA","NA","NA",6280
91,"Stick1_Adjusted_VA","NA","Adjusted","NA","NA","NA",6280
91,"Stick2_Perceptual_VA","NA","Perceptual","NA","NA","NA",2020
91,"Stick2_Adjusted_VA","NA","Adjusted","NA","NA","NA",2020
91,"Stick3_Perceptual_VA","NA","Perceptual","NA","NA","NA",5027
91,"Stick3_Adjusted_VA","NA","Adjusted","NA","NA","NA",5027
91,"Stick4_Perceptual_VA","NA","Perceptual","NA","NA","NA",3421
91,"Stick4_Adjusted_VA","NA","Adjusted","NA","NA","NA",3421
91,"Lamp1_Perceptual_VA","NA","Perceptual","NA","NA","NA",6280
91,"Lamp1_Adjusted_VA","NA","Adjusted","NA","NA","NA",6280
91,"Lamp2_Perceptual_VA","NA","Perceptual","NA","NA","NA",2020
91,"Lamp2_Adjusted_VA","NA","Adjusted","NA","NA","NA",2020
91,"Lamp3_Perceptual_VA","NA","Perceptual","NA","NA","NA",5027
91,"Lamp3_Adjusted_VA","NA","Adjusted","NA","NA","NA",5027
91,"Lamp4_Perceptual_VA","NA","Perceptual","NA","NA","NA",3421
91,"Lamp4_Adjusted_VA","NA","Adjusted","NA","NA","NA",3421
91,"Lamp1a_Perceptual_VA","0.414953692484398","Perceptual","9.37980016440575","0.3490994417","1.18864037840825",6670
91,"Lamp1a_Adjusted_VA","0.401604286905893","Adjusted","9.37980016440575","0.3490994417","1.15040082834338",6670
91,"Lamp2a_Perceptual_VA","2.27802982833733","Perceptual","10.3341639162498","1.034860968","2.20129070356176",2250
91,"Lamp2a_Adjusted_VA","1.35621358034355","Adjusted","10.3341639162498","1.034860968","1.310527329062",2250
91,"Lamp3a_Perceptual_VA","0.647684523433837","Perceptual","9.52899983892373","0.4761732264","1.36018677137837",4890
91,"Lamp3a_Adjusted_VA","0.545140197466934","Adjusted","9.52899983892373","0.4761732264","1.1448358858568",4890
91,"Lamp4a_Perceptual_VA","1.1587515495024","Perceptual","9.90867397390834","0.7208884712","1.60739364797099",3230
91,"Lamp4a_Adjusted_VA","1.02045444077406","Adjusted","9.90867397390834","0.7208884712","1.41555106169946",3230
91,"Moon1_Perceptual_VA","NA","Perceptual","NA","NA","NA",6060
91,"Moon1_Adjusted_VA","NA","Adjusted","NA","NA","NA",6060
91,"Moon2_Perceptual_VA","NA","Perceptual","NA","NA","NA",2080
91,"Moon2_Adjusted_VA","NA","Adjusted","NA","NA","NA",2080
91,"Moon3_Perceptual_VA","NA","Perceptual","NA","NA","NA",4720
91,"Moon3_Adjusted_VA","NA","Adjusted","NA","NA","NA",4720
91,"Moon4_Perceptual_VA","NA","Perceptual","NA","NA","NA",3270
91,"Moon4_Adjusted_VA","NA","Adjusted","NA","NA","NA",3270
92,"Stick1_Perceptual_VA","NA","Perceptual","NA","NA","NA",6280
92,"Stick1_Adjusted_VA","NA","Adjusted","NA","NA","NA",6280
92,"Stick2_Perceptual_VA","NA","Perceptual","NA","NA","NA",2020
92,"Stick2_Adjusted_VA","NA","Adjusted","NA","NA","NA",2020
92,"Stick3_Perceptual_VA","NA","Perceptual","NA","NA","NA",5027
92,"Stick3_Adjusted_VA","NA","Adjusted","NA","NA","NA",5027
92,"Stick4_Perceptual_VA","NA","Perceptual","NA","NA","NA",3421
92,"Stick4_Adjusted_VA","NA","Adjusted","NA","NA","NA",3421
92,"Lamp1_Perceptual_VA","NA","Perceptual","NA","NA","NA",6280
92,"Lamp1_Adjusted_VA","NA","Adjusted","NA","NA","NA",6280
92,"Lamp2_Perceptual_VA","NA","Perceptual","NA","NA","NA",2020
92,"Lamp2_Adjusted_VA","NA","Adjusted","NA","NA","NA",2020
92,"Lamp3_Perceptual_VA","NA","Perceptual","NA","NA","NA",5027
92,"Lamp3_Adjusted_VA","NA","Adjusted","NA","NA","NA",5027
92,"Lamp4_Perceptual_VA","NA","Perceptual","NA","NA","NA",3421
92,"Lamp4_Adjusted_VA","NA","Adjusted","NA","NA","NA",3421
92,"Lamp1a_Perceptual_VA","0.417159107580644","Perceptual","8.36285342004505","0.3490994417","1.19495781932281",6670
92,"Lamp1a_Adjusted_VA","0.352950297705685","Adjusted","8.36285342004505","0.3490994417","1.01103082831337",6670
92,"Lamp2a_Perceptual_VA","1.21327705058698","Perceptual","9.08529182370373","1.034860968","1.17240584784233",2250
92,"Lamp2a_Adjusted_VA","0.883198084796187","Adjusted","9.08529182370373","1.034860968","0.853446126684128",2250
92,"Lamp3a_Perceptual_VA","0.560872880795345","Perceptual","9.32920554919899","0.4761732264","1.17787571769983",4890
92,"Lamp3a_Adjusted_VA","0.447800406125703","Adjusted","9.32920554919899","0.4761732264","0.940414918980633",4890
92,"Lamp4a_Perceptual_VA","0.844343575377944","Perceptual","11.3332283869725","0.7208884712","1.17125409700677",3230
92,"Lamp4a_Adjusted_VA","0.717567820794766","Adjusted","11.3332283869725","0.7208884712","0.995393669703572",3230
92,"Moon1_Perceptual_VA","NA","Perceptual","NA","NA","NA",6060
92,"Moon1_Adjusted_VA","NA","Adjusted","NA","NA","NA",6060
92,"Moon2_Perceptual_VA","NA","Perceptual","NA","NA","NA",2080
92,"Moon2_Adjusted_VA","NA","Adjusted","NA","NA","NA",2080
92,"Moon3_Perceptual_VA","NA","Perceptual","NA","NA","NA",4720
92,"Moon3_Adjusted_VA","NA","Adjusted","NA","NA","NA",4720
92,"Moon4_Perceptual_VA","NA","Perceptual","NA","NA","NA",3270
92,"Moon4_Adjusted_VA","NA","Adjusted","NA","NA","NA",3270
30337,"Stick1_Perceptual_VA","6.67694108752871","Perceptual","NA","2.36338945","2.82515481632902",6280
30337,"Stick1_Adjusted_VA","2.8815438152453","Adjusted","NA","2.36338945","1.21924205731108",6280
30337,"Stick2_Perceptual_VA","11.2492560828918","Perceptual","NA","7.338560272","1.53289687158569",2020
30337,"Stick2_Adjusted_VA","9.49631635221955","Adjusted","NA","7.338560272","1.29402989145601",2020
30337,"Stick3_Perceptual_VA","8.95804615329769","Perceptual","NA","2.952239146","3.03432266503037",5027
30337,"Stick3_Adjusted_VA","3.3463282100397","Adjusted","NA","2.952239146","1.13348819135254",5027
30337,"Stick4_Perceptual_VA","11.2492560828918","Perceptual","NA","4.337065743","2.59374811208432",3421
30337,"Stick4_Adjusted_VA","5.45687541415059","Adjusted","NA","4.337065743","1.2581952263366",3421
30337,"Lamp1_Perceptual_VA","1.05907364760119","Perceptual","NA","0.3707790372","2.85634715381691",6280
30337,"Lamp1_Adjusted_VA","0.505547715783089","Adjusted","NA","0.3707790372","1.36347437438971",6280
30337,"Lamp2_Perceptual_VA","3.29793706632949","Perceptual","NA","1.15268413","2.86109349517069",2020
30337,"Lamp2_Adjusted_VA","1.27910846188978","Adjusted","NA","1.15268413","1.10967820984035",2020
30337,"Lamp3_Perceptual_VA","1.4149602132169","Perceptual","NA","0.4631962995","3.05477443309518",5027
30337,"Lamp3_Adjusted_VA","0.629440261271577","Adjusted","NA","0.4631962995","1.35890606628557",5027
30337,"Lamp4_Perceptual_VA","1.86628839621584","Perceptual","NA","0.6806410687","2.74195678462421",3421
30337,"Lamp4_Adjusted_VA","0.827591315087436","Adjusted","NA","0.6806410687","1.21589976442078",3421
30337,"Lamp1a_Perceptual_VA","NA","Perceptual","NA","NA","NA",6670
30337,"Lamp1a_Adjusted_VA","NA","Adjusted","NA","NA","NA",6670
30337,"Lamp2a_Perceptual_VA","NA","Perceptual","NA","NA","NA",2250
30337,"Lamp2a_Adjusted_VA","NA","Adjusted","NA","NA","NA",2250
30337,"Lamp3a_Perceptual_VA","NA","Perceptual","NA","NA","NA",4890
30337,"Lamp3a_Adjusted_VA","NA","Adjusted","NA","NA","NA",4890
30337,"Lamp4a_Perceptual_VA","NA","Perceptual","NA","NA","NA",3230
30337,"Lamp4a_Adjusted_VA","NA","Adjusted","NA","NA","NA",3230
30337,"Moon1_Perceptual_VA","NA","Perceptual","NA","NA","NA",6060
30337,"Moon1_Adjusted_VA","NA","Adjusted","NA","NA","NA",6060
30337,"Moon2_Perceptual_VA","NA","Perceptual","NA","NA","NA",2080
30337,"Moon2_Adjusted_VA","NA","Adjusted","NA","NA","NA",2080
30337,"Moon3_Perceptual_VA","NA","Perceptual","NA","NA","NA",4720
30337,"Moon3_Adjusted_VA","NA","Adjusted","NA","NA","NA",4720
30337,"Moon4_Perceptual_VA","NA","Perceptual","NA","NA","NA",3270
30337,"Moon4_Adjusted_VA","NA","Adjusted","NA","NA","NA",3270
31453,"Stick1_Perceptual_VA","NA","Perceptual","NA","NA","NA",6280
31453,"Stick1_Adjusted_VA","NA","Adjusted","NA","NA","NA",6280
31453,"Stick2_Perceptual_VA","NA","Perceptual","NA","NA","NA",2020
31453,"Stick2_Adjusted_VA","NA","Adjusted","NA","NA","NA",2020
31453,"Stick3_Perceptual_VA","NA","Perceptual","NA","NA","NA",5027
31453,"Stick3_Adjusted_VA","NA","Adjusted","NA","NA","NA",5027
31453,"Stick4_Perceptual_VA","NA","Perceptual","NA","NA","NA",3421
31453,"Stick4_Adjusted_VA","NA","Adjusted","NA","NA","NA",3421
31453,"Lamp1_Perceptual_VA","NA","Perceptual","NA","NA","NA",6280
31453,"Lamp1_Adjusted_VA","NA","Adjusted","NA","NA","NA",6280
31453,"Lamp2_Perceptual_VA","NA","Perceptual","NA","NA","NA",2020
31453,"Lamp2_Adjusted_VA","NA","Adjusted","NA","NA","NA",2020
31453,"Lamp3_Perceptual_VA","NA","Perceptual","NA","NA","NA",5027
31453,"Lamp3_Adjusted_VA","NA","Adjusted","NA","NA","NA",5027
31453,"Lamp4_Perceptual_VA","NA","Perceptual","NA","NA","NA",3421
31453,"Lamp4_Adjusted_VA","NA","Adjusted","NA","NA","NA",3421
31453,"Lamp1a_Perceptual_VA","0.774691695301452","Perceptual","NA","0.3490994417","2.2191146784107",6670
31453,"Lamp1a_Adjusted_VA","0.417668318844712","Adjusted","NA","0.3490994417","1.19641646177033",6670
31453,"Lamp2a_Perceptual_VA","1.31532421137466","Perceptual","NA","1.034860968","1.27101538472041",2250
31453,"Lamp2a_Adjusted_VA","1.25942408093362","Adjusted","NA","1.034860968","1.21699834072167",2250
31453,"Lamp3a_Perceptual_VA","0.984494805327187","Perceptual","NA","0.4761732264","2.06751398597153",4890
31453,"Lamp3a_Adjusted_VA","0.654801781688776","Adjusted","NA","0.4761732264","1.37513355515441",4890
31453,"Lamp4a_Perceptual_VA","1.16201541492958","Perceptual","NA","0.7208884712","1.61192120744458",3230
31453,"Lamp4a_Adjusted_VA","0.877324481678558","Adjusted","NA","0.7208884712","1.21700445592944",3230
31453,"Moon1_Perceptual_VA","0.790830598396201","Perceptual","NA","0.5200076307","1.52080575689175",6060
31453,"Moon1_Adjusted_VA","0.475843569356575","Adjusted","NA","0.5200076307","0.915070359094589",6060
31453,"Moon2_Perceptual_VA","1.53317584763577","Perceptual","NA","1.514944365","1.01203442387521",2080
31453,"Moon2_Adjusted_VA","1.22628390640326","Adjusted","NA","1.514944365","0.809458046601769",2080
31453,"Moon3_Perceptual_VA","0.984494805327187","Perceptual","NA","0.6676339443","1.47460268270124",4720
31453,"Moon3_Adjusted_VA","0.522694714305595","Adjusted","NA","0.6676339443","0.782906140060973",4720
31453,"Moon4_Perceptual_VA","1.16201541492958","Perceptual","NA","0.9636677632","1.20582576205614",3270
31453,"Moon4_Adjusted_VA","0.732624575536509","Adjusted","NA","0.9636677632","0.760246013733739",3270
31624,"Stick1_Perceptual_VA","NA","Perceptual","NA","NA","NA",6280
31624,"Stick1_Adjusted_VA","NA","Adjusted","NA","NA","NA",6280
31624,"Stick2_Perceptual_VA","NA","Perceptual","NA","NA","NA",2020
31624,"Stick2_Adjusted_VA","NA","Adjusted","NA","NA","NA",2020
31624,"Stick3_Perceptual_VA","NA","Perceptual","NA","NA","NA",5027
31624,"Stick3_Adjusted_VA","NA","Adjusted","NA","NA","NA",5027
31624,"Stick4_Perceptual_VA","NA","Perceptual","NA","NA","NA",3421
31624,"Stick4_Adjusted_VA","NA","Adjusted","NA","NA","NA",3421
31624,"Lamp1_Perceptual_VA","NA","Perceptual","NA","NA","NA",6280
31624,"Lamp1_Adjusted_VA","NA","Adjusted","NA","NA","NA",6280
31624,"Lamp2_Perceptual_VA","NA","Perceptual","NA","NA","NA",2020
31624,"Lamp2_Adjusted_VA","NA","Adjusted","NA","NA","NA",2020
31624,"Lamp3_Perceptual_VA","NA","Perceptual","NA","NA","NA",5027
31624,"Lamp3_Adjusted_VA","NA","Adjusted","NA","NA","NA",5027
31624,"Lamp4_Perceptual_VA","NA","Perceptual","NA","NA","NA",3421
31624,"Lamp4_Adjusted_VA","NA","Adjusted","NA","NA","NA",3421
31624,"Lamp1a_Perceptual_VA","0.940770936073617","Perceptual","NA","0.3490994417","2.69485087541925",6670
31624,"Lamp1a_Adjusted_VA","0.570044677690556","Adjusted","NA","0.3490994417","1.63290057100815",6670
31624,"Lamp2a_Perceptual_VA","1.46508814719775","Perceptual","NA","1.034860968","1.41573427977404",2250
31624,"Lamp2a_Adjusted_VA","1.22060305031885","Adjusted","NA","1.034860968","1.17948505940641",2250
31624,"Lamp3a_Perceptual_VA","1.110408345619","Perceptual","NA","0.4761732264","2.33194199937277",4890
31624,"Lamp3a_Adjusted_VA","0.730131026477661","Adjusted","NA","0.4761732264","1.53333069983302",4890
31624,"Lamp4a_Perceptual_VA","1.25690949168328","Perceptual","NA","0.7208884712","1.7435561004201",3230
31624,"Lamp4a_Adjusted_VA","0.932249743207225","Adjusted","NA","0.7208884712","1.29319552254094",3230
31624,"Moon1_Perceptual_VA","0.940770936073617","Perceptual","NA","0.5200076307","1.80914832885666",6060
31624,"Moon1_Adjusted_VA","0.502139572712056","Adjusted","NA","0.5200076307","0.965638854253176",6060
31624,"Moon2_Perceptual_VA","1.25690949168328","Perceptual","NA","1.514944365","0.82967369675208",2080
31624,"Moon2_Adjusted_VA","1.17025608803184","Adjusted","NA","1.514944365","0.772474630137219",2080
31624,"Moon3_Perceptual_VA","1.110408345619","Perceptual","NA","0.6676339443","1.66319935512452",4720
31624,"Moon3_Adjusted_VA","0.665032831565333","Adjusted","NA","0.6676339443","0.996103983692151",4720
31624,"Moon4_Perceptual_VA","1.46508814719775","Perceptual","NA","0.9636677632","1.52032495341829",3270
31624,"Moon4_Adjusted_VA","0.698283669595114","Adjusted","NA","0.9636677632","0.724610385716713",3270
31849,"Stick1_Perceptual_VA","NA","Perceptual","NA","NA","NA",6280
31849,"Stick1_Adjusted_VA","NA","Adjusted","NA","NA","NA",6280
31849,"Stick2_Perceptual_VA","NA","Perceptual","NA","NA","NA",2020
31849,"Stick2_Adjusted_VA","NA","Adjusted","NA","NA","NA",2020
31849,"Stick3_Perceptual_VA","NA","Perceptual","NA","NA","NA",5027
31849,"Stick3_Adjusted_VA","NA","Adjusted","NA","NA","NA",5027
31849,"Stick4_Perceptual_VA","NA","Perceptual","NA","NA","NA",3421
31849,"Stick4_Adjusted_VA","NA","Adjusted","NA","NA","NA",3421
31849,"Lamp1_Perceptual_VA","NA","Perceptual","NA","NA","NA",6280
31849,"Lamp1_Adjusted_VA","NA","Adjusted","NA","NA","NA",6280
31849,"Lamp2_Perceptual_VA","NA","Perceptual","NA","NA","NA",2020
31849,"Lamp2_Adjusted_VA","NA","Adjusted","NA","NA","NA",2020
31849,"Lamp3_Perceptual_VA","NA","Perceptual","NA","NA","NA",5027
31849,"Lamp3_Adjusted_VA","NA","Adjusted","NA","NA","NA",5027
31849,"Lamp4_Perceptual_VA","NA","Perceptual","NA","NA","NA",3421
31849,"Lamp4_Adjusted_VA","NA","Adjusted","NA","NA","NA",3421
31849,"Lamp1a_Perceptual_VA","0.724504719268929","Perceptual","NA","0.3490994417","2.07535341718345",6670
31849,"Lamp1a_Adjusted_VA","0.61031883688777","Adjusted","NA","0.3490994417","1.74826643639336",6670
31849,"Lamp2a_Perceptual_VA","1.80374394465054","Perceptual","NA","1.034860968","1.74298190812676",2250
31849,"Lamp2a_Adjusted_VA","1.42647429247901","Adjusted","NA","1.034860968","1.37842119529916",2250
31849,"Lamp3a_Perceptual_VA","0.901927839449517","Perceptual","NA","0.4761732264","1.89411707640167",4890
31849,"Lamp3a_Adjusted_VA","0.696108384659822","Adjusted","NA","0.4761732264","1.46188056376582",4890
31849,"Lamp4a_Perceptual_VA","1.4046003745463","Perceptual","NA","0.7208884712","1.94842951532875",3230
31849,"Lamp4a_Adjusted_VA","1.03024497319474","Adjusted","NA","0.7208884712","1.42913226435676",3230
31849,"Moon1_Perceptual_VA","0.480542430626895","Perceptual","NA","0.5200076307","0.924106498168152",6060
31849,"Moon1_Adjusted_VA","0.599869795834209","Adjusted","NA","0.5200076307","1.15357883311578",6060
31849,"Moon2_Perceptual_VA","1.99590916901365","Perceptual","NA","1.514944365","1.31748017625297",2080
31849,"Moon2_Adjusted_VA","1.7545461251312","Adjusted","NA","1.514944365","1.15815878501333",2080
31849,"Moon3_Perceptual_VA","0.724504719268929","Perceptual","NA","0.6676339443","1.08518256966182",4720
31849,"Moon3_Adjusted_VA","0.744834644033682","Adjusted","NA","0.6676339443","1.11563327537911",4720
31849,"Moon4_Perceptual_VA","1.4046003745463","Perceptual","NA","0.9636677632","1.45755666857851",3270
31849,"Moon4_Adjusted_VA","1.01168297412184","Adjusted","NA","0.9636677632","1.04982548213754",3270
