DmoonGroup,Dmoon_m,StartDmoon_m,DmoonLowerBound_m,Dmoon_km,Dmoon_log2_m,Iteration,TransformID,TransformLabel
05/22/2024,733589573.861788,395236000,1519.07293145392,733589.573861788,29.4503978938814,1,2,absElevation
07/20/2024,534603471.384631,374538000,1519.07293145392,534603.471384631,28.9938939646805,1,2,absElevation
07/21/2024,130920309.29001,370233000,1519.07293145392,130920.30929001,26.9641136748637,1,2,absElevation
08/19/2024,1416744.21469629,363196000,1519.07293145392,1416.74421469629,20.4341478805092,1,2,absElevation
08/20/2024,232090422.634414,360805000,1519.07293145392,232090.422634414,27.7901117492396,1,2,absElevation
10/16/2024,10032050146.9782,357488000,1519.07293145392,10032050.1469782,33.2238974137107,1,2,absElevation
10/17/2024,622731993.785997,357252000,1519.07293145392,622731.993785997,29.21403616083,1,2,absElevation
11/15/2024,360332422.549337,361929000,1519.07293145392,360332.422549337,28.4247532297552,1,2,absElevation
01/12/2025,337992984.312746,379144000,1519.07293145392,337992.984312746,28.3324180600376,1,2,absElevation
01/13/2025,1304285563.47876,381133000,1519.07293145392,1304285.56347876,30.2806126253277,1,2,absElevation
08/07/2025,752559036.304218,386624000,1519.07293145392,752559.036304218,29.4872295210942,1,2,absElevation
08/09/2025,298620758.218224,379992000,1519.07293145392,298620.758218224,28.1537392150522,1,2,absElevation
05/22/2024,2636780261.01505,395236000,1519.07293145392,2636780.26101505,31.2961302016192,2,2,absElevation
07/20/2024,351577969.020302,374538000,1519.07293145392,351577.969020302,28.3892694286104,2,2,absElevation
07/21/2024,51466168.3417948,370233000,1519.07293145392,51466.1683417948,25.617121042053,2,2,absElevation
08/19/2024,882734129.391773,363196000,1519.07293145392,882734.129391773,29.7174037372151,2,2,absElevation
08/20/2024,1099266412.71341,360805000,1519.07293145392,1099266.41271341,30.0338939270085,2,2,absElevation
10/16/2024,1804667843.41742,357488000,1519.07293145392,1804667.84341742,30.7490861815413,2,2,absElevation
10/17/2024,2791378.13561982,357252000,1519.07293145392,2791.37813561982,21.4125461424674,2,2,absElevation
11/15/2024,222248184.856438,361929000,1519.07293145392,222248.184856438,27.7275963954349,2,2,absElevation
01/12/2025,421053270.124918,379144000,1519.07293145392,421053.270124918,28.6494275284554,2,2,absElevation
01/13/2025,256736833.675525,381133000,1519.07293145392,256736.833675525,27.9357150513071,2,2,absElevation
05/13/2025,243060720.068766,404420000,1519.07293145392,243060.720068766,27.8567415239556,2,2,absElevation
08/07/2025,1438131885.47693,386624000,1519.07293145392,1438131.88547693,30.4215488397765,2,2,absElevation
08/09/2025,223683699.563826,379992000,1519.07293145392,223683.699563826,27.7368848862368,2,2,absElevation
05/22/2024,1250090592.83411,395236000,1519.07293145392,1250090.59283411,30.2193855033509,3,2,absElevation
07/20/2024,35614514.9206754,374538000,1519.07293145392,35614.5149206754,25.0859620047363,3,2,absElevation
08/19/2024,1513139355.59571,363196000,1519.07293145392,1513139.35559571,30.4948977155453,3,2,absElevation
08/20/2024,253273279.495333,360805000,1519.07293145392,253273.279495333,27.9161196388615,3,2,absElevation
10/16/2024,2238582937.96074,357488000,1519.07293145392,2238582.93796074,31.0599386240785,3,2,absElevation
10/17/2024,4024545.03241227,357252000,1519.07293145392,4024.54503241227,21.9403942676862,3,2,absElevation
11/15/2024,89416331.3564323,361929000,1519.07293145392,89416.3313564323,26.4140350192795,3,2,absElevation
01/12/2025,210785201.587962,379144000,1519.07293145392,210785.201587962,27.6511983436021,3,2,absElevation
01/13/2025,228057273.480416,381133000,1519.07293145392,228057.273480416,27.7648209422163,3,2,absElevation
05/13/2025,1563991319.39968,404420000,1519.07293145392,1563991.31939968,30.5425853592826,3,2,absElevation
08/07/2025,904820156.276479,386624000,1519.07293145392,904820.156276479,29.7530558270608,3,2,absElevation
08/09/2025,650443686.576324,379992000,1519.07293145392,650443.686576324,29.2768489173273,3,2,absElevation
05/22/2024,5130845570.84069,395236000,1519.07293145392,5130845.57084069,32.2565494576612,4,2,absElevation
08/19/2024,968903472.163586,363196000,1519.07293145392,968903.472163586,29.851777702172,4,2,absElevation
08/20/2024,424307828.82923,360805000,1519.07293145392,424307.82882923,28.6605360568859,4,2,absElevation
10/16/2024,236190001.942718,357488000,1519.07293145392,236190.001942718,27.8153726550239,4,2,absElevation
10/17/2024,8976644.34006407,357252000,1519.07293145392,8976.64434006407,23.0977448050806,4,2,absElevation
11/15/2024,96315745.9556647,361929000,1519.07293145392,96315.7459556647,26.5212683372041,4,2,absElevation
01/12/2025,67612273.9212934,379144000,1519.07293145392,67612.2739212934,26.0107818325833,4,2,absElevation
01/13/2025,6738569937.24482,381133000,1519.07293145392,6738569.93724482,32.6497953083978,4,2,absElevation
05/13/2025,174472953.649175,404420000,1519.07293145392,174472.953649175,27.3784281699727,4,2,absElevation
08/07/2025,763626876.702003,386624000,1519.07293145392,763626.876702003,29.5082926399999,4,2,absElevation
08/09/2025,1756492925.20084,379992000,1519.07293145392,1756492.92520084,30.7100506196737,4,2,absElevation
05/22/2024,5689347852.97285,395236000,1519.07293145392,5689347.85297285,32.405616145674,5,2,absElevation
07/21/2024,1493672569.42968,370233000,1519.07293145392,1493672.56942968,30.4762167810745,5,2,absElevation
08/19/2024,185515527.771084,363196000,1519.07293145392,185515.527771084,27.466964705518,5,2,absElevation
08/20/2024,636837924.785159,360805000,1519.07293145392,636837.924785159,29.2463510124903,5,2,absElevation
10/16/2024,106141046.156233,357488000,1519.07293145392,106141.046156233,26.6614074326424,5,2,absElevation
10/17/2024,168869336.284671,357252000,1519.07293145392,168869.336284671,27.3313321428554,5,2,absElevation
11/15/2024,267013173.867092,361929000,1519.07293145392,267013.173867092,27.9923356822996,5,2,absElevation
01/12/2025,12648413.3593792,379144000,1519.07293145392,12648.4133593792,23.5924530861177,5,2,absElevation
01/13/2025,1672467139.6538,381133000,1519.07293145392,1672467.1396538,30.6393307193079,5,2,absElevation
05/13/2025,2689212250.48645,404420000,1519.07293145392,2689212.25048645,31.3245364807626,5,2,absElevation
08/07/2025,497564926.878853,386624000,1519.07293145392,497564.926878854,28.8903095532465,5,2,absElevation
08/09/2025,69533056.2414428,379992000,1519.07293145392,69533.0562414428,26.0511956670519,5,2,absElevation
05/22/2024,171021815.534391,395236000,1519.07293145392,171021.815534391,27.3496051260571,6,2,absElevation
07/20/2024,150641305.907658,374538000,1519.07293145392,150641.305907658,27.1665421709237,6,2,absElevation
07/21/2024,1065829792.43233,370233000,1519.07293145392,1065829.79243233,29.9893299194568,6,2,absElevation
08/20/2024,291756808.213168,360805000,1519.07293145392,291756.808213168,28.1201910810496,6,2,absElevation
08/19/2024,3708945911.60396,363196000,1519.07293145392,3708945.91160396,31.7883620828329,6,2,absElevation
10/16/2024,584155102.793239,357488000,1519.07293145392,584155.102793239,29.1217762383433,6,2,absElevation
10/17/2024,416274906.446112,357252000,1519.07293145392,416274.906446112,28.6329613527995,6,2,absElevation
11/15/2024,29274855.1055984,361929000,1519.07293145392,29274.8551055984,24.8031586944102,6,2,absElevation
01/12/2025,319335360.389506,379144000,1519.07293145392,319335.360389506,28.2504970722138,6,2,absElevation
01/13/2025,3143130563.0723,381133000,1519.07293145392,3143130.5630723,31.5495550557394,6,2,absElevation
05/13/2025,1004685113.23637,404420000,1519.07293145392,1004685.11323637,29.9040962591162,6,2,absElevation
08/07/2025,64904981.5390199,386624000,1519.07293145392,64904.9815390199,25.9518258753456,6,2,absElevation
08/09/2025,133694151.914562,379992000,1519.07293145392,133694.151914562,26.9943611191571,6,2,absElevation
05/22/2024,2266417471.5312,395236000,1519.07293145392,2266417.4715312,31.0777664824149,7,2,absElevation
07/20/2024,227637434.579525,374538000,1519.07293145392,227637.434579525,27.7621625849391,7,2,absElevation
07/21/2024,352208445.731548,370233000,1519.07293145392,352208.445731548,28.3918542635801,7,2,absElevation
08/20/2024,1030369632.42213,360805000,1519.07293145392,1030369.63242213,29.940514833336,7,2,absElevation
08/19/2024,3111714436.8023,363196000,1519.07293145392,3111714.4368023,31.5350625237215,7,2,absElevation
10/16/2024,4339995435.88398,357488000,1519.07293145392,4339995.43588398,32.0150463794599,7,2,absElevation
10/17/2024,7899317.95182371,357252000,1519.07293145392,7899.31795182371,22.9132966618544,7,2,absElevation
11/15/2024,154210096.118175,361929000,1519.07293145392,154210.096118175,27.2003219805309,7,2,absElevation
01/12/2025,207018468.806052,379144000,1519.07293145392,207018.468806052,27.6251842401874,7,2,absElevation
01/13/2025,83591882.1368243,381133000,1519.07293145392,83591.8821368243,26.3168595087952,7,2,absElevation
08/07/2025,742445865.450213,386624000,1519.07293145392,742445.865450213,29.4677105964686,7,2,absElevation
08/09/2025,722150576.394955,379992000,1519.07293145392,722150.576394955,29.4277244454754,7,2,absElevation
05/22/2024,2709419386.11482,395236000,1519.07293145392,2709419.38611482,31.3353365769609,8,2,absElevation
07/20/2024,2342309175.8642,374538000,1519.07293145392,2342309.1758642,31.1252843726292,8,2,absElevation
07/21/2024,530416550.824765,370233000,1519.07293145392,530416.550824765,28.9825505523101,8,2,absElevation
08/20/2024,912978953.171861,360805000,1519.07293145392,912978.953171861,29.7660063613625,8,2,absElevation
10/16/2024,140118609.726703,357488000,1519.07293145392,140118.609726703,27.0620733378329,8,2,absElevation
10/17/2024,65365084.2667415,357252000,1519.07293145392,65365.0842667415,25.9620168686428,8,2,absElevation
11/15/2024,187162462.879838,361929000,1519.07293145392,187162.462879838,27.479715877528,8,2,absElevation
01/12/2025,1810868.59122695,379144000,1519.07293145392,1810.86859122695,20.7882504277803,8,2,absElevation
01/13/2025,1752987356.13083,381133000,1519.07293145392,1752987.35613083,30.7071684443147,8,2,absElevation
05/13/2025,680584991.631193,404420000,1519.07293145392,680584.991631193,29.3422000962114,8,2,absElevation
08/07/2025,2234856586.22021,386624000,1519.07293145392,2234856.58622021,31.0575351086667,8,2,absElevation
05/22/2024,5630095723.68235,395236000,1519.07293145392,5630095.72368235,32.3905123054051,9,2,absElevation
07/20/2024,323133676.492716,374538000,1519.07293145392,323133.676492716,28.2675558729867,9,2,absElevation
07/21/2024,804672544.604534,370233000,1519.07293145392,804672.544604534,29.5838265679341,9,2,absElevation
08/19/2024,183591686.539571,363196000,1519.07293145392,183591.686539571,27.4519254907282,9,2,absElevation
08/20/2024,520447958.4546,360805000,1519.07293145392,520447.9584546,28.9551786693419,9,2,absElevation
10/16/2024,1545029731.61722,357488000,1519.07293145392,1545029.73161722,30.5249874547334,9,2,absElevation
10/17/2024,80327704.022247,357252000,1519.07293145392,80327.7040222471,26.2593943052842,9,2,absElevation
11/15/2024,66843234.7802654,361929000,1519.07293145392,66843.2347802654,25.9942782164096,9,2,absElevation
01/12/2025,12861589.547898,379144000,1519.07293145392,12861.589547898,23.6165656187868,9,2,absElevation
01/13/2025,2493838538.69439,381133000,1519.07293145392,2493838.53869439,31.2157209162006,9,2,absElevation
05/13/2025,1624698862.15151,404420000,1519.07293145392,1624698.86215151,30.5975251934561,9,2,absElevation
08/07/2025,231650465.348554,386624000,1519.07293145392,231650.465348554,27.7873743396155,9,2,absElevation
05/22/2024,1496803923.68936,395236000,1519.07293145392,1496803.92368936,30.4792380995321,10,2,absElevation
07/20/2024,404813849.130516,374538000,1519.07293145392,404813.849130516,28.592683406172,10,2,absElevation
07/21/2024,508444379.74358,370233000,1519.07293145392,508444.37974358,28.9215147210736,10,2,absElevation
08/19/2024,380710471.573274,363196000,1519.07293145392,380710.471573274,28.5041190113712,10,2,absElevation
08/20/2024,572057593.080472,360805000,1519.07293145392,572057.593080472,29.0915851597194,10,2,absElevation
10/16/2024,251609686.635867,357488000,1519.07293145392,251609.686635867,27.9066122242116,10,2,absElevation
10/17/2024,4120543.74676319,357252000,1519.07293145392,4120.54374676319,21.9744032972661,10,2,absElevation
11/15/2024,474772195.792629,361929000,1519.07293145392,474772.195792629,28.8226602076283,10,2,absElevation
01/12/2025,345541142.153849,379144000,1519.07293145392,345541.142153849,28.3642822556678,10,2,absElevation
01/13/2025,579133960.874916,381133000,1519.07293145392,579133.960874916,29.1093218591889,10,2,absElevation
05/13/2025,1230933444.05516,404420000,1519.07293145392,1230933.44405516,30.1971056121308,10,2,absElevation
08/07/2025,3449333915.2675,386624000,1519.07293145392,3449333.9152675,31.6836706506836,10,2,absElevation
08/09/2025,262638751.234949,379992000,1519.07293145392,262638.751234949,27.9685045545754,10,2,absElevation
05/22/2024,210444833.886623,395236000,1519.07293145392,210444.833886623,27.648866853156,11,2,absElevation
07/20/2024,1127847069.35401,374538000,1519.07293145392,1127847.06935401,30.0709243124657,11,2,absElevation
08/19/2024,6083232759.04966,363196000,1519.07293145392,6083232.75904966,32.5021910602186,11,2,absElevation
08/20/2024,398884636.293508,360805000,1519.07293145392,398884.636293508,28.5713963157904,11,2,absElevation
10/16/2024,1344691.70286672,357488000,1519.07293145392,1344.69170286672,20.3588440136834,11,2,absElevation
10/17/2024,236238757.33698,357252000,1519.07293145392,236238.75733698,27.8156704318395,11,2,absElevation
11/15/2024,267276942.07057,361929000,1519.07293145392,267276.94207057,27.9937601410297,11,2,absElevation
01/12/2025,106936688.887109,379144000,1519.07293145392,106936.688887109,26.6721816710388,11,2,absElevation
01/13/2025,711571461.195396,381133000,1519.07293145392,711571.461195396,29.4064334090835,11,2,absElevation
05/13/2025,4609286805.1775,404420000,1519.07293145392,4609286.8051775,32.1018963937445,11,2,absElevation
08/09/2025,450482857.51607,379992000,1519.07293145392,450482.85751607,28.746896966476,11,2,absElevation
05/22/2024,3620826776.18154,395236000,1519.07293145392,3620826.77618154,31.7536720125397,12,2,absElevation
07/20/2024,1045895310.63954,374538000,1519.07293145392,1045895.31063954,29.9620913055904,12,2,absElevation
08/20/2024,261004337.766277,360805000,1519.07293145392,261004.337766277,27.9594985429894,12,2,absElevation
08/19/2024,4191580800.4282,363196000,1519.07293145392,4191580.8004282,31.964847294291,12,2,absElevation
10/16/2024,500116764.785714,357488000,1519.07293145392,500116.764785714,28.8976897266075,12,2,absElevation
10/17/2024,68532923.3637314,357252000,1519.07293145392,68532.9233637314,26.0302938926146,12,2,absElevation
11/15/2024,24998541.1540256,361929000,1519.07293145392,24998.5411540256,24.5753405698484,12,2,absElevation
01/12/2025,115163559.222752,379144000,1519.07293145392,115163.559222752,26.7791090414566,12,2,absElevation
01/13/2025,981416726.606688,381133000,1519.07293145392,981416.726606688,29.8702906190386,12,2,absElevation
05/13/2025,1710577175.33906,404420000,1519.07293145392,1710577.17533906,30.671836048982,12,2,absElevation
08/07/2025,522412908.3705,386624000,1519.07293145392,522412.9083705,28.9606153041686,12,2,absElevation
08/09/2025,180124487.798248,379992000,1519.07293145392,180124.487798248,27.4244190870591,12,2,absElevation
05/22/2024,4076564165.09612,395236000,1519.07293145392,4076564.16509612,31.9247065771936,13,2,absElevation
07/20/2024,191509535.216187,374538000,1519.07293145392,191509.535216187,27.5128409844953,13,2,absElevation
07/21/2024,431520115.189092,370233000,1519.07293145392,431520.115189092,28.6848525708952,13,2,absElevation
08/20/2024,1484554978.62432,360805000,1519.07293145392,1484554.97862432,30.4673833766944,13,2,absElevation
08/19/2024,897830501.450835,363196000,1519.07293145392,897830.501450835,29.7418678679881,13,2,absElevation
10/16/2024,289103377.628869,357488000,1519.07293145392,289103.377628869,28.1070102231887,13,2,absElevation
10/17/2024,1026494510.18385,357252000,1519.07293145392,1026494.51018385,29.9350787657467,13,2,absElevation
11/15/2024,93934544.0734745,361929000,1519.07293145392,93934.5440734745,26.4851524653149,13,2,absElevation
01/12/2025,73548338.3623462,379144000,1519.07293145392,73548.3383623462,26.1321894120345,13,2,absElevation
01/13/2025,30625402.4710301,381133000,1519.07293145392,30625.4024710301,24.8682254679723,13,2,absElevation
05/13/2025,3356362221.36723,404420000,1519.07293145392,3356362.22136723,31.6442512749996,13,2,absElevation
08/07/2025,633000438.985686,386624000,1519.07293145392,633000.438985686,29.2376312592616,13,2,absElevation
08/09/2025,320043376.639759,379992000,1519.07293145392,320043.376639759,28.2536922111555,13,2,absElevation
05/22/2024,3059226284.19085,395236000,1519.07293145392,3059226.28419085,31.5105196777853,14,2,absElevation
07/21/2024,264952558.640206,370233000,1519.07293145392,264952.558640205,27.9811588186172,14,2,absElevation
08/19/2024,2763445598.72738,363196000,1519.07293145392,2763445.59872738,31.3638210658802,14,2,absElevation
08/20/2024,173339722.996571,360805000,1519.07293145392,173339.722996571,27.3690270633559,14,2,absElevation
10/16/2024,1162696983.28212,357488000,1519.07293145392,1162696.98328212,30.1148280112646,14,2,absElevation
10/17/2024,693624295.68525,357252000,1519.07293145392,693624.29568525,29.3695791920455,14,2,absElevation
11/15/2024,4406637125.25738,361929000,1519.07293145392,4406637.12525738,32.0370309534275,14,2,absElevation
01/12/2025,44578122.7967622,379144000,1519.07293145392,44578.1227967622,25.4098325296019,14,2,absElevation
01/13/2025,170807542.986142,381133000,1519.07293145392,170807.542986142,27.3477964459333,14,2,absElevation
08/07/2025,4340040.58330546,386624000,1519.07293145392,4340.04058330546,22.0492771025607,14,2,absElevation
08/09/2025,540636397.626425,379992000,1519.07293145392,540636.397626425,29.010083401766,14,2,absElevation
05/22/2024,1068378585.79797,395236000,1519.07293145392,1068378.58579797,29.9927758184932,15,2,absElevation
07/20/2024,25831639.9469329,374538000,1519.07293145392,25831.6399469329,24.622635901481,15,2,absElevation
08/19/2024,21124830918.3044,363196000,1519.07293145392,21124830.9183044,34.2982207430826,15,2,absElevation
08/20/2024,1496381393.79393,360805000,1519.07293145392,1496381.39379393,30.4788307864364,15,2,absElevation
10/16/2024,255556549.901178,357488000,1519.07293145392,255556.549901178,27.9290673271103,15,2,absElevation
10/17/2024,233006017.220337,357252000,1519.07293145392,233006.017220337,27.7957919710679,15,2,absElevation
11/15/2024,143354869.300219,361929000,1519.07293145392,143354.869300219,27.0950156681836,15,2,absElevation
01/12/2025,38581895.637955,379144000,1519.07293145392,38581.895637955,25.201420693039,15,2,absElevation
01/13/2025,18767350405.1169,381133000,1519.07293145392,18767350.4051169,34.1275059321686,15,2,absElevation
08/07/2025,65653163.0033928,386624000,1519.07293145392,65653.1630033928,25.9683611824033,15,2,absElevation
08/09/2025,297860590.63253,379992000,1519.07293145392,297860.59063253,28.1500620150795,15,2,absElevation
05/22/2024,104920823.848945,395236000,1519.07293145392,104920.823848945,26.6447258000466,16,2,absElevation
07/21/2024,1898180712.53818,370233000,1519.07293145392,1898180.71253818,30.8219702018099,16,2,absElevation
08/20/2024,485105052.440894,360805000,1519.07293145392,485105.052440894,28.8537219645922,16,2,absElevation
08/19/2024,498906444.729148,363196000,1519.07293145392,498906.444729148,28.8941940648829,16,2,absElevation
10/16/2024,2275489933.42309,357488000,1519.07293145392,2275489.93342309,31.0835300579444,16,2,absElevation
10/17/2024,290787484.680606,357252000,1519.07293145392,290787.484680606,28.115389936961,16,2,absElevation
11/15/2024,372228191.141945,361929000,1519.07293145392,372228.191141945,28.4716120828477,16,2,absElevation
01/12/2025,190234709.755108,379144000,1519.07293145392,190234.709755108,27.503205259887,16,2,absElevation
01/13/2025,13688959849.1708,381133000,1519.07293145392,13688959.8491708,33.6722937769557,16,2,absElevation
05/13/2025,746305605.089043,404420000,1519.07293145392,746305.605089043,29.4751912805485,16,2,absElevation
08/07/2025,1200023.3669679,386624000,1519.07293145392,1200.0233669679,20.194631067725,16,2,absElevation
08/09/2025,378059571.090492,379992000,1519.07293145392,378059.571090492,28.4940383378453,16,2,absElevation
05/22/2024,1466035108.21281,395236000,1519.07293145392,1466035.10821281,30.4492725071429,17,2,absElevation
07/20/2024,80014817.132742,374538000,1519.07293145392,80014.817132742,26.2537638470184,17,2,absElevation
08/20/2024,137569706.34716,360805000,1519.07293145392,137569.70634716,27.035587574238,17,2,absElevation
08/19/2024,37765983560.5079,363196000,1519.07293145392,37765983.5605079,35.1363683091555,17,2,absElevation
10/16/2024,8646925258.77977,357488000,1519.07293145392,8646925.25877977,33.0095400731523,17,2,absElevation
10/17/2024,89044.8596048533,357252000,1519.07293145392,89.0448596048533,16.4422447091623,17,2,absElevation
11/15/2024,93867743.0478883,361929000,1519.07293145392,93867.7430478883,26.484126135829,17,2,absElevation
01/12/2025,46558614.5819424,379144000,1519.07293145392,46558.6145819424,25.4725447936455,17,2,absElevation
01/13/2025,649077724.108087,381133000,1519.07293145392,649077.724108087,29.2738160038431,17,2,absElevation
08/09/2025,6485762580.75834,379992000,1519.07293145392,6485762.58075834,32.5946290671368,17,2,absElevation
05/22/2024,918516648.29437,395236000,1519.07293145392,918516.64829437,29.774730629803,18,2,absElevation
07/20/2024,578234646.002387,374538000,1519.07293145392,578234.646002387,29.1070798122556,18,2,absElevation
08/20/2024,1271914729.87248,360805000,1519.07293145392,1271914.72987248,30.2443548084815,18,2,absElevation
08/19/2024,12760656536.4821,363196000,1519.07293145392,12760656.5364821,33.5709835066253,18,2,absElevation
10/16/2024,24669329.4951401,357488000,1519.07293145392,24669.3294951401,24.5562151683708,18,2,absElevation
10/17/2024,490749594.961047,357252000,1519.07293145392,490749.594961047,28.8704118360661,18,2,absElevation
11/15/2024,519569668.68924,361929000,1519.07293145392,519569.66868924,28.9527419710455,18,2,absElevation
01/12/2025,302092.164539032,379144000,1519.07293145392,302.092164539033,18.2046292393458,18,2,absElevation
01/13/2025,695843373.245915,381133000,1519.07293145392,695843.373245915,29.3741873667956,18,2,absElevation
08/07/2025,4400895727.86576,386624000,1519.07293145392,4400895.72786576,32.0351500437889,18,2,absElevation
08/09/2025,130639334.198977,379992000,1519.07293145392,130639.334198977,26.9610141024605,18,2,absElevation
05/22/2024,1026819461.65282,395236000,1519.07293145392,1026819.46165282,29.9355353991532,19,2,absElevation
07/20/2024,344208426.428308,374538000,1519.07293145392,344208.426428308,28.3587071749475,19,2,absElevation
07/21/2024,338668071.138382,370233000,1519.07293145392,338668.071138382,28.3352967383088,19,2,absElevation
08/19/2024,1339035720.91017,363196000,1519.07293145392,1339035.72091017,30.3185473013494,19,2,absElevation
08/20/2024,365477895.441549,360805000,1519.07293145392,365477.895441549,28.4452089119217,19,2,absElevation
10/16/2024,260553299.119573,357488000,1519.07293145392,260553.299119573,27.9570032813537,19,2,absElevation
10/17/2024,171169401.580833,357252000,1519.07293145392,171169.401580833,27.3508495862294,19,2,absElevation
11/15/2024,525389132.238986,361929000,1519.07293145392,525389.132238986,28.9688111174938,19,2,absElevation
01/12/2025,540033770.036182,379144000,1519.07293145392,540033.770036182,29.0084743855239,19,2,absElevation
01/13/2025,2330584603.61544,381133000,1519.07293145392,2330584.60361544,31.1180447397449,19,2,absElevation
05/13/2025,1272873679.02303,404420000,1519.07293145392,1272873.67902303,30.245442106148,19,2,absElevation
08/07/2025,8073909.70427089,386624000,1519.07293145392,8073.90970427089,22.9448360216456,19,2,absElevation
08/09/2025,414116699.128007,379992000,1519.07293145392,414116.699128007,28.6254621392117,19,2,absElevation
05/22/2024,1226992915.2237,395236000,1519.07293145392,1226992.9152237,30.1924797727498,20,2,absElevation
07/20/2024,265298879.413016,374538000,1519.07293145392,265298.879413016,27.9830433409275,20,2,absElevation
07/21/2024,687273987.301995,370233000,1519.07293145392,687273.987301995,29.3563101147952,20,2,absElevation
08/20/2024,537427783.536747,360805000,1519.07293145392,537427.783536747,29.0014956657395,20,2,absElevation
10/16/2024,1460316591.48543,357488000,1519.07293145392,1460316.59148543,30.4436340281957,20,2,absElevation
10/17/2024,346465769.288404,357252000,1519.07293145392,346465.769288404,28.3681375806753,20,2,absElevation
11/15/2024,565055838.105624,361929000,1519.07293145392,565055.838105624,29.0738181989766,20,2,absElevation
01/12/2025,290667529.205634,379144000,1519.07293145392,290667.529205634,28.1147946744998,20,2,absElevation
01/13/2025,454100251.966131,381133000,1519.07293145392,454100.251966131,28.7584355963681,20,2,absElevation
05/13/2025,341449494.713233,404420000,1519.07293145392,341449.494713233,28.3470969580673,20,2,absElevation
08/07/2025,2709068.67733542,386624000,1519.07293145392,2709.06867733542,21.3693655369488,20,2,absElevation
08/09/2025,3958546029.96157,379992000,1519.07293145392,3958546.02996157,31.8823234811228,20,2,absElevation
05/22/2024,2618724139.84994,395236000,1519.07293145392,2618724.13984994,31.2862169461178,21,2,absElevation
07/20/2024,665210867.494067,374538000,1519.07293145392,665210.867494067,29.3092364971043,21,2,absElevation
07/21/2024,1121927093.40831,370233000,1519.07293145392,1121927.09340831,30.0633317818084,21,2,absElevation
08/19/2024,1823354033.39029,363196000,1519.07293145392,1823354.03339029,30.7639475649118,21,2,absElevation
08/20/2024,1326837480.51609,360805000,1519.07293145392,1326837.48051609,30.3053445250619,21,2,absElevation
10/16/2024,254714971.27315,357488000,1519.07293145392,254714.97127315,27.9243085178738,21,2,absElevation
10/17/2024,29073759.5732357,357252000,1519.07293145392,29073.7595732357,24.7932143048966,21,2,absElevation
11/15/2024,140336329.658916,361929000,1519.07293145392,140336.329658916,27.0643132950274,21,2,absElevation
01/12/2025,6412960.54177489,379144000,1519.07293145392,6412.96054177489,22.6125590997868,21,2,absElevation
01/13/2025,6701444299.10237,381133000,1519.07293145392,6701444.29910237,32.6418249135265,21,2,absElevation
05/13/2025,211737454.542823,404420000,1519.07293145392,211737.454542823,27.6577012514189,21,2,absElevation
08/07/2025,258580251.416923,386624000,1519.07293145392,258580.251416923,27.9460368553189,21,2,absElevation
08/09/2025,248672848.806977,379992000,1519.07293145392,248672.848806977,27.8896737554761,21,2,absElevation
05/22/2024,2419624531.17173,395236000,1519.07293145392,2419624.53117173,31.1721360465097,22,2,absElevation
07/20/2024,420696152.830353,374538000,1519.07293145392,420696.152830353,28.6482033841513,22,2,absElevation
07/21/2024,187101080.465649,370233000,1519.07293145392,187101.080465649,27.4792426489333,22,2,absElevation
08/19/2024,12403558.4436499,363196000,1519.07293145392,12403.5584436499,23.564250737447,22,2,absElevation
08/20/2024,3335561003.69224,360805000,1519.07293145392,3335561.00369224,31.635282280817,22,2,absElevation
10/16/2024,169131522.175749,357488000,1519.07293145392,169131.522175749,27.3335703286543,22,2,absElevation
10/17/2024,66039966.1273585,357252000,1519.07293145392,66039.9661273585,25.9768360444884,22,2,absElevation
11/15/2024,758480804.802069,361929000,1519.07293145392,758480.804802069,29.4985374291331,22,2,absElevation
01/12/2025,279332398.895233,379144000,1519.07293145392,279332.398895233,28.0574076761277,22,2,absElevation
01/13/2025,2494860729.41758,381133000,1519.07293145392,2494860.72941758,31.2163121362475,22,2,absElevation
08/07/2025,1681401024.01939,386624000,1519.07293145392,1681401.02401939,30.6470167108412,22,2,absElevation
08/09/2025,112707699.82412,379992000,1519.07293145392,112707.69982412,26.748010838217,22,2,absElevation
05/22/2024,1579258022.0464,395236000,1519.07293145392,1579258.0220464,30.5565997545802,23,2,absElevation
07/20/2024,276146845.101436,374538000,1519.07293145392,276146.845101436,28.0408604042246,23,2,absElevation
08/19/2024,724098583.958763,363196000,1519.07293145392,724098.583958763,29.4316108885981,23,2,absElevation
08/20/2024,321009199.006589,360805000,1519.07293145392,321009.199006589,28.2580393996584,23,2,absElevation
10/16/2024,123853617.085154,357488000,1519.07293145392,123853.617085153,26.8840607615113,23,2,absElevation
10/17/2024,165884797.135893,357252000,1519.07293145392,165884.797135893,27.3056064326038,23,2,absElevation
11/15/2024,174951265.846141,361929000,1519.07293145392,174951.265846141,27.3823778622211,23,2,absElevation
01/12/2025,46644371.6885319,379144000,1519.07293145392,46644.3716885319,25.475199673972,23,2,absElevation
01/13/2025,9259802132.58078,381133000,1519.07293145392,9259802.13258078,33.1083342196754,23,2,absElevation
05/13/2025,2441804451.69674,404420000,1519.07293145392,2441804.45169674,31.1853005228359,23,2,absElevation
08/07/2025,334978509.443126,386624000,1519.07293145392,334978.509443126,28.3194933014921,23,2,absElevation
08/09/2025,121868228.040582,379992000,1519.07293145392,121868.228040582,26.8607468126794,23,2,absElevation
05/22/2024,1155542248.92558,395236000,1519.07293145392,1155542.24892558,30.1059228625596,24,2,absElevation
07/20/2024,547421210.952431,374538000,1519.07293145392,547421.210952431,29.0280760950495,24,2,absElevation
07/21/2024,1624253206.67557,370233000,1519.07293145392,1624253.20667557,30.5971294074085,24,2,absElevation
08/19/2024,4375418779.57734,363196000,1519.07293145392,4375418.77957734,32.026773960601,24,2,absElevation
08/20/2024,183711162.13006,360805000,1519.07293145392,183711.16213006,27.4528640451043,24,2,absElevation
10/16/2024,957929529.584771,357488000,1519.07293145392,957929.529584771,29.8353442866072,24,2,absElevation
10/17/2024,226974739.073107,357252000,1519.07293145392,226974.739073107,27.7579565022456,24,2,absElevation
11/15/2024,67923727.617457,361929000,1519.07293145392,67923.727617457,26.0174122995991,24,2,absElevation
01/12/2025,371501869.520454,379144000,1519.07293145392,371501.869520454,28.4687942300003,24,2,absElevation
01/13/2025,3630357625.95637,381133000,1519.07293145392,3630357.62595637,31.7574645288685,24,2,absElevation
08/07/2025,24704234.4000771,386624000,1519.07293145392,24704.2344000771,24.5582550106536,24,2,absElevation
08/09/2025,136831539.918109,379992000,1519.07293145392,136831.539918109,27.027825571478,24,2,absElevation
05/22/2024,5080352617.60474,395236000,1519.07293145392,5080352.61760474,32.2422814891756,25,2,absElevation
07/21/2024,473657067.764346,370233000,1519.07293145392,473657.067764346,28.8192676711904,25,2,absElevation
08/20/2024,931152411.639295,360805000,1519.07293145392,931152.411639295,29.7944420874843,25,2,absElevation
08/19/2024,3543845684.02243,363196000,1519.07293145392,3543845.68402243,31.72266863741,25,2,absElevation
10/16/2024,86203378.1150109,357488000,1519.07293145392,86203.3781150109,26.3612410705825,25,2,absElevation
10/17/2024,289981512.41715,357252000,1519.07293145392,289981.51241715,28.1113856841863,25,2,absElevation
11/15/2024,22828830.8090084,361929000,1519.07293145392,22828.8308090084,24.4443536372547,25,2,absElevation
01/12/2025,46158728.7236774,379144000,1519.07293145392,46158.7287236774,25.4601001548912,25,2,absElevation
01/13/2025,417559125.546197,381133000,1519.07293145392,417559.125546197,28.6374052539139,25,2,absElevation
08/07/2025,1591603699.43853,386624000,1519.07293145392,1591603.69943853,30.5678340114577,25,2,absElevation
08/09/2025,143182500.486422,379992000,1519.07293145392,143182.500486422,27.0932799388227,25,2,absElevation
05/22/2024,421112944.735579,395236000,1519.07293145392,421112.944735579,28.6496319827864,26,2,absElevation
07/20/2024,3281885333.05427,374538000,1519.07293145392,3281885.33305427,31.6118776868891,26,2,absElevation
07/21/2024,554143453.502522,370233000,1519.07293145392,554143.453502522,29.0456842604024,26,2,absElevation
08/20/2024,563844603.701262,360805000,1519.07293145392,563844.603701262,29.0707223678929,26,2,absElevation
08/19/2024,1348022290.1317,363196000,1519.07293145392,1348022.2901317,30.3281972062899,26,2,absElevation
10/16/2024,321217863.628468,357488000,1519.07293145392,321217.863628468,28.2589768856141,26,2,absElevation
10/17/2024,446117748.462978,357252000,1519.07293145392,446117.748462978,28.7328493049019,26,2,absElevation
11/15/2024,196675778.888293,361929000,1519.07293145392,196675.778888293,27.5512440561696,26,2,absElevation
01/12/2025,513384170.544045,379144000,1519.07293145392,513384.170544045,28.9354635722898,26,2,absElevation
01/13/2025,1139551700.58809,381133000,1519.07293145392,1139551.70058809,30.0858192340436,26,2,absElevation
05/13/2025,422815457.614425,404420000,1519.07293145392,422815.457614425,28.6554528799444,26,2,absElevation
08/07/2025,4484574.55691834,386624000,1519.07293145392,4484.57455691834,22.0965396952184,26,2,absElevation
08/09/2025,322358186.057125,379992000,1519.07293145392,322358.186057125,28.2640893792666,26,2,absElevation
05/22/2024,10234196603.3998,395236000,1519.07293145392,10234196.6033998,33.2526788024041,27,2,absElevation
07/20/2024,297392217.250264,374538000,1519.07293145392,297392.217250263,28.1477916516763,27,2,absElevation
07/21/2024,492162246.889941,370233000,1519.07293145392,492162.246889941,28.8745587539254,27,2,absElevation
08/19/2024,268355970.806961,363196000,1519.07293145392,268355.970806961,27.9995727469221,27,2,absElevation
08/20/2024,29855207.2217536,360805000,1519.07293145392,29855.2072217536,24.8314792465498,27,2,absElevation
10/16/2024,1158018260.96762,357488000,1519.07293145392,1158018.26096762,30.1090108575722,27,2,absElevation
10/17/2024,360188548.999602,357252000,1519.07293145392,360188.548999602,28.4241770753678,27,2,absElevation
11/15/2024,221812566.615802,361929000,1519.07293145392,221812.566615802,27.7247658616622,27,2,absElevation
01/12/2025,74331063.7712206,379144000,1519.07293145392,74331.0637712206,26.1474619191602,27,2,absElevation
01/13/2025,4799556121.53164,381133000,1519.07293145392,4799556.12153164,32.1602538408875,27,2,absElevation
05/13/2025,101069068.282514,404420000,1519.07293145392,101069.068282514,26.5907662937941,27,2,absElevation
08/09/2025,187136945.18518,379992000,1519.07293145392,187136.94518518,27.47951916735,27,2,absElevation
05/22/2024,8693664755.03585,395236000,1519.07293145392,8693664.75503585,33.0173173174913,28,2,absElevation
07/21/2024,297787534.717859,370233000,1519.07293145392,297787.534717859,28.1497081235726,28,2,absElevation
08/20/2024,604182443.395548,360805000,1519.07293145392,604182.443395548,29.1704090212942,28,2,absElevation
10/16/2024,4481333724.92717,357488000,1519.07293145392,4481333.72492717,32.0612810219785,28,2,absElevation
10/17/2024,78443812.896196,357252000,1519.07293145392,78443.812896196,26.2251563261152,28,2,absElevation
11/15/2024,328387642.118801,361929000,1519.07293145392,328387.642118801,28.2908245957476,28,2,absElevation
01/12/2025,1601889.31243645,379144000,1519.07293145392,1601.88931243645,20.6113430329784,28,2,absElevation
01/13/2025,1668664132.89427,381133000,1519.07293145392,1668664.13289427,30.6360464536419,28,2,absElevation
08/07/2025,1512202304.9806,386624000,1519.07293145392,1512202.3049806,30.4940040126381,28,2,absElevation
08/09/2025,210807713.55724,379992000,1519.07293145392,210807.71355724,27.6513524159563,28,2,absElevation
05/22/2024,3542989938.75198,395236000,1519.07293145392,3542989.93875198,31.7223202225378,29,2,absElevation
07/20/2024,482386272.874404,374538000,1519.07293145392,482386.272874404,28.8456136125687,29,2,absElevation
08/19/2024,250320271.741757,363196000,1519.07293145392,250320.271741757,27.8991998889468,29,2,absElevation
08/20/2024,476719319.49103,360805000,1519.07293145392,476719.31949103,28.8285648522412,29,2,absElevation
10/16/2024,4498454675.99826,357488000,1519.07293145392,4498454.67599826,32.0667823411706,29,2,absElevation
10/17/2024,137726227.955778,357252000,1519.07293145392,137726.227955778,27.0372280850102,29,2,absElevation
11/15/2024,78318832.5213085,361929000,1519.07293145392,78318.8325213084,26.2228559234295,29,2,absElevation
01/12/2025,7823978.30739215,379144000,1519.07293145392,7823.97830739215,22.8994709396321,29,2,absElevation
01/13/2025,209241527.063981,381133000,1519.07293145392,209241.527063981,27.6405939631875,29,2,absElevation
05/13/2025,2409172321.35583,404420000,1519.07293145392,2409172.32135583,31.1658904431933,29,2,absElevation
08/07/2025,769663341.278767,386624000,1519.07293145392,769663.341278767,29.519652293119,29,2,absElevation
08/09/2025,234136166.788849,379992000,1519.07293145392,234136.166788849,27.80277256248,29,2,absElevation
05/22/2024,6596786235.33554,395236000,1519.07293145392,6596786.23533554,32.619116210042,30,2,absElevation
07/20/2024,44816320.8958965,374538000,1519.07293145392,44816.3208958965,25.4175208828254,30,2,absElevation
07/21/2024,429597066.88372,370233000,1519.07293145392,429597.06688372,28.6784089023134,30,2,absElevation
08/19/2024,428930007.361533,363196000,1519.07293145392,428930.007361533,28.6761670075912,30,2,absElevation
08/20/2024,7241039340.93711,360805000,1519.07293145392,7241039.34093711,32.7535496430625,30,2,absElevation
10/16/2024,2500909639.09402,357488000,1519.07293145392,2500909.63909402,31.2198057861209,30,2,absElevation
10/17/2024,1465492.81678011,357252000,1519.07293145392,1465.49281678011,20.482954465894,30,2,absElevation
11/15/2024,35481748.4381331,361929000,1519.07293145392,35481.7484381331,25.080573767449,30,2,absElevation
01/12/2025,1090858984.06662,379144000,1519.07293145392,1090858.98406662,30.0228174697295,30,2,absElevation
01/13/2025,126090391.233145,381133000,1519.07293145392,126090.391233145,26.9098830978223,30,2,absElevation
08/07/2025,1964625897.067,386624000,1519.07293145392,1964625.897067,30.8716074754629,30,2,absElevation
05/22/2024,1033003617.42374,395236000,1519.07293145392,1033003.61742374,29.9441981602997,31,2,absElevation
07/20/2024,2038933884.19315,374538000,1519.07293145392,2038933.88419315,30.925167848324,31,2,absElevation
07/21/2024,1148925508.97594,370233000,1519.07293145392,1148925.50897594,30.0976381173186,31,2,absElevation
08/19/2024,225070659.493062,363196000,1519.07293145392,225070.659493062,27.7458027565271,31,2,absElevation
10/16/2024,2228475181.69497,357488000,1519.07293145392,2228475.18169497,31.053409747876,31,2,absElevation
10/17/2024,1299503080.91789,357252000,1519.07293145392,1299503.08091789,30.275312908204,31,2,absElevation
11/15/2024,476633405.910264,361929000,1519.07293145392,476633.405910264,28.828304828655,31,2,absElevation
01/12/2025,571164.86288529,379144000,1519.07293145392,571.16486288529,19.1235477043284,31,2,absElevation
01/13/2025,46533417.653211,381133000,1519.07293145392,46533.417653211,25.4717638141322,31,2,absElevation
05/13/2025,1917238443.88637,404420000,1519.07293145392,1917238.44388637,30.8363826278312,31,2,absElevation
08/07/2025,691025076.397318,386624000,1519.07293145392,691025.076397318,29.3641628241808,31,2,absElevation
05/22/2024,2790258492.76266,395236000,1519.07293145392,2790258.49276266,31.3777516351633,32,2,absElevation
08/20/2024,577521349.548294,360805000,1519.07293145392,577521.349548294,29.1052990395118,32,2,absElevation
08/19/2024,182094303.151862,363196000,1519.07293145392,182094.303151862,27.4401105471845,32,2,absElevation
10/16/2024,766764984.004642,357488000,1519.07293145392,766764.984004642,29.5142092137936,32,2,absElevation
10/17/2024,474554684.900742,357252000,1519.07293145392,474554.684900742,28.8219991036463,32,2,absElevation
11/15/2024,47505368.2330671,361929000,1519.07293145392,47505.3682330671,25.5015872152471,32,2,absElevation
01/12/2025,721191.334661346,379144000,1519.07293145392,721.191334661346,19.4600225368807,32,2,absElevation
01/13/2025,3267580065.10259,381133000,1519.07293145392,3267580.06510259,31.6055754406149,32,2,absElevation
05/13/2025,884755429.278073,404420000,1519.07293145392,884755.429278073,29.7207034688362,32,2,absElevation
08/07/2025,1180838565.63415,386624000,1519.07293145392,1180838.56563415,30.1371645990106,32,2,absElevation
08/09/2025,1500921254.70694,379992000,1519.07293145392,1500921.25470694,30.4832011424546,32,2,absElevation
05/22/2024,1423078294.45156,395236000,1519.07293145392,1423078.29445156,30.4063678917535,33,2,absElevation
07/20/2024,312350543.350247,374538000,1519.07293145392,312350.543350247,28.2185907986486,33,2,absElevation
07/21/2024,2585298268.17868,370233000,1519.07293145392,2585298.26817868,31.2676835891488,33,2,absElevation
08/19/2024,260434054.939643,363196000,1519.07293145392,260434.054939643,27.9563428699687,33,2,absElevation
08/20/2024,1068380613.3185,360805000,1519.07293145392,1068380.6133185,29.992778556372,33,2,absElevation
10/16/2024,426807390.786186,357488000,1519.07293145392,426807.390786186,28.6690099178251,33,2,absElevation
10/17/2024,304916568.831603,357252000,1519.07293145392,304916.568831603,28.1838393060413,33,2,absElevation
11/15/2024,210166438.357858,361929000,1519.07293145392,210166.438357858,27.6469570616981,33,2,absElevation
01/12/2025,367715985.476734,379144000,1519.07293145392,367715.985476734,28.4540166543421,33,2,absElevation
01/13/2025,1044721565.72058,381133000,1519.07293145392,1044721.56572058,29.9604713472222,33,2,absElevation
05/13/2025,967028145.132429,404420000,1519.07293145392,967028.145132429,29.8489826387204,33,2,absElevation
08/07/2025,6476506.4043442,386624000,1519.07293145392,6476.5064043442,22.6267843651056,33,2,absElevation
08/09/2025,266818536.265306,379992000,1519.07293145392,266818.536265306,27.9912836551907,33,2,absElevation
05/22/2024,1158496557.99291,395236000,1519.07293145392,1158496.55799291,30.1096066118067,34,2,absElevation
07/20/2024,420956020.000642,374538000,1519.07293145392,420956.020000642,28.6490942725774,34,2,absElevation
07/21/2024,2546456587.91172,370233000,1519.07293145392,2546456.58791172,31.2458439763117,34,2,absElevation
08/19/2024,256525075.223696,363196000,1519.07293145392,256525.075223696,27.9345246146885,34,2,absElevation
08/20/2024,443284083.934122,360805000,1519.07293145392,443284.083934122,28.7236563227265,34,2,absElevation
10/16/2024,837430123.586952,357488000,1519.07293145392,837430.123586952,29.6413935739622,34,2,absElevation
10/17/2024,345692268.30753,357252000,1519.07293145392,345692.26830753,28.3649130959965,34,2,absElevation
11/15/2024,6299091.34835613,361929000,1519.07293145392,6299.09134835613,22.5867123024183,34,2,absElevation
01/12/2025,170323231.739384,379144000,1519.07293145392,170323.231739384,27.3436999881806,34,2,absElevation
01/13/2025,1700181349.46531,381133000,1519.07293145392,1700181.34946531,30.6630414933024,34,2,absElevation
05/13/2025,867987631.413766,404420000,1519.07293145392,867987.631413766,29.6930992439056,34,2,absElevation
08/07/2025,454963662.771514,386624000,1519.07293145392,454963.662771514,28.7611760832393,34,2,absElevation
08/09/2025,319736420.360998,379992000,1519.07293145392,319736.420360998,28.2523078462938,34,2,absElevation
05/22/2024,347908819.118876,395236000,1519.07293145392,347908.819118876,28.3741340093065,35,2,absElevation
07/20/2024,529936611.030591,374538000,1519.07293145392,529936.611030591,28.9812445594896,35,2,absElevation
07/21/2024,1386087853.5438,370233000,1519.07293145392,1386087.8535438,30.3683715558013,35,2,absElevation
08/19/2024,10695378751.1376,363196000,1519.07293145392,10695378.7511376,33.3162685218593,35,2,absElevation
08/20/2024,1104549964.89599,360805000,1519.07293145392,1104549.96489599,30.0408115352211,35,2,absElevation
10/16/2024,261873309.967229,357488000,1519.07293145392,261873.309967229,27.9642937873247,35,2,absElevation
10/17/2024,547300294.13329,357252000,1519.07293145392,547300.29413329,29.027757390986,35,2,absElevation
11/15/2024,2817373.47928628,361929000,1519.07293145392,2817.37347928628,21.4259193935976,35,2,absElevation
01/12/2025,308587990.855321,379144000,1519.07293145392,308587.990855321,28.2011066775513,35,2,absElevation
01/13/2025,647839318.178265,381133000,1519.07293145392,647839.318178265,29.2710607888551,35,2,absElevation
08/07/2025,449725886.570284,386624000,1519.07293145392,449725.886570284,28.7444706881396,35,2,absElevation
08/09/2025,596022593.350804,379992000,1519.07293145392,596022.593350804,29.1507917788759,35,2,absElevation
05/22/2024,2824792295.38806,395236000,1519.07293145392,2824792.29538806,31.3954976452557,36,2,absElevation
07/20/2024,382105899.812236,374538000,1519.07293145392,382105.899812236,28.5093972925445,36,2,absElevation
07/21/2024,393607025.670456,370233000,1519.07293145392,393607.025670456,28.5521807313245,36,2,absElevation
08/19/2024,106990479.536008,363196000,1519.07293145392,106990.479536008,26.6729071843489,36,2,absElevation
08/20/2024,222978349.687789,360805000,1519.07293145392,222978.349687789,27.7323283960857,36,2,absElevation
10/16/2024,736892381.382347,357488000,1519.07293145392,736892.381382347,29.4568786970313,36,2,absElevation
10/17/2024,525112850.811424,357252000,1519.07293145392,525112.850811424,28.9680522615162,36,2,absElevation
11/15/2024,84737941.3342416,361929000,1519.07293145392,84737.9413342416,26.3365047437871,36,2,absElevation
01/12/2025,1976291661.19959,379144000,1519.07293145392,1976291.66119959,30.880148729611,36,2,absElevation
01/13/2025,3555664139.02708,381133000,1519.07293145392,3555664.13902708,31.7274719104813,36,2,absElevation
05/13/2025,1477777298.32686,404420000,1519.07293145392,1477777.29832686,30.460781725089,36,2,absElevation
08/07/2025,21229269.0196764,386624000,1519.07293145392,21229.2690196764,24.339551360474,36,2,absElevation
08/09/2025,207912417.792892,379992000,1519.07293145392,207912.417792892,27.6314006863823,36,2,absElevation
05/22/2024,15631212438.1572,395236000,1519.07293145392,15631212.4381572,33.8637106344842,37,2,absElevation
07/20/2024,625670164.023424,374538000,1519.07293145392,625670.164023424,29.2208270678001,37,2,absElevation
07/21/2024,587494626.727244,370233000,1519.07293145392,587494.626727244,29.1300004158329,37,2,absElevation
08/20/2024,54093418.034758,360805000,1519.07293145392,54093.418034758,25.6889497250603,37,2,absElevation
08/19/2024,733704221.455088,363196000,1519.07293145392,733704.221455088,29.4506233450012,37,2,absElevation
10/16/2024,3083615661.2315,357488000,1519.07293145392,3083615.6612315,31.5219758143789,37,2,absElevation
10/17/2024,685426772.302093,357252000,1519.07293145392,685426.772302093,29.3524273027405,37,2,absElevation
11/15/2024,4528190556.01437,361929000,1519.07293145392,4528190.55601437,32.0762875251491,37,2,absElevation
01/12/2025,419470.890348946,379144000,1519.07293145392,419.470890348946,18.6782111711415,37,2,absElevation
01/13/2025,409975411.073463,381133000,1519.07293145392,409975.411073463,28.6109621434975,37,2,absElevation
08/07/2025,22266127.6354542,386624000,1519.07293145392,22266.1276354542,24.4083473410219,37,2,absElevation
05/22/2024,4220724041.35683,395236000,1519.07293145392,4220724.04135683,31.9748433603298,38,2,absElevation
07/20/2024,1214229695.41718,374538000,1519.07293145392,1214229.69541718,30.1773942155253,38,2,absElevation
08/19/2024,236191340.113126,363196000,1519.07293145392,236191.340113126,27.8153808288091,38,2,absElevation
10/16/2024,597237610.921466,357488000,1519.07293145392,597237.610921466,29.1537297808696,38,2,absElevation
10/17/2024,121012956.391934,357252000,1519.07293145392,121012.956391934,26.850586278679,38,2,absElevation
11/15/2024,2451469.55847686,361929000,1519.07293145392,2451.46955847686,21.225215416158,38,2,absElevation
01/12/2025,6142290153.33931,379144000,1519.07293145392,6142290.15333931,32.5161295188394,38,2,absElevation
01/13/2025,3570736665.1164,381133000,1519.07293145392,3570736.6651164,31.7335745958802,38,2,absElevation
05/13/2025,68908284.026654,404420000,1519.07293145392,68908.284026654,26.0381740957008,38,2,absElevation
08/09/2025,688186533.499866,379992000,1519.07293145392,688186.533499866,29.358224420655,38,2,absElevation
05/22/2024,8693664755.03602,395236000,1519.07293145392,8693664.75503602,33.0173173174913,39,2,absElevation
07/20/2024,1637652339.18072,374538000,1519.07293145392,1637652.33918072,30.6089819705649,39,2,absElevation
08/20/2024,327372833.068813,360805000,1519.07293145392,327372.833068813,28.2863593642858,39,2,absElevation
10/16/2024,598483342.637517,357488000,1519.07293145392,598483.342637517,29.1567358528363,39,2,absElevation
10/17/2024,324814747.740112,357252000,1519.07293145392,324814.747740112,28.2750418965743,39,2,absElevation
11/15/2024,201078816.058703,361929000,1519.07293145392,201078.816058703,27.5831858587587,39,2,absElevation
01/12/2025,1601889.31243645,379144000,1519.07293145392,1601.88931243645,20.6113430329784,39,2,absElevation
01/13/2025,1489255179.06595,381133000,1519.07293145392,1489255.17906595,30.4719438302239,39,2,absElevation
08/07/2025,84378308.0249325,386624000,1519.07293145392,84378.3080249325,26.3303688227748,39,2,absElevation
08/09/2025,305549179.338046,379992000,1519.07293145392,305549.179338046,28.1868293652539,39,2,absElevation
05/22/2024,993418298.763279,395236000,1519.07293145392,993418.298763279,29.8878260805589,40,2,absElevation
07/20/2024,259756560.818571,374538000,1519.07293145392,259756.560818571,27.9525849476543,40,2,absElevation
07/21/2024,2265470378.2441,370233000,1519.07293145392,2265470.3782441,31.0771634812579,40,2,absElevation
08/19/2024,343427555.835062,363196000,1519.07293145392,343427.555835062,28.3554305616062,40,2,absElevation
08/20/2024,685157383.834332,360805000,1519.07293145392,685157.383834332,29.3518601789929,40,2,absElevation
10/16/2024,321484590.146196,357488000,1519.07293145392,321484.590146196,28.2601743450114,40,2,absElevation
10/17/2024,88809461.5827306,357252000,1519.07293145392,88809.4615827306,26.4042100508244,40,2,absElevation
11/15/2024,20148687.3576402,361929000,1519.07293145392,20148.6873576402,24.2641825176393,40,2,absElevation
01/12/2025,972511940.328849,379144000,1519.07293145392,972511.940328849,29.8571407224599,40,2,absElevation
01/13/2025,7067864286.10134,381133000,1519.07293145392,7067864.28610134,32.7186271921712,40,2,absElevation
08/07/2025,1944205833.30881,386624000,1519.07293145392,1944205.83330881,30.8565338193158,40,2,absElevation
08/09/2025,38242038.9843295,379992000,1519.07293145392,38242.0389843295,25.1886561110176,40,2,absElevation
05/22/2024,1209658688.28815,395236000,1519.07293145392,1209658.68828815,30.1719528947296,41,2,absElevation
07/20/2024,1597065506.05719,374538000,1519.07293145392,1597065.50605719,30.5727763422681,41,2,absElevation
07/21/2024,3830318089.84179,370233000,1519.07293145392,3830318.08984179,31.8348170601265,41,2,absElevation
08/19/2024,6882817225.80209,363196000,1519.07293145392,6882817.22580209,32.680352053474,41,2,absElevation
10/16/2024,13544549840.6284,357488000,1519.07293145392,13544549.8406284,33.6569933945741,41,2,absElevation
10/17/2024,129628903.707093,357252000,1519.07293145392,129628.903707093,26.9498121948033,41,2,absElevation
11/15/2024,370371541.34503,361929000,1519.07293145392,370371.54134503,28.4643980079731,41,2,absElevation
01/12/2025,114394401.802319,379144000,1519.07293145392,114394.401802319,26.7694412107812,41,2,absElevation
01/13/2025,1685705526.08631,381133000,1519.07293145392,1685705.52608631,30.6507053895783,41,2,absElevation
08/07/2025,42125.7129195126,386624000,1519.07293145392,42.1257129195126,15.3624134816717,41,2,absElevation
05/22/2024,6322903135.53732,395236000,1519.07293145392,6322903.13553732,32.5579399721301,42,2,absElevation
07/20/2024,2291923026.46029,374538000,1519.07293145392,2291923.02646029,31.0939114464193,42,2,absElevation
08/19/2024,2202961058.89312,363196000,1519.07293145392,2202961.05889312,31.0367968471466,42,2,absElevation
08/20/2024,123302264.480604,360805000,1519.07293145392,123302.264480604,26.8776240545812,42,2,absElevation
10/16/2024,22806302.4694907,357488000,1519.07293145392,22806.3024694907,24.4429292291723,42,2,absElevation
10/17/2024,58973830.2190055,357252000,1519.07293145392,58973.8302190055,25.813571561246,42,2,absElevation
11/15/2024,276585486.554611,361929000,1519.07293145392,276585.486554611,28.043150214123,42,2,absElevation
01/12/2025,59568812.895869,379144000,1519.07293145392,59568.812895869,25.8280538731452,42,2,absElevation
01/13/2025,211435271.202388,381133000,1519.07293145392,211435.271202388,27.6556408233513,42,2,absElevation
08/07/2025,779187310.147708,386624000,1519.07293145392,779187.310147708,29.5373949409647,42,2,absElevation
08/09/2025,424441328.938243,379992000,1519.07293145392,424441.328938243,28.6609899010991,42,2,absElevation
07/20/2024,237225910.164416,374538000,1519.07293145392,237225.910164416,27.8216863508726,43,2,absElevation
07/21/2024,2429500575.52749,370233000,1519.07293145392,2429500.57552749,31.1780126282034,43,2,absElevation
08/19/2024,6394158.24989927,363196000,1519.07293145392,6394.15824989927,22.6083230193418,43,2,absElevation
08/20/2024,161915936.181796,360805000,1519.07293145392,161915.936181796,27.2706697454743,43,2,absElevation
10/16/2024,3518232984.75659,357488000,1519.07293145392,3518232.98475659,31.7122038782467,43,2,absElevation
10/17/2024,787354448.831917,357252000,1519.07293145392,787354.448831917,29.5524380091305,43,2,absElevation
11/15/2024,34583712.273882,361929000,1519.07293145392,34583.712273882,25.0435894028177,43,2,absElevation
01/12/2025,495568079.949861,379144000,1519.07293145392,495568.079949861,28.8845080240974,43,2,absElevation
01/13/2025,833920237.095654,381133000,1519.07293145392,833920.237095654,29.6353341582968,43,2,absElevation
05/13/2025,2464991921.90426,404420000,1519.07293145392,2464991.92190426,31.1989357726999,43,2,absElevation
08/07/2025,295591207.888514,386624000,1519.07293145392,295591.207888514,28.1390281174724,43,2,absElevation
08/09/2025,345132704.874879,379992000,1519.07293145392,345132.704874879,28.3625759495492,43,2,absElevation
05/22/2024,10213436593.2872,395236000,1519.07293145392,10213436.5932872,33.249749331434,44,2,absElevation
07/20/2024,446450249.143579,374538000,1519.07293145392,446450.249143579,28.7339241745061,44,2,absElevation
08/19/2024,5708788524.78379,363196000,1519.07293145392,5708788.52478379,32.4105374744037,44,2,absElevation
08/20/2024,20385738.5525201,360805000,1519.07293145392,20385.7385525201,24.2810568892135,44,2,absElevation
10/16/2024,148677565.798629,357488000,1519.07293145392,148677.565798629,27.1476117322942,44,2,absElevation
10/17/2024,296309217.01459,357252000,1519.07293145392,296309.21701459,28.1425282626658,44,2,absElevation
11/15/2024,130759428.629563,361929000,1519.07293145392,130759.428629563,26.9623397372857,44,2,absElevation
01/12/2025,145789664.739249,379144000,1519.07293145392,145789.664739249,27.1193132074473,44,2,absElevation
01/13/2025,808933166.949933,381133000,1519.07293145392,808933.166949933,29.5914452730115,44,2,absElevation
05/13/2025,1860685497.274,404420000,1519.07293145392,1860685.497274,30.7931870781813,44,2,absElevation
08/07/2025,681388420.734145,386624000,1519.07293145392,681388.420734145,29.3439021901091,44,2,absElevation
08/09/2025,144154258.02664,379992000,1519.07293145392,144154.25802664,27.1030382108689,44,2,absElevation
05/22/2024,4530502636.17696,395236000,1519.07293145392,4530502.63617696,32.0770239727992,45,2,absElevation
07/20/2024,44430952.8370033,374538000,1519.07293145392,44430.9528370033,25.4050617449806,45,2,absElevation
08/19/2024,555386211.048196,363196000,1519.07293145392,555386.211048196,29.0489161179277,45,2,absElevation
08/20/2024,387214559.135269,360805000,1519.07293145392,387214.559135269,28.5285579575724,45,2,absElevation
10/16/2024,864037907.979602,357488000,1519.07293145392,864037.907979602,29.6865193683099,45,2,absElevation
10/17/2024,95802211.9835467,357252000,1519.07293145392,95802.2119835467,26.5135556310378,45,2,absElevation
11/15/2024,1651052.07952373,361929000,1519.07293145392,1651.05207952373,20.6549541975618,45,2,absElevation
01/12/2025,1291959340.83102,379144000,1519.07293145392,1291959.34083102,30.2669135217701,45,2,absElevation
01/13/2025,119474794.378189,381133000,1519.07293145392,119474.794378189,26.8321310437385,45,2,absElevation
05/13/2025,1780171615.69112,404420000,1519.07293145392,1780171.61569112,30.7293691834767,45,2,absElevation
08/07/2025,329276431.558291,386624000,1519.07293145392,329276.431558291,28.294724011722,45,2,absElevation
08/09/2025,2371258665.42749,379992000,1519.07293145392,2371258.66542749,31.1430058997565,45,2,absElevation
05/22/2024,929500577.186899,395236000,1519.07293145392,929500.577186899,29.7918805201064,46,2,absElevation
07/20/2024,1599076217.02494,374538000,1519.07293145392,1599076.21702494,30.5745915578473,46,2,absElevation
07/21/2024,636085740.742755,370233000,1519.07293145392,636085.740742755,29.2446460048084,46,2,absElevation
08/19/2024,112573246.329667,363196000,1519.07293145392,112573.246329667,26.7462887625952,46,2,absElevation
08/20/2024,2188698411.35018,360805000,1519.07293145392,2188698.41135018,31.0274260280459,46,2,absElevation
10/16/2024,243846505.526682,357488000,1519.07293145392,243846.505526682,27.8613980568963,46,2,absElevation
10/17/2024,175644904.321126,357252000,1519.07293145392,175644.904321126,27.3880864818745,46,2,absElevation
11/15/2024,60829336.9082942,361929000,1519.07293145392,60829.3369082942,25.8582639418995,46,2,absElevation
01/12/2025,455014352.361645,379144000,1519.07293145392,455014.352361645,28.7613368115628,46,2,absElevation
01/13/2025,748658484.824748,381133000,1519.07293145392,748658.484824748,29.479732514351,46,2,absElevation
05/13/2025,2101314542.70609,404420000,1519.07293145392,2101314.54270609,30.9686449870762,46,2,absElevation
08/07/2025,63968401.6555809,386624000,1519.07293145392,63968.4016555809,25.9308561000719,46,2,absElevation
08/09/2025,184416973.006772,379992000,1519.07293145392,184416.973006772,27.4583962009064,46,2,absElevation
05/22/2024,597238757.710564,395236000,1519.07293145392,597238.757710564,29.1537325510658,47,2,absElevation
07/20/2024,315282260.630633,374538000,1519.07293145392,315282.260630633,28.2320687581078,47,2,absElevation
08/19/2024,3477654227.09794,363196000,1519.07293145392,3477654.22709794,31.6954673508488,47,2,absElevation
08/20/2024,598399399.544334,360805000,1519.07293145392,598399.399544334,29.1565334866726,47,2,absElevation
10/16/2024,197910006.292075,357488000,1519.07293145392,197910.006292075,27.5602693157138,47,2,absElevation
10/17/2024,1069653.93488585,357252000,1519.07293145392,1069.65393488585,20.0287126863439,47,2,absElevation
11/15/2024,162752544.887965,361929000,1519.07293145392,162752.544887965,27.2781048614363,47,2,absElevation
01/12/2025,1709113467.41212,379144000,1519.07293145392,1709113.46741212,30.670601034171,47,2,absElevation
01/13/2025,2582307850.81288,381133000,1519.07293145392,2582307.85081288,31.2660138563224,47,2,absElevation
05/13/2025,210917834.777934,404420000,1519.07293145392,210917.834777934,27.6521058507113,47,2,absElevation
08/07/2025,1740379036.31805,386624000,1519.07293145392,1740379.03631805,30.6967543981434,47,2,absElevation
08/09/2025,426833956.289671,379992000,1519.07293145392,426833.956289671,28.669099711789,47,2,absElevation
05/22/2024,8984798690.60247,395236000,1519.07293145392,8984798.69060247,33.0648390337011,48,2,absElevation
07/20/2024,770363178.062177,374538000,1519.07293145392,770363.178062177,29.5209635057685,48,2,absElevation
08/20/2024,770143639.789869,360805000,1519.07293145392,770143.639789869,29.5205523076158,48,2,absElevation
08/19/2024,274976739.982742,363196000,1519.07293145392,274976.739982742,28.0347343467151,48,2,absElevation
10/16/2024,329719538.967196,357488000,1519.07293145392,329719.538967196,28.296664141818,48,2,absElevation
10/17/2024,2869769484.81628,357252000,1519.07293145392,2869769.48481628,31.4182877105846,48,2,absElevation
11/15/2024,63056441.6598819,361929000,1519.07293145392,63056.4416598819,25.9101404237588,48,2,absElevation
01/12/2025,3914269.68409916,379144000,1519.07293145392,3914.26968409916,21.9003117270541,48,2,absElevation
01/13/2025,205256034.237915,381133000,1519.07293145392,205256.034237915,27.6128493949249,48,2,absElevation
05/13/2025,1900632539.87541,404420000,1519.07293145392,1900632.53987541,30.8238324884751,48,2,absElevation
08/07/2025,118811447.220519,386624000,1519.07293145392,118811.447220519,26.8240986024149,48,2,absElevation
05/22/2024,5680460763.12403,395236000,1519.07293145392,5680460.76312403,32.4033608107785,49,2,absElevation
07/20/2024,954273845.161163,374538000,1519.07293145392,954273.845161163,29.8298280907005,49,2,absElevation
07/21/2024,693181567.438693,370233000,1519.07293145392,693181.567438693,29.3686580510489,49,2,absElevation
08/19/2024,593173066.093683,363196000,1519.07293145392,593173.066093683,29.1438778506621,49,2,absElevation
08/20/2024,471122672.36817,360805000,1519.07293145392,471122.67236817,28.8115275212174,49,2,absElevation
10/16/2024,403816132.635572,357488000,1519.07293145392,403816.132635572,28.5891233072334,49,2,absElevation
10/17/2024,347222912.9266,357252000,1519.07293145392,347222.9129266,28.3712869121661,49,2,absElevation
11/15/2024,292649202.479196,361929000,1519.07293145392,292649.202479196,28.1245971061734,49,2,absElevation
01/12/2025,1609572.06409368,379144000,1519.07293145392,1609.57206409368,20.6182457402268,49,2,absElevation
01/13/2025,517203118.135039,381133000,1519.07293145392,517203.118135039,28.9461557320514,49,2,absElevation
08/07/2025,667300602.791158,386624000,1519.07293145392,667300.602791158,29.3137615661769,49,2,absElevation
08/09/2025,388029123.72013,379992000,1519.07293145392,388029.12372013,28.5315896977736,49,2,absElevation
05/22/2024,4607177888.70882,395236000,1519.07293145392,4607177.88870882,32.1012361572037,50,2,absElevation
07/20/2024,179731191.441904,374538000,1519.07293145392,179731.191441904,27.4212655621237,50,2,absElevation
07/21/2024,262179495.000044,370233000,1519.07293145392,262179.495000044,27.9659796162126,50,2,absElevation
08/20/2024,745779957.178629,360805000,1519.07293145392,745779.957178629,29.4741747843312,50,2,absElevation
10/16/2024,139287884.143364,357488000,1519.07293145392,139287.884143364,27.0534945307029,50,2,absElevation
10/17/2024,374590219.386674,357252000,1519.07293145392,374590.219386674,28.4807379901626,50,2,absElevation
11/15/2024,35668006.5272024,361929000,1519.07293145392,35668.0065272024,25.0881272505325,50,2,absElevation
01/12/2025,11153568.1032437,379144000,1519.07293145392,11153.5681032437,23.4110019762744,50,2,absElevation
01/13/2025,6052009400.87963,381133000,1519.07293145392,6052009.40087963,32.4947670825508,50,2,absElevation
05/13/2025,973841857.200794,404420000,1519.07293145392,973841.857200794,29.8591122702607,50,2,absElevation
08/07/2025,685771387.129769,386624000,1519.07293145392,685771.387129769,29.353152470157,50,2,absElevation
05/22/2024,13840022442.9851,395236000,1519.07293145392,13840022.4429851,33.6881272313249,51,2,absElevation
07/20/2024,96656415.1773386,374538000,1519.07293145392,96656.4151773386,26.5263621528549,51,2,absElevation
08/19/2024,205221794.517498,363196000,1519.07293145392,205221.794517498,27.6126087121328,51,2,absElevation
08/20/2024,451636934.42975,360805000,1519.07293145392,451636.93442975,28.7505882322332,51,2,absElevation
10/16/2024,475581952.859879,357488000,1519.07293145392,475581.952859879,28.8251187285694,51,2,absElevation
10/17/2024,241410718.358001,357252000,1519.07293145392,241410.718358001,27.8469144906129,51,2,absElevation
11/15/2024,839258151.606388,361929000,1519.07293145392,839258.151606388,29.644539403801,51,2,absElevation
01/12/2025,1245417.6592966,379144000,1519.07293145392,1245.4176592966,20.2481982103719,51,2,absElevation
01/13/2025,431608874.347609,381133000,1519.07293145392,431608.874347608,28.685149287608,51,2,absElevation
05/13/2025,401529135.692565,404420000,1519.07293145392,401529.135692565,28.5809294352453,51,2,absElevation
08/07/2025,690097376.054834,386624000,1519.07293145392,690097.376054834,29.3622247065541,51,2,absElevation
08/09/2025,2356315654.25228,379992000,1519.07293145392,2356315.65425228,31.1338856708799,51,2,absElevation
05/22/2024,6028807828.45018,395236000,1519.07293145392,6028807.82845018,32.4892255974007,52,2,absElevation
07/20/2024,605244295.89039,374538000,1519.07293145392,605244.29589039,29.1729423367441,52,2,absElevation
08/19/2024,3677361588.1409,363196000,1519.07293145392,3677361.5881409,31.7760238950284,52,2,absElevation
08/20/2024,605348075.39109,360805000,1519.07293145392,605348.07539109,29.1731896903124,52,2,absElevation
10/16/2024,966607211.369848,357488000,1519.07293145392,966607.211369848,29.8483545171262,52,2,absElevation
10/17/2024,323998621.778483,357252000,1519.07293145392,323998.621778483,28.2714124353027,52,2,absElevation
11/15/2024,132235925.583867,361929000,1519.07293145392,132235.925583867,26.9785389376129,52,2,absElevation
01/12/2025,82053188.685116,379144000,1519.07293145392,82053.188685116,26.2900560638959,52,2,absElevation
01/13/2025,2421388465.49063,381133000,1519.07293145392,2421388.46549064,31.1731874047311,52,2,absElevation
08/07/2025,5807798.64523995,386624000,1519.07293145392,5807.79864523995,22.46956000569,52,2,absElevation
08/09/2025,220494817.381714,379992000,1519.07293145392,220494.817381714,27.7161695054687,52,2,absElevation
05/22/2024,776982421.005999,395236000,1519.07293145392,776982.421005999,29.533306717559,53,2,absElevation
07/20/2024,4033180663.47935,374538000,1519.07293145392,4033180.66347935,31.9092708856829,53,2,absElevation
07/21/2024,256983627.052091,370233000,1519.07293145392,256983.627052091,27.9371012044199,53,2,absElevation
08/19/2024,30045791756.5099,363196000,1519.07293145392,30045791.7565099,34.8064438886565,53,2,absElevation
10/16/2024,17376301.4601434,357488000,1519.07293145392,17376.3014601434,24.050617701891,53,2,absElevation
10/17/2024,1497282257.13993,357252000,1519.07293145392,1497282.25713993,30.4796990677616,53,2,absElevation
11/15/2024,21336792.1018091,361929000,1519.07293145392,21336.7921018091,24.3468399534622,53,2,absElevation
01/12/2025,39625552.8564881,379144000,1519.07293145392,39625.5528564881,25.2399277281134,53,2,absElevation
01/13/2025,7397055501.99782,381133000,1519.07293145392,7397055.50199782,32.784303954722,53,2,absElevation
08/07/2025,7296889.98712578,386624000,1519.07293145392,7296.88998712578,22.7988502721968,53,2,absElevation
05/22/2024,1373045590.69019,395236000,1519.07293145392,1373045.59069019,30.3547323836014,54,2,absElevation
07/20/2024,54443087.3312621,374538000,1519.07293145392,54443.0873312621,25.6982455449992,54,2,absElevation
07/21/2024,293416011.518877,370233000,1519.07293145392,293416.011518877,28.1283723591784,54,2,absElevation
08/19/2024,273267177.566648,363196000,1519.07293145392,273267.177566648,28.0257369456138,54,2,absElevation
08/20/2024,506978712.280266,360805000,1519.07293145392,506978.712280266,28.9173499297349,54,2,absElevation
10/16/2024,220606220.882085,357488000,1519.07293145392,220606.220882085,27.7168982332068,54,2,absElevation
10/17/2024,97156298.1325123,357252000,1519.07293145392,97156.2981325123,26.5338041853956,54,2,absElevation
11/15/2024,289569339.491152,361929000,1519.07293145392,289569.339491152,28.1093336125359,54,2,absElevation
01/12/2025,787994418.021712,379144000,1519.07293145392,787994.418021712,29.553610169084,54,2,absElevation
01/13/2025,5063024985.80355,381133000,1519.07293145392,5063024.98580355,32.2373524578875,54,2,absElevation
08/07/2025,110088226.780068,386624000,1519.07293145392,110088.226780068,26.714084949398,54,2,absElevation
08/09/2025,197867550.364375,379992000,1519.07293145392,197867.550364375,27.5599597935817,54,2,absElevation
05/22/2024,1062498466.57198,395236000,1519.07293145392,1062498.46657198,29.9848136130996,55,2,absElevation
07/20/2024,259765780.555158,374538000,1519.07293145392,259765.780555158,27.9526361534146,55,2,absElevation
08/20/2024,98428972.7493827,360805000,1519.07293145392,98428.9727493827,26.55257970223,55,2,absElevation
10/16/2024,1541404916.50015,357488000,1519.07293145392,1541404.91650015,30.521598751719,55,2,absElevation
10/17/2024,413051823.135883,357252000,1519.07293145392,413051.823135883,28.6217475583969,55,2,absElevation
11/15/2024,65478983.0044279,361929000,1519.07293145392,65478.9830044279,25.9645285787869,55,2,absElevation
01/12/2025,202080362.49721,379144000,1519.07293145392,202080.36249721,27.5903538912846,55,2,absElevation
01/13/2025,24136526512.4788,381133000,1519.07293145392,24136526.5124788,34.4904990216615,55,2,absElevation
05/13/2025,422741494.068669,404420000,1519.07293145392,422741.494068669,28.6552004857308,55,2,absElevation
08/07/2025,180002902.555784,386624000,1519.07293145392,180002.902555784,27.4234449293709,55,2,absElevation
08/09/2025,52720330.8720007,379992000,1519.07293145392,52720.3308720007,25.6518560889182,55,2,absElevation
05/22/2024,3630996261.64289,395236000,1519.07293145392,3630996.26164289,31.7577182987727,56,2,absElevation
07/20/2024,2172118503.2788,374538000,1519.07293145392,2172118.5032788,31.0164556677312,56,2,absElevation
07/21/2024,517459418.002316,370233000,1519.07293145392,517459.418002316,28.9468704821117,56,2,absElevation
08/19/2024,467603696.209123,363196000,1519.07293145392,467603.696209123,28.8007110929067,56,2,absElevation
08/20/2024,758644796.718938,360805000,1519.07293145392,758644.796718938,29.4988493219994,56,2,absElevation
10/16/2024,189920767.261246,357488000,1519.07293145392,189920.767261246,27.5008224275494,56,2,absElevation
10/17/2024,250607312.106209,357252000,1519.07293145392,250607.312106209,27.9008532686727,56,2,absElevation
11/15/2024,69530794.0192808,361929000,1519.07293145392,69530.7940192808,26.0511487289485,56,2,absElevation
01/12/2025,78785954.6806578,379144000,1519.07293145392,78785.9546806578,26.2314351248751,56,2,absElevation
01/13/2025,61935909.2504675,381133000,1519.07293145392,61935.9092504675,25.884272763095,56,2,absElevation
08/07/2025,1683583220.94654,386624000,1519.07293145392,1683583.22094654,30.6488878905539,56,2,absElevation
08/09/2025,106256368.419177,379992000,1519.07293145392,106256.368419177,26.6629740701039,56,2,absElevation
05/22/2024,1520785253.11854,395236000,1519.07293145392,1520785.25311854,30.5021693015036,57,2,absElevation
07/20/2024,224109543.867651,374538000,1519.07293145392,224109.543867651,27.7396288474713,57,2,absElevation
07/21/2024,151792115.91264,370233000,1519.07293145392,151792.11591264,27.1775216181716,57,2,absElevation
08/19/2024,4166941076.8537,363196000,1519.07293145392,4166941.0768537,31.9563415535631,57,2,absElevation
08/20/2024,828680439.560219,360805000,1519.07293145392,828680.439560219,29.6262406278374,57,2,absElevation
10/16/2024,133921864.830434,357488000,1519.07293145392,133921.864830434,26.9968162814284,57,2,absElevation
10/17/2024,50898773.8251818,357252000,1519.07293145392,50898.7738251818,25.6011275657456,57,2,absElevation
11/15/2024,396202772.280506,361929000,1519.07293145392,396202.772280506,28.5616637340798,57,2,absElevation
01/12/2025,75631303.8989507,379144000,1519.07293145392,75631.3038989507,26.1724801556974,57,2,absElevation
01/13/2025,2920564921.05281,381133000,1519.07293145392,2920564.92105281,31.4436003086988,57,2,absElevation
05/13/2025,615806021.21808,404420000,1519.07293145392,615806.02121808,29.1979007329107,57,2,absElevation
08/07/2025,418834316.633139,386624000,1519.07293145392,418834.316633139,28.6418044115113,57,2,absElevation
08/09/2025,104712507.366031,379992000,1519.07293145392,104712.507366031,26.6418585341017,57,2,absElevation
05/22/2024,12126259839.4768,395236000,1519.07293145392,12126259.8394768,33.4974155905854,58,2,absElevation
07/20/2024,2037872062.17586,374538000,1519.07293145392,2037872.06217586,30.9244163357853,58,2,absElevation
08/19/2024,1531193.19394442,363196000,1519.07293145392,1531.19319394442,20.546224891588,58,2,absElevation
10/16/2024,516301700.092858,357488000,1519.07293145392,516301.700092858,28.9436391077531,58,2,absElevation
10/17/2024,41712688.4693924,357252000,1519.07293145392,41712.6884693924,25.3139829641266,58,2,absElevation
11/15/2024,421709236.254728,361929000,1519.07293145392,421709.236254728,28.651673378897,58,2,absElevation
01/12/2025,60813488.9044219,379144000,1519.07293145392,60813.4889044219,25.8578880243463,58,2,absElevation
01/13/2025,1230644432.1786,381133000,1519.07293145392,1230644.4321786,30.1967668408029,58,2,absElevation
05/13/2025,483061898.130175,404420000,1519.07293145392,483061.898130175,28.8476328227021,58,2,absElevation
08/07/2025,2537681272.67517,386624000,1519.07293145392,2537681.27267517,31.2408637351407,58,2,absElevation
08/09/2025,553233102.86474,379992000,1519.07293145392,553233.10286474,29.0433122422503,58,2,absElevation
05/22/2024,17033747535.996,395236000,1519.07293145392,17033747.535996,33.9876768211664,59,2,absElevation
07/21/2024,2909056304.79827,370233000,1519.07293145392,2909056.30479827,31.4379040740639,59,2,absElevation
08/20/2024,856971670.739933,360805000,1519.07293145392,856971.670739933,29.6746722724699,59,2,absElevation
08/19/2024,7656280051.25492,363196000,1519.07293145392,7656280.05125492,32.833996455645,59,2,absElevation
10/16/2024,391455660.465536,357488000,1519.07293145392,391455.660465536,28.5442736641908,59,2,absElevation
10/17/2024,3576910928.80447,357252000,1519.07293145392,3576910.92880447,31.7360670471944,59,2,absElevation
11/15/2024,98780.0141432595,361929000,1519.07293145392,98.7800141432595,16.59193155483,59,2,absElevation
01/12/2025,26945980.4140459,379144000,1519.07293145392,26945.9804140459,24.6835667435259,59,2,absElevation
01/13/2025,418297376.709554,381133000,1519.07293145392,418297.376709554,28.6399537094596,59,2,absElevation
08/09/2025,1269067809.15863,379992000,1519.07293145392,1269067.80915863,30.2411220116785,59,2,absElevation
05/22/2024,508362536.779483,395236000,1519.07293145392,508362.536779483,28.9212824755277,60,2,absElevation
07/20/2024,118356925.684514,374538000,1519.07293145392,118356.925684514,26.8185688872953,60,2,absElevation
07/21/2024,719815294.216592,370233000,1519.07293145392,719815.294216592,29.4230515152321,60,2,absElevation
08/19/2024,214887253.983731,363196000,1519.07293145392,214887.253983731,27.6790046710884,60,2,absElevation
08/20/2024,143052944.944777,360805000,1519.07293145392,143052.944944777,27.0919739569592,60,2,absElevation
10/16/2024,2301827779.23854,357488000,1519.07293145392,2301827.77923854,31.1001327503004,60,2,absElevation
10/17/2024,43306815.4752058,357252000,1519.07293145392,43306.8154752058,25.3680907533327,60,2,absElevation
11/15/2024,366496037.923858,361929000,1519.07293145392,366496.037923858,28.4492223610091,60,2,absElevation
01/12/2025,114065593.297938,379144000,1519.07293145392,114065.593297938,26.7652884423632,60,2,absElevation
01/13/2025,5058269102.66232,381133000,1519.07293145392,5058269.10266232,32.2359966451885,60,2,absElevation
05/13/2025,382225423.356033,404420000,1519.07293145392,382225.423356033,28.5098485000774,60,2,absElevation
08/07/2025,876173125.984728,386624000,1519.07293145392,876173.125984728,29.7066407240415,60,2,absElevation
08/09/2025,252528653.765807,379992000,1519.07293145392,252528.653765807,27.9118718550839,60,2,absElevation
05/22/2024,2468793635.67413,395236000,1519.07293145392,2468793.63567413,31.2011591018755,61,2,absElevation
07/20/2024,557268810.199474,374538000,1519.07293145392,557268.810199474,29.0537981685175,61,2,absElevation
08/20/2024,531191787.652093,360805000,1519.07293145392,531191.787652093,28.9846576015571,61,2,absElevation
08/19/2024,2414457023.20532,363196000,1519.07293145392,2414457.02320532,31.1690516380765,61,2,absElevation
10/16/2024,1576909397.71872,357488000,1519.07293145392,1576909.39771872,30.5544526255815,61,2,absElevation
10/17/2024,65401092.6896635,357252000,1519.07293145392,65401.0926896635,25.9628114039837,61,2,absElevation
11/15/2024,802149341.99229,361929000,1519.07293145392,802149.34199229,29.5792956178415,61,2,absElevation
01/12/2025,12446926.3316839,379144000,1519.07293145392,12446.9263316839,23.5692861885525,61,2,absElevation
01/13/2025,3617267545.62319,381133000,1519.07293145392,3617267.54562319,31.7522531626432,61,2,absElevation
05/13/2025,118837886.630672,404420000,1519.07293145392,118837.886630672,26.8244196132543,61,2,absElevation
08/07/2025,182037026.950184,386624000,1519.07293145392,182037.026950184,27.4396566884475,61,2,absElevation
08/09/2025,280309624.940432,379992000,1519.07293145392,280309.624940432,28.0624460418761,61,2,absElevation
05/22/2024,4279846611.76809,395236000,1519.07293145392,4279846.61176809,31.9949119458447,62,2,absElevation
07/20/2024,34497653.1942741,374538000,1519.07293145392,34497.6531942741,25.0399948858084,62,2,absElevation
08/19/2024,1182139461.61475,363196000,1519.07293145392,1182139.46161475,30.1387530999174,62,2,absElevation
08/20/2024,250306940.651565,360805000,1519.07293145392,250306.940651565,27.8991230545389,62,2,absElevation
10/16/2024,428395244.106372,357488000,1519.07293145392,428395.244106372,28.674367222982,62,2,absElevation
10/17/2024,356479165.024628,357252000,1519.07293145392,356479.165024628,28.4092425176922,62,2,absElevation
11/15/2024,184912822.925047,361929000,1519.07293145392,184912.822925047,27.4622700321316,62,2,absElevation
01/12/2025,425504004.122893,379144000,1519.07293145392,425504.004122893,28.6645974672758,62,2,absElevation
01/13/2025,2145801182.77345,381133000,1519.07293145392,2145801.18277345,30.9988692646965,62,2,absElevation
05/13/2025,4971351.78292838,404420000,1519.07293145392,4971.35178292838,22.2452067642421,62,2,absElevation
08/07/2025,67984994.1022773,386624000,1519.07293145392,67984.9941022773,26.0187130087617,62,2,absElevation
08/09/2025,12480554602.3009,379992000,1519.07293145392,12480554.6023009,33.5389629939882,62,2,absElevation
05/22/2024,3251274549.10106,395236000,1519.07293145392,3251274.54910106,31.598358241421,63,2,absElevation
08/19/2024,17344768615.8336,363196000,1519.07293145392,17344768.6158336,34.0137815436625,63,2,absElevation
08/20/2024,3192009043.08214,360805000,1519.07293145392,3192009.04308214,31.5718175927618,63,2,absElevation
10/17/2024,123660293.943905,357252000,1519.07293145392,123660.293943905,26.8818070991396,63,2,absElevation
11/15/2024,190169137.095816,361929000,1519.07293145392,190169.137095816,27.5027078866239,63,2,absElevation
01/12/2025,6269.16704788293,379144000,1519.07293145392,6.26916704788293,12.6140580569212,63,2,absElevation
01/13/2025,26710526070.5446,381133000,1519.07293145392,26710526.0705446,34.636689339369,63,2,absElevation
08/07/2025,49583531291.5735,386624000,1519.07293145392,49583531.2915735,35.5291419713152,63,2,absElevation
08/09/2025,42777728.1064016,379992000,1519.07293145392,42777.7281064016,25.3503565282792,63,2,absElevation
05/22/2024,2864314781.09778,395236000,1519.07293145392,2864314.78109778,31.4155429039117,64,2,absElevation
07/20/2024,1216291589.63183,374538000,1519.07293145392,1216291.58963183,30.1798419910623,64,2,absElevation
08/20/2024,360591875.84174,360805000,1519.07293145392,360591.87584174,28.4257916522228,64,2,absElevation
10/16/2024,2543414501.98425,357488000,1519.07293145392,2543414.50198425,31.244119452163,64,2,absElevation
10/17/2024,1656255410.43776,357252000,1519.07293145392,1656255.41043776,30.6252780213639,64,2,absElevation
11/15/2024,3472797.12157841,361929000,1519.07293145392,3472.79712157841,21.7276667012529,64,2,absElevation
01/12/2025,69563965.1613449,379144000,1519.07293145392,69563.9651613449,26.0518368331351,64,2,absElevation
01/13/2025,248875896.283098,381133000,1519.07293145392,248875.896283098,27.8908512706684,64,2,absElevation
05/13/2025,23842952595.4777,404420000,1519.07293145392,23842952.5954777,34.4728438520853,64,2,absElevation
08/07/2025,48966811.2602946,386624000,1519.07293145392,48966.8112602946,25.5453009143986,64,2,absElevation
08/09/2025,164050697.341007,379992000,1519.07293145392,164050.697341007,27.2895664855262,64,2,absElevation
05/22/2024,1779523054.0415,395236000,1519.07293145392,1779523.0540415,30.728843477329,65,2,absElevation
07/21/2024,193366900.259969,370233000,1519.07293145392,193366.900259969,27.5267656205236,65,2,absElevation
08/19/2024,55299522.5159921,363196000,1519.07293145392,55299.5225159921,25.7207636877676,65,2,absElevation
08/20/2024,361517293.087783,360805000,1519.07293145392,361517.293087783,28.4294894188763,65,2,absElevation
10/16/2024,1471974868.08989,357488000,1519.07293145392,1471974.86808989,30.4551058935934,65,2,absElevation
10/17/2024,348768560.663424,357252000,1519.07293145392,348768.560663424,28.3776947550072,65,2,absElevation
11/15/2024,169310464.270838,361929000,1519.07293145392,169310.464270838,27.3350959011754,65,2,absElevation
01/12/2025,12192581.1963073,379144000,1519.07293145392,12192.5811963073,23.5395002442228,65,2,absElevation
01/13/2025,2578536551.89303,381133000,1519.07293145392,2578536.55189303,31.2639053505069,65,2,absElevation
05/13/2025,5975568147.93678,404420000,1519.07293145392,5975568.14793678,32.4764287428526,65,2,absElevation
08/07/2025,583103386.899406,386624000,1519.07293145392,583103.386899406,29.1191764616384,65,2,absElevation
08/09/2025,140832465.876605,379992000,1519.07293145392,140832.465876605,27.0694047135285,65,2,absElevation
05/22/2024,1706217601.00045,395236000,1519.07293145392,1706217.60100045,30.6681545052526,66,2,absElevation
07/20/2024,290970390.462006,374538000,1519.07293145392,290970.390462006,28.1162971091155,66,2,absElevation
07/21/2024,461184996.096693,370233000,1519.07293145392,461184.996096693,28.7807703371168,66,2,absElevation
08/19/2024,213928221.354448,363196000,1519.07293145392,213928.221354448,27.6725515741051,66,2,absElevation
08/20/2024,458034752.540136,360805000,1519.07293145392,458034.752540136,28.7708818233932,66,2,absElevation
10/16/2024,980617537.100153,357488000,1519.07293145392,980617.537100153,29.8691153217231,66,2,absElevation
10/17/2024,333437809.124024,357252000,1519.07293145392,333437.809124024,28.3128424625325,66,2,absElevation
11/15/2024,442064040.957871,361929000,1519.07293145392,442064.040957871,28.7196801442806,66,2,absElevation
01/12/2025,5057008.71612088,379144000,1519.07293145392,5057.00871612088,22.2698528343809,66,2,absElevation
01/13/2025,381150142.215198,381133000,1519.07293145392,381150.142215198,28.5057841735115,66,2,absElevation
08/07/2025,1355175391.06102,386624000,1519.07293145392,1355175.39106102,30.3358324357786,66,2,absElevation
08/09/2025,2654924037.13468,379992000,1519.07293145392,2654924.03713468,31.3060234371186,66,2,absElevation
05/22/2024,1932081422.37003,395236000,1519.07293145392,1932081.42237003,30.8475087479396,67,2,absElevation
07/20/2024,201476229.465993,374538000,1519.07293145392,201476.229465993,27.586034396093,67,2,absElevation
07/21/2024,869749442.183151,370233000,1519.07293145392,869749.442183151,29.6960246076668,67,2,absElevation
08/20/2024,1367500363.47524,360805000,1519.07293145392,1367500.36347524,30.3488940704658,67,2,absElevation
08/19/2024,2600765938.38841,363196000,1519.07293145392,2600765.93838841,31.2762894206178,67,2,absElevation
10/16/2024,341259240.899483,357488000,1519.07293145392,341259.240899483,28.3462928721478,67,2,absElevation
10/17/2024,39913116.7951476,357252000,1519.07293145392,39913.1167951476,25.2503596067874,67,2,absElevation
11/15/2024,75414341.1451692,361929000,1519.07293145392,75414.3411451691,26.1683355634568,67,2,absElevation
01/12/2025,121555672.735761,379144000,1519.07293145392,121555.672735761,26.8570419814395,67,2,absElevation
01/13/2025,182277275.899049,381133000,1519.07293145392,182277.275899049,27.4415594741171,67,2,absElevation
05/13/2025,1610025414.52562,404420000,1519.07293145392,1610025.41452562,30.584436315693,67,2,absElevation
08/07/2025,147849553.648728,386624000,1519.07293145392,147849.553648728,27.1395546471311,67,2,absElevation
05/22/2024,3025769530.66477,395236000,1519.07293145392,3025769.53066477,31.4946549573275,68,2,absElevation
07/20/2024,80028777.7072686,374538000,1519.07293145392,80028.7777072686,26.2540155390865,68,2,absElevation
07/21/2024,679198009.522873,370233000,1519.07293145392,679198.009522873,29.3392569899927,68,2,absElevation
08/20/2024,332031733.081847,360805000,1519.07293145392,332031.733081847,28.3067458891411,68,2,absElevation
10/16/2024,317382197.417962,357488000,1519.07293145392,317382.197417962,28.241645965983,68,2,absElevation
10/17/2024,3325426023.51877,357252000,1519.07293145392,3325426.02351877,31.6308920314862,68,2,absElevation
11/15/2024,48876812.3705381,361929000,1519.07293145392,48876.8123705381,25.5426468632967,68,2,absElevation
01/12/2025,180051568.942059,379144000,1519.07293145392,180051.568942059,27.4238349301076,68,2,absElevation
01/13/2025,141655593.166895,381133000,1519.07293145392,141655.593166895,27.077812325692,68,2,absElevation
05/13/2025,1596572070.92295,404420000,1519.07293145392,1596572.07092295,30.5723305331181,68,2,absElevation
08/07/2025,68164106.6845356,386624000,1519.07293145392,68164.1066845356,26.0225089204757,68,2,absElevation
08/09/2025,979821830.598342,379992000,1519.07293145392,979821.830598342,29.8679441945706,68,2,absElevation
05/22/2024,227831785.54192,395236000,1519.07293145392,227831.78554192,27.7633937951912,69,2,absElevation
07/20/2024,971860745.464782,374538000,1519.07293145392,971860.745464782,29.856174369,69,2,absElevation
07/21/2024,370522278.282249,370233000,1519.07293145392,370522.278282249,28.4649850487313,69,2,absElevation
08/19/2024,10272906648.6517,363196000,1519.07293145392,10272906.6486517,33.2581253889807,69,2,absElevation
10/16/2024,282610226.381687,357488000,1519.07293145392,282610.226381687,28.0742384303023,69,2,absElevation
10/17/2024,377286450.922668,357252000,1519.07293145392,377286.450922668,28.4910850502417,69,2,absElevation
11/15/2024,332733342.070199,361929000,1519.07293145392,332733.342070199,28.3097912000992,69,2,absElevation
01/12/2025,1256552.02844299,379144000,1519.07293145392,1256.55202844299,20.2610389776081,69,2,absElevation
01/13/2025,1311104992.76894,381133000,1519.07293145392,1311104.99276894,30.2881360746199,69,2,absElevation
05/13/2025,524051918.749458,404420000,1519.07293145392,524051.918749458,28.9651345082889,69,2,absElevation
08/07/2025,894558293.899516,386624000,1519.07293145392,894558.293899516,29.7366002576751,69,2,absElevation
08/09/2025,474917202.104185,379992000,1519.07293145392,474917.202104185,28.8231007724881,69,2,absElevation
05/22/2024,1080073209.94825,395236000,1519.07293145392,1080073.20994825,30.0084819590135,70,2,absElevation
07/20/2024,1012164371.87667,374538000,1519.07293145392,1012164.37187667,29.914796451563,70,2,absElevation
07/21/2024,427490286.923855,370233000,1519.07293145392,427490.286923855,28.6713163997618,70,2,absElevation
08/20/2024,91639632.03392,360805000,1519.07293145392,91639.63203392,26.4494683299263,70,2,absElevation
10/16/2024,4780816252.79614,357488000,1519.07293145392,4780816.25279614,32.1546098118003,70,2,absElevation
10/17/2024,57434961.8388282,357252000,1519.07293145392,57434.9618388282,25.7754258665598,70,2,absElevation
11/15/2024,189968950.713656,361929000,1519.07293145392,189968.950713656,27.501188397066,70,2,absElevation
01/12/2025,21870420.2360467,379144000,1519.07293145392,21870.4202360467,24.3824776059801,70,2,absElevation
01/13/2025,150847402.218826,381133000,1519.07293145392,150847.402218826,27.1685146107821,70,2,absElevation
08/07/2025,4005700383.74962,386624000,1519.07293145392,4005700.38374962,31.8994073692347,70,2,absElevation
08/09/2025,409796093.268991,379992000,1519.07293145392,409796.093268991,28.6103309897918,70,2,absElevation
05/22/2024,132607612.091064,395236000,1519.07293145392,132607.612091064,26.9825883521273,71,2,absElevation
07/20/2024,363851371.340219,374538000,1519.07293145392,363851.371340219,28.4387740072714,71,2,absElevation
07/21/2024,1610355453.2556,370233000,1519.07293145392,1610355.4532556,30.5847320231017,71,2,absElevation
08/19/2024,2239792753.80162,363196000,1519.07293145392,2239792.75380162,31.0607181010482,71,2,absElevation
08/20/2024,522467483.15276,360805000,1519.07293145392,522467.48315276,28.9607660099689,71,2,absElevation
10/16/2024,225181330.95955,357488000,1519.07293145392,225181.33095955,27.7465119823939,71,2,absElevation
10/17/2024,107886968.240149,357252000,1519.07293145392,107886.968240149,26.6849453700717,71,2,absElevation
11/15/2024,1465187064.51165,361929000,1519.07293145392,1465187.06451165,30.4484377232854,71,2,absElevation
01/12/2025,24628925.784398,379144000,1519.07293145392,24628.925784398,24.5538503688118,71,2,absElevation
01/13/2025,246051009.933457,381133000,1519.07293145392,246051.009933457,27.8743821972211,71,2,absElevation
08/07/2025,72455183.4797704,386624000,1519.07293145392,72455.1834797704,26.1105855688047,71,2,absElevation
08/09/2025,4564521817.07984,379992000,1519.07293145392,4564521.81707984,32.0878165842369,71,2,absElevation
05/22/2024,118906725.889298,395236000,1519.07293145392,118906.725889298,26.8252550816904,72,2,absElevation
07/20/2024,1073224860.58384,374538000,1519.07293145392,1073224.86058384,29.9993052332143,72,2,absElevation
07/21/2024,123600766.217446,370233000,1519.07293145392,123600.766217446,26.8811124458257,72,2,absElevation
08/19/2024,4300935333.80375,363196000,1519.07293145392,4300935.33380376,32.002003293964,72,2,absElevation
08/20/2024,199753125.02445,360805000,1519.07293145392,199753.12502445,27.5736428325751,72,2,absElevation
10/16/2024,275911432.909594,357488000,1519.07293145392,275911.432909594,28.0396299978134,72,2,absElevation
10/17/2024,512808719.529116,357252000,1519.07293145392,512808.719529116,28.93384555209,72,2,absElevation
11/15/2024,23989590.1880941,361929000,1519.07293145392,23989.5901880941,24.5159051766301,72,2,absElevation
01/12/2025,365164088.282696,379144000,1519.07293145392,365164.088282696,28.4439696509162,72,2,absElevation
01/13/2025,1647117923.46072,381133000,1519.07293145392,1647117.92346071,30.6172967007942,72,2,absElevation
05/13/2025,75819102.4502841,404420000,1519.07293145392,75819.1024502841,26.1760580421368,72,2,absElevation
08/07/2025,3625684278.26123,386624000,1519.07293145392,3625684.27826123,31.755606155787,72,2,absElevation
05/22/2024,8218972545.24044,395236000,1519.07293145392,8218972.54524044,32.9363109076823,73,2,absElevation
07/20/2024,41303519208.1093,374538000,1519.07293145392,41303519.2081093,35.2655456585519,73,2,absElevation
07/21/2024,2108351591.50509,370233000,1519.07293145392,2108351.59150509,30.9734683267605,73,2,absElevation
08/20/2024,40024960.7213869,360805000,1519.07293145392,40024.9607213869,25.2543966511607,73,2,absElevation
10/16/2024,2220210399.22631,357488000,1519.07293145392,2220210.39922631,31.0480492546775,73,2,absElevation
10/17/2024,356384947.307511,357252000,1519.07293145392,356384.947307511,28.4088611618863,73,2,absElevation
11/15/2024,2149978.19924631,361929000,1519.07293145392,2149.97819924631,21.0358906003023,73,2,absElevation
01/12/2025,169194776.319709,379144000,1519.07293145392,169194.776319709,27.3341097868122,73,2,absElevation
01/13/2025,25984123.438885,381133000,1519.07293145392,25984.123438885,24.6311270554589,73,2,absElevation
05/13/2025,1541620958.38959,404420000,1519.07293145392,1541620.95838959,30.5218009443542,73,2,absElevation
08/09/2025,247636458.827986,379992000,1519.07293145392,247636.458827986,27.883648493272,73,2,absElevation
05/22/2024,409717193.962763,395236000,1519.07293145392,409717.193962763,28.6100531965212,74,2,absElevation
07/20/2024,745072221.057313,374538000,1519.07293145392,745072.221057313,29.472805034219,74,2,absElevation
08/19/2024,618523.452012009,363196000,1519.07293145392,618.523452012009,19.2384687720798,74,2,absElevation
08/20/2024,4814457994.81638,360805000,1519.07293145392,4814457.99481638,32.1647262445359,74,2,absElevation
10/16/2024,3166188932.94432,357488000,1519.07293145392,3166188.93294432,31.5601002005824,74,2,absElevation
10/17/2024,172278028.859585,357252000,1519.07293145392,172278.028859585,27.3601634811117,74,2,absElevation
11/15/2024,419088994.239834,361929000,1519.07293145392,419088.994239834,28.6426813942298,74,2,absElevation
01/12/2025,133500746.855526,379144000,1519.07293145392,133500.746855526,26.9922725720361,74,2,absElevation
01/13/2025,294501619.737242,381133000,1519.07293145392,294501.619737242,28.133700327893,74,2,absElevation
05/13/2025,1215341570.15085,404420000,1519.07293145392,1215341.57015085,30.178714692351,74,2,absElevation
08/07/2025,1729866613.23762,386624000,1519.07293145392,1729866.61323762,30.6880136526346,74,2,absElevation
08/09/2025,626803312.306935,379992000,1519.07293145392,626803.312306935,29.2234375627705,74,2,absElevation
05/22/2024,623464163.032516,395236000,1519.07293145392,623464.163032516,29.2157313948537,75,2,absElevation
07/20/2024,1703502653.45502,374538000,1519.07293145392,1703502.65345502,30.6658570486312,75,2,absElevation
08/19/2024,324437318.463497,363196000,1519.07293145392,324437.318463497,28.2733645344669,75,2,absElevation
08/20/2024,4858256180.01217,360805000,1519.07293145392,4858256.18001217,32.1777914205118,75,2,absElevation
10/16/2024,5118666.72958759,357488000,1519.07293145392,5118.66672958759,22.2873366465221,75,2,absElevation
10/17/2024,113691766.426926,357252000,1519.07293145392,113691.766426926,26.7605525369425,75,2,absElevation
11/15/2024,2447325484.49167,361929000,1519.07293145392,2447325.48449167,31.1885588408285,75,2,absElevation
01/12/2025,1182975494.68396,379144000,1519.07293145392,1182975.49468396,30.1397730425717,75,2,absElevation
01/13/2025,902947898.886024,381133000,1519.07293145392,902947.898886024,29.7500675040727,75,2,absElevation
05/13/2025,90589290.0454521,404420000,1519.07293145392,90589.2900454521,26.4328371613744,75,2,absElevation
08/07/2025,3452964.5884681,386624000,1519.07293145392,3452.9645884681,21.7194041081771,75,2,absElevation
08/09/2025,5166651122.79832,379992000,1519.07293145392,5166651.12279832,32.2665823233109,75,2,absElevation
05/22/2024,1400278677.15408,395236000,1519.07293145392,1400278.67715408,30.3830668283985,76,2,absElevation
07/20/2024,373626456.811983,374538000,1519.07293145392,373626.456811983,28.477021376245,76,2,absElevation
07/21/2024,444190177.015754,370233000,1519.07293145392,444190.177015754,28.7266022480501,76,2,absElevation
08/19/2024,4523942049.38201,363196000,1519.07293145392,4523942.04938201,32.0749333028532,76,2,absElevation
08/20/2024,763306197.217473,360805000,1519.07293145392,763306.197217473,29.507686663593,76,2,absElevation
10/16/2024,174327694.282493,357488000,1519.07293145392,174327.694282493,27.3772265381448,76,2,absElevation
10/17/2024,163924144.285403,357252000,1519.07293145392,163924.144285403,27.2884531228434,76,2,absElevation
11/15/2024,55300735.8221578,361929000,1519.07293145392,55300.7358221578,25.7207953410534,76,2,absElevation
01/12/2025,84002294.3826035,379144000,1519.07293145392,84002.2943826035,26.3239253974505,76,2,absElevation
01/13/2025,2689547635.95973,381133000,1519.07293145392,2689547.63595973,31.3247163954529,76,2,absElevation
05/13/2025,138629894.107581,404420000,1519.07293145392,138629.894107581,27.0466631524352,76,2,absElevation
08/07/2025,541591664.257364,386624000,1519.07293145392,541591.664257364,29.0126302933827,76,2,absElevation
08/09/2025,144409444.191318,379992000,1519.07293145392,144409.444191318,27.1055898548035,76,2,absElevation
05/22/2024,33684611966.0619,395236000,1519.07293145392,33684611.9660619,34.9713706289955,77,2,absElevation
08/19/2024,53450.6087140553,363196000,1519.07293145392,53.4506087140553,15.7059187574999,77,2,absElevation
08/20/2024,1912210777.03796,360805000,1519.07293145392,1912210.77703796,30.8325944098507,77,2,absElevation
10/16/2024,448419209.63397,357488000,1519.07293145392,448419.20963397,28.7402728415465,77,2,absElevation
10/17/2024,64095200.2641927,357252000,1519.07293145392,64095.2002641927,25.933712989631,77,2,absElevation
11/15/2024,7660228333.87055,361929000,1519.07293145392,7660228.33387055,32.8347402502139,77,2,absElevation
01/12/2025,104448304.483141,379144000,1519.07293145392,104448.304483141,26.6382138323214,77,2,absElevation
01/13/2025,294151095.069066,381133000,1519.07293145392,294151.095069066,28.1319821662417,77,2,absElevation
05/13/2025,876929975.045405,404420000,1519.07293145392,876929.975045405,29.7078864037208,77,2,absElevation
08/09/2025,2175186014.49722,379992000,1519.07293145392,2175186.01449722,31.0184916345879,77,2,absElevation
05/22/2024,2172037833.28242,395236000,1519.07293145392,2172037.83328242,31.0164020866928,78,2,absElevation
07/20/2024,1047812066.52395,374538000,1519.07293145392,1047812.06652395,29.9647328351677,78,2,absElevation
07/21/2024,1482232213.00173,370233000,1519.07293145392,1482232.21300173,30.4651243382713,78,2,absElevation
08/20/2024,141188441.416001,360805000,1519.07293145392,141188.441416001,27.0730467443484,78,2,absElevation
08/19/2024,3602267384.92768,363196000,1519.07293145392,3602267.38492768,31.7462581259001,78,2,absElevation
10/16/2024,1252355332.04276,357488000,1519.07293145392,1252355.33204276,30.2219968116591,78,2,absElevation
10/17/2024,560031313.833495,357252000,1519.07293145392,560031.313833495,29.060932256,78,2,absElevation
11/15/2024,62050807.3990882,361929000,1519.07293145392,62050.8073990882,25.8869466468973,78,2,absElevation
01/12/2025,343724177.436972,379144000,1519.07293145392,343724.177436972,28.3566760930368,78,2,absElevation
01/13/2025,165847085.04603,381133000,1519.07293145392,165847.08504603,27.3052784144169,78,2,absElevation
05/13/2025,256134513.763649,404420000,1519.07293145392,256134.513763649,27.9323264262504,78,2,absElevation
08/07/2025,32520826.232963,386624000,1519.07293145392,32520.826232963,24.954860575593,78,2,absElevation
08/09/2025,134929512.481717,379992000,1519.07293145392,134929.512481717,27.0076306956304,78,2,absElevation
05/22/2024,451113293.694499,395236000,1519.07293145392,451113.293694499,28.748914560041,79,2,absElevation
07/20/2024,7446675147.25231,374538000,1519.07293145392,7446675.14725231,32.7939492769762,79,2,absElevation
08/20/2024,106999949.027836,360805000,1519.07293145392,106999.949027836,26.6730348684608,79,2,absElevation
08/19/2024,50270888411.7535,363196000,1519.07293145392,50270888.4117535,35.5490041341453,79,2,absElevation
10/16/2024,173059430.06566,357488000,1519.07293145392,173059.43006566,27.3666923156747,79,2,absElevation
10/17/2024,344713.338322207,357252000,1519.07293145392,344.713338322207,18.3950375977982,79,2,absElevation
11/15/2024,5208296.04442563,361929000,1519.07293145392,5208.29604442563,22.3123800242959,79,2,absElevation
01/12/2025,22215232.4073627,379144000,1519.07293145392,22215.2324073627,24.4050458985685,79,2,absElevation
01/13/2025,4851595294.19152,381133000,1519.07293145392,4851595.29419152,32.1758120640872,79,2,absElevation
08/07/2025,8010886811.44942,386624000,1519.07293145392,8010886.81144942,32.8993148129327,79,2,absElevation
05/22/2024,7670714936.50649,395236000,1519.07293145392,7670714.93650649,32.8367139020253,80,2,absElevation
07/21/2024,1649247051.95787,370233000,1519.07293145392,1649247.05195787,30.6191603800738,80,2,absElevation
08/19/2024,709700142.667946,363196000,1519.07293145392,709700.142667946,29.4026343554583,80,2,absElevation
08/20/2024,4403484779.61767,360805000,1519.07293145392,4403484.77961767,32.0359985332942,80,2,absElevation
10/16/2024,26959149989.5075,357488000,1519.07293145392,26959149.9895075,34.6500559585516,80,2,absElevation
10/17/2024,964863815.558265,357252000,1519.07293145392,964863.815558265,29.8457500885433,80,2,absElevation
11/15/2024,47135752.1400353,361929000,1519.07293145392,47135.7521400353,25.4903184134097,80,2,absElevation
01/12/2025,117271.032475443,379144000,1519.07293145392,117.271032475443,16.8394871667026,80,2,absElevation
01/13/2025,59674217.633527,381133000,1519.07293145392,59674.217633527,25.8306044110045,80,2,absElevation
08/09/2025,1739836783.43516,379992000,1519.07293145392,1739836.78343516,30.6963048251331,80,2,absElevation
05/22/2024,3025565926.95374,395236000,1519.07293145392,3025565.92695374,31.4945578752648,81,2,absElevation
07/20/2024,805600758.802343,374538000,1519.07293145392,805600.758802343,29.5854898013312,81,2,absElevation
07/21/2024,349335416.886579,370233000,1519.07293145392,349335.416886579,28.3800376748818,81,2,absElevation
08/19/2024,130346854.370239,363196000,1519.07293145392,130346.854370239,26.9577805261748,81,2,absElevation
08/20/2024,537744868.838361,360805000,1519.07293145392,537744.868838361,29.0023466126166,81,2,absElevation
10/16/2024,1076364815.22323,357488000,1519.07293145392,1076364.81522323,30.003519991277,81,2,absElevation
10/17/2024,170994836.570129,357252000,1519.07293145392,170994.836570129,27.3493775206596,81,2,absElevation
11/15/2024,10837671.197339,361929000,1519.07293145392,10837.671197339,23.3695514473796,81,2,absElevation
01/12/2025,84028089.3724965,379144000,1519.07293145392,84028.0893724965,26.324368344773,81,2,absElevation
01/13/2025,3969442243.08298,381133000,1519.07293145392,3969442.24308298,31.8862891586671,81,2,absElevation
05/13/2025,299802332.17644,404420000,1519.07293145392,299802.33217644,28.1594363652209,81,2,absElevation
08/07/2025,2060617640.2855,386624000,1519.07293145392,2060617.6402855,30.9404296831527,81,2,absElevation
08/09/2025,203415080.839808,379992000,1519.07293145392,203415.080839808,27.599851401157,81,2,absElevation
05/22/2024,646721201.823451,395236000,1519.07293145392,646721.201823451,29.2685686669397,82,2,absElevation
07/21/2024,2372059509.38365,370233000,1519.07293145392,2372059.50938365,31.1434930581433,82,2,absElevation
08/19/2024,3718548183.21306,363196000,1519.07293145392,3718548.18321306,31.7920923200226,82,2,absElevation
08/20/2024,986959100.093538,360805000,1519.07293145392,986959.100093538,29.8784150592671,82,2,absElevation
10/16/2024,262096128.784492,357488000,1519.07293145392,262096.128784492,27.9655208040103,82,2,absElevation
10/17/2024,5434280129.36938,357252000,1519.07293145392,5434280.12936938,32.3394417903293,82,2,absElevation
11/15/2024,155167198.783534,361929000,1519.07293145392,155167.198783534,27.2092483736229,82,2,absElevation
01/12/2025,219458582.604419,379144000,1519.07293145392,219458.582604419,27.7093734514368,82,2,absElevation
01/13/2025,82036494.4962322,381133000,1519.07293145392,82036.4944962322,26.2897625095038,82,2,absElevation
08/07/2025,5706743.21526331,386624000,1519.07293145392,5706.74321526331,22.4442362172516,82,2,absElevation
08/09/2025,645574287.07389,379992000,1519.07293145392,645574.28707389,29.2660078769808,82,2,absElevation
05/22/2024,5620429588.66091,395236000,1519.07293145392,5620429.58866091,32.3880332587643,83,2,absElevation
07/20/2024,1036940999.6616,374538000,1519.07293145392,1036940.9996616,29.9496866633571,83,2,absElevation
07/21/2024,344548813.220945,370233000,1519.07293145392,344548.813220945,28.3601331472623,83,2,absElevation
08/19/2024,3267800243.59654,363196000,1519.07293145392,3267800.24359654,31.6056726500828,83,2,absElevation
08/20/2024,217677680.743891,360805000,1519.07293145392,217677.680743891,27.6976182496253,83,2,absElevation
10/16/2024,909874360.641209,357488000,1519.07293145392,909874.360641209,29.7610921046368,83,2,absElevation
10/17/2024,495512367.741412,357252000,1519.07293145392,495512.367741412,28.8843458259083,83,2,absElevation
11/15/2024,25344201.9562963,361929000,1519.07293145392,25344.2019562963,24.5951524009612,83,2,absElevation
01/12/2025,86744318.2930838,379144000,1519.07293145392,86744.3182930839,26.3702659292358,83,2,absElevation
01/13/2025,122736025.612547,381133000,1519.07293145392,122736.025612547,26.8709835316864,83,2,absElevation
05/13/2025,116093724.9371,404420000,1519.07293145392,116093.7249371,26.7907147532939,83,2,absElevation
08/07/2025,239000611.195604,386624000,1519.07293145392,239000.611195604,27.8324390667097,83,2,absElevation
05/22/2024,14062860330.5548,395236000,1519.07293145392,14062860.3305548,33.7111710116349,84,2,absElevation
07/21/2024,1868200969.76933,370233000,1519.07293145392,1868200.96976933,30.7990025137951,84,2,absElevation
08/19/2024,375161279.994901,363196000,1519.07293145392,375161.279994901,28.4829356955824,84,2,absElevation
08/20/2024,559967756.516963,360805000,1519.07293145392,559967.756516963,29.06076851689,84,2,absElevation
10/16/2024,2239614294.14703,357488000,1519.07293145392,2239614.29414703,31.0606031470571,84,2,absElevation
10/17/2024,646386314.774872,357252000,1519.07293145392,646386.314774872,29.2678214129197,84,2,absElevation
11/15/2024,639074090.17297,361929000,1519.07293145392,639074.09017297,29.2514079568265,84,2,absElevation
01/12/2025,191713190.569271,379144000,1519.07293145392,191713.190569271,27.5143743622197,84,2,absElevation
01/13/2025,515665084.647369,381133000,1519.07293145392,515665.084647369,28.9418591239857,84,2,absElevation
05/13/2025,329235337.196464,404420000,1519.07293145392,329235.337196464,28.294543949239,84,2,absElevation
08/07/2025,1231012.56332384,386624000,1519.07293145392,1231.01256332384,20.2314140549098,84,2,absElevation
08/09/2025,377671716.998682,379992000,1519.07293145392,377671.716998682,28.4925575066748,84,2,absElevation
05/22/2024,567522188.44731,395236000,1519.07293145392,567522.18844731,29.0801015577353,85,2,absElevation
07/20/2024,9565040237.89027,374538000,1519.07293145392,9565040.23789027,33.1551238916515,85,2,absElevation
07/21/2024,77113760.7491517,370233000,1519.07293145392,77113.7607491517,26.2004849924859,85,2,absElevation
08/19/2024,5351258844.54894,363196000,1519.07293145392,5351258.84454894,32.3172311688936,85,2,absElevation
08/20/2024,370235844.704192,360805000,1519.07293145392,370235.844704192,28.46386933684,85,2,absElevation
10/16/2024,26423069.5795054,357488000,1519.07293145392,26423.0695795054,24.6552947390435,85,2,absElevation
10/17/2024,1356705272.80359,357252000,1519.07293145392,1356705.27280359,30.3374602013855,85,2,absElevation
11/15/2024,621214.415520438,361929000,1519.07293145392,621.214415520438,19.2447317828461,85,2,absElevation
01/12/2025,53038580.6828411,379144000,1519.07293145392,53038.5806828411,25.6605388335304,85,2,absElevation
01/13/2025,13758686716.2577,381133000,1519.07293145392,13758686.7162577,33.6796237184512,85,2,absElevation
05/22/2024,1844930362.44557,395236000,1519.07293145392,1844930.36244557,30.7809192162608,86,2,absElevation
07/20/2024,1283733489.63589,374538000,1519.07293145392,1283733.48963589,30.2576985758473,86,2,absElevation
07/21/2024,1174669133.99152,370233000,1519.07293145392,1174669.13399152,30.1296073078244,86,2,absElevation
08/19/2024,11479829.4767259,363196000,1519.07293145392,11479.8294767259,23.452597876355,86,2,absElevation
08/20/2024,3003599917.42479,360805000,1519.07293145392,3003599.91742479,31.4840455111836,86,2,absElevation
10/16/2024,173654021.36879,357488000,1519.07293145392,173654.02136879,27.371640579215,86,2,absElevation
10/17/2024,12374342.3405536,357252000,1519.07293145392,12374.3423405536,23.5608485164959,86,2,absElevation
11/15/2024,349893111.817163,361929000,1519.07293145392,349893.111817163,28.3823390222904,86,2,absElevation
01/12/2025,66313902.6031122,379144000,1519.07293145392,66313.9026031122,25.9828080249557,86,2,absElevation
01/13/2025,43871790.3179726,381133000,1519.07293145392,43871.7903179726,25.3867902452019,86,2,absElevation
08/07/2025,8319579784.22209,386624000,1519.07293145392,8319579.78422209,32.953863514741,86,2,absElevation
05/22/2024,1920762093.43777,395236000,1519.07293145392,1920762.09343777,30.8390316911194,87,2,absElevation
07/20/2024,274839812.190092,374538000,1519.07293145392,274839.812190092,28.0340157613953,87,2,absElevation
07/21/2024,1109417503.20933,370233000,1519.07293145392,1109417.50320933,30.0471552460495,87,2,absElevation
08/19/2024,6559716277.81585,363196000,1519.07293145392,6559716.27781585,32.6109862704394,87,2,absElevation
08/20/2024,150721176.862762,360805000,1519.07293145392,150721.176862762,27.1673068940736,87,2,absElevation
10/16/2024,231624676.531951,357488000,1519.07293145392,231624.676531951,27.7872137206031,87,2,absElevation
10/17/2024,633914900.598977,357252000,1519.07293145392,633914.900598977,29.2397139390153,87,2,absElevation
11/15/2024,2221823.20391043,361929000,1519.07293145392,2221.82320391043,21.0833125917265,87,2,absElevation
01/12/2025,84078292.3745591,379144000,1519.07293145392,84078.2923745591,26.3252300327532,87,2,absElevation
01/13/2025,4325415912.73895,381133000,1519.07293145392,4325415.91273895,32.0101917165383,87,2,absElevation
05/13/2025,429412888.586835,404420000,1519.07293145392,429412.888586835,28.6777902526274,87,2,absElevation
05/22/2024,367916092.988877,395236000,1519.07293145392,367916.092988877,28.4548015416002,88,2,absElevation
07/20/2024,885957398.794016,374538000,1519.07293145392,885957.398794016,29.7226620876464,88,2,absElevation
07/21/2024,215380237.492924,370233000,1519.07293145392,215380.237492924,27.6823106386052,88,2,absElevation
08/19/2024,16143778.4228948,363196000,1519.07293145392,16143.7784228948,23.9444749425801,88,2,absElevation
08/20/2024,614058783.705377,360805000,1519.07293145392,614058.783705377,29.193801530168,88,2,absElevation
10/16/2024,4230046234.5811,357488000,1519.07293145392,4230046.2345811,31.9780262861344,88,2,absElevation
10/17/2024,67871059.2585218,357252000,1519.07293145392,67871.0592585218,26.016293193545,88,2,absElevation
11/15/2024,90297306.7411518,361929000,1519.07293145392,90297.3067411518,26.4281796219162,88,2,absElevation
01/12/2025,196691322.973928,379144000,1519.07293145392,196691.322973928,27.5513580737128,88,2,absElevation
01/13/2025,1589469160.39411,381133000,1519.07293145392,1589469.16039411,30.5658978789062,88,2,absElevation
05/13/2025,1454783907.65057,404420000,1519.07293145392,1454783.90765057,30.4381577263544,88,2,absElevation
08/07/2025,2312975554.11548,386624000,1519.07293145392,2312975.55411548,31.1071028721684,88,2,absElevation
08/09/2025,242209042.083981,379992000,1519.07293145392,242209.042083981,27.8516774834467,88,2,absElevation
05/22/2024,3658332825.13453,395236000,1519.07293145392,3658332.82513453,31.7685391875005,89,2,absElevation
07/20/2024,456516557.096662,374538000,1519.07293145392,456516.557096662,28.7660919444082,89,2,absElevation
08/20/2024,882983687.430934,360805000,1519.07293145392,882983.687430934,29.717811544334,89,2,absElevation
10/16/2024,113748688.041939,357488000,1519.07293145392,113748.688041939,26.7612746647065,89,2,absElevation
10/17/2024,676131628.450603,357252000,1519.07293145392,676131.628450603,29.3327288949954,89,2,absElevation
11/15/2024,408462683.993963,361929000,1519.07293145392,408462.683993963,28.6056290429144,89,2,absElevation
01/12/2025,481178.87060423,379144000,1519.07293145392,481.17887060423,18.8762137671092,89,2,absElevation
01/13/2025,1675274579.1408,381133000,1519.07293145392,1675274.5791408,30.6417504280639,89,2,absElevation
05/13/2025,413071519.113841,404420000,1519.07293145392,413071.519113841,28.6218163502788,89,2,absElevation
08/07/2025,2936472735.61125,386624000,1519.07293145392,2936472.73561125,31.451437096834,89,2,absElevation
08/09/2025,438771497.371646,379992000,1519.07293145392,438771.497371646,28.7088945703091,89,2,absElevation
05/22/2024,2572079478.50986,395236000,1519.07293145392,2572079.47850986,31.260288077321,90,2,absElevation
08/19/2024,128350080.600439,363196000,1519.07293145392,128350.080600439,26.9355089609867,90,2,absElevation
08/20/2024,7018620397.0386,360805000,1519.07293145392,7018620.3970386,32.7085403315314,90,2,absElevation
10/16/2024,18741143597.805,357488000,1519.07293145392,18741143.597805,34.1254899388261,90,2,absElevation
10/17/2024,242615367.063936,357252000,1519.07293145392,242615.367063936,27.8540956916052,90,2,absElevation
11/15/2024,250660596.261875,361929000,1519.07293145392,250660.596261875,27.9011599820535,90,2,absElevation
01/12/2025,20991.1535053221,379144000,1519.07293145392,20.9911535053221,14.3574938272983,90,2,absElevation
01/13/2025,2410028781.28938,381133000,1519.07293145392,2410028.78128938,31.166403229643,90,2,absElevation
08/07/2025,9748346734.07212,386624000,1519.07293145392,9748346.73407212,33.1825104204589,90,2,absElevation
08/09/2025,6496318.12471677,379992000,1519.07293145392,6496.31812471677,22.6311908523573,90,2,absElevation
05/22/2024,991398171.230295,395236000,1519.07293145392,991398.171230295,29.884889356661,91,2,absElevation
07/20/2024,263391353.122117,374538000,1519.07293145392,263391.353122117,27.972632743218,91,2,absElevation
07/21/2024,223817415.290209,370233000,1519.07293145392,223817.415290209,27.7377470562501,91,2,absElevation
08/19/2024,2139169583.41922,363196000,1519.07293145392,2139169.58341922,30.9944037111783,91,2,absElevation
08/20/2024,2119842198.05322,360805000,1519.07293145392,2119842.19805322,30.9813097279448,91,2,absElevation
10/16/2024,1078812412.25554,357488000,1519.07293145392,1078812.41225554,30.0067968796681,91,2,absElevation
10/17/2024,82949929.4647249,357252000,1519.07293145392,82949.9294647249,26.3057374186183,91,2,absElevation
11/15/2024,380803960.503209,361929000,1519.07293145392,380803.960503209,28.5044732423893,91,2,absElevation
01/12/2025,198675827.326798,379144000,1519.07293145392,198675.827326798,27.5658411112175,91,2,absElevation
01/13/2025,880833989.899891,381133000,1519.07293145392,880833.989899891,29.7142949002467,91,2,absElevation
05/13/2025,37864558.7314992,404420000,1519.07293145392,37864.5587314992,25.1743447800444,91,2,absElevation
08/07/2025,389408575.884496,386624000,1519.07293145392,389408.575884496,28.5367094157554,91,2,absElevation
08/09/2025,161376063.443873,379992000,1519.07293145392,161376.063443873,27.265851361805,91,2,absElevation
05/22/2024,289783708.706715,395236000,1519.07293145392,289783.708706715,28.110401249685,92,2,absElevation
07/20/2024,668541080.877306,374538000,1519.07293145392,668541.080877306,29.3164409736539,92,2,absElevation
08/20/2024,150721176.862762,360805000,1519.07293145392,150721.176862762,27.1673068940736,92,2,absElevation
10/16/2024,4025252228.41985,357488000,1519.07293145392,4025252.22841985,31.906432041509,92,2,absElevation
10/17/2024,1068396109.94279,357252000,1519.07293145392,1068396.10994279,29.9927994821924,92,2,absElevation
11/15/2024,80545654.4904185,361929000,1519.07293145392,80545.6544904185,26.2633034205644,92,2,absElevation
01/12/2025,6891095560.56186,379144000,1519.07293145392,6891095.56056186,32.6820862177783,92,2,absElevation
01/13/2025,677565376.917989,381133000,1519.07293145392,677565.376917989,29.3357849150191,92,2,absElevation
05/13/2025,429412888.586835,404420000,1519.07293145392,429412.888586835,28.6777902526274,92,2,absElevation
08/07/2025,2333197.30893584,386624000,1519.07293145392,2333.19730893584,21.1538768846132,92,2,absElevation
08/09/2025,245874516.520651,379992000,1519.07293145392,245874.516520651,27.8733469747387,92,2,absElevation
05/22/2024,2366660570.61183,395236000,1519.07293145392,2366660.57061183,31.1402056617869,93,2,absElevation
07/20/2024,590940000.906211,374538000,1519.07293145392,590940.000906211,29.1384364177771,93,2,absElevation
07/21/2024,561943363.878973,370233000,1519.07293145392,561943.363878973,29.0658494931601,93,2,absElevation
08/19/2024,5145088472.6914,363196000,1519.07293145392,5145088.4726914,32.2605487392718,93,2,absElevation
10/16/2024,190025842.680348,357488000,1519.07293145392,190025.842680348,27.5016203911893,93,2,absElevation
10/17/2024,6018397.98747032,357252000,1519.07293145392,6018.39798747032,22.5209480823704,93,2,absElevation
11/15/2024,47806275.8034102,361929000,1519.07293145392,47806.2758034102,25.5106966856841,93,2,absElevation
01/12/2025,3624628467.68867,379144000,1519.07293145392,3624628.46768867,31.7551859773088,93,2,absElevation
01/13/2025,259330323.710624,381133000,1519.07293145392,259330.323710624,27.9502156706858,93,2,absElevation
05/13/2025,496740266.316177,404420000,1519.07293145392,496740.266316177,28.8879164570722,93,2,absElevation
08/09/2025,968213340.653383,379992000,1519.07293145392,968213.340653384,29.8507497317958,93,2,absElevation
05/22/2024,3663153638.9449,395236000,1519.07293145392,3663153.6389449,31.7704390654055,94,2,absElevation
07/21/2024,315610721.744508,370233000,1519.07293145392,315610.721744508,28.2335709756825,94,2,absElevation
08/19/2024,53659317.1151865,363196000,1519.07293145392,53659.3171151865,25.6773253587503,94,2,absElevation
08/20/2024,1081873155.93473,360805000,1519.07293145392,1081873.15593473,30.0108842144899,94,2,absElevation
10/16/2024,3438461.46824495,357488000,1519.07293145392,3438.46146824495,21.7133317480179,94,2,absElevation
10/17/2024,35038318.9465747,357252000,1519.07293145392,35038.3189465747,25.0624302238076,94,2,absElevation
11/15/2024,526262432.129722,361929000,1519.07293145392,526262.432129722,28.9712071691022,94,2,absElevation
01/12/2025,232541199.192335,379144000,1519.07293145392,232541.199192335,27.7929110994265,94,2,absElevation
01/13/2025,17348060949.5078,381133000,1519.07293145392,17348060.9495078,34.0140553658637,94,2,absElevation
05/13/2025,1316446725.05065,404420000,1519.07293145392,1316446.72505065,30.2940019924911,94,2,absElevation
08/09/2025,521168382.286166,379992000,1519.07293145392,521168.382286166,28.957174321703,94,2,absElevation
05/22/2024,1111833590.57128,395236000,1519.07293145392,1111833.59057128,30.0502937283579,95,2,absElevation
07/20/2024,322191914.387601,374538000,1519.07293145392,322191.914387601,28.2633450482418,95,2,absElevation
08/20/2024,467271867.450249,360805000,1519.07293145392,467271.867450249,28.7996869400813,95,2,absElevation
08/19/2024,1589572226.87922,363196000,1519.07293145392,1589572.22687922,30.5659914250347,95,2,absElevation
10/16/2024,454108102.433625,357488000,1519.07293145392,454108.102433625,28.7584605374082,95,2,absElevation
10/17/2024,364469321.779203,357252000,1519.07293145392,364469.321779203,28.4412221438029,95,2,absElevation
11/15/2024,386997804.76837,361929000,1519.07293145392,386997.80476837,28.5277501418542,95,2,absElevation
01/12/2025,4897664.88729351,379144000,1519.07293145392,4897.66488729351,22.2236626331445,95,2,absElevation
01/13/2025,252874265.947886,381133000,1519.07293145392,252874.265947886,27.9138449859838,95,2,absElevation
05/13/2025,320243674.795166,404420000,1519.07293145392,320243.674795166,28.254594834953,95,2,absElevation
08/07/2025,1382601888.34636,386624000,1519.07293145392,1382601.88834636,30.3647386551664,95,2,absElevation
08/09/2025,309776967.205631,379992000,1519.07293145392,309776.967205631,28.206654638754,95,2,absElevation
05/22/2024,417159515.192603,395236000,1519.07293145392,417159.515192603,28.636023912007,96,2,absElevation
07/20/2024,91788591.3291717,374538000,1519.07293145392,91788.5913291717,26.4518115122333,96,2,absElevation
07/21/2024,3228826438.76093,370233000,1519.07293145392,3228826.43876093,31.5883627468835,96,2,absElevation
08/19/2024,703612929.55965,363196000,1519.07293145392,703612.92955965,29.3902067530517,96,2,absElevation
08/20/2024,2467478448.1672,360805000,1519.07293145392,2467478.4481672,31.2003903377123,96,2,absElevation
10/16/2024,328998205.352486,357488000,1519.07293145392,328998.205352486,28.2935044733447,96,2,absElevation
10/17/2024,63596017.8038047,357252000,1519.07293145392,63596.0178038047,25.9224330952154,96,2,absElevation
11/15/2024,95588449.4046048,361929000,1519.07293145392,95588.4494046048,26.5103329624022,96,2,absElevation
01/12/2025,40917336.481255,379144000,1519.07293145392,40917.336481255,25.2862088999509,96,2,absElevation
01/13/2025,2497182618.8115,381133000,1519.07293145392,2497182.6188115,31.21765418331,96,2,absElevation
08/07/2025,814756786.666645,386624000,1519.07293145392,814756.786666645,29.6017942233067,96,2,absElevation
08/09/2025,167205834.116488,379992000,1519.07293145392,167205.834116488,27.317049945657,96,2,absElevation
05/22/2024,1648974544.8955,395236000,1519.07293145392,1648974.5448955,30.6189219821513,97,2,absElevation
07/20/2024,850472560.01355,374538000,1519.07293145392,850472.56001355,29.6636894480493,97,2,absElevation
07/21/2024,597833993.071939,370233000,1519.07293145392,597833.993071939,29.1551696906449,97,2,absElevation
08/20/2024,3991802452.69942,360805000,1519.07293145392,3991802.45269942,31.8943931799814,97,2,absElevation
10/16/2024,364780906.827528,357488000,1519.07293145392,364780.906827528,28.4424549777843,97,2,absElevation
10/17/2024,186350421.979221,357252000,1519.07293145392,186350.421979221,27.4734428450647,97,2,absElevation
11/15/2024,51785468.9583485,361929000,1519.07293145392,51785.4689583485,25.6260439975926,97,2,absElevation
01/12/2025,29948007.9592803,379144000,1519.07293145392,29948.0079592803,24.8359567071973,97,2,absElevation
01/13/2025,7448949761.12042,381133000,1519.07293145392,7448949.76112042,32.7943898861071,97,2,absElevation
05/13/2025,273674315.862798,404420000,1519.07293145392,273674.315862798,28.0278848042655,97,2,absElevation
08/07/2025,48849747.9161461,386624000,1519.07293145392,48849.7479161461,25.5418477815523,97,2,absElevation
08/09/2025,205297475.665816,379992000,1519.07293145392,205297.475665816,27.6131406473014,97,2,absElevation
05/22/2024,2647800888.33606,395236000,1519.07293145392,2647800.88833606,31.3021474911576,98,2,absElevation
07/20/2024,557040688.977175,374538000,1519.07293145392,557040.688977175,29.0532074720172,98,2,absElevation
07/21/2024,356650796.232595,370233000,1519.07293145392,356650.796232595,28.4099369535197,98,2,absElevation
08/19/2024,1603345944.4808,363196000,1519.07293145392,1603345.9444808,30.5784385948498,98,2,absElevation
08/20/2024,186114545.314608,360805000,1519.07293145392,186114.545314608,27.4716155691077,98,2,absElevation
10/16/2024,353469690.53506,357488000,1519.07293145392,353469.69053506,28.3970112706273,98,2,absElevation
10/17/2024,11857317.8061783,357252000,1519.07293145392,11857.3178061783,23.4992743650437,98,2,absElevation
11/15/2024,47689575.2658367,361929000,1519.07293145392,47689.5752658367,25.5071705980321,98,2,absElevation
01/12/2025,214772612.958689,379144000,1519.07293145392,214772.612958689,27.6782347967996,98,2,absElevation
01/13/2025,5512377455.52829,381133000,1519.07293145392,5512377.45552829,32.3600275327713,98,2,absElevation
08/07/2025,1579736652.8596,386624000,1519.07293145392,1579736.6528596,30.5570369305662,98,2,absElevation
08/09/2025,148142319.110129,379992000,1519.07293145392,148142.319110129,27.1424085864174,98,2,absElevation
05/22/2024,1660834676.02921,395236000,1519.07293145392,1660834.67602921,30.6292613246716,99,2,absElevation
07/20/2024,349847663.403931,374538000,1519.07293145392,349847.663403931,28.382151615174,99,2,absElevation
07/21/2024,515747666.195732,370233000,1519.07293145392,515747.666195732,28.9420901469015,99,2,absElevation
08/19/2024,3280036909.94332,363196000,1519.07293145392,3280036.90994332,31.611064903431,99,2,absElevation
08/20/2024,922158270.230028,360805000,1519.07293145392,922158.270230028,29.780439141077,99,2,absElevation
10/16/2024,319246293.787923,357488000,1519.07293145392,319246.293787923,28.2500946305075,99,2,absElevation
10/17/2024,4094668740.13993,357252000,1519.07293145392,4094668.74013993,31.9310995961362,99,2,absElevation
11/15/2024,52484511.7190478,361929000,1519.07293145392,52484.5117190478,25.6453884076988,99,2,absElevation
01/12/2025,26226051.0379483,379144000,1519.07293145392,26226.0510379483,24.6444972557691,99,2,absElevation
01/13/2025,129779614.500268,381133000,1519.07293145392,129779.614500268,26.9514885448313,99,2,absElevation
08/07/2025,1076184873.10915,386624000,1519.07293145392,1076184.87310915,30.003278787464,99,2,absElevation
08/09/2025,255331423.960021,379992000,1519.07293145392,255331.423960021,27.927795862067,99,2,absElevation
05/22/2024,82739513.0926004,395236000,1519.07293145392,82739.5130926004,26.3020731318044,100,2,absElevation
07/20/2024,433734249.704625,374538000,1519.07293145392,433734.249704625,28.6922361288115,100,2,absElevation
07/21/2024,375975250.751527,370233000,1519.07293145392,375975.250751527,28.4860624561263,100,2,absElevation
08/19/2024,1486391341.11888,363196000,1519.07293145392,1486391.34111888,30.4691668565129,100,2,absElevation
08/20/2024,1981397402.65303,360805000,1519.07293145392,1981397.40265303,30.8838711200478,100,2,absElevation
10/16/2024,1025890108.92594,357488000,1519.07293145392,1025890.10892594,29.9342290549132,100,2,absElevation
10/17/2024,356924459.000061,357252000,1519.07293145392,356924.459000061,28.4110435275887,100,2,absElevation
11/15/2024,212467265.651198,361929000,1519.07293145392,212467.265651198,27.6626653447235,100,2,absElevation
01/12/2025,245817619.507711,379144000,1519.07293145392,245817.619507711,27.8730130867923,100,2,absElevation
01/13/2025,1805497042.28425,381133000,1519.07293145392,1805497.04228425,30.7497489108913,100,2,absElevation
05/13/2025,1413753270.42198,404420000,1519.07293145392,1413753.27042198,30.3968832155779,100,2,absElevation
08/07/2025,6810612.45815359,386624000,1519.07293145392,6810.61245815359,22.6993531106761,100,2,absElevation
08/09/2025,361943907.271815,379992000,1519.07293145392,361943.907271815,28.4311908901887,100,2,absElevation
