ID,Real_Visual_Angle,Distance,Elevation,Task,Reported_Visual_Angle,Ratio_Visual_Angle,Size,Study
1000,0.503898546412973,395236000,12,Perceptual,3.00384656121308,5.96121299137714,3476000,MoonStudy
1000,0.503898546412973,395236000,25,Perceptual,2.56594451159336,5.09218478572554,3476000,MoonStudy
1001,0.503898546412973,395236000,13,Perceptual,2.76768475472488,5.49254363686258,3476000,MoonStudy
1001,0.503898546412973,395236000,21,Perceptual,2.14276119520801,4.25236629567868,3476000,MoonStudy
1002,0.503898546412973,395236000,14,Perceptual,1.02087960763189,2.02596259683437,3476000,MoonStudy
1002,0.503898546412973,395236000,24,Perceptual,0.92441605306587,1.83452812008761,3476000,MoonStudy
1003,0.503898546412973,395236000,16,Perceptual,1.58281662878821,3.14114148583196,3476000,MoonStudy
1003,0.503898546412973,395236000,21,Perceptual,1.90968250774438,3.7898154724568,3476000,MoonStudy
1004,0.503898546412973,395236000,16,Perceptual,1.92657918245142,3.82334737054883,3476000,MoonStudy
1004,0.503898546412973,395236000,22,Perceptual,1.42647429247901,2.83087598214648,3476000,MoonStudy
1005,0.503898546412973,395236000,16,Perceptual,2.13430181664235,4.23557843505499,3476000,MoonStudy
1005,0.503898546412973,395236000,24,Perceptual,1.27087245618219,2.5220800203314,3476000,MoonStudy
1006,0.503898546412973,395236000,17,Perceptual,1.85390391059879,3.67912137035499,3476000,MoonStudy
1006,0.503898546412973,395236000,23,Perceptual,0.92143803714611,1.82861816868775,3476000,MoonStudy
1007,0.503898546412973,395236000,17.5,Perceptual,1.69791428859007,3.36955583753269,3476000,MoonStudy
1007,0.503898546412973,395236000,22.5,Perceptual,1.18975896599639,2.3611081525552,3476000,MoonStudy
1008,0.503898546412973,395236000,18,Perceptual,1.13656193244754,2.25553723172693,3476000,MoonStudy
1008,0.503898546412973,395236000,23,Perceptual,0.928076631804784,1.8417926354647,3476000,MoonStudy
1009,0.503898546412973,395236000,18,Perceptual,2.16090041902653,4.28836406536397,3476000,MoonStudy
1009,0.503898546412973,395236000,24,Perceptual,1.59634323327247,3.16798539038487,3476000,MoonStudy
1010,0.503898546412973,395236000,19,Perceptual,0.863572212223388,1.71378190782801,3476000,MoonStudy
1010,0.503898546412973,395236000,23,Perceptual,0.948322286999679,1.88197067395879,3476000,MoonStudy
1011,0.503898546412973,395236000,19,Perceptual,1.7134891725895,3.40046460698698,3476000,MoonStudy
1011,0.503898546412973,395236000,25,Perceptual,1.12739670426841,2.23734859386643,3476000,MoonStudy
1012,0.531744976718754,374538000,7.5,Perceptual,1.31153286256249,2.46646967998754,3476000,MoonStudy
1012,0.531744976718754,374538000,16,Perceptual,1.18213680506133,2.22312735769683,3476000,MoonStudy
1013,0.531744976718754,374538000,8,Perceptual,2.21879730851814,4.17267187404328,3476000,MoonStudy
1013,0.531744976718754,374538000,17,Perceptual,1.21283939314558,2.28086666775804,3476000,MoonStudy
1014,0.531744976718754,374538000,9,Perceptual,1.13018146971724,2.12542011528019,3476000,MoonStudy
1014,0.531744976718754,374538000,19,Perceptual,0.884803314550749,1.6639617735754,3476000,MoonStudy
1015,0.531744976718754,374538000,10,Perceptual,1.25004014803499,2.35082643516189,3476000,MoonStudy
1015,0.531744976718754,374538000,19,Perceptual,0.998558309879495,1.87788950267346,3476000,MoonStudy
1016,0.531744976718754,374538000,10,Perceptual,1.8384381612317,3.45736817783625,3476000,MoonStudy
1016,0.531744976718754,374538000,19,Perceptual,1.34370992898351,2.52698189510912,3476000,MoonStudy
1017,0.537927917429303,370233000,10,Perceptual,2.24172275062063,4.16732926101619,3476000,MoonStudy
1017,0.537927917429303,370233000,19,Perceptual,0.984494805327187,1.83016120455688,3476000,MoonStudy
1018,0.537927917429303,370233000,11,Perceptual,1.16201541492958,2.16016937823699,3476000,MoonStudy
1018,0.537927917429303,370233000,19,Perceptual,0.891249709902549,1.65681995863262,3476000,MoonStudy
1019,0.537927917429303,370233000,11,Perceptual,2.25999915301493,4.20130482131362,3476000,MoonStudy
1019,0.537927917429303,370233000,17,Perceptual,1.48650980969647,2.7633996331708,3476000,MoonStudy
1020,0.537927917429303,370233000,12,Perceptual,1.27929096791041,2.37818288744708,3476000,MoonStudy
1020,0.537927917429303,370233000,20,Perceptual,1.04434985062509,1.94143084377536,3476000,MoonStudy
1021,0.54835022801984,363196000,9,Perceptual,1.44180445535242,2.62934960483001,3476000,MoonStudy
1021,0.54835022801984,363196000,20,Perceptual,1.44180445535242,2.62934960483001,3476000,MoonStudy
1022,0.54835022801984,363196000,10,Perceptual,3.22707786576236,5.88506706273423,3476000,MoonStudy
1022,0.54835022801984,363196000,20,Perceptual,2.03529390911587,3.71166784495661,3476000,MoonStudy
1023,0.54835022801984,363196000,11,Perceptual,1.65338761680617,3.01520366422888,3476000,MoonStudy
1023,0.54835022801984,363196000,23,Perceptual,1.31532421137466,2.39869365263959,3476000,MoonStudy
53,0.54835022801984,363196000,13,Perceptual,0.802127811933412,1.46280200307383,3476000,MoonStudy
53,0.54835022801984,363196000,23.5,Perceptual,0.639574153287337,1.16636069542073,3476000,MoonStudy
1025,0.55198400576911,360805000,4,Perceptual,1.14986973198893,2.0831577001706,3476000,MoonStudy
1025,0.55198400576911,360805000,16,Perceptual,0.662077196016189,1.19944996430409,3476000,MoonStudy
1026,0.55198400576911,360805000,5,Perceptual,2.09028981160228,3.78686662974911,3476000,MoonStudy
1026,0.55198400576911,360805000,17,Perceptual,1.3194808461178,2.39043311459594,3476000,MoonStudy
1027,0.55198400576911,360805000,5,Perceptual,1.83106219380955,3.31723777260218,3476000,MoonStudy
1027,0.55198400576911,360805000,17.5,Perceptual,0.901685460893871,1.63353548557535,3476000,MoonStudy
1028,0.55198400576911,360805000,6,Perceptual,3.5105781256542,6.35992726050588,3476000,MoonStudy
1028,0.55198400576911,360805000,19,Perceptual,2.4878828815711,4.50716480109707,3476000,MoonStudy
1029,0.55198400576911,360805000,7,Perceptual,1.21283939314558,2.19723647871946,3476000,MoonStudy
1029,0.55198400576911,360805000,18.5,Perceptual,1.78447837938828,3.23284435914383,3476000,MoonStudy
1030,0.55198400576911,360805000,8,Perceptual,1.79346056011619,3.24911689717759,3476000,MoonStudy
1030,0.55198400576911,360805000,18,Perceptual,0.715042047745884,1.29540356291588,3476000,MoonStudy
1031,0.55198400576911,360805000,9,Perceptual,1.6721083646812,3.02926959333063,3476000,MoonStudy
1031,0.55198400576911,360805000,19,Perceptual,1.3414984285074,2.43032119497415,3476000,MoonStudy
1032,0.54835022801984,363196000,14,Perceptual,2.89094921726655,5.27208537453541,3476000,MoonStudy
1032,0.54835022801984,363196000,25,Perceptual,2.01908012219808,3.68209953972158,3476000,MoonStudy
1033,0.54835022801984,363196000,15,Perceptual,1.59421448277288,2.90729245892682,3476000,MoonStudy
1033,0.54835022801984,363196000,27,Perceptual,1.18471797443858,2.16051332506369,3476000,MoonStudy
1034,0.54835022801984,363196000,15,Perceptual,1.89307960735111,3.45231844652869,3476000,MoonStudy
1034,0.54835022801984,363196000,25,Perceptual,1.73683377826231,3.16738042497807,3476000,MoonStudy
1035,0.54835022801984,363196000,15,Perceptual,2.03458955947317,3.7103833563092,3476000,MoonStudy
1035,0.54835022801984,363196000,27,Perceptual,2.23945896100241,4.08399385387213,3476000,MoonStudy
1036,0.557105582520147,357488000,16,Perceptual,2.56594451159336,4.60584957699749,3476000,MoonStudy
1036,0.557105582520147,357488000,39,Perceptual,0.78575837505971,1.41042990720936,3476000,MoonStudy
1037,0.557105582520147,357488000,16,Perceptual,1.71078852195229,3.07085151474033,3476000,MoonStudy
1037,0.557105582520147,357488000,41,Perceptual,1.33068086928785,2.38856136258466,3476000,MoonStudy
1038,0.557105582520147,357488000,11,Perceptual,1.76950113864261,3.17624018527695,3476000,MoonStudy
1038,0.557105582520147,357488000,28,Perceptual,1.32752574337253,2.38289793716888,3476000,MoonStudy
1039,0.557105582520147,357488000,18,Perceptual,0.896146487219218,1.60857567279324,3476000,MoonStudy
1039,0.557105582520147,357488000,29,Perceptual,0.723726539416115,1.29908326558537,3476000,MoonStudy
1040,0.557105582520147,357488000,18,Perceptual,3.22707786576236,5.79257858297562,3476000,MoonStudy
1040,0.557105582520147,357488000,34,Perceptual,1.07147425973608,1.92328760176683,3476000,MoonStudy
1041,0.557105582520147,357488000,19,Perceptual,1.36071080534582,2.44246485413133,3476000,MoonStudy
1041,0.557105582520147,357488000,33,Perceptual,1.33411287130862,2.39472177836303,3476000,MoonStudy
1042,0.557105582520147,357488000,19,Perceptual,1.25123740937504,2.24596099668377,3476000,MoonStudy
1042,0.557105582520147,357488000,33,Perceptual,1.15295023673421,2.06953631934304,3476000,MoonStudy
1043,0.557105582520147,357488000,20,Perceptual,0.953803666266298,1.71206984132457,3476000,MoonStudy
1043,0.557105582520147,357488000,35,Perceptual,1.71874448728936,3.08513240796183,3476000,MoonStudy
1044,0.557105582520147,357488000,20,Perceptual,1.27929096791041,2.29631690661464,3476000,MoonStudy
1044,0.557105582520147,357488000,36,Perceptual,1.22879659082724,2.20567990948609,3476000,MoonStudy
1045,0.557105582520147,357488000,21,Perceptual,0.723726539416115,1.29908326558537,3476000,MoonStudy
1045,0.557105582520147,357488000,37,Perceptual,0.688947084423157,1.2366544260903,3476000,MoonStudy
1046,0.557105582520147,357488000,22,Perceptual,1.62469681337902,2.916317596441,3476000,MoonStudy
1046,0.557105582520147,357488000,36,Perceptual,1.48233192547313,2.66077377786736,3476000,MoonStudy
1047,0.557105582520147,357488000,22,Perceptual,0.925818941369154,1.66183748721576,3476000,MoonStudy
1047,0.557105582520147,357488000,39,Perceptual,0.862957155563023,1.54900109178463,3476000,MoonStudy
1048,0.557105582520147,357488000,22,Perceptual,1.5792067606097,2.83466332084832,3476000,MoonStudy
1048,0.557105582520147,357488000,39.5,Perceptual,0.822348835742584,1.47610948722246,3476000,MoonStudy
1049,0.557105582520147,357488000,22,Perceptual,2.70058666288484,4.84753114601428,3476000,MoonStudy
1049,0.557105582520147,357488000,41,Perceptual,1.64461297834099,2.95206695093836,3476000,MoonStudy
1050,0.557105582520147,357488000,23,Perceptual,0.84216376522285,1.51167712485163,3476000,MoonStudy
1050,0.557105582520147,357488000,40,Perceptual,0.832138360694079,1.49368160507346,3476000,MoonStudy
1051,0.557105582520147,357488000,23,Perceptual,1.70477302501102,3.06005374654341,3476000,MoonStudy
1051,0.557105582520147,357488000,42,Perceptual,0.884946922429134,1.58847254487372,3476000,MoonStudy
1052,0.557105582520147,357488000,24,Perceptual,2.27468066507516,4.08303333595279,3476000,MoonStudy
1052,0.557105582520147,357488000,45,Perceptual,1.12249365388949,2.01486700027619,3476000,MoonStudy
1053,0.557105582520147,357488000,24,Perceptual,0.931990796366406,1.67291591685442,3476000,MoonStudy
1053,0.557105582520147,357488000,44,Perceptual,0.748342400000073,1.3432685355886,3476000,MoonStudy
1054,0.557473599616555,357252000,7,Perceptual,2.55465874937243,4.58256453961155,3476000,MoonStudy
1054,0.557473599616555,357252000,36,Perceptual,1.31153286256249,2.35263672300284,3476000,MoonStudy
1055,0.557473599616555,357252000,8,Perceptual,1.34391345647425,2.41072125639425,3476000,MoonStudy
1055,0.557473599616555,357252000,36,Perceptual,0.680596408263859,1.22085854600467,3476000,MoonStudy
1056,0.557473599616555,357252000,10,Perceptual,2.00281922303184,3.59267097923458,3476000,MoonStudy
1056,0.557473599616555,357252000,37,Perceptual,0.515658534941426,0.924991847678723,3476000,MoonStudy
1057,0.557473599616555,357252000,11,Perceptual,2.06242533977591,3.69959284384856,3476000,MoonStudy
1057,0.557473599616555,357252000,32,Perceptual,1.29978880408272,2.33157014964789,3476000,MoonStudy
1058,0.557473599616555,357252000,13,Perceptual,1.94570739228996,3.49022338210862,3476000,MoonStudy
1058,0.557473599616555,357252000,34,Perceptual,1.41372023374187,2.53594113643097,3476000,MoonStudy
1059,0.557473599616555,357252000,11,Perceptual,2.0556868359813,3.68750526911993,3476000,MoonStudy
1059,0.557473599616555,357252000,36,Perceptual,1.90968250774438,3.4256016949644,3476000,MoonStudy
1060,0.557473599616555,357252000,12,Perceptual,1.39186291432886,2.49673332564308,3476000,MoonStudy
1060,0.557473599616555,357252000,34,Perceptual,1.27058902397887,2.27919138207229,3476000,MoonStudy
1061,0.557473599616555,357252000,12,Perceptual,1.96884429884139,3.53172652515853,3476000,MoonStudy
1061,0.557473599616555,357252000,29,Perceptual,1.62075936214186,2.90732935740215,3476000,MoonStudy
1062,0.557473599616555,357252000,14,Perceptual,1.88053232451094,3.37331189459809,3476000,MoonStudy
1062,0.557473599616555,357252000,36,Perceptual,1.60080734471083,2.8715392904918,3476000,MoonStudy
1063,0.557473599616555,357252000,14,Perceptual,1.38670913421823,2.48748843922303,3476000,MoonStudy
1063,0.557473599616555,357252000,39,Perceptual,0.726115012019391,1.30251013235216,3476000,MoonStudy
1064,0.557473599616555,357252000,16,Perceptual,1.25846941569747,2.25745114488486,3476000,MoonStudy
1064,0.557473599616555,357252000,45,Perceptual,1.81140684305761,3.24931412770675,3476000,MoonStudy
1065,0.557473599616555,357252000,15,Perceptual,1.25353550755739,2.24860066632681,3476000,MoonStudy
1065,0.557473599616555,357252000,35,Perceptual,0.76927443419462,1.37992980245835,3476000,MoonStudy
1066,0.557473599616555,357252000,16,Perceptual,1.85151703285572,3.32126406367807,3476000,MoonStudy
1066,0.557473599616555,357252000,38,Perceptual,1.0410555531599,1.86745265403772,3476000,MoonStudy
1067,0.557473599616555,357252000,16,Perceptual,1.36071080534582,2.44085245701636,3476000,MoonStudy
1067,0.557473599616555,357252000,40,Perceptual,0.982189309936894,1.76185797966481,3476000,MoonStudy
1068,0.557473599616555,357252000,17,Perceptual,1.51188422710866,2.71202838690222,3476000,MoonStudy
1068,0.557473599616555,357252000,40,Perceptual,1.35225997249456,2.42569329457876,3476000,MoonStudy
1069,0.557473599616555,357252000,17,Perceptual,1.01168297412184,1.81476391853839,3476000,MoonStudy
1069,0.557473599616555,357252000,37,Perceptual,0.588805200400641,1.0562028422613,3476000,MoonStudy
1070,0.557473599616555,357252000,18,Perceptual,1.43672656793162,2.5772100578751,3476000,MoonStudy
1070,0.557473599616555,357252000,38,Perceptual,0.862957155563023,1.5479785162142,3476000,MoonStudy
1071,0.557473599616555,357252000,18,Perceptual,1.67019935894835,2.99601516573549,3476000,MoonStudy
1071,0.557473599616555,357252000,41,Perceptual,0.976377820990968,1.7514332905855,3476000,MoonStudy
1072,0.557473599616555,357252000,19,Perceptual,1.82970969742114,3.28214591449651,3476000,MoonStudy
1072,0.557473599616555,357252000,39,Perceptual,0.709719290720392,1.27309937404848,3476000,MoonStudy
1073,0.557473599616555,357252000,20,Perceptual,1.83253704985183,3.28721763884837,3476000,MoonStudy
1073,0.557473599616555,357252000,35,Perceptual,0.957523618089764,1.71761249097423,3476000,MoonStudy
1074,0.557473599616555,357252000,20,Perceptual,2.01923238978901,3.62211303132182,3476000,MoonStudy
1074,0.557473599616555,357252000,44,Perceptual,0.674568932661517,1.21004641856673,3476000,MoonStudy
52,0.557473599616555,357252000,21,Perceptual,0.580205467256331,1.04077658144782,3476000,MoonStudy
52,0.557473599616555,357252000,46,Perceptual,0.584187200727894,1.04791904249764,3476000,MoonStudy
1076,0.557473599616555,357252000,21,Perceptual,1.08603835085711,1.94814310777069,3476000,MoonStudy
1077,0.557473599616555,357252000,21,Perceptual,1.90578591584785,3.41861196146095,3476000,MoonStudy
1077,0.557473599616555,357252000,43,Perceptual,0.919728289724227,1.64981496945656,3476000,MoonStudy
1078,0.557473599616555,357252000,22,Perceptual,0.739902101826902,1.32724150943798,3476000,MoonStudy
1078,0.557473599616555,357252000,44,Perceptual,0.729634352133488,1.30882314899818,3476000,MoonStudy
1079,0.557473599616555,357252000,22,Perceptual,1.09903628470716,1.97145889144007,3476000,MoonStudy
1079,0.557473599616555,357252000,43,Perceptual,0.670772196376542,1.20323580675016,3476000,MoonStudy
1080,0.557473599616555,357252000,23,Perceptual,1.28725434122201,2.30908574344582,3476000,MoonStudy
1080,0.557473599616555,357252000,43,Perceptual,0.75115798905909,1.3474323978315,3476000,MoonStudy
54,0.557473599616555,357252000,23,Perceptual,0.81245238826416,1.45738271520478,3476000,MoonStudy
54,0.557473599616555,357252000,44,Perceptual,0.964126918680438,1.72945753726022,3476000,MoonStudy
1082,0.557473599616555,357252000,24,Perceptual,1.17275112953019,2.10368909009654,3476000,MoonStudy
1082,0.557473599616555,357252000,45,Perceptual,0.838042729434726,1.50328684624914,3476000,MoonStudy
32131,0.55026980085631,361929000,4,Perceptual,1.51188422710866,2.74753261900966,3476000,MoonStudy
32131,0.55026980085631,361929000,23,Perceptual,0.677124058646317,1.23053101877043,3476000,MoonStudy
31948,0.55026980085631,361929000,5,Perceptual,1.60080734471083,2.90913174268279,3476000,MoonStudy
1083,0.55026980085631,361929000,5,Perceptual,1.47102704255262,2.673283251713,3476000,MoonStudy
32002,0.55026980085631,361929000,5,Perceptual,0.913717249345349,1.66048954153663,3476000,MoonStudy
32245,0.55026980085631,361929000,6,Perceptual,0.732624575536509,1.3313915726366,3476000,MoonStudy
32245,0.55026980085631,361929000,23,Perceptual,0.634654453103939,1.15335141437221,3476000,MoonStudy
31924,0.55026980085631,361929000,6,Perceptual,1.75966061702245,3.19781426181144,3476000,MoonStudy
31924,0.55026980085631,361929000,24,Perceptual,1.21283939314558,2.20408132748373,3476000,MoonStudy
1084,0.55026980085631,361929000,6,Perceptual,1.36366987990534,2.47818411583418,3476000,MoonStudy
1084,0.55026980085631,361929000,25,Perceptual,1.4149602132169,2.57139354370345,3476000,MoonStudy
31504,0.55026980085631,361929000,7,Perceptual,1.11843299459047,2.03251749023844,3476000,MoonStudy
31504,0.55026980085631,361929000,23,Perceptual,0.52218576837107,0.948963158724072,3476000,MoonStudy
1085,0.55026980085631,361929000,7,Perceptual,1.71523019789084,3.11707128979577,3476000,MoonStudy
1066,0.55026980085631,361929000,9,Perceptual,1.77231803439102,3.22081646427445,3476000,MoonStudy
1066,0.55026980085631,361929000,24,Perceptual,1.4149602132169,2.57139354370345,3476000,MoonStudy
1072,0.55026980085631,361929000,10,Perceptual,0.912986598751953,1.6591617372627,3476000,MoonStudy
1072,0.55026980085631,361929000,22,Perceptual,1.0279261189529,1.86804021836793,3476000,MoonStudy
1056,0.55026980085631,361929000,11,Perceptual,0.738803762095228,1.34262094875192,3476000,MoonStudy
1056,0.55026980085631,361929000,24,Perceptual,0.710748656770106,1.29163667652498,3476000,MoonStudy
1087,0.55026980085631,361929000,13,Perceptual,1.98667070455893,3.61035750365975,3476000,MoonStudy
1087,0.55026980085631,361929000,NaN,Perceptual,1.48233192547313,2.69382750637302,3476000,MoonStudy
1088,0.55026980085631,361929000,14,Perceptual,2.14833999674524,3.90415754853723,3476000,MoonStudy
1088,0.55026980085631,361929000,30,Perceptual,0.738803762095228,1.34262094875192,3476000,MoonStudy
1089,0.55026980085631,361929000,14,Perceptual,1.37334778162488,2.49577167325506,3476000,MoonStudy
1089,0.55026980085631,361929000,NaN,Perceptual,1.21327705058698,2.20487667812938,3476000,MoonStudy
1090,0.55026980085631,361929000,13,Perceptual,1.09869716218595,1.99665175242435,3476000,MoonStudy
1090,0.55026980085631,361929000,29,Perceptual,1.3955974191686,2.53620572489498,3476000,MoonStudy
1082,0.55026980085631,361929000,15,Perceptual,1.01302942083891,1.84096859261125,3476000,MoonStudy
1082,0.55026980085631,361929000,31,Perceptual,0.884803314550749,1.60794452680094,3476000,MoonStudy
1091,0.55026980085631,361929000,16,Perceptual,2.81213724254563,5.11046987890211,3476000,MoonStudy
1091,0.55026980085631,361929000,NaN,Perceptual,1.27087245618219,2.30954425302735,3476000,MoonStudy
1092,0.55026980085631,361929000,17,Perceptual,1.79218337492071,3.25691755595488,3476000,MoonStudy
1092,0.55026980085631,361929000,32,Perceptual,1.64236654717519,2.98465688035106,3476000,MoonStudy
31459,0.55026980085631,361929000,17,Perceptual,1.16201541492958,2.11171940223013,3476000,MoonStudy
31459,0.55026980085631,361929000,NaN,Perceptual,0.90562411142188,1.64578196007228,3476000,MoonStudy
5000,0.525285207232985,379144000,5,Perceptual,1.61266361705449,3.07007240038117,3476000,MoonStudy
5000,0.525285207232985,379144000,18,Perceptual,0.76068172894929,1.44813087913952,3476000,MoonStudy
6875341,0.525285207232985,379144000,6,Perceptual,0.981040606673591,1.86763417885183,3476000,MoonStudy
6875341,0.525285207232985,379144000,17,Perceptual,0.729209168771621,1.38821569450401,3476000,MoonStudy
32437,0.525285207232985,379144000,6,Perceptual,1.05773819557891,2.01364550346029,3476000,MoonStudy
32437,0.525285207232985,379144000,20,Perceptual,0.49989289178231,0.951659945680876,3476000,MoonStudy
6875476,0.525285207232985,379144000,7,Perceptual,0.90484657863897,1.72258149702212,3476000,MoonStudy
6875476,0.525285207232985,379144000,21,Perceptual,0.364608275568288,0.694114874258337,3476000,MoonStudy
6873834,0.525285207232985,379144000,7,Perceptual,2.73971079323711,5.21566333015341,3476000,MoonStudy
6873834,0.525285207232985,379144000,21,Perceptual,2.3796364122315,4.530179756568,3476000,MoonStudy
5001,0.525285207232985,379144000,7,Perceptual,1.13542935234248,2.16154831072347,3476000,MoonStudy
5001,0.525285207232985,379144000,21,Perceptual,0.506694067560163,0.964607532409388,3476000,MoonStudy
5002,0.525285207232985,379144000,8,Perceptual,0.982189309936894,1.86982099707456,3476000,MoonStudy
5002,0.525285207232985,379144000,20,Perceptual,0.957523618089764,1.82286423623779,3476000,MoonStudy
5003,0.525285207232985,379144000,8,Perceptual,1.68735647370734,3.21226726066728,3476000,MoonStudy
5003,0.525285207232985,379144000,21,Perceptual,1.36332429464905,2.59539822533849,3476000,MoonStudy
5004,0.525285207232985,379144000,9,Perceptual,0.539738859056607,1.02751581735903,3476000,MoonStudy
5004,0.525285207232985,379144000,22,Perceptual,0.585143300652731,1.11395351057963,3476000,MoonStudy
5005,0.525285207232985,379144000,9,Perceptual,2.24172275062063,4.26762969859599,3476000,MoonStudy
5005,0.525285207232985,379144000,24,Perceptual,1.57761019122472,3.00334022260976,3476000,MoonStudy
5006,0.525285207232985,379144000,10,Perceptual,1.06456192159728,2.02663601970635,3476000,MoonStudy
5006,0.525285207232985,379144000,19,Perceptual,0.890438778312539,1.69515296842843,3476000,MoonStudy
5007,0.525285207232985,379144000,29,Perceptual,0.906639570425287,1.72599486515362,3476000,MoonStudy
5008,0.525285207232985,379144000,10,Perceptual,0.812786962572855,1.54732505576223,3476000,MoonStudy
5009,0.525285207232985,379144000,11,Perceptual,1.12249365388949,2.13692226324511,3476000,MoonStudy
5009,0.525285207232985,379144000,22,Perceptual,0.790830598396201,1.50552611706318,3476000,MoonStudy
5010,0.525285207232985,379144000,11,Perceptual,1.13797531399819,2.16639512845343,3476000,MoonStudy
5010,0.525285207232985,379144000,25,Perceptual,0.970821925241984,1.84818059194152,3476000,MoonStudy
5011,0.525285207232985,379144000,11,Perceptual,1.07847694728465,2.05312643956925,3476000,MoonStudy
5011,0.525285207232985,379144000,23,Perceptual,1.78515884839438,3.39845635059467,3476000,MoonStudy
5012,0.525285207232985,379144000,12,Perceptual,1.12517011100173,2.14201750879055,3476000,MoonStudy
5012,0.525285207232985,379144000,23,Perceptual,1.08277496964194,2.06130870379086,3476000,MoonStudy
5013,0.525285207232985,379144000,12,Perceptual,1.27058902397887,2.41885552169245,3476000,MoonStudy
5013,0.525285207232985,379144000,27,Perceptual,1.74718269545507,3.326160096262,3476000,MoonStudy
5014,0.525285207232985,379144000,12,Perceptual,1.16736112377781,2.22233770855085,3476000,MoonStudy
5014,0.525285207232985,379144000,28,Perceptual,1.07496419948541,2.04643912427676,3476000,MoonStudy
5015,0.525285207232985,379144000,13,Perceptual,1.48103291865042,2.81948339351106,3476000,MoonStudy
5015,0.525285207232985,379144000,28,Perceptual,0.913717249345349,1.7394688385734,3476000,MoonStudy
5016,0.525285207232985,379144000,13,Perceptual,1.46115545153287,2.78164210873121,3476000,MoonStudy
5016,0.525285207232985,379144000,28,Perceptual,2.13352729449199,4.06165501162816,3476000,MoonStudy
31453,0.525285207232985,379144000,14,Perceptual,1.53973140428729,2.93122932663199,3476000,MoonStudy
31453,0.525285207232985,379144000,29,Perceptual,0.919728289724227,1.75091222265525,3476000,MoonStudy
5018,0.525285207232985,379144000,15,Perceptual,1.9969649918728,3.80167757320275,3476000,MoonStudy
5018,0.525285207232985,379144000,25,Perceptual,0.728519301684818,1.38690237542077,3476000,MoonStudy
5019,0.525285207232985,379144000,16,Perceptual,2.07626410144454,3.95264148476893,3476000,MoonStudy
5019,0.525285207232985,379144000,26,Perceptual,0.413801053372908,0.787764528060222,3476000,MoonStudy
5020,0.525285207232985,379144000,16,Perceptual,1.99590916901365,3.7996675739783,3476000,MoonStudy
5020,0.525285207232985,379144000,30,Perceptual,0.748342400000073,1.42464015680562,3476000,MoonStudy
5021,0.525285207232985,379144000,17,Perceptual,2.3854733028007,4.54129160683302,3476000,MoonStudy
5021,0.525285207232985,379144000,30,Perceptual,0.753678580881378,1.43479879216757,3476000,MoonStudy
5022,0.525285207232985,379144000,17,Perceptual,2.66256401725074,5.06879687565577,3476000,MoonStudy
5022,0.525285207232985,379144000,28,Perceptual,1.14587739536697,2.18143853965172,3476000,MoonStudy
5023,0.522543965315936,381133000,5,Perceptual,3.1244498336848,5.97930517061031,3476000,MoonStudy
5023,0.522543965315936,381133000,21,Perceptual,2.30223086573137,4.40581275173547,3476000,MoonStudy
32329,0.522543965315936,381133000,5,Perceptual,2.21928872247381,4.24708516369909,3476000,MoonStudy
32329,0.522543965315936,381133000,19,Perceptual,1.60195238222086,3.0656796146374,3476000,MoonStudy
5025,0.522543965315936,381133000,6,Perceptual,1.48233192547313,2.83676020366419,3476000,MoonStudy
5025,0.522543965315936,381133000,18,Perceptual,1.19484303828785,2.28658853148449,3476000,MoonStudy
5026,0.522543965315936,381133000,6,Perceptual,2.15542855826005,4.12487503698728,3476000,MoonStudy
5026,0.522543965315936,381133000,18,Perceptual,1.92542951444935,3.68472251571256,3476000,MoonStudy
5027,0.522543965315936,381133000,7,Perceptual,3.75251949000254,7.18125122301187,3476000,MoonStudy
5027,0.522543965315936,381133000,20,Perceptual,2.84837463649157,5.45097604326827,3476000,MoonStudy
1043,0.522543965315936,381133000,7,Perceptual,1.06403389544809,2.03625716891546,3476000,MoonStudy
1043,0.522543965315936,381133000,19,Perceptual,0.812544709304735,1.55497864914287,3476000,MoonStudy
5029,0.522543965315936,381133000,8,Perceptual,1.60195238222086,3.0656796146374,3476000,MoonStudy
5030,0.522543965315936,381133000,8,Perceptual,2.03458955947317,3.89362368435933,3476000,MoonStudy
5030,0.522543965315936,381133000,22,Perceptual,0.848005544761805,1.62284056662886,3476000,MoonStudy
5031,0.522543965315936,381133000,9,Perceptual,1.12739670426841,2.15751549936428,3476000,MoonStudy
5031,0.522543965315936,381133000,24,Perceptual,0.920469774871083,1.76151641960798,3476000,MoonStudy
5032,0.522543965315936,381133000,12,Perceptual,0.956568186329096,1.83059847557658,3476000,MoonStudy
5032,0.522543965315936,381133000,24,Perceptual,0.703781828483644,1.34683753941762,3476000,MoonStudy
5034,0.522543965315936,381133000,12,Perceptual,0.964958740389652,1.8466556011344,3476000,MoonStudy
5034,0.522543965315936,381133000,23,Perceptual,0.689663093023205,1.31981830965405,3476000,MoonStudy
5033,0.522543965315936,381133000,13,Perceptual,0.863827697283068,1.65311965044087,3476000,MoonStudy
5033,0.522543965315936,381133000,26,Perceptual,0.80667815502526,1.54375173874132,3476000,MoonStudy
5035,0.522543965315936,381133000,14,Perceptual,1.33068086928785,2.5465433678548,3476000,MoonStudy
5035,0.522543965315936,381133000,26,Perceptual,1.32131858322326,2.52862662460253,3476000,MoonStudy
5036,0.522543965315936,381133000,14,Perceptual,1.88651899391201,3.61025888562583,3476000,MoonStudy
5036,0.522543965315936,381133000,25,Perceptual,1.6499234413323,3.15748252940733,3476000,MoonStudy
5037,0.522543965315936,381133000,14,Perceptual,0.723726539416115,1.3850060233277,3476000,MoonStudy
5037,0.522543965315936,381133000,27,Perceptual,0.736649874695022,1.40973759834665,3476000,MoonStudy
5038,0.522543965315936,381133000,16,Perceptual,1.36366987990534,2.60967491813029,3476000,MoonStudy
5038,0.522543965315936,381133000,32,Perceptual,1.1591785524569,2.21833688531077,3476000,MoonStudy
5039,0.522543965315936,381133000,16,Perceptual,2.45515766426909,4.69847099427255,3476000,MoonStudy
5039,0.522543965315936,381133000,27,Perceptual,2.22586176752789,4.25966409578974,3476000,MoonStudy
5040,0.522543965315936,381133000,17,Perceptual,1.99726527170659,3.82219565103775,3476000,MoonStudy
5040,0.522543965315936,381133000,31,Perceptual,1.34418547878036,2.57238733580561,3476000,MoonStudy
1034,0.492455624179242,404420000,5,Perceptual,2.26766188131707,4.60480451430827,3476000,MoonStudy
1034,0.492455624179242,404420000,17,Perceptual,1.7619766110455,3.57793986814979,3476000,MoonStudy
5050,0.492455624179242,404420000,7,Perceptual,1.69791428859007,3.44785236521549,3476000,MoonStudy
5050,0.492455624179242,404420000,17,Perceptual,1.75570101100875,3.5651963848213,3476000,MoonStudy
5051,0.492455624179242,404420000,8,Perceptual,1.19484303828785,2.42629585209683,3476000,MoonStudy
5051,0.492455624179242,404420000,19,Perceptual,1.18471797443858,2.4057354942653,3476000,MoonStudy
6006,0.515122672326233,386624000,3,Perceptual,1.18966579954486,2.30948056347912,3476000,MoonStudy
6006,0.515122672326233,386624000,12,Perceptual,1.4437164606437,2.80266534207094,3476000,MoonStudy
6006,0.515122672326233,386624000,16,Perceptual,1.4437164606437,2.80266534207094,3476000,MoonStudy
6041,0.515122672326233,386624000,4,Perceptual,0.912152348356786,1.77074781864602,3476000,MoonStudy
6041,0.515122672326233,386624000,17,Perceptual,0.484449233293501,0.940454107961868,3476000,MoonStudy
1028,0.515122672326233,386624000,2.5,Perceptual,3.27315408323344,6.35412545220008,3476000,MoonStudy
1028,0.515122672326233,386624000,19,Perceptual,2.53751901192342,4.92604800418566,3476000,MoonStudy
6044,0.515122672326233,386624000,2.5,Perceptual,1.63691092337723,3.17771088580732,3476000,MoonStudy
6044,0.515122672326233,386624000,17,Perceptual,1.47298070699471,2.85947558926673,3476000,MoonStudy
6045,0.515122672326233,386624000,3,Perceptual,1.38670913421823,2.69199786519979,3476000,MoonStudy
6045,0.515122672326233,386624000,16,Perceptual,1.36819240228397,2.65605160826135,3476000,MoonStudy
6043,0.515122672326233,386624000,3.5,Perceptual,2.00886697151351,3.89978364268399,3476000,MoonStudy
6043,0.515122672326233,386624000,19,Perceptual,1.11793096166433,2.17022278715842,3476000,MoonStudy
6046,0.515122672326233,386624000,4,Perceptual,3.34552829930433,6.49462444391414,3476000,MoonStudy
6046,0.515122672326233,386624000,18,Perceptual,1.79329644079147,3.48129977019485,3476000,MoonStudy
6028,0.524112983510832,379992000,7,Perceptual,1.00574181501309,1.91894085179117,3476000,MoonStudy
6028,0.524112983510832,379992000,20,Perceptual,1.15388998422791,2.2016054181647,3476000,MoonStudy
6014,0.524112983510832,379992000,9,Perceptual,1.05773819557891,2.01814919465174,3476000,MoonStudy
6014,0.524112983510832,379992000,23,Perceptual,0.994297251201952,1.89710478939395,3476000,MoonStudy
6047,0.524112983510832,379992000,5,Perceptual,1.38969556641367,2.65151906198666,3476000,MoonStudy
6047,0.524112983510832,379992000,21,Perceptual,0.873743704502011,1.66709036408359,3476000,MoonStudy
6048,0.524112983510832,379992000,6,Perceptual,2.33394970870397,4.45314232261475,3476000,MoonStudy
6048,0.524112983510832,379992000,21,Perceptual,1.52827074809861,2.9159185064665,3476000,MoonStudy
6,0.524112983510832,379992000,7,Perceptual,2.41132862175085,4.60078017071488,3476000,MoonStudy
6,0.524112983510832,379992000,22,Perceptual,1.53016899554894,2.91954033517529,3476000,MoonStudy
6049,0.524112983510832,379992000,8,Perceptual,1.5844984425245,3.02320013503682,3476000,MoonStudy
6049,0.524112983510832,379992000,23,Perceptual,0.977610561491119,1.86526682651988,3476000,MoonStudy
1,2.36338945002999,62.8538979360867,2.37295022764419,Perceptual,5.21288254174861,2.20568071913939,0.14,QuadStudy
1,7.33856027190383,20.3669459114517,7.34107517941272,Perceptual,7.68490625582972,1.04719535863893,0.14,QuadStudy
1,2.95223914553063,50.3373160365151,2.96346826953653,Perceptual,4.41898999209993,1.49682656934815,0.14,QuadStudy
1,4.33706574300479,34.3088412185547,4.35018743835925,Perceptual,5.88687426353551,1.35734033384907,0.14,QuadStudy
1,0.370779037156586,62.8626390740955,2.55799716828007,Perceptual,1.04326745830232,2.81371748063991,0.4064,QuadStudy
1,1.15268412998999,20.3939057406864,7.90728638048713,Perceptual,1.62469681337902,1.40949005118439,0.4064,QuadStudy
1,0.463196299507583,50.3482302703879,3.19439921406215,Perceptual,1.23138427952127,2.65845016644205,0.4064,QuadStudy
1,0.680641068700974,34.3248523865726,4.68839802993912,Perceptual,1.39384350283648,2.04783926056163,0.4064,QuadStudy
2,2.36338945002999,62.8538979360867,2.37295022764419,Perceptual,3.22325114970593,1.36382564865263,0.14,QuadStudy
2,7.33856027190383,20.3669459114517,7.34107517941272,Perceptual,7.46699834456201,1.01750180797041,0.14,QuadStudy
2,2.95223914553063,50.3373160365151,2.96346826953653,Perceptual,5.01745516192283,1.69954225067394,0.14,QuadStudy
2,4.33706574300479,34.3088412185547,4.35018743835925,Perceptual,6.68339321049716,1.54099421279853,0.14,QuadStudy
2,0.370779037156586,62.8626390740955,2.55799716828007,Perceptual,0.932249743207225,2.51430002719793,0.4064,QuadStudy
2,1.15268412998999,20.3939057406864,7.90728638048713,Perceptual,2.08766604885264,1.8111345463486,0.4064,QuadStudy
2,0.463196299507583,50.3482302703879,3.19439921406215,Perceptual,1.18471797443858,2.55770172537655,0.4064,QuadStudy
2,0.680641068700974,34.3248523865726,4.68839802993912,Perceptual,1.58281662878821,2.325479171877,0.4064,QuadStudy
3,2.36338945002999,62.8538979360867,2.37295022764419,Perceptual,1.98605480600895,0.840341741384921,0.14,QuadStudy
3,7.33856027190383,20.3669459114517,7.34107517941272,Perceptual,4.93393509758161,0.672330118548117,0.14,QuadStudy
3,2.95223914553063,50.3373160365151,2.96346826953653,Perceptual,2.64468548926295,0.895823596562874,0.14,QuadStudy
3,4.33706574300479,34.3088412185547,4.35018743835925,Perceptual,3.16955792456154,0.730806981580505,0.14,QuadStudy
3,0.370779037156586,62.8626390740955,2.55799716828007,Perceptual,0.496560314362531,1.33923513629716,0.4064,QuadStudy
3,1.15268412998999,20.3939057406864,7.90728638048713,Perceptual,1.16497404686829,1.01066199885862,0.4064,QuadStudy
3,0.463196299507583,50.3482302703879,3.19439921406215,Perceptual,0.620698207619945,1.3400327426618,0.4064,QuadStudy
3,0.680641068700974,34.3248523865726,4.68839802993912,Perceptual,0.744834644033682,1.09431340288535,0.4064,QuadStudy
4,2.36338945002999,62.8538979360867,2.37295022764419,Perceptual,5.10384961451967,2.15954658444248,0.14,QuadStudy
4,7.33856027190383,20.3669459114517,7.34107517941272,Perceptual,8.87294897131473,1.20908579374696,0.14,QuadStudy
4,2.95223914553063,50.3373160365151,2.96346826953653,Perceptual,5.10384961451967,1.72880629343539,0.14,QuadStudy
4,4.33706574300479,34.3088412185547,4.35018743835925,Perceptual,6.79835621592639,1.56750130589821,0.14,QuadStudy
4,0.370779037156586,62.8626390740955,2.55799716828007,Perceptual,0.96807807089276,2.61092989052648,0.4064,QuadStudy
4,1.15268412998999,20.3939057406864,7.90728638048713,Perceptual,1.8767628864129,1.62816754181321,0.4064,QuadStudy
4,0.463196299507583,50.3482302703879,3.19439921406215,Perceptual,0.948322286999679,2.04734426420899,0.4064,QuadStudy
4,0.680641068700974,34.3248523865726,4.68839802993912,Perceptual,1.20514265306009,1.77059937825989,0.4064,QuadStudy
5,2.36338945002999,62.8538979360867,2.37295022764419,Perceptual,8.27145573535847,3.4998276459487,0.14,QuadStudy
5,7.33856027190383,20.3669459114517,7.34107517941272,Perceptual,8.79741070999106,1.19879245847071,0.14,QuadStudy
5,2.95223914553063,50.3373160365151,2.96346826953653,Perceptual,7.20255623444688,2.43969268050347,0.14,QuadStudy
5,4.33706574300479,34.3088412185547,4.35018743835925,Perceptual,8.79741070999106,2.02842456888746,0.14,QuadStudy
5,0.370779037156586,62.8626390740955,2.55799716828007,Perceptual,1.95507883796131,5.27289474872778,0.4064,QuadStudy
5,1.15268412998999,20.3939057406864,7.90728638048713,Perceptual,2.16335979634022,1.87680192695896,0.4064,QuadStudy
5,0.463196299507583,50.3482302703879,3.19439921406215,Perceptual,1.95507883796131,4.22084295586929,0.4064,QuadStudy
5,0.680641068700974,34.3248523865726,4.68839802993912,Perceptual,2.16335979634022,3.17841502051744,0.4064,QuadStudy
6,2.36338945002999,62.8538979360867,2.37295022764419,Perceptual,7.16426884703724,3.03135348554015,0.14,QuadStudy
6,7.33856027190383,20.3669459114517,7.34107517941272,Perceptual,9.610547548445,1.30959577796746,0.14,QuadStudy
6,2.95223914553063,50.3373160365151,2.96346826953653,Perceptual,8.36983225023683,2.83507935422774,0.14,QuadStudy
6,4.33706574300479,34.3088412185547,4.35018743835925,Perceptual,9.610547548445,2.21591004562145,0.14,QuadStudy
6,0.370779037156586,62.8626390740955,2.55799716828007,Perceptual,2.27290029227217,6.13006687137032,0.4064,QuadStudy
6,1.15268412998999,20.3939057406864,7.90728638048713,Perceptual,2.51502055904088,2.18188183007493,0.4064,QuadStudy
6,0.463196299507583,50.3482302703879,3.19439921406215,Perceptual,2.51502055904088,5.42970779713604,0.4064,QuadStudy
6,0.680641068700974,34.3248523865726,4.68839802993912,Perceptual,2.51502055904088,3.69507611969534,0.4064,QuadStudy
7,2.36338945002999,62.8538979360867,2.37295022764419,Perceptual,3.79756844106824,1.6068314263737,0.14,QuadStudy
7,7.33856027190383,20.3669459114517,7.34107517941272,Perceptual,11.1744879284087,1.52270847610136,0.14,QuadStudy
7,2.95223914553063,50.3373160365151,2.96346826953653,Perceptual,5.06612767562011,1.71602889396331,0.14,QuadStudy
7,4.33706574300479,34.3088412185547,4.35018743835925,Perceptual,6.43278161567526,1.48321053838084,0.14,QuadStudy
7,0.370779037156586,62.8626390740955,2.55799716828007,Perceptual,1.19569461087798,3.22481718504764,0.4064,QuadStudy
7,1.15268412998999,20.3939057406864,7.90728638048713,Perceptual,2.67746756199938,2.32281116078403,0.4064,QuadStudy
7,0.463196299507583,50.3482302703879,3.19439921406215,Perceptual,1.22060305031885,2.63517444249113,0.4064,QuadStudy
7,0.680641068700974,34.3248523865726,4.68839802993912,Perceptual,1.79346056011619,2.63495789864557,0.4064,QuadStudy
30337,2.36338945002999,62.8538979360867,2.37295022764419,Perceptual,6.6769410875287,2.82515481629317,0.14,QuadStudy
30337,7.33856027190383,20.3669459114517,7.34107517941272,Perceptual,11.2492560828918,1.53289687160578,0.14,QuadStudy
30337,2.95223914553063,50.3373160365151,2.96346826953653,Perceptual,8.95804615329769,3.03432266551279,0.14,QuadStudy
30337,4.33706574300479,34.3088412185547,4.35018743835925,Perceptual,11.2492560828918,2.59374811208145,0.14,QuadStudy
30337,0.370779037156586,62.8626390740955,2.55799716828007,Perceptual,1.05907364760119,2.85634715415135,0.4064,QuadStudy
30337,1.15268412998999,20.3939057406864,7.90728638048713,Perceptual,3.29793706632949,2.86109349519555,0.4064,QuadStudy
30337,0.463196299507583,50.3482302703879,3.19439921406215,Perceptual,1.4149602132169,3.05477443304517,0.4064,QuadStudy
30337,0.680641068700974,34.3248523865726,4.68839802993912,Perceptual,1.86628839621584,2.74195678462029,0.4064,QuadStudy
8,2.36338945002999,62.8538979360867,2.37295022764419,Perceptual,4.78494655580969,2.02461196386781,0.14,QuadStudy
8,7.33856027190383,20.3669459114517,7.34107517941272,Perceptual,10.1765203950752,1.38671892278881,0.14,QuadStudy
8,2.95223914553063,50.3373160365151,2.96346826953653,Perceptual,6.03793344657877,2.04520472391932,0.14,QuadStudy
8,4.33706574300479,34.3088412185547,4.35018743835925,Perceptual,8.10206608234819,1.868098516933,0.14,QuadStudy
8,0.370779037156586,62.8626390740955,2.55799716828007,Perceptual,1.49117583849202,4.02173717782829,0.4064,QuadStudy
8,1.15268412998999,20.3939057406864,7.90728638048713,Perceptual,2.58964224140539,2.24661915092723,0.4064,QuadStudy
8,0.463196299507583,50.3482302703879,3.19439921406215,Perceptual,1.27929096791041,2.76187648578024,0.4064,QuadStudy
8,0.680641068700974,34.3248523865726,4.68839802993912,Perceptual,1.68735647370734,2.47906944100173,0.4064,QuadStudy
9,2.36338945002999,62.8538979360867,2.37295022764419,Perceptual,3.06760678295177,1.29796922928333,0.14,QuadStudy
9,7.33856027190383,20.3669459114517,7.34107517941272,Perceptual,9.77680189624951,1.33225067779039,0.14,QuadStudy
9,2.95223914553063,50.3373160365151,2.96346826953653,Perceptual,6.77711398144701,2.29558435051132,0.14,QuadStudy
9,4.33706574300479,34.3088412185547,4.35018743835925,Perceptual,7.78325049031586,1.79458900360673,0.14,QuadStudy
9,0.370779037156586,62.8626390740955,2.55799716828007,Perceptual,0.723726539416115,1.95190792059389,0.4064,QuadStudy
9,1.15268412998999,20.3939057406864,7.90728638048713,Perceptual,1.83933809879903,1.59570002825926,0.4064,QuadStudy
9,0.463196299507583,50.3482302703879,3.19439921406215,Perceptual,0.738803762095228,1.59501222889872,0.4064,QuadStudy
9,0.680641068700974,34.3248523865726,4.68839802993912,Perceptual,1.08557176724372,1.59492545654874,0.4064,QuadStudy
10,2.36338945002999,62.8538979360867,2.37295022764419,Perceptual,9.52728338145235,4.03119485082387,0.14,QuadStudy
10,7.33856027190383,20.3669459114517,7.34107517941272,Perceptual,13.7273838292541,1.87058269205886,0.14,QuadStudy
10,2.95223914553063,50.3373160365151,2.96346826953653,Perceptual,10.937742538026,3.70489719797416,0.14,QuadStudy
10,4.33706574300479,34.3088412185547,4.35018743835925,Perceptual,11.6312530589825,2.68182539721525,0.14,QuadStudy
10,0.370779037156586,62.8626390740955,2.55799716828007,Perceptual,1.29440514759931,3.49104188177894,0.4064,QuadStudy
10,1.15268412998999,20.3939057406864,7.90728638048713,Perceptual,2.58848005903914,2.24561091082396,0.4064,QuadStudy
10,0.463196299507583,50.3482302703879,3.19439921406215,Perceptual,1.72935241528148,3.73351949728426,0.4064,QuadStudy
10,0.680641068700974,34.3248523865726,4.68839802993912,Perceptual,2.01575467142859,2.96155310650843,0.4064,QuadStudy
11,2.36338945002999,62.8538979360867,2.37295022764419,Perceptual,5.16557403242697,2.1856634895114,0.14,QuadStudy
11,7.33856027190383,20.3669459114517,7.34107517941272,Perceptual,13.6364291433037,1.85818861439508,0.14,QuadStudy
11,2.95223914553063,50.3373160365151,2.96346826953653,Perceptual,6.43278161567526,2.17895004387223,0.14,QuadStudy
11,4.33706574300479,34.3088412185547,4.35018743835925,Perceptual,9.56851448843483,2.20621845630719,0.14,QuadStudy
11,0.370779037156586,62.8626390740955,2.55799716828007,Perceptual,1.51949465365048,4.09811370487155,0.4064,QuadStudy
11,1.15268412998999,20.3939057406864,7.90728638048713,Perceptual,4.10858793239121,3.5643658357879,0.4064,QuadStudy
11,0.463196299507583,50.3482302703879,3.19439921406215,Perceptual,1.79346056011619,3.87192333363369,0.4064,QuadStudy
11,0.680641068700974,34.3248523865726,4.68839802993912,Perceptual,2.67746756199938,3.93374376763573,0.4064,QuadStudy
12,2.36338945002999,62.8538979360867,2.37295022764419,Perceptual,3.71397221878404,1.57146009885798,0.14,QuadStudy
12,7.33856027190383,20.3669459114517,7.34107517941272,Perceptual,6.16230166619986,0.839715344410625,0.14,QuadStudy
12,2.95223914553063,50.3373160365151,2.96346826953653,Perceptual,4.6259102082723,1.56691581550073,0.14,QuadStudy
12,4.33706574300479,34.3088412185547,4.35018743835925,Perceptual,6.16230166619986,1.42084580482529,0.14,QuadStudy
12,0.370779037156586,62.8626390740955,2.55799716828007,Perceptual,0.877324481678558,2.36616527300612,0.4064,QuadStudy
12,1.15268412998999,20.3939057406864,7.90728638048713,Perceptual,1.45917301262444,1.26589147422123,0.4064,QuadStudy
12,0.463196299507583,50.3482302703879,3.19439921406215,Perceptual,1.09216772520983,2.35789389157664,0.4064,QuadStudy
12,0.680641068700974,34.3248523865726,4.68839802993912,Perceptual,1.45917301262444,2.14382158192323,0.4064,QuadStudy
13,2.36338945002999,62.8538979360867,2.37295022764419,Perceptual,9.96067333596166,4.21457129540595,0.14,QuadStudy
13,7.33856027190383,20.3669459114517,7.34107517941272,Perceptual,14.6528133203391,1.99668773947914,0.14,QuadStudy
13,2.95223914553063,50.3373160365151,2.96346826953653,Perceptual,9.96067333596166,3.373938507333,0.14,QuadStudy
13,4.33706574300479,34.3088412185547,4.35018743835925,Perceptual,14.6528133203391,3.37850846369402,0.14,QuadStudy
13,0.370779037156586,62.8626390740955,2.55799716828007,Perceptual,1.60417702561128,4.32650410312654,0.4064,QuadStudy
13,1.15268412998999,20.3939057406864,7.90728638048713,Perceptual,3.10957882152719,2.69768511652381,0.4064,QuadStudy
13,0.463196299507583,50.3482302703879,3.19439921406215,Perceptual,1.9969649918728,4.31127147171888,0.4064,QuadStudy
13,0.680641068700974,34.3248523865726,4.68839802993912,Perceptual,2.66786417897555,3.91963444707686,0.4064,QuadStudy
14,2.36338945002999,62.8538979360867,2.37295022764419,Perceptual,6.12581160273117,2.59196028934353,0.14,QuadStudy
14,7.33856027190383,20.3669459114517,7.34107517941272,Perceptual,10.3652931058766,1.41244232135843,0.14,QuadStudy
14,2.95223914553063,50.3373160365151,2.96346826953653,Perceptual,6.91733857930066,2.34308206019582,0.14,QuadStudy
14,4.33706574300479,34.3088412185547,4.35018743835925,Perceptual,10.3652931058766,2.389932207644,0.14,QuadStudy
14,0.370779037156586,62.8626390740955,2.55799716828007,Perceptual,1.22628390640326,3.30731725236499,0.4064,QuadStudy
14,1.15268412998999,20.3939057406864,7.90728638048713,Perceptual,2.16090041902653,1.87466831788974,0.4064,QuadStudy
14,0.463196299507583,50.3482302703879,3.19439921406215,Perceptual,1.90968250774438,4.12283627864586,0.4064,QuadStudy
14,0.680641068700974,34.3248523865726,4.68839802993912,Perceptual,2.45228701198675,3.60290779495134,0.4064,QuadStudy
15,2.36338945002999,62.8538979360867,2.37295022764419,Perceptual,9.61590792606094,4.06869376773215,0.14,QuadStudy
15,7.33856027190383,20.3669459114517,7.34107517941272,Perceptual,11.0393360375014,1.50429179954633,0.14,QuadStudy
15,2.95223914553063,50.3373160365151,2.96346826953653,Perceptual,8.23211769264195,2.78843186030661,0.14,QuadStudy
15,4.33706574300479,34.3088412185547,4.35018743835925,Perceptual,9.61590792606094,2.21714599128923,0.14,QuadStudy
15,0.370779037156586,62.8626390740955,2.55799716828007,Perceptual,1.30650134849125,3.52366562713602,0.4064,QuadStudy
15,1.15268412998999,20.3939057406864,7.90728638048713,Perceptual,2.30223086573137,1.99727818387798,0.4064,QuadStudy
15,0.463196299507583,50.3482302703879,3.19439921406215,Perceptual,1.74551209902246,3.76840683070674,0.4064,QuadStudy
15,0.680641068700974,34.3248523865726,4.68839802993912,Perceptual,2.03458955947317,2.9892253832938,0.4064,QuadStudy
16,2.36338945002999,62.8538979360867,2.37295022764419,Perceptual,6.57224949843447,2.78085759346648,0.14,QuadStudy
16,7.33856027190383,20.3669459114517,7.34107517941272,Perceptual,10.474952133625,1.42738517440936,0.14,QuadStudy
16,2.95223914553063,50.3373160365151,2.96346826953653,Perceptual,8.57830665763804,2.90569504527595,0.14,QuadStudy
16,4.33706574300479,34.3088412185547,4.35018743835925,Perceptual,9.84964388141976,2.27103863880923,0.14,QuadStudy
16,0.370779037156586,62.8626390740955,2.55799716828007,Perceptual,0.935810261301848,2.52390283031735,0.4064,QuadStudy
16,1.15268412998999,20.3939057406864,7.90728638048713,Perceptual,2.05287912186776,1.78095548334268,0.4064,QuadStudy
16,0.463196299507583,50.3482302703879,3.19439921406215,Perceptual,1.3750327092782,2.96857446991691,0.4064,QuadStudy
16,0.680641068700974,34.3248523865726,4.68839802993912,Perceptual,1.81421475686113,2.66545002981324,0.4064,QuadStudy
17,2.36338945002999,62.8538979360867,2.37295022764419,Perceptual,6.07264378538437,2.56946386271941,0.14,QuadStudy
17,7.33856027190383,20.3669459114517,7.34107517941272,Perceptual,10.9276856264733,1.4890775876449,0.14,QuadStudy
17,2.95223914553063,50.3373160365151,2.96346826953653,Perceptual,6.85733193337949,2.3227562522368,0.14,QuadStudy
17,4.33706574300479,34.3088412185547,4.35018743835925,Perceptual,7.66121700737146,1.76645166602055,0.14,QuadStudy
17,0.370779037156586,62.8626390740955,2.55799716828007,Perceptual,0.956568186329096,2.57988745443859,0.4064,QuadStudy
17,1.15268412998999,20.3939057406864,7.90728638048713,Perceptual,1.62410203838201,1.408974059872,0.4064,QuadStudy
17,0.463196299507583,50.3482302703879,3.19439921406215,Perceptual,0.777217786526536,1.67794472311801,0.4064,QuadStudy
17,0.680641068700974,34.3248523865726,4.68839802993912,Perceptual,0.976495735309457,1.43467060718674,0.4064,QuadStudy
18,2.36338945002999,62.8538979360867,2.37295022764419,Perceptual,7.66121700737146,3.2416227495956,0.14,QuadStudy
18,7.33856027190383,20.3669459114517,7.34107517941272,Perceptual,12.8990694076846,1.75771117627384,0.14,QuadStudy
18,2.95223914553063,50.3373160365151,2.96346826953653,Perceptual,8.9497930124922,3.03152711257868,0.14,QuadStudy
18,4.33706574300479,34.3088412185547,4.35018743835925,Perceptual,10.2756446194628,2.36926189925441,0.14,QuadStudy
18,0.370779037156586,62.8626390740955,2.55799716828007,Perceptual,1.21562137158315,3.27856013895891,0.4064,QuadStudy
18,1.15268412998999,20.3939057406864,7.90728638048713,Perceptual,1.62410203838201,1.408974059872,0.4064,QuadStudy
18,0.463196299507583,50.3482302703879,3.19439921406215,Perceptual,1.43481062193527,3.09762971651673,0.4064,QuadStudy
18,0.680641068700974,34.3248523865726,4.68839802993912,Perceptual,1.43481062193527,2.1080282808583,0.4064,QuadStudy
19,2.36338945002999,62.8538979360867,2.37295022764419,Perceptual,3.44501225479606,1.45765745664657,0.14,QuadStudy
19,7.33856027190383,20.3669459114517,7.34107517941272,Perceptual,8.57004932411535,1.16781071580571,0.14,QuadStudy
19,2.95223914553063,50.3373160365151,2.96346826953653,Perceptual,5.71652739371184,1.93633615432749,0.14,QuadStudy
19,4.33706574300479,34.3088412185547,4.35018743835925,Perceptual,4.29102481325839,0.989384313617874,0.14,QuadStudy
19,0.370779037156586,62.8626390740955,2.55799716828007,Perceptual,1.01302942083891,2.73216476478171,0.4064,QuadStudy
19,1.15268412998999,20.3939057406864,7.90728638048713,Perceptual,2.24172275062063,1.94478495217949,0.4064,QuadStudy
19,0.463196299507583,50.3482302703879,3.19439921406215,Perceptual,1.35344605518774,2.92197078566165,0.4064,QuadStudy
19,0.680641068700974,34.3248523865726,4.68839802993912,Perceptual,2.02590052632231,2.97645942844561,0.4064,QuadStudy
20,2.36338945002999,62.8538979360867,2.37295022764419,Perceptual,4.26028306883585,1.80261575965899,0.14,QuadStudy
20,7.33856027190383,20.3669459114517,7.34107517941272,Perceptual,12.5269812286691,1.70700801853866,0.14,QuadStudy
20,2.95223914553063,50.3373160365151,2.96346826953653,Perceptual,7.2153075242465,2.44401187321484,0.14,QuadStudy
20,4.33706574300479,34.3088412185547,4.35018743835925,Perceptual,9.60592202742266,2.21484353630469,0.14,QuadStudy
20,0.370779037156586,62.8626390740955,2.55799716828007,Perceptual,1.00614393022129,2.71359443062682,0.4064,QuadStudy
20,1.15268412998999,20.3939057406864,7.90728638048713,Perceptual,2.01213275104213,1.74560636230813,0.4064,QuadStudy
20,0.463196299507583,50.3482302703879,3.19439921406215,Perceptual,0.908328699476422,1.96100163244407,0.4064,QuadStudy
20,0.680641068700974,34.3248523865726,4.68839802993912,Perceptual,1.36944367868379,2.0119909621343,0.4064,QuadStudy
21,2.36338945002999,62.8538979360867,2.37295022764419,Perceptual,10.138840265225,4.28995748673429,0.14,QuadStudy
21,7.33856027190383,20.3669459114517,7.34107517941272,Perceptual,13.7948551155035,1.87977676879183,0.14,QuadStudy
21,2.95223914553063,50.3373160365151,2.96346826953653,Perceptual,11.9699046302308,4.05451727999474,0.14,QuadStudy
21,4.33706574300479,34.3088412185547,4.35018743835925,Perceptual,13.7948551155035,3.18068849607665,0.14,QuadStudy
21,0.370779037156586,62.8626390740955,2.55799716828007,Perceptual,1.50623777298719,4.06235957819557,0.4064,QuadStudy
21,1.15268412998999,20.3939057406864,7.90728638048713,Perceptual,3.04889441703089,2.64503894666909,0.4064,QuadStudy
21,0.463196299507583,50.3482302703879,3.19439921406215,Perceptual,2.25457520039089,4.86742921475774,0.4064,QuadStudy
21,0.680641068700974,34.3248523865726,4.68839802993912,Perceptual,2.49474456938856,3.66528657189297,0.4064,QuadStudy
22,2.36338945002999,62.8538979360867,2.37295022764419,Perceptual,16.4384184977981,6.95544210777006,0.14,QuadStudy
22,7.33856027190383,20.3669459114517,7.34107517941272,Perceptual,18.9246444160512,2.57879525613566,0.14,QuadStudy
22,2.95223914553063,50.3373160365151,2.96346826953653,Perceptual,13.9365134827571,4.72065872571857,0.14,QuadStudy
22,4.33706574300479,34.3088412185547,4.35018743835925,Perceptual,18.9246444160512,4.36346726967987,0.14,QuadStudy
22,0.370779037156586,62.8626390740955,2.55799716828007,Perceptual,2.73694446146761,7.38160518042381,0.4064,QuadStudy
22,1.15268412998999,20.3939057406864,7.90728638048713,Perceptual,4.83543823026369,4.19493780165577,0.4064,QuadStudy
22,0.463196299507583,50.3482302703879,3.19439921406215,Perceptual,4.19980903529035,9.06701767642596,0.4064,QuadStudy
22,0.680641068700974,34.3248523865726,4.68839802993912,Perceptual,4.83543823026369,7.10424106422535,0.4064,QuadStudy
23,2.36338945002999,62.8538979360867,2.37295022764419,Perceptual,3.55906618049237,1.50591608185744,0.14,QuadStudy
23,7.33856027190383,20.3669459114517,7.34107517941272,Perceptual,11.3345713564783,1.54452248622573,0.14,QuadStudy
23,2.95223914553063,50.3373160365151,2.96346826953653,Perceptual,6.72779349945773,2.27887822354869,0.14,QuadStudy
23,4.33706574300479,34.3088412185547,4.35018743835925,Perceptual,7.86035109145096,1.81236613812664,0.14,QuadStudy
23,0.370779037156586,62.8626390740955,2.55799716828007,Perceptual,0.682292822890108,1.84016018845738,0.4064,QuadStudy
23,1.15268412998999,20.3939057406864,7.90728638048713,Perceptual,3.3230980998697,2.88292170717971,0.4064,QuadStudy
23,0.463196299507583,50.3482302703879,3.19439921406215,Perceptual,1.42576032574527,3.07809092443306,0.4064,QuadStudy
23,0.680641068700974,34.3248523865726,4.68839802993912,Perceptual,1.88053232451094,2.76288400889473,0.4064,QuadStudy
24,2.36338945002999,62.8538979360867,2.37295022764419,Perceptual,3.42829771129073,1.45058518021532,0.14,QuadStudy
24,7.33856027190383,20.3669459114517,7.34107517941272,Perceptual,6.48098529659251,0.883141250662667,0.14,QuadStudy
24,2.95223914553063,50.3373160365151,2.96346826953653,Perceptual,4.35406784022052,1.47483575197901,0.14,QuadStudy
24,4.33706574300479,34.3088412185547,4.35018743835925,Perceptual,5.80045148515443,1.33741377900714,0.14,QuadStudy
24,0.370779037156586,62.8626390740955,2.55799716828007,Perceptual,0.606655527170763,1.63616457883665,0.4064,QuadStudy
24,1.15268412998999,20.3939057406864,7.90728638048713,Perceptual,1.21327705058698,1.05256680388019,0.4064,QuadStudy
24,0.463196299507583,50.3482302703879,3.19439921406215,Perceptual,0.825719001432256,1.7826545728238,0.4064,QuadStudy
24,0.680641068700974,34.3248523865726,4.68839802993912,Perceptual,1.0279261189529,1.51023228867857,0.4064,QuadStudy
25,2.36338945002999,62.8538979360867,2.37295022764419,Perceptual,12.0753650428458,5.10934202684731,0.14,QuadStudy
25,7.33856027190383,20.3669459114517,7.34107517941272,Perceptual,16.4144328238363,2.23673748196632,0.14,QuadStudy
25,2.95223914553063,50.3373160365151,2.96346826953653,Perceptual,14.2500326978036,4.82685581870175,0.14,QuadStudy
25,4.33706574300479,34.3088412185547,4.35018743835925,Perceptual,11.3557265877199,2.61829708392948,0.14,QuadStudy
25,0.370779037156586,62.8626390740955,2.55799716828007,Perceptual,1.58655097187362,4.27896621136,0.4064,QuadStudy
25,1.15268412998999,20.3939057406864,7.90728638048713,Perceptual,2.68800114399016,2.33194946824983,0.4064,QuadStudy
25,0.463196299507583,50.3482302703879,3.19439921406215,Perceptual,2.09326677052905,4.5191785270184,0.4064,QuadStudy
25,0.680641068700974,34.3248523865726,4.68839802993912,Perceptual,2.97430505841653,4.36985835147017,0.4064,QuadStudy
27,2.36338945002999,62.8538979360867,2.37295022764419,Perceptual,4.69925570146253,1.98835435327973,0.14,QuadStudy
27,7.33856027190383,20.3669459114517,7.34107517941272,Perceptual,9.97872513928441,1.35976605349807,0.14,QuadStudy
27,2.95223914553063,50.3373160365151,2.96346826953653,Perceptual,11.7812528324082,3.99061602114577,0.14,QuadStudy
27,4.33706574300479,34.3088412185547,4.35018743835925,Perceptual,11.7812528324082,2.71641094014082,0.14,QuadStudy
27,0.370779037156586,62.8626390740955,2.55799716828007,Perceptual,1.48233192547313,3.99788493125386,0.4064,QuadStudy
27,1.15268412998999,20.3939057406864,7.90728638048713,Perceptual,2.21879730851814,1.92489620598612,0.4064,QuadStudy
27,0.463196299507583,50.3482302703879,3.19439921406215,Perceptual,1.72783699880744,3.73024784663496,0.4064,QuadStudy
27,0.680641068700974,34.3248523865726,4.68839802993912,Perceptual,1.95514241782868,2.87250139278273,0.4064,QuadStudy
28,2.36338945002999,62.8538979360867,2.37295022764419,Perceptual,3.47943512033849,1.47222249819823,0.14,QuadStudy
28,7.33856027190383,20.3669459114517,7.34107517941272,Perceptual,7.68490625582972,1.04719535863893,0.14,QuadStudy
28,2.95223914553063,50.3373160365151,2.96346826953653,Perceptual,5.21288254174861,1.76573857495263,0.14,QuadStudy
28,4.33706574300479,34.3088412185547,4.35018743835925,Perceptual,6.57750564887419,1.51657965053515,0.14,QuadStudy
28,0.370779037156586,62.8626390740955,2.55799716828007,Perceptual,0.838042729434726,2.26022144040686,0.4064,QuadStudy
28,1.15268412998999,20.3939057406864,7.90728638048713,Perceptual,2.08636199879084,1.81000323029429,0.4064,QuadStudy
28,0.463196299507583,50.3482302703879,3.19439921406215,Perceptual,1.62469681337902,3.50757727362289,0.4064,QuadStudy
28,0.680641068700974,34.3248523865726,4.68839802993912,Perceptual,1.8384381612317,2.70103913174152,0.4064,QuadStudy
29,2.36338945002999,62.8538979360867,2.37295022764419,Perceptual,8.98516295983063,3.80181224880927,0.14,QuadStudy
29,7.33856027190383,20.3669459114517,7.34107517941272,Perceptual,12.8087054527683,1.74539759546668,0.14,QuadStudy
29,2.95223914553063,50.3373160365151,2.96346826953653,Perceptual,10.4942778032329,3.55468418577136,0.14,QuadStudy
29,4.33706574300479,34.3088412185547,4.35018743835925,Perceptual,12.0460103619387,2.7774562516991,0.14,QuadStudy
29,0.370779037156586,62.8626390740955,2.55799716828007,Perceptual,1.68367316970785,4.54090711982947,0.4064,QuadStudy
29,1.15268412998999,20.3939057406864,7.90728638048713,Perceptual,2.51359526784811,2.18064533244675,0.4064,QuadStudy
29,0.463196299507583,50.3482302703879,3.19439921406215,Perceptual,1.90578591584785,4.11442388005659,0.4064,QuadStudy
29,0.680641068700974,34.3248523865726,4.68839802993912,Perceptual,2.22139478135891,3.26368020313337,0.4064,QuadStudy
30,2.36338945002999,62.8538979360867,2.37295022764419,Perceptual,3.96137930730684,1.67614326418211,0.14,QuadStudy
30,7.33856027190383,20.3669459114517,7.34107517941272,Perceptual,13.0732672975941,1.78144851486006,0.14,QuadStudy
30,2.95223914553063,50.3373160365151,2.96346826953653,Perceptual,4.95061530033457,1.67690185526781,0.14,QuadStudy
30,4.33706574300479,34.3088412185547,4.35018743835925,Perceptual,8.21025384666051,1.89304343838982,0.14,QuadStudy
30,0.370779037156586,62.8626390740955,2.55799716828007,Perceptual,0.620698207619945,1.67403802647509,0.4064,QuadStudy
30,1.15268412998999,20.3939057406864,7.90728638048713,Perceptual,1.9454822379486,1.68778435247954,0.4064,QuadStudy
30,0.463196299507583,50.3482302703879,3.19439921406215,Perceptual,0.584889336618137,1.26272454516568,0.4064,QuadStudy
30,0.680641068700974,34.3248523865726,4.68839802993912,Perceptual,1.14587739536697,1.68352667515922,0.4064,QuadStudy
31,0.520007630710858,60.6021713224865,-0.485017042994091,Perceptual,0.513682858260855,0.98783715454068,0.55,QuadStudy
31,1.51494436526228,20.8063252161452,-1.4128258332407,Perceptual,0.96807807089276,0.639018892766505,0.55,QuadStudy
31,0.667633944256746,47.2027877248791,-0.622702915456561,Perceptual,0.642101153543711,0.961756302338012,0.55,QuadStudy
31,0.963667763228612,32.7040237432644,-0.898786663881024,Perceptual,0.770517836025137,0.79956792727365,0.55,QuadStudy
32,2.22523607733862,66.750748952802,2.2343469966129,Perceptual,3.52152041561668,1.5825378940595,0.14,QuadStudy
32,6.59014302579263,22.6499996856512,6.59764087877339,Perceptual,7.30062334629877,1.10780954491055,0.14,QuadStudy
32,3.03491199445318,48.9691993579638,3.04633960593711,Perceptual,5.48135595283756,1.80610046118493,0.14,QuadStudy
32,4.59326303517683,32.4046676539044,4.60635130800869,Perceptual,5.48135595283756,1.19334684533836,0.14,QuadStudy
32,0.349099441653887,66.758979855597,2.40861072638117,Perceptual,0.551732872573209,1.58044616158459,0.4064,QuadStudy
32,1.03486096781857,22.6742451111388,7.10771530925642,Perceptual,2.01575467142859,1.94785071049465,0.4064,QuadStudy
32,0.476173226397326,48.9804184481921,3.28370146944949,Perceptual,0.551732872573209,1.15868100511984,0.4064,QuadStudy
32,0.720888471152493,32.4216191970728,4.96429062998348,Perceptual,0.827591315087436,1.14801574474392,0.4064,QuadStudy
33,0.520007630710858,60.6021713224865,-0.485017042994091,Perceptual,1.23138427952127,2.36801194212853,0.55,QuadStudy
33,1.51494436526228,20.8063252161452,-1.4128258332407,Perceptual,1.8384381612317,1.21353509962949,0.55,QuadStudy
33,0.667633944256746,47.2027877248791,-0.622702915456561,Perceptual,1.39384350283648,2.08773612370503,0.55,QuadStudy
33,0.963667763228612,32.7040237432644,-0.898786663881024,Perceptual,1.62469681337902,1.68595119124431,0.55,QuadStudy
34,0.520007630710858,60.6021713224865,-0.485017042994091,Perceptual,0.572953020554149,1.10181656328949,0.55,QuadStudy
34,1.51494436526228,20.8063252161452,-1.4128258332407,Perceptual,1.05773819557891,0.698202666601411,0.55,QuadStudy
34,0.667633944256746,47.2027877248791,-0.622702915456561,Perceptual,0.716187918647142,1.07272544304866,0.55,QuadStudy
34,0.963667763228612,32.7040237432644,-0.898786663881024,Perceptual,0.859420578802087,0.891822484465744,0.55,QuadStudy
35,0.520007630710858,60.6021713224865,-0.485017042994091,Perceptual,0.711248818915873,1.36776611901557,0.55,QuadStudy
35,1.51494436526228,20.8063252161452,-1.4128258332407,Perceptual,1.61010300942674,1.06281329291454,0.55,QuadStudy
35,0.667633944256746,47.2027877248791,-0.622702915456561,Perceptual,0.770517836025137,1.15410224817572,0.55,QuadStudy
35,0.963667763228612,32.7040237432644,-0.898786663881024,Perceptual,1.20514265306009,1.25057898483857,0.55,QuadStudy
36,0.520007630710858,60.6021713224865,-0.485017042994091,Perceptual,0.572953020554149,1.10181656328949,0.55,QuadStudy
36,1.51494436526228,20.8063252161452,-1.4128258332407,Perceptual,2.14833999674524,1.41809827872676,0.55,QuadStudy
36,0.667633944256746,47.2027877248791,-0.622702915456561,Perceptual,0.763932409458051,1.14423841991514,0.55,QuadStudy
36,0.963667763228612,32.7040237432644,-0.898786663881024,Perceptual,1.51188422710866,1.56888534077693,0.55,QuadStudy
37,0.520007630710858,60.6021713224865,-0.485017042994091,Perceptual,0.943673859023845,1.81473079103441,0.55,QuadStudy
37,1.51494436526228,20.8063252161452,-1.4128258332407,Perceptual,2.59953053617955,1.7159247532694,0.55,QuadStudy
37,0.667633944256746,47.2027877248791,-0.622702915456561,Perceptual,1.17476306169338,1.7595915722967,0.55,QuadStudy
37,0.963667763228612,32.7040237432644,-0.898786663881024,Perceptual,1.56951731918571,1.62869131777045,0.55,QuadStudy
38,0.520007630710858,60.6021713224865,-0.485017042994091,Perceptual,0.769164666596614,1.47914111480471,0.55,QuadStudy
38,1.51494436526228,20.8063252161452,-1.4128258332407,Perceptual,1.68735647370734,1.11380755122002,0.55,QuadStudy
38,0.667633944256746,47.2027877248791,-0.622702915456561,Perceptual,0.957523618089764,1.43420451630233,0.55,QuadStudy
38,0.963667763228612,32.7040237432644,-0.898786663881024,Perceptual,1.27929096791041,1.32752284213011,0.55,QuadStudy
39,0.520007630710858,60.6021713224865,-0.485017042994091,Perceptual,2.13430181664235,4.10436634117219,0.55,QuadStudy
39,1.51494436526228,20.8063252161452,-1.4128258332407,Perceptual,3.70608126165302,2.44634809477732,0.55,QuadStudy
39,0.667633944256746,47.2027877248791,-0.622702915456561,Perceptual,2.13430181664235,3.19681441454926,0.55,QuadStudy
39,0.963667763228612,32.7040237432644,-0.898786663881024,Perceptual,3.03259780080651,3.14693291248665,0.55,QuadStudy
40,0.520007630710858,60.6021713224865,-0.485017042994091,Perceptual,0.919728289724227,1.76868229504045,0.55,QuadStudy
40,1.51494436526228,20.8063252161452,-1.4128258332407,Perceptual,2.03529390911587,1.34347765884029,0.55,QuadStudy
40,0.667633944256746,47.2027877248791,-0.622702915456561,Perceptual,1.08557176724372,1.62599846305336,0.55,QuadStudy
40,0.963667763228612,32.7040237432644,-0.898786663881024,Perceptual,1.43231989094082,1.48632126713678,0.55,QuadStudy
41,0.520007630710858,60.6021713224865,-0.485017042994091,Perceptual,0.743286174739155,1.42937551459211,0.55,QuadStudy
41,1.51494436526228,20.8063252161452,-1.4128258332407,Perceptual,1.66455758859699,1.09875822952007,0.55,QuadStudy
41,0.667633944256746,47.2027877248791,-0.622702915456561,Perceptual,0.94458469988587,1.41482425813062,0.55,QuadStudy
41,0.963667763228612,32.7040237432644,-0.898786663881024,Perceptual,1.47102704255262,1.52648775717492,0.55,QuadStudy
42,0.520007630710858,60.6021713224865,-0.485017042994091,Perceptual,0.94458469988587,1.81648238237314,0.55,QuadStudy
42,1.51494436526228,20.8063252161452,-1.4128258332407,Perceptual,1.47102704255262,0.971010603612457,0.55,QuadStudy
42,0.667633944256746,47.2027877248791,-0.622702915456561,Perceptual,1.11490971756358,1.66994163067124,0.55,QuadStudy
42,0.963667763228612,32.7040237432644,-0.898786663881024,Perceptual,1.26200465952468,1.30958480472205,0.55,QuadStudy
43,0.520007630710858,60.6021713224865,-0.485017042994091,Perceptual,0.891249709902549,1.71391659903951,0.55,QuadStudy
43,1.51494436526228,20.8063252161452,-1.4128258332407,Perceptual,1.95514241782868,1.29057044117272,0.55,QuadStudy
43,0.667633944256746,47.2027877248791,-0.622702915456561,Perceptual,1.3095608045354,1.96149524121828,0.55,QuadStudy
43,0.963667763228612,32.7040237432644,-0.898786663881024,Perceptual,1.72783699880744,1.79297997166431,0.55,QuadStudy
44,0.520007630710858,60.6021713224865,-0.485017042994091,Perceptual,0.677124058646317,1.30214254302514,0.55,QuadStudy
44,1.51494436526228,20.8063252161452,-1.4128258332407,Perceptual,1.4149602132169,0.934001436397254,0.55,QuadStudy
44,0.667633944256746,47.2027877248791,-0.622702915456561,Perceptual,0.625038668734024,0.936199655680865,0.55,QuadStudy
44,0.963667763228612,32.7040237432644,-0.898786663881024,Perceptual,0.833378463587148,0.86479852848356,0.55,QuadStudy
45,0.349099441653887,66.758979855597,2.40861072638117,Perceptual,0.970821925241984,2.78093233447363,0.4064,QuadStudy
45,1.03486096781857,22.6742451111388,7.10771530925642,Perceptual,2.62559699395004,2.53714950664788,0.4064,QuadStudy
45,0.476173226397326,48.9804184481921,3.28370146944949,Perceptual,1.2970573908472,2.72391919356867,0.4064,QuadStudy
45,0.720888471152493,32.4216191970728,4.96429062998348,Perceptual,1.71078852195229,2.37316671081899,0.4064,QuadStudy
45,0.520007630710858,60.6021713224865,-0.485017042994091,Perceptual,0.970821925241984,1.8669378445752,0.55,QuadStudy
45,1.51494436526228,20.8063252161452,-1.4128258332407,Perceptual,1.94150450877571,1.2815681904197,0.55,QuadStudy
45,0.667633944256746,47.2027877248791,-0.622702915456561,Perceptual,0.970821925241984,1.45412307686477,0.55,QuadStudy
45,0.963667763228612,32.7040237432644,-0.898786663881024,Perceptual,1.51188422710866,1.56888534077693,0.55,QuadStudy
46,0.349099441653887,66.758979855597,2.40861072638117,Perceptual,0.94458469988587,2.70577545300795,0.4064,QuadStudy
46,1.03486096781857,22.6742451111388,7.10771530925642,Perceptual,1.88904105196659,1.82540564453656,0.4064,QuadStudy
46,0.476173226397326,48.9804184481921,3.28370146944949,Perceptual,1.11490971756358,2.34139522290841,0.4064,QuadStudy
46,0.720888471152493,32.4216191970728,4.96429062998348,Perceptual,1.66455758859699,2.30903621739968,0.4064,QuadStudy
46,0.520007630710858,60.6021713224865,-0.485017042994091,Perceptual,1.11490971756358,2.14402568677595,0.55,QuadStudy
46,1.51494436526228,20.8063252161452,-1.4128258332407,Perceptual,2.09028981160228,1.3797799176872,0.55,QuadStudy
46,0.667633944256746,47.2027877248791,-0.622702915456561,Perceptual,1.26200465952468,1.89026437373496,0.55,QuadStudy
46,0.963667763228612,32.7040237432644,-0.898786663881024,Perceptual,1.47102704255262,1.52648775717492,0.55,QuadStudy
47,0.349099441653887,66.758979855597,2.40861072638117,Perceptual,1.84495889016128,5.28490931243155,0.4064,QuadStudy
47,1.03486096781857,22.6742451111388,7.10771530925642,Perceptual,2.3691827412141,2.28937298331794,0.4064,QuadStudy
47,0.476173226397326,48.9804184481921,3.28370146944949,Perceptual,1.84495889016128,3.87455402337515,0.4064,QuadStudy
47,0.720888471152493,32.4216191970728,4.96429062998348,Perceptual,1.58281662878821,2.19564702742124,0.4064,QuadStudy
47,0.520007630710858,60.6021713224865,-0.485017042994091,Perceptual,1.39833605416732,2.68906833589303,0.55,QuadStudy
47,1.51494436526228,20.8063252161452,-1.4128258332407,Perceptual,2.3691827412141,1.56387442043386,0.55,QuadStudy
47,0.667633944256746,47.2027877248791,-0.622702915456561,Perceptual,1.58281662878821,2.37078513218843,0.55,QuadStudy
47,0.963667763228612,32.7040237432644,-0.898786663881024,Perceptual,1.84495889016128,1.91451759679088,0.55,QuadStudy
48,0.349099441653887,66.758979855597,2.40861072638117,Perceptual,0.982189309936894,2.8134943593255,0.4064,QuadStudy
48,1.03486096781857,22.6742451111388,7.10771530925642,Perceptual,2.49606412268826,2.4119801599531,0.4064,QuadStudy
48,0.476173226397326,48.9804184481921,3.28370146944949,Perceptual,1.00265055352368,2.10564243838241,0.4064,QuadStudy
48,0.720888471152493,32.4216191970728,4.96429062998348,Perceptual,1.47323886973195,2.04364326617219,0.4064,QuadStudy
48,0.520007630710858,60.6021713224865,-0.485017042994091,Perceptual,0.982189309936894,1.88879787897387,0.55,QuadStudy
48,1.51494436526228,20.8063252161452,-1.4128258332407,Perceptual,2.76194012873058,1.823129741304,0.55,QuadStudy
48,0.667633944256746,47.2027877248791,-0.622702915456561,Perceptual,1.24818011648329,1.86955760296586,0.55,QuadStudy
48,0.963667763228612,32.7040237432644,-0.898786663881024,Perceptual,1.94377749744809,2.01706186677427,0.55,QuadStudy
49,0.349099441653887,66.758979855597,2.40861072638117,Perceptual,1.21283939314558,3.47419459452487,0.4064,QuadStudy
49,1.03486096781857,22.6742451111388,7.10771530925642,Perceptual,2.82701025502107,2.73177783579976,0.4064,QuadStudy
49,0.476173226397326,48.9804184481921,3.28370146944949,Perceptual,1.41372023374187,2.96892003869668,0.4064,QuadStudy
49,0.720888471152493,32.4216191970728,4.96429062998348,Perceptual,2.45515766426909,3.40573856084007,0.4064,QuadStudy
49,0.520007630710858,60.6021713224865,-0.485017042994091,Perceptual,1.41372023374187,2.71865286247683,0.55,QuadStudy
49,1.51494436526228,20.8063252161452,-1.4128258332407,Perceptual,3.49618962745355,2.307800674151,0.55,QuadStudy
49,0.667633944256746,47.2027877248791,-0.622702915456561,Perceptual,1.815454614211,2.71923653647072,0.55,QuadStudy
49,0.963667763228612,32.7040237432644,-0.898786663881024,Perceptual,2.45515766426909,2.54772210709164,0.55,QuadStudy
50,0.349099441653887,66.758979855597,2.40861072638117,Perceptual,0.94458469988587,2.70577545300795,0.4064,QuadStudy
50,1.03486096781857,22.6742451111388,7.10771530925642,Perceptual,1.66455758859699,1.6084842702163,0.4064,QuadStudy
50,0.476173226397326,48.9804184481921,3.28370146944949,Perceptual,1.26200465952468,2.65030579117787,0.4064,QuadStudy
50,0.720888471152493,32.4216191970728,4.96429062998348,Perceptual,1.11490971756358,1.54657726150227,0.4064,QuadStudy
50,0.520007630710858,60.6021713224865,-0.485017042994091,Perceptual,0.94458469988587,1.81648238237314,0.55,QuadStudy
50,1.51494436526228,20.8063252161452,-1.4128258332407,Perceptual,1.66455758859699,1.09875822952007,0.55,QuadStudy
50,0.667633944256746,47.2027877248791,-0.622702915456561,Perceptual,1.26200465952468,1.89026437373496,0.55,QuadStudy
50,0.963667763228612,32.7040237432644,-0.898786663881024,Perceptual,1.47102704255262,1.52648775717492,0.55,QuadStudy
51,0.349099441653887,66.758979855597,2.40861072638117,Perceptual,1.84918839068029,5.29702477299765,0.4064,QuadStudy
51,1.03486096781857,22.6742451111388,7.10771530925642,Perceptual,2.76781216013388,2.67457392461933,0.4064,QuadStudy
51,0.476173226397326,48.9804184481921,3.28370146944949,Perceptual,2.15542855826005,4.52656394515876,0.4064,QuadStudy
51,0.720888471152493,32.4216191970728,4.96429062998348,Perceptual,2.43895691308944,3.38326524932525,0.4064,QuadStudy
51,0.520007630710858,60.6021713224865,-0.485017042994091,Perceptual,2.15542855826005,4.14499409424733,0.55,QuadStudy
51,1.51494436526228,20.8063252161452,-1.4128258332407,Perceptual,4.30933299892624,2.84454868293475,0.55,QuadStudy
51,0.667633944256746,47.2027877248791,-0.622702915456561,Perceptual,2.76781216013388,4.14570317154139,0.55,QuadStudy
51,0.963667763228612,32.7040237432644,-0.898786663881024,Perceptual,3.74274917257612,3.88385843689182,0.55,QuadStudy
52,0.349099441653887,66.758979855597,2.40861072638117,Perceptual,0.779847181605806,2.23388263788454,0.4064,QuadStudy
52,1.03486096781857,22.6742451111388,7.10771530925642,Perceptual,1.2970573908472,1.25336391185119,0.4064,QuadStudy
52,0.476173226397326,48.9804184481921,3.28370146944949,Perceptual,0.763932409458051,1.60431617551848,0.4064,QuadStudy
52,0.720888471152493,32.4216191970728,4.96429062998348,Perceptual,0.970821925241984,1.34670197137418,0.4064,QuadStudy
52,0.520007630710858,60.6021713224865,-0.485017042994091,Perceptual,0.763932409458051,1.4690792294985,0.55,QuadStudy
52,1.51494436526228,20.8063252161452,-1.4128258332407,Perceptual,1.2970573908472,0.856174933277261,0.55,QuadStudy
52,0.667633944256746,47.2027877248791,-0.622702915456561,Perceptual,0.779847181605806,1.16807599181312,0.55,QuadStudy
52,0.963667763228612,32.7040237432644,-0.898786663881024,Perceptual,1.14587739536697,1.18907930626204,0.55,QuadStudy
53,0.349099441653887,66.758979855597,2.40861072638117,Perceptual,1.41372023374187,4.04962043778774,0.4064,QuadStudy
53,1.03486096781857,22.6742451111388,7.10771530925642,Perceptual,1.815454614211,1.7542980851214,0.4064,QuadStudy
53,0.476173226397326,48.9804184481921,3.28370146944949,Perceptual,1.41372023374187,2.96892003869668,0.4064,QuadStudy
53,0.720888471152493,32.4216191970728,4.96429062998348,Perceptual,1.815454614211,2.51835712021946,0.4064,QuadStudy
53,0.520007630710858,60.6021713224865,-0.485017042994091,Perceptual,1.815454614211,3.49120764195181,0.55,QuadStudy
53,1.51494436526228,20.8063252161452,-1.4128258332407,Perceptual,2.45515766426909,1.62062562861444,0.55,QuadStudy
53,0.667633944256746,47.2027877248791,-0.622702915456561,Perceptual,1.41372023374187,2.11750802352585,0.55,QuadStudy
53,0.963667763228612,32.7040237432644,-0.898786663881024,Perceptual,1.815454614211,1.88390094956442,0.55,QuadStudy
54,0.349099441653887,66.758979855597,2.40861072638117,Perceptual,0.822348835742584,2.35562919220563,0.4064,QuadStudy
54,1.03486096781857,22.6742451111388,7.10771530925642,Perceptual,2.6957745603972,2.60496302810582,0.4064,QuadStudy
54,0.476173226397326,48.9804184481921,3.28370146944949,Perceptual,1.28067586632604,2.68951674586051,0.4064,QuadStudy
54,0.720888471152493,32.4216191970728,4.96429062998348,Perceptual,2.22414504423126,3.08528313773072,0.4064,QuadStudy
54,0.520007630710858,60.6021713224865,-0.485017042994091,Perceptual,0.822348835742584,1.58141686232262,0.55,QuadStudy
54,1.51494436526228,20.8063252161452,-1.4128258332407,Perceptual,2.22414504423126,1.46813645123278,0.55,QuadStudy
54,0.667633944256746,47.2027877248791,-0.622702915456561,Perceptual,1.28067586632604,1.91823060727053,0.55,QuadStudy
54,0.963667763228612,32.7040237432644,-0.898786663881024,Perceptual,1.8198305779284,1.88844189602374,0.55,QuadStudy
55,0.349099441653887,66.758979855597,2.40861072638117,Perceptual,0.931990796366406,2.6697000486481,0.4064,QuadStudy
55,1.03486096781857,22.6742451111388,7.10771530925642,Perceptual,1.2451792641937,1.20323338391867,0.4064,QuadStudy
55,0.476173226397326,48.9804184481921,3.28370146944949,Perceptual,0.931990796366406,1.95725157295748,0.4064,QuadStudy
55,0.720888471152493,32.4216191970728,4.96429062998348,Perceptual,1.2451792641937,1.72728419723929,0.4064,QuadStudy
55,0.520007630710858,60.6021713224865,-0.485017042994091,Perceptual,1.2451792641937,2.39454036951634,0.55,QuadStudy
55,1.51494436526228,20.8063252161452,-1.4128258332407,Perceptual,1.86385831002637,1.23031469192182,0.55,QuadStudy
55,0.667633944256746,47.2027877248791,-0.622702915456561,Perceptual,1.1000451740939,1.64767711941091,0.55,QuadStudy
55,0.963667763228612,32.7040237432644,-0.898786663881024,Perceptual,1.45141546046989,1.50613677851706,0.55,QuadStudy
56,0.349099441653887,66.758979855597,2.40861072638117,Perceptual,0.901685460893871,2.58289001157396,0.4064,QuadStudy
56,1.03486096781857,22.6742451111388,7.10771530925642,Perceptual,1.53092728112379,1.47935551608531,0.4064,QuadStudy
56,0.476173226397326,48.9804184481921,3.28370146944949,Perceptual,1.14587739536697,2.40642970214129,0.4064,QuadStudy
56,0.720888471152493,32.4216191970728,4.96429062998348,Perceptual,1.53092728112379,2.1236673110839,0.4064,QuadStudy
56,0.520007630710858,60.6021713224865,-0.485017042994091,Perceptual,0.901685460893871,1.73398505645245,0.55,QuadStudy
56,1.51494436526228,20.8063252161452,-1.4128258332407,Perceptual,1.78447837938828,1.17791677391357,0.55,QuadStudy
56,0.667633944256746,47.2027877248791,-0.622702915456561,Perceptual,1.35249330026039,2.02580068298665,0.55,QuadStudy
56,0.963667763228612,32.7040237432644,-0.898786663881024,Perceptual,1.53092728112379,1.58864635670148,0.55,QuadStudy
57,0.349099441653887,66.758979855597,2.40861072638117,Perceptual,1.15059262391857,3.29588789505805,0.4064,QuadStudy
57,1.03486096781857,22.6742451111388,7.10771530925642,Perceptual,2.02754025746889,1.9592392799806,0.4064,QuadStudy
57,0.476173226397326,48.9804184481921,3.28370146944949,Perceptual,1.35805859623531,2.85202636551036,0.4064,QuadStudy
57,0.720888471152493,32.4216191970728,4.96429062998348,Perceptual,2.30095329379831,3.19182978487609,0.4064,QuadStudy
57,0.520007630710858,60.6021713224865,-0.485017042994091,Perceptual,0.490430015437819,0.943120805299325,0.55,QuadStudy
57,1.51494436526228,20.8063252161452,-1.4128258332407,Perceptual,2.30095329379831,1.51883682764809,0.55,QuadStudy
57,0.667633944256746,47.2027877248791,-0.622702915456561,Perceptual,0.90539594653981,1.35612629394953,0.55,QuadStudy
57,0.963667763228612,32.7040237432644,-0.898786663881024,Perceptual,1.35805859623531,1.40926017041947,0.55,QuadStudy
58,0.349099441653887,66.758979855597,2.40861072638117,Perceptual,1.50218133579795,4.30301844277163,0.4064,QuadStudy
58,1.03486096781857,22.6742451111388,7.10771530925642,Perceptual,2.65469525137005,2.56526754213756,0.4064,QuadStudy
58,0.476173226397326,48.9804184481921,3.28370146944949,Perceptual,1.8863979298442,3.96157915915701,0.4064,QuadStudy
58,0.720888471152493,32.4216191970728,4.96429062998348,Perceptual,2.65469525137005,3.68253253811364,0.4064,QuadStudy
58,0.520007630710858,60.6021713224865,-0.485017042994091,Perceptual,1.50218133579795,2.8887678700877,0.55,QuadStudy
58,1.51494436526228,20.8063252161452,-1.4128258332407,Perceptual,2.65469525137005,1.75233844373582,0.55,QuadStudy
58,0.667633944256746,47.2027877248791,-0.622702915456561,Perceptual,1.8863979298442,2.82549733438772,0.55,QuadStudy
58,0.963667763228612,32.7040237432644,-0.898786663881024,Perceptual,2.30549463499594,2.39241647689008,0.55,QuadStudy
59,0.349099441653887,66.758979855597,2.40861072638117,Perceptual,0.714327738540262,2.04620132062107,0.4064,QuadStudy
59,1.03486096781857,22.6742451111388,7.10771530925642,Perceptual,1.21283939314558,1.17198293380625,0.4064,QuadStudy
59,0.476173226397326,48.9804184481921,3.28370146944949,Perceptual,0.729209168771621,1.53139472852923,0.4064,QuadStudy
59,0.720888471152493,32.4216191970728,4.96429062998348,Perceptual,1.07147425973608,1.48632458780081,0.4064,QuadStudy
60,0.349099441653887,66.758979855597,2.40861072638117,Perceptual,0.774691695301452,2.21911467870383,0.4064,QuadStudy
60,1.03486096781857,22.6742451111388,7.10771530925642,Perceptual,1.53317584763577,1.48152833599243,0.4064,QuadStudy
60,0.476173226397326,48.9804184481921,3.28370146944949,Perceptual,0.774691695301452,1.62691149429523,0.4064,QuadStudy
60,0.720888471152493,32.4216191970728,4.96429062998348,Perceptual,0.984494805327187,1.36566867792082,0.4064,QuadStudy
31453,0.349099441653887,66.758979855597,2.40861072638117,Perceptual,0.774691695301452,2.21911467870383,0.4064,QuadStudy
31453,1.03486096781857,22.6742451111388,7.10771530925642,Perceptual,1.31532421137466,1.27101538494324,0.4064,QuadStudy
31453,0.476173226397326,48.9804184481921,3.28370146944949,Perceptual,0.984494805327187,2.06751398598314,0.4064,QuadStudy
31453,0.720888471152493,32.4216191970728,4.96429062998348,Perceptual,1.16201541492958,1.6119212075508,0.4064,QuadStudy
31453,0.520007630710858,60.6021713224865,-0.485017042994091,Perceptual,0.790830598396201,1.52080575686,0.55,QuadStudy
31453,1.51494436526228,20.8063252161452,-1.4128258332407,Perceptual,1.53317584763577,1.01203442369999,0.55,QuadStudy
31453,0.667633944256746,47.2027877248791,-0.622702915456561,Perceptual,0.984494805327187,1.47460268279677,0.55,QuadStudy
31453,0.963667763228612,32.7040237432644,-0.898786663881024,Perceptual,1.16201541492958,1.20582576202034,0.55,QuadStudy
31849,0.349099441653887,66.758979855597,2.40861072638117,Perceptual,0.724504719268929,2.07535341745758,0.4064,QuadStudy
31849,1.03486096781857,22.6742451111388,7.10771530925642,Perceptual,1.80374394465054,1.74298190843233,0.4064,QuadStudy
31849,0.476173226397326,48.9804184481921,3.28370146944949,Perceptual,0.901927839449517,1.8941170764123,0.4064,QuadStudy
31849,0.720888471152493,32.4216191970728,4.96429062998348,Perceptual,1.4046003745463,1.94842951545715,0.4064,QuadStudy
31849,0.520007630710858,60.6021713224865,-0.485017042994091,Perceptual,0.480542430626895,0.924106498148856,0.55,QuadStudy
31849,1.51494436526228,20.8063252161452,-1.4128258332407,Perceptual,1.99590916901365,1.31748017602488,0.55,QuadStudy
31849,0.667633944256746,47.2027877248791,-0.622702915456561,Perceptual,0.724504719268929,1.08518256973212,0.55,QuadStudy
31849,0.963667763228612,32.7040237432644,-0.898786663881024,Perceptual,1.4046003745463,1.45755666853524,0.55,QuadStudy
31624,0.349099441653887,66.758979855597,2.40861072638117,Perceptual,0.940770936073617,2.69485087577522,0.4064,QuadStudy
31624,1.03486096781857,22.6742451111388,7.10771530925642,Perceptual,1.46508814719775,1.41573428002224,0.4064,QuadStudy
31624,0.476173226397326,48.9804184481921,3.28370146944949,Perceptual,1.110408345619,2.33194199938587,0.4064,QuadStudy
31624,0.720888471152493,32.4216191970728,4.96429062998348,Perceptual,1.25690949168328,1.74355610053501,0.4064,QuadStudy
31624,0.520007630710858,60.6021713224865,-0.485017042994091,Perceptual,0.940770936073617,1.80914832881888,0.55,QuadStudy
31624,1.51494436526228,20.8063252161452,-1.4128258332407,Perceptual,1.25690949168328,0.82967369660844,0.55,QuadStudy
31624,0.667633944256746,47.2027877248791,-0.622702915456561,Perceptual,1.110408345619,1.66319935523227,0.55,QuadStudy
31624,0.963667763228612,32.7040237432644,-0.898786663881024,Perceptual,1.46508814719775,1.52032495337315,0.55,QuadStudy
61,0.349099441653887,66.758979855597,2.40861072638117,Perceptual,0.756924060046937,2.16821905088403,0.4064,QuadStudy
61,1.03486096781857,22.6742451111388,7.10771530925642,Perceptual,1.62410203838201,1.56939153073434,0.4064,QuadStudy
61,0.476173226397326,48.9804184481921,3.28370146944949,Perceptual,0.975223765849835,2.04804409779246,0.4064,QuadStudy
61,0.720888471152493,32.4216191970728,4.96429062998348,Perceptual,1.20514265306009,1.67174632593779,0.4064,QuadStudy
62,0.349099441653887,66.758979855597,2.40861072638117,Perceptual,1.23529765773605,3.53852659254832,0.4064,QuadStudy
62,1.03486096781857,22.6742451111388,7.10771530925642,Perceptual,2.77590435396964,2.68239351979917,0.4064,QuadStudy
62,0.476173226397326,48.9804184481921,3.28370146944949,Perceptual,1.50145863682283,3.15317735980812,0.4064,QuadStudy
62,0.720888471152493,32.4216191970728,4.96429062998348,Perceptual,1.8384381612317,2.55023937099808,0.4064,QuadStudy
63,0.349099441653887,66.758979855597,2.40861072638117,Perceptual,0.564272055592532,1.61636481834301,0.4064,QuadStudy
63,1.03486096781857,22.6742451111388,7.10771530925642,Perceptual,1.31373101549868,1.26947585845077,0.4064,QuadStudy
63,0.476173226397326,48.9804184481921,3.28370146944949,Perceptual,0.644570721372708,1.35364755017719,0.4064,QuadStudy
63,0.720888471152493,32.4216191970728,4.96429062998348,Perceptual,1.04326745830232,1.44719675795957,0.4064,QuadStudy
64,0.349099441653887,66.758979855597,2.40861072638117,Perceptual,0.716462067910065,2.05231513552633,0.4064,QuadStudy
64,1.03486096781857,22.6742451111388,7.10771530925642,Perceptual,2.2224024210706,2.14753719599194,0.4064,QuadStudy
64,0.476173226397326,48.9804184481921,3.28370146944949,Perceptual,0.931990796366406,1.95725157295748,0.4064,QuadStudy
64,0.720888471152493,32.4216191970728,4.96429062998348,Perceptual,1.46115545153287,2.02688142480196,0.4064,QuadStudy
65,0.349099441653887,66.758979855597,2.40861072638117,Perceptual,0.772338565170127,2.21237410610315,0.4064,QuadStudy
65,1.03486096781857,22.6742451111388,7.10771530925642,Perceptual,1.81140684305761,1.7503866696953,0.4064,QuadStudy
65,0.476173226397326,48.9804184481921,3.28370146944949,Perceptual,0.813752464656205,1.70894208146259,0.4064,QuadStudy
65,0.720888471152493,32.4216191970728,4.96429062998348,Perceptual,1.20091560325611,1.66588265912506,0.4064,QuadStudy
66,0.349099441653887,66.758979855597,2.40861072638117,Perceptual,1.18030049723867,3.3809864938394,0.4064,QuadStudy
66,1.03486096781857,22.6742451111388,7.10771530925642,Perceptual,2.3190027832077,2.2408834184712,0.4064,QuadStudy
66,0.476173226397326,48.9804184481921,3.28370146944949,Perceptual,1.30612693940679,2.74296593550376,0.4064,QuadStudy
66,0.720888471152493,32.4216191970728,4.96429062998348,Perceptual,1.51188422710866,2.09725122208099,0.4064,QuadStudy
67,0.349099441653887,66.758979855597,2.40861072638117,Perceptual,2.19093135923898,6.27595205784136,0.4064,QuadStudy
67,1.03486096781857,22.6742451111388,7.10771530925642,Perceptual,4.05388273854648,3.91732113260763,0.4064,QuadStudy
67,0.476173226397326,48.9804184481921,3.28370146944949,Perceptual,2.747672020903,5.77032027124158,0.4064,QuadStudy
67,0.720888471152493,32.4216191970728,4.96429062998348,Perceptual,3.16839121769946,4.39511983404884,0.4064,QuadStudy
68,0.349099441653887,66.758979855597,2.40861072638117,Perceptual,1.0148064650938,2.90692663467484,0.4064,QuadStudy
68,1.03486096781857,22.6742451111388,7.10771530925642,Perceptual,1.35731782934087,1.31159437987309,0.4064,QuadStudy
68,0.476173226397326,48.9804184481921,3.28370146944949,Perceptual,0.698011015790482,1.46587623388983,0.4064,QuadStudy
68,0.720888471152493,32.4216191970728,4.96429062998348,Perceptual,0.896146487219218,1.24311391162427,0.4064,QuadStudy
69,0.349099441653887,66.758979855597,2.40861072638117,Perceptual,1.13797531399819,3.25974544275103,0.4064,QuadStudy
69,1.03486096781857,22.6742451111388,7.10771530925642,Perceptual,1.46311915685552,1.41383161830877,0.4064,QuadStudy
69,0.476173226397326,48.9804184481921,3.28370146944949,Perceptual,0.952305746637953,1.99991451397424,0.4064,QuadStudy
69,0.720888471152493,32.4216191970728,4.96429062998348,Perceptual,1.22557164918656,1.70008496214016,0.4064,QuadStudy
70,0.349099441653887,66.758979855597,2.40861072638117,Perceptual,1.43012667340082,4.09661690269535,0.4064,QuadStudy
70,1.03486096781857,22.6742451111388,7.10771530925642,Perceptual,1.11340521081355,1.07589835295513,0.4064,QuadStudy
70,0.476173226397326,48.9804184481921,3.28370146944949,Perceptual,0.755537792457979,1.58668684120335,0.4064,QuadStudy
70,0.720888471152493,32.4216191970728,4.96429062998348,Perceptual,1.46311915685552,2.02960543191433,0.4064,QuadStudy
71,0.349099441653887,66.758979855597,2.40861072638117,Perceptual,0.618122746448099,1.77062083949402,0.4064,QuadStudy
71,1.03486096781857,22.6742451111388,7.10771530925642,Perceptual,1.53317584763577,1.48152833599243,0.4064,QuadStudy
71,0.476173226397326,48.9804184481921,3.28370146944949,Perceptual,0.977610561491119,2.05305655021307,0.4064,QuadStudy
71,0.720888471152493,32.4216191970728,4.96429062998348,Perceptual,1.13797531399819,1.57857332935134,0.4064,QuadStudy
72,0.349099441653887,66.758979855597,2.40861072638117,Perceptual,0.833378463587148,2.38722370806137,0.4064,QuadStudy
72,1.03486096781857,22.6742451111388,7.10771530925642,Perceptual,1.28910065694572,1.24567521341835,0.4064,QuadStudy
72,0.476173226397326,48.9804184481921,3.28370146944949,Perceptual,0.926545219018122,1.94581544625737,0.4064,QuadStudy
72,0.720888471152493,32.4216191970728,4.96429062998348,Perceptual,1.03553997349239,1.43647736776379,0.4064,QuadStudy
73,0.349099441653887,66.758979855597,2.40861072638117,Perceptual,1.00614393022129,2.882112688163,0.4064,QuadStudy
73,1.03486096781857,22.6742451111388,7.10771530925642,Perceptual,2.77301224257556,2.67959883386163,0.4064,QuadStudy
73,0.476173226397326,48.9804184481921,3.28370146944949,Perceptual,1.18213680506133,2.48257722091023,0.4064,QuadStudy
73,0.720888471152493,32.4216191970728,4.96429062998348,Perceptual,1.99590916901365,2.76867955153002,0.4064,QuadStudy
74,0.349099441653887,66.758979855597,2.40861072638117,Perceptual,0.768129714888904,2.2003177984182,0.4064,QuadStudy
74,0.476173226397326,48.9804184481921,3.28370146944949,Perceptual,0.932249743207225,1.95779538102242,0.4064,QuadStudy
74,0.720888471152493,32.4216191970728,4.96429062998348,Perceptual,1.44069515059095,1.99849936327557,0.4064,QuadStudy
75,0.349099441653887,66.758979855597,2.40861072638117,Perceptual,0.41151487941807,1.1787898527379,0.4064,QuadStudy
75,1.03486096781857,22.6742451111388,7.10771530925642,Perceptual,0.961474699677829,0.929085867162002,0.4064,QuadStudy
75,0.476173226397326,48.9804184481921,3.28370146944949,Perceptual,0.503270503169242,1.05690634262857,0.4064,QuadStudy
75,0.720888471152493,32.4216191970728,4.96429062998348,Perceptual,0.728519301684818,1.01058531359244,0.4064,QuadStudy
76,0.349099441653887,66.758979855597,2.40861072638117,Perceptual,1.19729130912842,3.42965690078492,0.4064,QuadStudy
76,1.03486096781857,22.6742451111388,7.10771530925642,Perceptual,1.42482160884379,1.37682418523063,0.4064,QuadStudy
76,0.476173226397326,48.9804184481921,3.28370146944949,Perceptual,1.64236654717519,3.44909469102486,0.4064,QuadStudy
76,0.720888471152493,32.4216191970728,4.96429062998348,Perceptual,2.55465874937243,3.54376419044165,0.4064,QuadStudy
77,0.349099441653887,66.758979855597,2.40861072638117,Perceptual,0.613877479418406,1.75846021554807,0.4064,QuadStudy
77,1.03486096781857,22.6742451111388,7.10771530925642,Perceptual,0.681252766892765,0.658303664045622,0.4064,QuadStudy
77,0.476173226397326,48.9804184481921,3.28370146944949,Perceptual,0.848169766346786,1.78122103328645,0.4064,QuadStudy
77,0.720888471152493,32.4216191970728,4.96429062998348,Perceptual,1.24251037769931,1.72358197893343,0.4064,QuadStudy
78,0.349099441653887,66.758979855597,2.40861072638117,Perceptual,0.377135414886068,1.08030941871278,0.4064,QuadStudy
78,1.03486096781857,22.6742451111388,7.10771530925642,Perceptual,1.55136523787813,1.49910498716394,0.4064,QuadStudy
78,0.476173226397326,48.9804184481921,3.28370146944949,Perceptual,1.00983827025102,2.12073719031065,0.4064,QuadStudy
78,0.720888471152493,32.4216191970728,4.96429062998348,Perceptual,1.34723966878055,1.86886005629511,0.4064,QuadStudy
79,0.349099441653887,66.758979855597,2.40861072638117,Perceptual,1.20813273333056,3.4607123048004,0.4064,QuadStudy
79,1.03486096781857,22.6742451111388,7.10771530925642,Perceptual,1.89159680046215,1.82787529850461,0.4064,QuadStudy
79,0.476173226397326,48.9804184481921,3.28370146944949,Perceptual,1.20036895395541,2.52086612058656,0.4064,QuadStudy
79,0.720888471152493,32.4216191970728,4.96429062998348,Perceptual,1.81310033218802,2.51509131404112,0.4064,QuadStudy
80,0.349099441653887,66.758979855597,2.40861072638117,Perceptual,0.502421828552024,1.43919401925067,0.4064,QuadStudy
80,1.03486096781857,22.6742451111388,7.10771530925642,Perceptual,1.73333882642821,1.67494850064931,0.4064,QuadStudy
80,0.476173226397326,48.9804184481921,3.28370146944949,Perceptual,0.748577425475401,1.57206954103458,0.4064,QuadStudy
80,0.720888471152493,32.4216191970728,4.96429062998348,Perceptual,1.2010015731634,1.66600191461426,0.4064,QuadStudy
81,0.349099441653887,66.758979855597,2.40861072638117,Perceptual,1.35731782934087,3.88805499920156,0.4064,QuadStudy
81,1.03486096781857,22.6742451111388,7.10771530925642,Perceptual,1.60806579228771,1.55389549156291,0.4064,QuadStudy
81,0.476173226397326,48.9804184481921,3.28370146944949,Perceptual,0.900765609214318,1.89167630450249,0.4064,QuadStudy
81,0.720888471152493,32.4216191970728,4.96429062998348,Perceptual,1.07426439401823,1.49019499826484,0.4064,QuadStudy
82,0.349099441653887,66.758979855597,2.40861072638117,Perceptual,0.554195927432813,1.58750161503342,0.4064,QuadStudy
82,1.03486096781857,22.6742451111388,7.10771530925642,Perceptual,1.1555059671712,1.11658087714617,0.4064,QuadStudy
82,0.476173226397326,48.9804184481921,3.28370146944949,Perceptual,0.642101153543711,1.34846126986554,0.4064,QuadStudy
82,0.720888471152493,32.4216191970728,4.96429062998348,Perceptual,1.06229253229552,1.47358790548727,0.4064,QuadStudy
83,0.349099441653887,66.758979855597,2.40861072638117,Perceptual,1.11190475895547,3.18506599061782,0.4064,QuadStudy
83,1.03486096781857,22.6742451111388,7.10771530925642,Perceptual,2.29152567635021,2.21433192246163,0.4064,QuadStudy
83,0.476173226397326,48.9804184481921,3.28370146944949,Perceptual,1.50978754313405,3.17066869667776,0.4064,QuadStudy
83,0.720888471152493,32.4216191970728,4.96429062998348,Perceptual,1.96298822875747,2.72301237612972,0.4064,QuadStudy
84,0.349099441653887,66.758979855597,2.40861072638117,Perceptual,1.87636519780742,5.37487309895995,0.4064,QuadStudy
84,1.03486096781857,22.6742451111388,7.10771530925642,Perceptual,2.13058922935635,2.05881688034626,0.4064,QuadStudy
84,0.476173226397326,48.9804184481921,3.28370146944949,Perceptual,1.67816238887266,3.52426868173469,0.4064,QuadStudy
84,0.720888471152493,32.4216191970728,4.96429062998348,Perceptual,1.91753981952618,2.65996738227841,0.4064,QuadStudy
85,0.349099441653887,66.758979855597,2.40861072638117,Perceptual,0.543678499849975,1.55737430364899,0.4064,QuadStudy
85,1.03486096781857,22.6742451111388,7.10771530925642,Perceptual,1.388477722863,1.34170460191365,0.4064,QuadStudy
85,0.476173226397326,48.9804184481921,3.28370146944949,Perceptual,0.718057812107842,1.50797603120316,0.4064,QuadStudy
85,0.720888471152493,32.4216191970728,4.96429062998348,Perceptual,1.01856480995505,1.41292980913769,0.4064,QuadStudy
86,0.349099441653887,66.758979855597,2.40861072638117,Perceptual,2.86419236832929,8.20451718501739,0.4064,QuadStudy
86,1.03486096781857,22.6742451111388,7.10771530925642,Perceptual,2.28403901685738,2.20709746321963,0.4064,QuadStudy
86,0.476173226397326,48.9804184481921,3.28370146944949,Perceptual,2.28777622248284,4.80450410828828,0.4064,QuadStudy
86,0.720888471152493,32.4216191970728,4.96429062998348,Perceptual,2.10550534971804,2.92070886686806,0.4064,QuadStudy
87,0.349099441653887,66.758979855597,2.40861072638117,Perceptual,1.65684010658502,4.74604055147038,0.4064,QuadStudy
87,1.03486096781857,22.6742451111388,7.10771530925642,Perceptual,2.47479284305571,2.3914254378271,0.4064,QuadStudy
87,0.476173226397326,48.9804184481921,3.28370146944949,Perceptual,1.95514241782868,4.10594781361621,0.4064,QuadStudy
87,0.720888471152493,32.4216191970728,4.96429062998348,Perceptual,2.25094557910675,3.12246022676453,0.4064,QuadStudy
88,0.349099441653887,66.758979855597,2.40861072638117,Perceptual,1.22771972621866,3.5168195067922,0.4064,QuadStudy
88,1.03486096781857,22.6742451111388,7.10771530925642,Perceptual,3.0988521247398,2.99446227184701,0.4064,QuadStudy
88,0.476173226397326,48.9804184481921,3.28370146944949,Perceptual,1.98028396965213,4.15874698507252,0.4064,QuadStudy
88,0.720888471152493,32.4216191970728,4.96429062998348,Perceptual,2.20828429091226,3.06328146347222,0.4064,QuadStudy
89,0.349099441653887,66.758979855597,2.40861072638117,Perceptual,1.03129618683986,2.95416166223015,0.4064,QuadStudy
89,1.03486096781857,22.6742451111388,7.10771530925642,Perceptual,2.08185174042681,2.01172119266922,0.4064,QuadStudy
89,0.476173226397326,48.9804184481921,3.28370146944949,Perceptual,1.18815233837221,2.49521029849083,0.4064,QuadStudy
89,0.720888471152493,32.4216191970728,4.96429062998348,Perceptual,1.89930570435103,2.63467343473337,0.4064,QuadStudy
90,0.349099441653887,66.758979855597,2.40861072638117,Perceptual,1.10076694412421,3.15316157169783,0.4064,QuadStudy
90,1.03486096781857,22.6742451111388,7.10771530925642,Perceptual,1.62227583040223,1.56762684152819,0.4064,QuadStudy
90,0.476173226397326,48.9804184481921,3.28370146944949,Perceptual,1.39592676997645,2.93155241116321,0.4064,QuadStudy
90,0.720888471152493,32.4216191970728,4.96429062998348,Perceptual,1.95204453525333,2.70783153479008,0.4064,QuadStudy
91,0.349099441653887,66.758979855597,2.40861072638117,Perceptual,0.414953692484398,1.18864037856526,0.4064,QuadStudy
91,1.03486096781857,22.6742451111388,7.10771530925642,Perceptual,2.27802982833733,2.20129070394768,0.4064,QuadStudy
91,0.476173226397326,48.9804184481921,3.28370146944949,Perceptual,0.647684523433837,1.36018677138601,0.4064,QuadStudy
91,0.720888471152493,32.4216191970728,4.96429062998348,Perceptual,1.1587515495024,1.60739364807692,0.4064,QuadStudy
92,0.349099441653887,66.758979855597,2.40861072638117,Perceptual,0.417159107580644,1.19495781948066,0.4064,QuadStudy
92,1.03486096781857,22.6742451111388,7.10771530925642,Perceptual,1.21327705058698,1.17240584804787,0.4064,QuadStudy
92,0.476173226397326,48.9804184481921,3.28370146944949,Perceptual,0.560872880795345,1.17787571770645,0.4064,QuadStudy
92,0.720888471152493,32.4216191970728,4.96429062998348,Perceptual,0.844343575377944,1.17125409708395,0.4064,QuadStudy
6000,2.71480554305186,61.1553962112911,2.43889474586904,Perceptual,6.16436164905629,2.2706457428721,0.14,QuadStudy
6000,1.55042556447019,107.031642451006,1.39324435934806,Perceptual,2.29152567635021,1.47799786643306,0.14,QuadStudy
6000,1.09867930772155,151.022423784549,0.987362757647252,Perceptual,1.7785918094242,1.61884527807542,0.14,QuadStudy
6000,1.37774454425237,17.131298589424,9.4258132368689,Perceptual,1.97048861866318,1.43022785093477,0.4064,QuadStudy
6000,0.781363889874143,29.9317789541484,5.37840942856044,Perceptual,1.79818707371296,2.30134396664095,0.4064,QuadStudy
6000,0.381095236476046,61.1643800864523,2.62907042729477,Perceptual,1.20501520157341,3.16197917537905,0.4064,QuadStudy
6000,0.852070543317608,15.2149791735193,-2.54262030985139,Perceptual,1.21283939314558,1.42340256057121,0.22605,QuadStudy
6001,2.71480554305186,61.1553962112911,2.43889474586904,Perceptual,2.36118101463739,0.869742225435071,0.14,QuadStudy
6001,1.55042556447019,107.031642451006,1.39324435934806,Perceptual,1.29397212816176,0.83459158428153,0.14,QuadStudy
6001,1.09867930772155,151.022423784549,0.987362757647252,Perceptual,1.04852095027602,0.954346680516314,0.14,QuadStudy
6001,1.37774454425237,17.131298589424,9.4258132368689,Perceptual,1.29592071533954,0.940610304534185,0.4064,QuadStudy
6001,0.781363889874143,29.9317789541484,5.37840942856044,Perceptual,0.970634697568803,1.24223132159991,0.4064,QuadStudy
6001,0.381095236476046,61.1643800864523,2.62907042729477,Perceptual,0.488197771161275,1.2810387652063,0.4064,QuadStudy
6001,0.852070543317608,15.2149791735193,-2.54262030985139,Perceptual,0.970634697568803,1.13914828435396,0.22605,QuadStudy
6002,2.71480554305186,61.1553962112911,2.43889474586904,Perceptual,6.02144291908875,2.21800155613345,0.14,QuadStudy
6002,1.55042556447019,107.031642451006,1.39324435934806,Perceptual,5.45687541415059,3.5195984503876,0.14,QuadStudy
6002,1.09867930772155,151.022423784549,0.987362757647252,Perceptual,4.55481787963224,4.1457210012247,0.14,QuadStudy
6002,1.37774454425237,17.131298589424,9.4258132368689,Perceptual,4.14112193638942,3.00572551977449,0.4064,QuadStudy
6002,0.781363889874143,29.9317789541484,5.37840942856044,Perceptual,2.41680729091734,3.09306242870607,0.4064,QuadStudy
6002,0.381095236476046,61.1643800864523,2.62907042729477,Perceptual,1.86628839621584,4.89717062189821,0.4064,QuadStudy
6002,0.852070543317608,15.2149791735193,-2.54262030985139,Perceptual,2.64395131907396,3.10297232994292,0.22605,QuadStudy
6003,2.71480554305186,61.1553962112911,2.43889474586904,Perceptual,3.53212069775968,1.30105845216046,0.14,QuadStudy
6003,1.55042556447019,107.031642451006,1.39324435934806,Perceptual,1.86194895541551,1.20092766662537,0.14,QuadStudy
6003,1.09867930772155,151.022423784549,0.987362757647252,Perceptual,0.728401649928308,0.662979310531362,0.14,QuadStudy
6003,1.37774454425237,17.131298589424,9.4258132368689,Perceptual,1.41372023374187,1.02611201738347,0.4064,QuadStudy
6003,0.781363889874143,29.9317789541484,5.37840942856044,Perceptual,0.907784269494751,1.16179449966772,0.4064,QuadStudy
6003,0.381095236476046,61.1643800864523,2.62907042729477,Perceptual,0.535748839937646,1.40581353073754,0.4064,QuadStudy
6003,0.852070543317608,15.2149791735193,-2.54262030985139,Perceptual,1.21283939314558,1.42340256057121,0.22605,QuadStudy
6004,2.71480554305186,61.1553962112911,2.43889474586904,Perceptual,10.281595857068,3.78723105357662,0.14,QuadStudy
6004,1.55042556447019,107.031642451006,1.39324435934806,Perceptual,8.98516295983063,5.79528818779575,0.14,QuadStudy
6004,1.09867930772155,151.022423784549,0.987362757647252,Perceptual,6.20768806191148,5.65013650323954,0.14,QuadStudy
6004,7.14799063652525,23.3256272318667,6.40572766583833,Perceptual,14.5339088116234,2.0332859331624,0.14,QuadStudy
6004,1.37774454425237,17.131298589424,9.4258132368689,Perceptual,3.47364742539104,2.52125652747622,0.4064,QuadStudy
6004,0.781363889874143,29.9317789541484,5.37840942856044,Perceptual,3.61343493158742,4.6245225539786,0.4064,QuadStudy
6004,0.381095236476046,61.1643800864523,2.62907042729477,Perceptual,2.42369073138265,6.35980327068454,0.4064,QuadStudy
6004,0.852070543317608,15.2149791735193,-2.54262030985139,Perceptual,3.5893611718493,4.21251644009876,0.22605,QuadStudy
6005,2.71480554305186,61.1553962112911,2.43889474586904,Perceptual,7.23382376797765,2.66458265730727,0.14,QuadStudy
6005,1.55042556447019,107.031642451006,1.39324435934806,Perceptual,5.04907829145436,3.25657574743341,0.14,QuadStudy
6005,1.09867930772155,151.022423784549,0.987362757647252,Perceptual,3.56106273266865,3.24122126232959,0.14,QuadStudy
6005,7.14799063652525,23.3256272318667,6.40572766583833,Perceptual,10.8340442277132,1.51567689139837,0.14,QuadStudy
6005,1.37774454425237,17.131298589424,9.4258132368689,Perceptual,1.29925018933351,0.943026916530844,0.4064,QuadStudy
6005,0.781363889874143,29.9317789541484,5.37840942856044,Perceptual,1.09903628470716,1.40656139725651,0.4064,QuadStudy
6005,0.381095236476046,61.1643800864523,2.62907042729477,Perceptual,0.727851905788371,1.90989505016844,0.4064,QuadStudy
6005,0.852070543317608,15.2149791735193,-2.54262030985139,Perceptual,1.13287801751385,1.32955895072126,0.22605,QuadStudy
6006,2.71480554305186,61.1553962112911,2.43889474586904,Perceptual,6.57750564887419,2.42282754494455,0.14,QuadStudy
6006,1.55042556447019,107.031642451006,1.39324435934806,Perceptual,5.47395563596799,3.53061492367649,0.14,QuadStudy
6006,1.09867930772155,151.022423784549,0.987362757647252,Perceptual,3.01869815602062,2.74756986393129,0.14,QuadStudy
6006,7.14799063652525,23.3256272318667,6.40572766583833,Perceptual,11.5625481882112,1.61759419900862,0.14,QuadStudy
6006,1.37774454425237,17.131298589424,9.4258132368689,Perceptual,2.01132870650528,1.45987056519009,0.4064,QuadStudy
6006,0.781363889874143,29.9317789541484,5.37840942856044,Perceptual,1.48305044951934,1.8980278827042,0.4064,QuadStudy
6006,0.381095236476046,61.1643800864523,2.62907042729477,Perceptual,1.12709374162802,2.95751201733761,0.4064,QuadStudy
6006,0.852070543317608,15.2149791735193,-2.54262030985139,Perceptual,1.46311915685552,1.71713383161767,0.22605,QuadStudy
6007,2.71480554305186,61.1553962112911,2.43889474586904,Perceptual,4.81373850503544,1.77314302210539,0.14,QuadStudy
6007,1.55042556447019,107.031642451006,1.39324435934806,Perceptual,3.89805800312819,2.51418584191124,0.14,QuadStudy
6007,1.09867930772155,151.022423784549,0.987362757647252,Perceptual,2.56353525427137,2.33328800884368,0.14,QuadStudy
6007,7.14799063652525,23.3256272318667,6.40572766583833,Perceptual,9.79312232489598,1.37005248368044,0.14,QuadStudy
6007,1.37774454425237,17.131298589424,9.4258132368689,Perceptual,2.01132870650528,1.45987056519009,0.4064,QuadStudy
6007,0.781363889874143,29.9317789541484,5.37840942856044,Perceptual,0.80789832507575,1.03395912652923,0.4064,QuadStudy
6007,0.381095236476046,61.1643800864523,2.62907042729477,Perceptual,0.662077196016189,1.73730115899206,0.4064,QuadStudy
6007,0.852070543317608,15.2149791735193,-2.54262030985139,Perceptual,0.532028415534515,0.624394798889559,0.22605,QuadStudy
6008,2.71480554305186,61.1553962112911,2.43889474586904,Perceptual,5.54284873352589,2.04171114491496,0.14,QuadStudy
6008,1.55042556447019,107.031642451006,1.39324435934806,Perceptual,2.38161639682786,1.53610495815174,0.14,QuadStudy
6008,1.09867930772155,151.022423784549,0.987362757647252,Perceptual,1.5336386612017,1.39589291472337,0.14,QuadStudy
6008,7.14799063652525,23.3256272318667,6.40572766583833,Perceptual,10.2756446194628,1.43755709009405,0.14,QuadStudy
6008,1.37774454425237,17.131298589424,9.4258132368689,Perceptual,2.34141115609497,1.69945231564356,0.4064,QuadStudy
6008,0.781363889874143,29.9317789541484,5.37840942856044,Perceptual,1.3750327092782,1.7597853280623,0.4064,QuadStudy
6008,0.381095236476046,61.1643800864523,2.62907042729477,Perceptual,0.943442633537316,2.47560857034385,0.4064,QuadStudy
6008,0.852070543317608,15.2149791735193,-2.54262030985139,Perceptual,1.06715771361184,1.2524288299614,0.22605,QuadStudy
6009,2.71480554305186,61.1553962112911,2.43889474586904,Perceptual,7.16823393741279,2.64042260992092,0.14,QuadStudy
6009,1.55042556447019,107.031642451006,1.39324435934806,Perceptual,3.37774232605967,2.17859044862558,0.14,QuadStudy
6009,1.09867930772155,151.022423784549,0.987362757647252,Perceptual,2.82343756496939,2.56984685624475,0.14,QuadStudy
6009,7.14799063652525,23.3256272318667,6.40572766583833,Perceptual,10.5493526738252,1.4758486979431,0.14,QuadStudy
6009,1.37774454425237,17.131298589424,9.4258132368689,Perceptual,2.5565774656971,1.85562517838488,0.4064,QuadStudy
6009,0.781363889874143,29.9317789541484,5.37840942856044,Perceptual,1.68766062234832,2.15989072981112,0.4064,QuadStudy
6009,0.381095236476046,61.1643800864523,2.62907042729477,Perceptual,1.32003636786301,3.46379655665411,0.4064,QuadStudy
6009,0.852070543317608,15.2149791735193,-2.54262030985139,Perceptual,1.51848218082449,1.78210852696792,0.22605,QuadStudy
6010,2.71480554305186,61.1553962112911,2.43889474586904,Perceptual,2.89910673057885,1.06788743598917,0.14,QuadStudy
6010,1.55042556447019,107.031642451006,1.39324435934806,Perceptual,2.65533204832527,1.71264723000917,0.14,QuadStudy
6010,1.09867930772155,151.022423784549,0.987362757647252,Perceptual,2.38985389276299,2.17520606419637,0.14,QuadStudy
6010,7.14799063652525,23.3256272318667,6.40572766583833,Perceptual,7.80098748476378,1.09135390369733,0.14,QuadStudy
6010,1.37774454425237,17.131298589424,9.4258132368689,Perceptual,1.62075936214186,1.17638597728678,0.4064,QuadStudy
6010,0.781363889874143,29.9317789541484,5.37840942856044,Perceptual,0.901927839449517,1.15429936184381,0.4064,QuadStudy
6010,0.381095236476046,61.1643800864523,2.62907042729477,Perceptual,0.733975111839661,1.92596244084986,0.4064,QuadStudy
6010,0.852070543317608,15.2149791735193,-2.54262030985139,Perceptual,1.18664272293953,1.3926578406516,0.22605,QuadStudy
6011,2.71480554305186,61.1553962112911,2.43889474586904,Perceptual,2.42675003264388,0.893894606504979,0.14,QuadStudy
6011,1.55042556447019,107.031642451006,1.39324435934806,Perceptual,1.68015212161166,1.08367158031595,0.14,QuadStudy
6011,1.09867930772155,151.022423784549,0.987362757647252,Perceptual,1.3028341898199,1.1858184464416,0.14,QuadStudy
6011,7.14799063652525,23.3256272318667,6.40572766583833,Perceptual,6.62917164128698,0.927417504915692,0.14,QuadStudy
6011,1.37774454425237,17.131298589424,9.4258132368689,Perceptual,1.01856480995505,0.739298743155446,0.4064,QuadStudy
6011,0.781363889874143,29.9317789541484,5.37840942856044,Perceptual,0.697505223204441,0.892676552171857,0.4064,QuadStudy
6011,0.381095236476046,61.1643800864523,2.62907042729477,Perceptual,0.563560500798934,1.47879177396739,0.4064,QuadStudy
6011,0.852070543317608,15.2149791735193,-2.54262030985139,Perceptual,0.687260595944754,0.806577109529979,0.22605,QuadStudy
6012,2.71480554305186,61.1553962112911,2.43889474586904,Perceptual,2.89469596553337,1.06626272844547,0.14,QuadStudy
6012,1.55042556447019,107.031642451006,1.39324435934806,Perceptual,2.63134655611691,1.69717696638735,0.14,QuadStudy
6012,1.09867930772155,151.022423784549,0.987362757647252,Perceptual,1.8000818514413,1.63840516408225,0.14,QuadStudy
6012,7.14799063652525,23.3256272318667,6.40572766583833,Perceptual,9.5996722278094,1.34298892037664,0.14,QuadStudy
6012,1.37774454425237,17.131298589424,9.4258132368689,Perceptual,2.07626410144454,1.50700223064299,0.4064,QuadStudy
6012,0.781363889874143,29.9317789541484,5.37840942856044,Perceptual,0.919728289724227,1.17708061716593,0.4064,QuadStudy
6012,0.381095236476046,61.1643800864523,2.62907042729477,Perceptual,0.603922895330735,1.58470334322506,0.4064,QuadStudy
6012,0.852070543317608,15.2149791735193,-2.54262030985139,Perceptual,1.25353550755739,1.47116399855421,0.22605,QuadStudy
6013,2.71480554305186,61.1553962112911,2.43889474586904,Perceptual,7.08384844355417,2.60933917041838,0.14,QuadStudy
6013,1.55042556447019,107.031642451006,1.39324435934806,Perceptual,5.75305700496297,3.71063089825206,0.14,QuadStudy
6013,1.09867930772155,151.022423784549,0.987362757647252,Perceptual,2.92653488913853,2.66368436045965,0.14,QuadStudy
6013,7.14799063652525,23.3256272318667,6.40572766583833,Perceptual,11.7812528324082,1.64819085970925,0.14,QuadStudy
6013,1.37774454425237,17.131298589424,9.4258132368689,Perceptual,2.51502055904088,1.8254621798598,0.4064,QuadStudy
6013,0.781363889874143,29.9317789541484,5.37840942856044,Perceptual,1.97078048534675,2.52223133278426,0.4064,QuadStudy
6013,0.381095236476046,61.1643800864523,2.62907042729477,Perceptual,1.43012667340082,3.75267528039731,0.4064,QuadStudy
6013,0.852070543317608,15.2149791735193,-2.54262030985139,Perceptual,1.68244449337056,1.97453662324697,0.22605,QuadStudy
6014,2.71480554305186,61.1553962112911,2.43889474586904,Perceptual,4.75962723873232,1.75321110969214,0.14,QuadStudy
6014,1.55042556447019,107.031642451006,1.39324435934806,Perceptual,3.77810891161949,2.43682057249266,0.14,QuadStudy
6014,1.09867930772155,151.022423784549,0.987362757647252,Perceptual,2.60134500705337,2.36770182961583,0.14,QuadStudy
6014,7.14799063652525,23.3256272318667,6.40572766583833,Perceptual,8.10710846366281,1.13418006204941,0.14,QuadStudy
6014,1.37774454425237,17.131298589424,9.4258132368689,Perceptual,1.58219568536756,1.14839553672567,0.4064,QuadStudy
6014,0.781363889874143,29.9317789541484,5.37840942856044,Perceptual,1.19569461087798,1.53026602121397,0.4064,QuadStudy
6014,0.381095236476046,61.1643800864523,2.62907042729477,Perceptual,1.00285604632225,2.63151031641218,0.4064,QuadStudy
6014,0.852070543317608,15.2149791735193,-2.54262030985139,Perceptual,1.01597411970891,1.19235916283778,0.22605,QuadStudy
6015,2.71480554305186,61.1553962112911,2.43889474586904,Perceptual,6.02144291908875,2.21800155613345,0.14,QuadStudy
6015,1.55042556447019,107.031642451006,1.39324435934806,Perceptual,4.41898999209993,2.85017874663979,0.14,QuadStudy
6015,1.09867930772155,151.022423784549,0.987362757647252,Perceptual,3.92970207398251,3.5767507828394,0.14,QuadStudy
6015,7.14799063652525,23.3256272318667,6.40572766583833,Perceptual,11.3557265877199,1.58865996965549,0.14,QuadStudy
6015,1.37774454425237,17.131298589424,9.4258132368689,Perceptual,3.03909550176286,2.20584832975115,0.4064,QuadStudy
6015,0.781363889874143,29.9317789541484,5.37840942856044,Perceptual,1.27318715192697,1.62944201597549,0.4064,QuadStudy
6015,0.381095236476046,61.1643800864523,2.62907042729477,Perceptual,1.70885260952138,4.48405659782839,0.4064,QuadStudy
6015,0.852070543317608,15.2149791735193,-2.54262030985139,Perceptual,2.10838500843851,2.47442541579872,0.22605,QuadStudy
6016,2.71480554305186,61.1553962112911,2.43889474586904,Perceptual,7.50618482355813,2.76490699039903,0.14,QuadStudy
6016,1.55042556447019,107.031642451006,1.39324435934806,Perceptual,4.35406784022052,2.80830498412763,0.14,QuadStudy
6016,1.09867930772155,151.022423784549,0.987362757647252,Perceptual,2.83855342294904,2.58360506382491,0.14,QuadStudy
6016,7.14799063652525,23.3256272318667,6.40572766583833,Perceptual,12.2310071325708,1.71111124153857,0.14,QuadStudy
6016,1.37774454425237,17.131298589424,9.4258132368689,Perceptual,1.92281404345935,1.39562450200284,0.4064,QuadStudy
6016,0.781363889874143,29.9317789541484,5.37840942856044,Perceptual,1.44563354349518,1.85014122386438,0.4064,QuadStudy
6016,0.381095236476046,61.1643800864523,2.62907042729477,Perceptual,1.1000451740939,2.88653614321165,0.4064,QuadStudy
6016,0.852070543317608,15.2149791735193,-2.54262030985139,Perceptual,1.45724381106478,1.71023845677246,0.22605,QuadStudy
5027,2.71480554305186,61.1553962112911,2.43889474586904,Perceptual,8.72115163304877,3.21244063147331,0.14,QuadStudy
5027,1.55042556447019,107.031642451006,1.39324435934806,Perceptual,5.84334362159385,3.76886433989538,0.14,QuadStudy
5027,1.09867930772155,151.022423784549,0.987362757647252,Perceptual,5.17432125825962,4.7095828800036,0.14,QuadStudy
5027,7.14799063652525,23.3256272318667,6.40572766583833,Perceptual,10.6102192124208,1.48436389356807,0.14,QuadStudy
5027,1.37774454425237,17.131298589424,9.4258132368689,Perceptual,1.22076585019978,0.886061102758513,0.4064,QuadStudy
5027,0.781363889874143,29.9317789541484,5.37840942856044,Perceptual,1.18664272293953,1.51868129346324,0.4064,QuadStudy
5027,0.381095236476046,61.1643800864523,2.62907042729477,Perceptual,0.893854645556642,2.34548889621932,0.4064,QuadStudy
5027,0.852070543317608,15.2149791735193,-2.54262030985139,Perceptual,1.07008462039766,1.25586388215134,0.22605,QuadStudy
6017,2.71480554305186,61.1553962112911,2.43889474586904,Perceptual,4.43956452755858,1.63531584754605,0.14,QuadStudy
6017,1.55042556447019,107.031642451006,1.39324435934806,Perceptual,3.60833232024311,2.32731735268836,0.14,QuadStudy
6017,1.09867930772155,151.022423784549,0.987362757647252,Perceptual,2.37716605562582,2.16365780161601,0.14,QuadStudy
6017,7.14799063652525,23.3256272318667,6.40572766583833,Perceptual,7.32768942155795,1.02513976223114,0.14,QuadStudy
6017,1.37774454425237,17.131298589424,9.4258132368689,Perceptual,2.63494614749367,1.91250704529083,0.4064,QuadStudy
6017,0.781363889874143,29.9317789541484,5.37840942856044,Perceptual,1.75570101100875,2.24696973300308,0.4064,QuadStudy
6017,0.381095236476046,61.1643800864523,2.62907042729477,Perceptual,1.31582609624897,3.45274873655283,0.4064,QuadStudy
6017,0.852070543317608,15.2149791735193,-2.54262030985139,Perceptual,1.75570101100875,2.06051133298516,0.22605,QuadStudy
6018,2.71480554305186,61.1553962112911,2.43889474586904,Perceptual,5.86888425295993,2.16180649401592,0.14,QuadStudy
6018,1.55042556447019,107.031642451006,1.39324435934806,Perceptual,3.09228962694366,1.99447796644166,0.14,QuadStudy
6018,1.09867930772155,151.022423784549,0.987362757647252,Perceptual,1.96315588058806,1.78683248768858,0.14,QuadStudy
6018,7.14799063652525,23.3256272318667,6.40572766583833,Perceptual,16.8863818583533,2.36239563214677,0.14,QuadStudy
6018,1.37774454425237,17.131298589424,9.4258132368689,Perceptual,2.96756362095958,2.15392877681103,0.4064,QuadStudy
6018,0.781363889874143,29.9317789541484,5.37840942856044,Perceptual,1.94587812542979,2.49036095812313,0.4064,QuadStudy
6018,0.381095236476046,61.1643800864523,2.62907042729477,Perceptual,0.341149435021926,0.895181577645801,0.4064,QuadStudy
6018,0.852070543317608,15.2149791735193,-2.54262030985139,Perceptual,2.22586176752789,2.61229752041576,0.22605,QuadStudy
6019,2.71480554305186,61.1553962112911,2.43889474586904,Perceptual,5.94872638639202,2.19121638439884,0.14,QuadStudy
6019,1.55042556447019,107.031642451006,1.39324435934806,Perceptual,3.74776000134494,2.41724600472879,0.14,QuadStudy
6019,1.09867930772155,151.022423784549,0.987362757647252,Perceptual,2.89742761100096,2.637191390279,0.14,QuadStudy
6019,7.14799063652525,23.3256272318667,6.40572766583833,Perceptual,11.5984352581968,1.6226147805693,0.14,QuadStudy
6019,1.37774454425237,17.131298589424,9.4258132368689,Perceptual,1.97719700485204,1.43509695835883,0.4064,QuadStudy
6019,0.781363889874143,29.9317789541484,5.37840942856044,Perceptual,1.34953472359065,1.7271526635407,0.4064,QuadStudy
6019,0.381095236476046,61.1643800864523,2.62907042729477,Perceptual,0.796439146059112,2.08986906638801,0.4064,QuadStudy
6019,0.852070543317608,15.2149791735193,-2.54262030985139,Perceptual,1.2451792641937,1.4613570131711,0.22605,QuadStudy
6020,2.71480554305186,61.1553962112911,2.43889474586904,Perceptual,4.29288954227581,1.58128804225511,0.14,QuadStudy
6020,1.55042556447019,107.031642451006,1.39324435934806,Perceptual,2.54708139713005,1.64282726981507,0.14,QuadStudy
6020,1.09867930772155,151.022423784549,0.987362757647252,Perceptual,1.27724155279659,1.16252444532276,0.14,QuadStudy
6020,7.14799063652525,23.3256272318667,6.40572766583833,Perceptual,9.02614675267291,1.26275301852671,0.14,QuadStudy
6020,1.37774454425237,17.131298589424,9.4258132368689,Perceptual,0.998558309879495,0.724777546059062,0.4064,QuadStudy
6020,0.781363889874143,29.9317789541484,5.37840942856044,Perceptual,0.793695075772012,1.01578161732027,0.4064,QuadStudy
6020,0.381095236476046,61.1643800864523,2.62907042729477,Perceptual,0.536628017873977,1.40812050771384,0.4064,QuadStudy
6020,0.852070543317608,15.2149791735193,-2.54262030985139,Perceptual,0.581022644059239,0.68189500108404,0.22605,QuadStudy
6021,2.71480554305186,61.1553962112911,2.43889474586904,Perceptual,7.59536613711083,2.79775697252057,0.14,QuadStudy
6021,1.55042556447019,107.031642451006,1.39324435934806,Perceptual,6.12581160273117,3.95105172612688,0.14,QuadStudy
6021,1.09867930772155,151.022423784549,0.987362757647252,Perceptual,6.17991773291359,5.62486040237669,0.14,QuadStudy
6021,7.14799063652525,23.3256272318667,6.40572766583833,Perceptual,10.5624812568902,1.47768537956911,0.14,QuadStudy
6021,1.37774454425237,17.131298589424,9.4258132368689,Perceptual,2.23654319739844,1.62333663865974,0.4064,QuadStudy
6021,0.781363889874143,29.9317789541484,5.37840942856044,Perceptual,1.44786280244344,1.85299425940537,0.4064,QuadStudy
6021,0.381095236476046,61.1643800864523,2.62907042729477,Perceptual,1.25383935936929,3.29009454687345,0.4064,QuadStudy
6021,0.852070543317608,15.2149791735193,-2.54262030985139,Perceptual,2.00281922303184,2.35053216982915,0.22605,QuadStudy
6022,2.71480554305186,61.1553962112911,2.43889474586904,Perceptual,5.97922961785737,2.20245226519458,0.14,QuadStudy
6022,1.55042556447019,107.031642451006,1.39324435934806,Perceptual,4.95869787875584,3.19828180880798,0.14,QuadStudy
6022,1.09867930772155,151.022423784549,0.987362757647252,Perceptual,3.18547716771104,2.89936940226635,0.14,QuadStudy
6022,7.14799063652525,23.3256272318667,6.40572766583833,Perceptual,9.45748173330357,1.3230965475776,0.14,QuadStudy
6022,1.37774454425237,17.131298589424,9.4258132368689,Perceptual,1.66189845207029,1.20624571442024,0.4064,QuadStudy
6022,0.781363889874143,29.9317789541484,5.37840942856044,Perceptual,1.26926997390507,1.62442875893525,0.4064,QuadStudy
6022,0.381095236476046,61.1643800864523,2.62907042729477,Perceptual,1.06715771361184,2.80023892053796,0.4064,QuadStudy
6022,0.852070543317608,15.2149791735193,-2.54262030985139,Perceptual,1.06553104264371,1.25051974980261,0.22605,QuadStudy
6023,2.71480554305186,61.1553962112911,2.43889474586904,Perceptual,8.00834588141878,2.94987827099253,0.14,QuadStudy
6023,1.55042556447019,107.031642451006,1.39324435934806,Perceptual,6.26289127443245,4.03946594919093,0.14,QuadStudy
6023,1.09867930772155,151.022423784549,0.987362757647252,Perceptual,4.16234386301024,3.78849754769855,0.14,QuadStudy
6023,7.14799063652525,23.3256272318667,6.40572766583833,Perceptual,13.664723354834,1.91168736078208,0.14,QuadStudy
6023,1.37774454425237,17.131298589424,9.4258132368689,Perceptual,2.88604722264562,2.0947622218397,0.4064,QuadStudy
6023,0.781363889874143,29.9317789541484,5.37840942856044,Perceptual,1.86628839621584,2.38850095378282,0.4064,QuadStudy
6023,0.381095236476046,61.1643800864523,2.62907042729477,Perceptual,1.34370992898351,3.52591635993323,0.4064,QuadStudy
6023,0.852070543317608,15.2149791735193,-2.54262030985139,Perceptual,1.90084301052726,2.23085168878878,0.22605,QuadStudy
6024,2.71480554305186,61.1553962112911,2.43889474586904,Perceptual,8.69378834924408,3.20236135199242,0.14,QuadStudy
6024,1.55042556447019,107.031642451006,1.39324435934806,Perceptual,7.53063602641313,4.85714129009896,0.14,QuadStudy
6024,1.09867930772155,151.022423784549,0.987362757647252,Perceptual,5.96902720669918,5.43291128243581,0.14,QuadStudy
6024,7.14799063652525,23.3256272318667,6.40572766583833,Perceptual,10.474952133625,1.46544010285904,0.14,QuadStudy
6024,1.37774454425237,17.131298589424,9.4258132368689,Perceptual,1.42576032574527,1.0348510046316,0.4064,QuadStudy
6024,0.781363889874143,29.9317789541484,5.37840942856044,Perceptual,1.08707238128718,1.39124983298407,0.4064,QuadStudy
6024,0.381095236476046,61.1643800864523,2.62907042729477,Perceptual,0.833378463587148,2.18679842680094,0.4064,QuadStudy
6024,0.852070543317608,15.2149791735193,-2.54262030985139,Perceptual,0.877324481678558,1.02963831875072,0.22605,QuadStudy
6025,2.71480554305186,61.1553962112911,2.43889474586904,Perceptual,5.09507660285354,1.87677405326272,0.14,QuadStudy
6025,1.55042556447019,107.031642451006,1.39324435934806,Perceptual,4.57732863423002,2.95230466984346,0.14,QuadStudy
6025,1.09867930772155,151.022423784549,0.987362757647252,Perceptual,2.75006653022984,2.50306573620008,0.14,QuadStudy
6025,7.14799063652525,23.3256272318667,6.40572766583833,Perceptual,10.015745079985,1.40119728596256,0.14,QuadStudy
6025,1.37774454425237,17.131298589424,9.4258132368689,Perceptual,2.14958946515346,1.56022353644661,0.4064,QuadStudy
6025,0.781363889874143,29.9317789541484,5.37840942856044,Perceptual,1.36366987990534,1.7452430264278,0.4064,QuadStudy
6025,0.381095236476046,61.1643800864523,2.62907042729477,Perceptual,0.693318619664842,1.81927915466984,0.4064,QuadStudy
6025,0.852070543317608,15.2149791735193,-2.54262030985139,Perceptual,1.2010015731634,1.4095095559661,0.22605,QuadStudy
6026,2.71480554305186,61.1553962112911,2.43889474586904,Perceptual,6.21072912937115,2.28772522778531,0.14,QuadStudy
6026,1.55042556447019,107.031642451006,1.39324435934806,Perceptual,4.50086404476856,2.90298621740451,0.14,QuadStudy
6026,1.09867930772155,151.022423784549,0.987362757647252,Perceptual,2.58861845925099,2.35611833321889,0.14,QuadStudy
6026,7.14799063652525,23.3256272318667,6.40572766583833,Perceptual,12.774234051529,1.78710839186812,0.14,QuadStudy
6026,1.37774454425237,17.131298589424,9.4258132368689,Perceptual,1.18709310902136,0.861620620436234,0.4064,QuadStudy
6026,0.781363889874143,29.9317789541484,5.37840942856044,Perceptual,0.63843208023995,0.817073950451926,0.4064,QuadStudy
6026,0.381095236476046,61.1643800864523,2.62907042729477,Perceptual,0.535855902493717,1.40609446459822,0.4064,QuadStudy
6026,0.852070543317608,15.2149791735193,-2.54262030985139,Perceptual,0.63843208023995,0.749271389847795,0.22605,QuadStudy
6027,2.71480554305186,61.1553962112911,2.43889474586904,Perceptual,6.60702425707256,2.43370073926003,0.14,QuadStudy
6027,1.55042556447019,107.031642451006,1.39324435934806,Perceptual,2.94396494976963,1.89881089246335,0.14,QuadStudy
6027,1.09867930772155,151.022423784549,0.987362757647252,Perceptual,1.83896590242524,1.67379679356927,0.14,QuadStudy
6027,7.14799063652525,23.3256272318667,6.40572766583833,Perceptual,8.85119293208086,1.23827707423852,0.14,QuadStudy
6027,1.37774454425237,17.131298589424,9.4258132368689,Perceptual,1.41924921398069,1.03012508371125,0.4064,QuadStudy
6027,0.781363889874143,29.9317789541484,5.37840942856044,Perceptual,0.729209168771621,0.933251687493617,0.4064,QuadStudy
6027,0.381095236476046,61.1643800864523,2.62907042729477,Perceptual,0.584187200727894,1.53291656471443,0.4064,QuadStudy
6027,0.852070543317608,15.2149791735193,-2.54262030985139,Perceptual,0.919728289724227,1.07940392604489,0.22605,QuadStudy
6028,2.71480554305186,61.1553962112911,2.43889474586904,Perceptual,6.16436164905629,2.2706457428721,0.14,QuadStudy
6028,1.55042556447019,107.031642451006,1.39324435934806,Perceptual,4.96849518699976,3.20460091787612,0.14,QuadStudy
6028,1.09867930772155,151.022423784549,0.987362757647252,Perceptual,1.16248318292824,1.05807324736006,0.14,QuadStudy
6028,7.14799063652525,23.3256272318667,6.40572766583833,Perceptual,11.574485928063,1.61926428231719,0.14,QuadStudy
6028,1.37774454425237,17.131298589424,9.4258132368689,Perceptual,1.64896148808845,1.19685575600175,0.4064,QuadStudy
6028,0.781363889874143,29.9317789541484,5.37840942856044,Perceptual,1.21283939314558,1.55220814381497,0.4064,QuadStudy
6028,0.381095236476046,61.1643800864523,2.62907042729477,Perceptual,1.06456192159728,2.79342752074572,0.4064,QuadStudy
6028,0.852070543317608,15.2149791735193,-2.54262030985139,Perceptual,1.66455758859699,1.95354434166436,0.22605,QuadStudy
6029,2.71480554305186,61.1553962112911,2.43889474586904,Perceptual,5.23629623843826,1.92879237772288,0.14,QuadStudy
6029,1.55042556447019,107.031642451006,1.39324435934806,Perceptual,3.49507507151088,2.25426821616246,0.14,QuadStudy
6029,1.09867930772155,151.022423784549,0.987362757647252,Perceptual,1.94769343912174,1.77275882546735,0.14,QuadStudy
6029,7.14799063652525,23.3256272318667,6.40572766583833,Perceptual,8.72115163304877,1.22008436727447,0.14,QuadStudy
6029,1.37774454425237,17.131298589424,9.4258132368689,Perceptual,2.04335809675874,1.48311826403752,0.4064,QuadStudy
6029,0.781363889874143,29.9317789541484,5.37840942856044,Perceptual,1.18513693860777,1.51675417045272,0.4064,QuadStudy
6029,0.381095236476046,61.1643800864523,2.62907042729477,Perceptual,0.691865156870523,1.81546524503465,0.4064,QuadStudy
6029,0.852070543317608,15.2149791735193,-2.54262030985139,Perceptual,1.41372023374187,1.65915867509917,0.22605,QuadStudy
6030,2.71480554305186,61.1553962112911,2.43889474586904,Perceptual,3.61685492580349,1.33227034807715,0.14,QuadStudy
6030,1.55042556447019,107.031642451006,1.39324435934806,Perceptual,2.57911466094222,1.66348821900622,0.14,QuadStudy
6030,1.09867930772155,151.022423784549,0.987362757647252,Perceptual,1.96086001272736,1.78474282617901,0.14,QuadStudy
6030,7.14799063652525,23.3256272318667,6.40572766583833,Perceptual,9.48640527419636,1.32714293520785,0.14,QuadStudy
6030,1.37774454425237,17.131298589424,9.4258132368689,Perceptual,1.31882574964045,0.957235327218157,0.4064,QuadStudy
6030,0.781363889874143,29.9317789541484,5.37840942856044,Perceptual,0.857771080827383,1.09778694913269,0.4064,QuadStudy
6030,0.381095236476046,61.1643800864523,2.62907042729477,Perceptual,0.78575837505971,2.06184255233822,0.4064,QuadStudy
6030,0.852070543317608,15.2149791735193,-2.54262030985139,Perceptual,1.07357975315539,1.25996581101762,0.22605,QuadStudy
6031,2.71480554305186,61.1553962112911,2.43889474586904,Perceptual,7.33557611106286,2.702063184539,0.14,QuadStudy
6031,1.55042556447019,107.031642451006,1.39324435934806,Perceptual,5.65111524526269,3.6448800734228,0.14,QuadStudy
6031,1.09867930772155,151.022423784549,0.987362757647252,Perceptual,4.19980903529035,3.82259773691373,0.14,QuadStudy
6031,7.14799063652525,23.3256272318667,6.40572766583833,Perceptual,10.3171035612121,1.44335717348217,0.14,QuadStudy
6031,1.37774454425237,17.131298589424,9.4258132368689,Perceptual,3.51902622281479,2.55419354589016,0.4064,QuadStudy
6031,0.781363889874143,29.9317789541484,5.37840942856044,Perceptual,3.13870960949797,4.01696271119406,0.4064,QuadStudy
6031,0.381095236476046,61.1643800864523,2.62907042729477,Perceptual,1.65783756896859,4.35019231491443,0.4064,QuadStudy
6031,0.852070543317608,15.2149791735193,-2.54262030985139,Perceptual,2.68745732380846,3.15403148822001,0.22605,QuadStudy
6032,2.71480554305186,61.1553962112911,2.43889474586904,Perceptual,7.35647744398677,2.70976220113244,0.14,QuadStudy
6032,1.55042556447019,107.031642451006,1.39324435934806,Perceptual,6.16436164905629,3.97591589710583,0.14,QuadStudy
6032,1.09867930772155,151.022423784549,0.987362757647252,Perceptual,4.26631559602423,3.88313092459322,0.14,QuadStudy
6032,7.14799063652525,23.3256272318667,6.40572766583833,Perceptual,11.6056393294177,1.62362262621253,0.14,QuadStudy
6032,1.37774454425237,17.131298589424,9.4258132368689,Perceptual,2.42369073138265,1.7591728027476,0.4064,QuadStudy
6032,0.781363889874143,29.9317789541484,5.37840942856044,Perceptual,1.61016756257998,2.06071407118562,0.4064,QuadStudy
6032,0.381095236476046,61.1643800864523,2.62907042729477,Perceptual,1.37793334283239,3.61571914562359,0.4064,QuadStudy
6032,0.852070543317608,15.2149791735193,-2.54262030985139,Perceptual,2.00886697151351,2.35762987849787,0.22605,QuadStudy
6033,2.71480554305186,61.1553962112911,2.43889474586904,Perceptual,5.7625345145704,2.1226325138899,0.14,QuadStudy
6033,1.55042556447019,107.031642451006,1.39324435934806,Perceptual,4.99210393148034,3.21982818516428,0.14,QuadStudy
6033,1.09867930772155,151.022423784549,0.987362757647252,Perceptual,4.39083782859988,3.99646903126412,0.14,QuadStudy
6033,7.14799063652525,23.3256272318667,6.40572766583833,Perceptual,8.52170659192541,1.19218211456247,0.14,QuadStudy
6033,1.37774454425237,17.131298589424,9.4258132368689,Perceptual,2.96756362095958,2.15392877681103,0.4064,QuadStudy
6033,0.781363889874143,29.9317789541484,5.37840942856044,Perceptual,1.96763289297467,2.51820300179421,0.4064,QuadStudy
6033,0.381095236476046,61.1643800864523,2.62907042729477,Perceptual,1.22226360887304,3.20723927219664,0.4064,QuadStudy
6033,0.852070543317608,15.2149791735193,-2.54262030985139,Perceptual,2.4669012096557,2.89518424149556,0.22605,QuadStudy
6034,2.71480554305186,61.1553962112911,2.43889474586904,Perceptual,7.10346670964081,2.61656556869094,0.14,QuadStudy
6034,1.55042556447019,107.031642451006,1.39324435934806,Perceptual,4.51320122663119,2.91094350483923,0.14,QuadStudy
6034,1.09867930772155,151.022423784549,0.987362757647252,Perceptual,3.50558002828138,3.19072180903386,0.14,QuadStudy
6034,7.14799063652525,23.3256272318667,6.40572766583833,Perceptual,11.7319422834531,1.641292340746,0.14,QuadStudy
6034,1.37774454425237,17.131298589424,9.4258132368689,Perceptual,2.82701025502107,2.05191177625395,0.4064,QuadStudy
6034,0.781363889874143,29.9317789541484,5.37840942856044,Perceptual,1.815454614211,2.3234431968739,0.4064,QuadStudy
6034,0.381095236476046,61.1643800864523,2.62907042729477,Perceptual,0.875933453153957,2.29846340052328,0.4064,QuadStudy
6034,0.852070543317608,15.2149791735193,-2.54262030985139,Perceptual,2.11891743611567,2.48678639665853,0.22605,QuadStudy
6035,2.71480554305186,61.1553962112911,2.43889474586904,Perceptual,6.9941194785965,2.5762874606238,0.14,QuadStudy
6035,1.55042556447019,107.031642451006,1.39324435934806,Perceptual,2.464050426218,1.58927360505696,0.14,QuadStudy
6035,1.09227793747385,151.907293145392,0.98161074419586,Perceptual,2.48188638759206,2.27221140558054,0.14,QuadStudy
6035,7.14799063652525,23.3256272318667,6.40572766583833,Perceptual,13.5779491488776,1.89954769659268,0.14,QuadStudy
6035,1.37774454425237,17.131298589424,9.4258132368689,Perceptual,2.13087786054058,1.54664220550181,0.4064,QuadStudy
6035,0.781363889874143,29.9317789541484,5.37840942856044,Perceptual,1.84670557014606,2.36343858998081,0.4064,QuadStudy
6035,0.381095236476046,61.1643800864523,2.62907042729477,Perceptual,1.20971931810338,3.17432285244377,0.4064,QuadStudy
6035,0.852070543317608,15.2149791735193,-2.54262030985139,Perceptual,1.89499533069719,2.22398878304004,0.22605,QuadStudy
6036,2.71480554305186,61.1553962112911,2.43889474586904,Perceptual,7.83788777822174,2.88708994214397,0.14,QuadStudy
6036,1.55042556447019,107.031642451006,1.39324435934806,Perceptual,6.23498721149685,4.02146826934415,0.14,QuadStudy
6036,1.09227793747385,151.907293145392,0.98161074419586,Perceptual,3.35917898864894,3.07538848254854,0.14,QuadStudy
6036,7.14799063652525,23.3256272318667,6.40572766583833,Perceptual,14.3685347848537,2.0101501968165,0.14,QuadStudy
6036,1.37774454425237,17.131298589424,9.4258132368689,Perceptual,2.09879655511695,1.52335682538003,0.4064,QuadStudy
6036,0.781363889874143,29.9317789541484,5.37840942856044,Perceptual,1.43420680848527,1.83551713493732,0.4064,QuadStudy
6036,0.381095236476046,61.1643800864523,2.62907042729477,Perceptual,0.729209168771621,1.91345652995969,0.4064,QuadStudy
6036,0.852070543317608,15.2149791735193,-2.54262030985139,Perceptual,1.91491354197441,2.24736502979969,0.22605,QuadStudy
6037,2.71480554305186,61.1553962112911,2.43889474586904,Perceptual,5.89289476002466,2.17065077648255,0.14,QuadStudy
6037,1.55042556447019,107.031642451006,1.39324435934806,Perceptual,4.65129547622822,3.00001211462072,0.14,QuadStudy
6037,1.09227793747385,151.907293145392,0.98161074419586,Perceptual,2.88188698221015,2.63841910867046,0.14,QuadStudy
6037,7.14799063652525,23.3256272318667,6.40572766583833,Perceptual,9.90651495568412,1.38591605101764,0.14,QuadStudy
6037,1.37774454425237,17.131298589424,9.4258132368689,Perceptual,1.69444257785965,1.22986702065232,0.4064,QuadStudy
6037,0.781363889874143,29.9317789541484,5.37840942856044,Perceptual,1.28825319342947,1.64872373822774,0.4064,QuadStudy
6037,0.381095236476046,61.1643800864523,2.62907042729477,Perceptual,1.09099648086456,2.86279222735218,0.4064,QuadStudy
6037,0.852070543317608,15.2149791735193,-2.54262030985139,Perceptual,1.11843299459047,1.31260610211422,0.22605,QuadStudy
6038,2.71480554305186,61.1553962112911,2.43889474586904,Perceptual,7.10346670964081,2.61656556869094,0.14,QuadStudy
6038,1.55042556447019,107.031642451006,1.39324435934806,Perceptual,1.83264821166593,1.18202914971425,0.14,QuadStudy
6038,1.09227793747385,151.907293145392,0.98161074419586,Perceptual,3.45139396213012,3.15981294112037,0.14,QuadStudy
6038,7.14799063652525,23.3256272318667,6.40572766583833,Perceptual,8.7124471715743,1.2188666178513,0.14,QuadStudy
6038,1.37774454425237,17.131298589424,9.4258132368689,Perceptual,2.91792094962153,2.11789693655069,0.4064,QuadStudy
6038,0.781363889874143,29.9317789541484,5.37840942856044,Perceptual,1.86385831002637,2.3853908968414,0.4064,QuadStudy
6038,0.381095236476046,61.1643800864523,2.62907042729477,Perceptual,1.19575839703978,3.13768917212625,0.4064,QuadStudy
6038,0.852070543317608,15.2149791735193,-2.54262030985139,Perceptual,1.39025082831152,1.63161470516099,0.22605,QuadStudy
6039,2.71480554305186,61.1553962112911,2.43889474586904,Perceptual,7.57222407076317,2.78923258063295,0.14,QuadStudy
6039,1.55042556447019,107.031642451006,1.39324435934806,Perceptual,5.2678434130158,3.39767579542971,0.14,QuadStudy
6039,1.09227793747385,151.907293145392,0.98161074419586,Perceptual,2.56192097994459,2.34548450723966,0.14,QuadStudy
6039,7.14799063652525,23.3256272318667,6.40572766583833,Perceptual,10.7630941042638,1.50575100773998,0.14,QuadStudy
6039,1.37774454425237,17.131298589424,9.4258132368689,Perceptual,2.08947993589014,1.51659459992562,0.4064,QuadStudy
6039,0.781363889874143,29.9317789541484,5.37840942856044,Perceptual,1.4437164606437,1.84768771548458,0.4064,QuadStudy
6039,0.381095236476046,61.1643800864523,2.62907042729477,Perceptual,0.728519301684818,1.91164630768249,0.4064,QuadStudy
6039,0.852070543317608,15.2149791735193,-2.54262030985139,Perceptual,0.960154054529124,1.12684807855308,0.22605,QuadStudy
6040,2.71480554305186,61.1553962112911,2.43889474586904,Perceptual,2.64945759019553,0.975929048390379,0.14,QuadStudy
6040,1.55042556447019,107.031642451006,1.39324435934806,Perceptual,1.59461060819773,1.02849865529833,0.14,QuadStudy
6040,1.09227793747385,151.907293145392,0.98161074419586,Perceptual,1.13453281971587,1.03868510091831,0.14,QuadStudy
6040,7.14799063652525,23.3256272318667,6.40572766583833,Perceptual,7.10907848048391,0.994556210546428,0.14,QuadStudy
6040,1.37774454425237,17.131298589424,9.4258132368689,Perceptual,1.23277168176084,0.894775222956734,0.4064,QuadStudy
6040,0.781363889874143,29.9317789541484,5.37840942856044,Perceptual,0.993777986645681,1.27185041377552,0.4064,QuadStudy
6040,0.381095236476046,61.1643800864523,2.62907042729477,Perceptual,0.501576011370261,1.31614348163543,0.4064,QuadStudy
6040,0.852070543317608,15.2149791735193,-2.54262030985139,Perceptual,0.827591315087436,0.971270890160267,0.22605,QuadStudy
6041,2.71480554305186,61.1553962112911,2.43889474586904,Perceptual,6.10443325097134,2.24857108701385,0.14,QuadStudy
6041,1.55042556447019,107.031642451006,1.39324435934806,Perceptual,4.75504564913684,3.06692933740533,0.14,QuadStudy
6041,1.09227793747385,151.907293145392,0.98161074419586,Perceptual,3.05138068483086,2.79359362680886,0.14,QuadStudy
6041,7.14799063652525,23.3256272318667,6.40572766583833,Perceptual,6.79835621592639,0.951086334834817,0.14,QuadStudy
6041,1.37774454425237,17.131298589424,9.4258132368689,Perceptual,1.71423402078118,1.24423212411369,0.4064,QuadStudy
6041,0.781363889874143,29.9317789541484,5.37840942856044,Perceptual,1.3095608045354,1.67599350508293,0.4064,QuadStudy
6041,0.381095236476046,61.1643800864523,2.62907042729477,Perceptual,1.10950264588165,2.91135270055098,0.4064,QuadStudy
6041,0.852070543317608,15.2149791735193,-2.54262030985139,Perceptual,0.897272825421884,1.0530499293266,0.22605,QuadStudy
6042,2.71480554305186,61.1553962112911,2.43889474586904,Perceptual,3.84555807237267,1.41651326822092,0.14,QuadStudy
6042,1.55042556447019,107.031642451006,1.39324435934806,Perceptual,2.27347399859394,1.46635481940782,0.14,QuadStudy
6042,1.09227793747385,151.907293145392,0.98161074419586,Perceptual,1.67352088703455,1.53213832269191,0.14,QuadStudy
6042,7.14799063652525,23.3256272318667,6.40572766583833,Perceptual,7.7325343612482,1.08177734897077,0.14,QuadStudy
6042,1.37774454425237,17.131298589424,9.4258132368689,Perceptual,1.96056186142151,1.42302277269071,0.4064,QuadStudy
6042,0.781363889874143,29.9317789541484,5.37840942856044,Perceptual,1.27929096791041,1.63725376164552,0.4064,QuadStudy
6042,0.381095236476046,61.1643800864523,2.62907042729477,Perceptual,1.0985804900358,2.88269278880072,0.4064,QuadStudy
6042,0.852070543317608,15.2149791735193,-2.54262030985139,Perceptual,1.28989193490819,1.51383232881856,0.22605,QuadStudy
6043,2.71480554305186,61.1553962112911,2.43889474586904,Perceptual,7.05493610074824,2.59868929426798,0.14,QuadStudy
6043,1.55042556447019,107.031642451006,1.39324435934806,Perceptual,3.5893611718493,2.31508126162501,0.14,QuadStudy
6043,1.09227793747385,151.907293145392,0.98161074419586,Perceptual,2.29002442116362,2.09655834160658,0.14,QuadStudy
6043,7.14799063652525,23.3256272318667,6.40572766583833,Perceptual,10.0397072840391,1.40454958526912,0.14,QuadStudy
6043,1.37774454425237,17.131298589424,9.4258132368689,Perceptual,2.98184682477177,2.16429586835334,0.4064,QuadStudy
6043,0.781363889874143,29.9317789541484,5.37840942856044,Perceptual,1.90188931954364,2.43406349357914,0.4064,QuadStudy
6043,0.381095236476046,61.1643800864523,2.62907042729477,Perceptual,0.732061278421605,1.92094051132969,0.4064,QuadStudy
6043,0.852070543317608,15.2149791735193,-2.54262030985139,Perceptual,1.13797531399819,1.33554119775974,0.22605,QuadStudy
7001,2.71480554305186,61.1553962112911,2.43889474586904,Perceptual,4.60077696105164,1.69469852926544,0.14,QuadStudy
7001,1.55042556447019,107.031642451006,1.39324435934806,Perceptual,2.71247292645691,1.7495021938598,0.14,QuadStudy
7001,1.09227793747385,151.907293145392,0.98161074419586,Perceptual,2.39958562582353,2.19686358526397,0.14,QuadStudy
7001,7.14799063652525,23.3256272318667,6.40572766583833,Perceptual,4.56182868210037,0.638197350006315,NaN,QuadStudy
7001,1.37774454425237,17.131298589424,9.4258132368689,Perceptual,0.852758650694757,0.618952660166405,0.4064,QuadStudy
7001,0.781363889874143,29.9317789541484,5.37840942856044,Perceptual,0.581905258781931,0.744730165193148,0.4064,QuadStudy
7001,0.381095236476046,61.1643800864523,2.62907042729477,Perceptual,0.425375803127524,1.11619291561064,0.4064,QuadStudy
7001,0.852070543317608,15.2149791735193,-2.54262030985139,Perceptual,0.634654453103939,0.744837922260356,0.22605,QuadStudy
1034,2.71480554305186,61.1553962112911,2.43889474586904,Perceptual,7.04993191133256,2.59684599855625,0.14,QuadStudy
1034,1.55042556447019,107.031642451006,1.39324435934806,Perceptual,5.63262467183988,3.63295394562503,0.14,QuadStudy
1034,1.37774454425237,17.131298589424,9.4258132368689,Perceptual,2.45515766426909,1.78201225656195,0.4064,QuadStudy
1034,0.781363889874143,29.9317789541484,5.37840942856044,Perceptual,1.95514241782868,2.50221752395494,0.4064,QuadStudy
1034,0.381095236476046,61.1643800864523,2.62907042729477,Perceptual,1.17861447267007,3.09270324018902,0.4064,QuadStudy
1034,0.852070543317608,15.2149791735193,-2.54262030985139,Perceptual,1.24064208715503,1.4560321288945,0.22605,QuadStudy
5051,2.71480554305186,61.1553962112911,2.43889474586904,Perceptual,14.2500326978036,5.24900677850552,0.14,QuadStudy
5051,1.55042556447019,107.031642451006,1.39324435934806,Perceptual,8.76012091012732,5.65013962029247,0.14,QuadStudy
5051,1.37774454425237,17.131298589424,9.4258132368689,Perceptual,1.54404812376101,1.12070712252312,0.4064,QuadStudy
5051,0.781363889874143,29.9317789541484,5.37840942856044,Perceptual,1.02042340669575,1.30595158020434,0.4064,QuadStudy
5051,0.381095236476046,61.1643800864523,2.62907042729477,Perceptual,0.827112678555934,2.17035690659419,0.4064,QuadStudy
7002,2.71480554305186,61.1553962112911,2.43889474586904,Perceptual,10.937742538026,4.02892301661146,0.14,QuadStudy
7002,1.55042556447019,107.031642451006,1.39324435934806,Perceptual,8.30950848529348,5.35950172373029,0.14,QuadStudy
7002,1.09227793747385,151.907293145392,0.98161074419586,Perceptual,6.61205091026939,6.0534509426798,0.14,QuadStudy
7002,7.14799063652525,23.3256272318667,6.40572766583833,Perceptual,13.3122328686624,1.86237413359759,NaN,QuadStudy
7002,1.37774454425237,17.131298589424,9.4258132368689,Perceptual,3.70780195036487,2.69121149187849,0.4064,QuadStudy
7002,0.781363889874143,29.9317789541484,5.37840942856044,Perceptual,2.60390534515775,3.33251303125509,0.4064,QuadStudy
7002,0.381095236476046,61.1643800864523,2.62907042729477,Perceptual,2.3691827412141,6.21677343207362,0.4064,QuadStudy
7002,0.852070543317608,15.2149791735193,-2.54262030985139,Perceptual,3.15047385136611,3.697433124609,0.22605,QuadStudy
7003,2.71480554305186,61.1553962112911,2.43889474586904,Perceptual,4.68440122719455,1.72550157015245,0.14,QuadStudy
7003,1.55042556447019,107.031642451006,1.39324435934806,Perceptual,2.99493974483426,1.93168883012949,0.14,QuadStudy
7003,1.09227793747385,151.907293145392,0.98161074419586,Perceptual,2.08496056005273,1.90881870677961,0.14,QuadStudy
7003,7.14799063652525,23.3256272318667,6.40572766583833,Perceptual,9.35319835164492,1.30850735923623,NaN,QuadStudy
7003,1.37774454425237,17.131298589424,9.4258132368689,Perceptual,1.96449533781443,1.42587778409999,0.4064,QuadStudy
7003,0.781363889874143,29.9317789541484,5.37840942856044,Perceptual,1.070426000688,1.36994557153187,0.4064,QuadStudy
7003,0.381095236476046,61.1643800864523,2.62907042729477,Perceptual,0.692870750339188,1.8181039383911,0.4064,QuadStudy
7003,0.852070543317608,15.2149791735193,-2.54262030985139,Perceptual,1.4235871344002,1.67073858563089,0.22605,QuadStudy
7004,2.71480554305186,61.1553962112911,2.43889474586904,Perceptual,10.705602718624,3.94341419628503,0.14,QuadStudy
7004,1.55042556447019,107.031642451006,1.39324435934806,Perceptual,7.23382376797765,4.66570207157903,0.14,QuadStudy
7004,1.09227793747385,151.907293145392,0.98161074419586,Perceptual,5.32384932649082,4.87407933808816,0.14,QuadStudy
7004,7.14799063652525,23.3256272318667,6.40572766583833,Perceptual,14.0362925697844,1.96366969173978,NaN,QuadStudy
7004,1.37774454425237,17.131298589424,9.4258132368689,Perceptual,1.55903769984445,1.13158691598409,0.4064,QuadStudy
7004,0.781363889874143,29.9317789541484,5.37840942856044,Perceptual,1.1591785524569,1.48353227923498,0.4064,QuadStudy
7004,0.381095236476046,61.1643800864523,2.62907042729477,Perceptual,0.753626706506997,1.9775285397837,0.4064,QuadStudy
7004,0.852070543317608,15.2149791735193,-2.54262030985139,Perceptual,1.19688885372279,1.40468282011323,0.22605,QuadStudy
7007,2.71480554305186,61.1553962112911,2.43889474586904,Perceptual,4.59720876222344,1.69338418141561,0.14,QuadStudy
7007,1.55042556447019,107.031642451006,1.39324435934806,Perceptual,3.74776000134494,2.41724600472879,0.14,QuadStudy
7007,1.09227793747385,151.907293145392,0.98161074419586,Perceptual,3.1961791108192,2.92615917722474,0.14,QuadStudy
7007,7.14799063652525,23.3256272318667,6.40572766583833,Perceptual,12.4689601910825,1.74440074492652,NaN,QuadStudy
7007,1.37774454425237,17.131298589424,9.4258132368689,Perceptual,2.35428977196413,1.70879992360389,0.4064,QuadStudy
7007,0.781363889874143,29.9317789541484,5.37840942856044,Perceptual,1.86346546256615,2.38488812538587,0.4064,QuadStudy
7007,0.381095236476046,61.1643800864523,2.62907042729477,Perceptual,1.33985458525994,3.51579987629722,0.4064,QuadStudy
7007,0.852070543317608,15.2149791735193,-2.54262030985139,Perceptual,2.16385580496874,2.53952659429299,0.22605,QuadStudy
7008,2.71480554305186,61.1553962112911,2.43889474586904,Perceptual,5.68061921784531,2.09245897275553,0.14,QuadStudy
7008,1.55042556447019,107.031642451006,1.39324435934806,Perceptual,3.68763285951968,2.37846494796403,0.14,QuadStudy
7008,1.09227793747385,151.907293145392,0.98161074419586,Perceptual,3.08791225882219,2.82703893659495,0.14,QuadStudy
7008,7.14799063652525,23.3256272318667,6.40572766583833,Perceptual,11.1841517139868,1.56465673819399,NaN,QuadStudy
7008,1.37774454425237,17.131298589424,9.4258132368689,Perceptual,1.91678037753778,1.39124512271462,0.4064,QuadStudy
7008,0.781363889874143,29.9317789541484,5.37840942856044,Perceptual,1.29130928895806,1.65263497032868,0.4064,QuadStudy
7008,0.381095236476046,61.1643800864523,2.62907042729477,Perceptual,0.95934877805972,2.51734654815089,0.4064,QuadStudy
7008,0.852070543317608,15.2149791735193,-2.54262030985139,Perceptual,1.26873581303567,1.48900325564095,0.22605,QuadStudy
7011,2.71480554305186,61.1553962112911,2.43889474586904,Perceptual,1.61194441507462,0.593760543623519,0.14,QuadStudy
7011,1.55042556447019,107.031642451006,1.39324435934806,Perceptual,1.30423784729203,0.841212810972786,0.14,QuadStudy
7011,1.09227793747385,151.907293145392,0.98161074419586,Perceptual,0.711847497812293,0.651709124015277,0.14,QuadStudy
7011,7.14799063652525,23.3256272318667,6.40572766583833,Perceptual,5.80075861824636,0.811522973827816,NaN,QuadStudy
7011,1.37774454425237,17.131298589424,9.4258132368689,Perceptual,2.29152567635021,1.66324423922411,0.4064,QuadStudy
7011,0.781363889874143,29.9317789541484,5.37840942856044,Perceptual,2.04068500646572,2.61169607773201,0.4064,QuadStudy
7011,0.381095236476046,61.1643800864523,2.62907042729477,Perceptual,1.45141546046989,3.80853739839678,0.4064,QuadStudy
7011,0.852070543317608,15.2149791735193,-2.54262030985139,Perceptual,1.8384381612317,2.15761262450593,0.22605,QuadStudy
7012,2.71480554305186,61.1553962112911,2.43889474586904,Perceptual,6.42271094031518,2.36580883546269,0.14,QuadStudy
7012,1.55042556447019,107.031642451006,1.39324435934806,Perceptual,3.82143230512458,2.46476347700733,0.14,QuadStudy
7012,1.09227793747385,151.907293145392,0.98161074419586,Perceptual,1.82488738941923,1.67071706459596,0.14,QuadStudy
7012,7.14799063652525,23.3256272318667,6.40572766583833,Perceptual,12.047061658923,1.68537736988129,NaN,QuadStudy
7012,1.37774454425237,17.131298589424,9.4258132368689,Perceptual,1.59611350306629,1.15849742227244,0.4064,QuadStudy
7012,0.781363889874143,29.9317789541484,5.37840942856044,Perceptual,1.41281979458123,1.80814574731473,0.4064,QuadStudy
7012,0.381095236476046,61.1643800864523,2.62907042729477,Perceptual,1.00574181501309,2.6390826196441,0.4064,QuadStudy
7012,0.852070543317608,15.2149791735193,-2.54262030985139,Perceptual,1.19569461087798,1.40328124268026,0.22605,QuadStudy
7013,2.71480554305186,61.1553962112911,2.43889474586904,Perceptual,10.1875295065221,3.75258166559867,0.14,QuadStudy
7013,1.55042556447019,107.031642451006,1.39324435934806,Perceptual,6.81007016106167,4.39238768833692,0.14,QuadStudy
7013,1.09227793747385,151.907293145392,0.98161074419586,Perceptual,4.48587651305415,4.1069002303835,0.14,QuadStudy
7013,7.14799063652525,23.3256272318667,6.40572766583833,Perceptual,13.4720224282387,1.8847286060223,NaN,QuadStudy
7013,1.37774454425237,17.131298589424,9.4258132368689,Perceptual,2.46297423367343,1.78768570991508,0.4064,QuadStudy
7013,0.781363889874143,29.9317789541484,5.37840942856044,Perceptual,2.00281922303184,2.56323493955478,0.4064,QuadStudy
7013,0.381095236476046,61.1643800864523,2.62907042729477,Perceptual,1.23877940643623,3.2505769893403,0.4064,QuadStudy
7013,0.852070543317608,15.2149791735193,-2.54262030985139,Perceptual,1.66698777628981,1.95639643849118,0.22605,QuadStudy
7014,2.71480554305186,61.1553962112911,2.43889474586904,Perceptual,9.41250610278313,3.46710140137773,0.14,QuadStudy
7014,1.55042556447019,107.031642451006,1.39324435934806,Perceptual,1.5168331575899,0.978333428156699,0.14,QuadStudy
7014,1.09227793747385,151.907293145392,0.98161074419586,Perceptual,4.10327833857422,3.75662475437711,0.14,QuadStudy
7014,7.14799063652525,23.3256272318667,6.40572766583833,Perceptual,9.38572501117968,1.31305782120361,NaN,QuadStudy
7014,1.37774454425237,17.131298589424,9.4258132368689,Perceptual,4.17966976528269,3.03370445756385,0.4064,QuadStudy
7014,0.781363889874143,29.9317789541484,5.37840942856044,Perceptual,3.34864589827696,4.28564199302369,0.4064,QuadStudy
7014,0.381095236476046,61.1643800864523,2.62907042729477,Perceptual,0.624093091881209,1.63763026180055,0.4064,QuadStudy
7014,0.852070543317608,15.2149791735193,-2.54262030985139,Perceptual,1.4149602132169,1.66061392957868,0.22605,QuadStudy
1032,2.71480554305186,61.1553962112911,2.43889474586904,Perceptual,6.2300477058643,2.29484123524397,0.14,QuadStudy
1032,1.55042556447019,107.031642451006,1.39324435934806,Perceptual,1.92514262631184,1.24168658620493,0.14,QuadStudy
1032,1.09227793747385,151.907293145392,0.98161074419586,Perceptual,3.25335516705055,2.97850487997104,0.14,QuadStudy
1032,7.14799063652525,23.3256272318667,6.40572766583833,Perceptual,8.04325313545782,1.12524673638461,NaN,QuadStudy
1032,1.37774454425237,17.131298589424,9.4258132368689,Perceptual,1.50002199850549,1.08875190597795,0.4064,QuadStudy
1032,0.781363889874143,29.9317789541484,5.37840942856044,Perceptual,1.29440514759931,1.65659709179523,0.4064,QuadStudy
1032,0.381095236476046,61.1643800864523,2.62907042729477,Perceptual,0.763932409458051,2.00457086927159,0.4064,QuadStudy
1032,0.852070543317608,15.2149791735193,-2.54262030985139,Perceptual,1.69791428859007,1.99269215666006,0.22605,QuadStudy
7015,2.71480554305186,61.1553962112911,2.43889474586904,Perceptual,4.28228446886999,1.57738165808223,0.14,QuadStudy
7015,1.55042556447019,107.031642451006,1.39324435934806,Perceptual,2.13707791128636,1.37838149748043,0.14,QuadStudy
7015,1.09227793747385,151.907293145392,0.98161074419586,Perceptual,1.77101343054991,1.62139449108146,0.14,QuadStudy
7015,7.14799063652525,23.3256272318667,6.40572766583833,Perceptual,6.51357762067287,0.911245964339878,NaN,QuadStudy
7015,1.37774454425237,17.131298589424,9.4258132368689,Perceptual,2.81801449269908,2.04538243642856,0.4064,QuadStudy
7015,0.781363889874143,29.9317789541484,5.37840942856044,Perceptual,1.64671143984491,2.10748341609459,0.4064,QuadStudy
7015,0.381095236476046,61.1643800864523,2.62907042729477,Perceptual,0.788763092472663,2.06972697892077,0.4064,QuadStudy
7015,0.852070543317608,15.2149791735193,-2.54262030985139,Perceptual,1.86023738167829,2.18319644572537,0.22605,QuadStudy
7016,2.71480554305186,61.1553962112911,2.43889474586904,Perceptual,9.77796584134933,3.60171868161039,0.14,QuadStudy
7016,1.55042556447019,107.031642451006,1.39324435934806,Perceptual,1.5339566588809,0.989377816022457,0.14,QuadStudy
7016,1.09227793747385,151.907293145392,0.98161074419586,Perceptual,5.30781560332848,4.85940017758125,0.14,QuadStudy
7016,7.14799063652525,23.3256272318667,6.40572766583833,Perceptual,11.6684502128089,1.63240983461628,NaN,QuadStudy
7016,1.37774454425237,17.131298589424,9.4258132368689,Perceptual,3.47140917785678,2.51963195378903,0.4064,QuadStudy
7016,0.781363889874143,29.9317789541484,5.37840942856044,Perceptual,2.25808147019131,2.88992299164865,0.4064,QuadStudy
7016,0.381095236476046,61.1643800864523,2.62907042729477,Perceptual,0.581022644059239,1.52461271736667,0.4064,QuadStudy
7016,0.852070543317608,15.2149791735193,-2.54262030985139,Perceptual,1.37334778162488,1.61177709098784,0.22605,QuadStudy
7017,2.71480554305186,61.1553962112911,2.43889474586904,Perceptual,2.1232399667988,0.782096519668937,0.14,QuadStudy
7017,1.55042556447019,107.031642451006,1.39324435934806,Perceptual,1.57719714829901,1.0172672487105,0.14,QuadStudy
7017,1.09227793747385,151.907293145392,0.98161074419586,Perceptual,0.675999916417045,0.61889002169215,0.14,QuadStudy
7017,7.14799063652525,23.3256272318667,6.40572766583833,Perceptual,7.92062366091677,1.10809093963323,NaN,QuadStudy
7017,1.37774454425237,17.131298589424,9.4258132368689,Perceptual,2.26138190247594,1.64136516592274,0.4064,QuadStudy
7017,0.781363889874143,29.9317789541484,5.37840942856044,Perceptual,1.8384381612317,2.35285784902067,0.4064,QuadStudy
7017,0.381095236476046,61.1643800864523,2.62907042729477,Perceptual,0.603107899736557,1.58256478174181,0.4064,QuadStudy
7017,0.852070543317608,15.2149791735193,-2.54262030985139,Perceptual,1.35344605518774,1.58842019103017,0.22605,QuadStudy
7018,2.71480554305186,61.1553962112911,2.43889474586904,Perceptual,6.45350599570538,2.3771522097493,0.14,QuadStudy
7018,1.55042556447019,107.031642451006,1.39324435934806,Perceptual,1.63691092337723,1.05578169045258,0.14,QuadStudy
7018,1.09227793747385,151.907293145392,0.98161074419586,Perceptual,4.65643476413249,4.26304936168683,0.14,QuadStudy
7018,7.14799063652525,23.3256272318667,6.40572766583833,Perceptual,8.59257412704257,1.20209644415812,NaN,QuadStudy
7018,1.37774454425237,17.131298589424,9.4258132368689,Perceptual,3.59415023615688,2.60872035469191,0.4064,QuadStudy
7018,0.781363889874143,29.9317789541484,5.37840942856044,Perceptual,3.60376679320476,4.61214914063309,0.4064,QuadStudy
7018,0.381095236476046,61.1643800864523,2.62907042729477,Perceptual,0.688688890991576,1.80713067253168,0.4064,QuadStudy
7018,0.852070543317608,15.2149791735193,-2.54262030985139,Perceptual,1.20036895395541,1.40876710663142,0.22605,QuadStudy
7019,2.71480554305186,61.1553962112911,2.43889474586904,Perceptual,6.48908949162885,2.39025940853727,0.14,QuadStudy
7019,1.55042556447019,107.031642451006,1.39324435934806,Perceptual,2.02342784507237,1.30507899988337,0.14,QuadStudy
7019,1.09227793747385,151.907293145392,0.98161074419586,Perceptual,3.47939764785101,3.18545081657325,0.14,QuadStudy
7019,7.14799063652525,23.3256272318667,6.40572766583833,Perceptual,12.5297373572739,1.75290343740081,NaN,QuadStudy
7019,1.37774454425237,17.131298589424,9.4258132368689,Perceptual,1.71663849807438,1.24597735134267,0.4064,QuadStudy
7019,0.781363889874143,29.9317789541484,5.37840942856044,Perceptual,1.30163584100332,1.66585103032209,0.4064,QuadStudy
7019,0.381095236476046,61.1643800864523,2.62907042729477,Perceptual,0.750043129661168,1.96812517678455,0.4064,QuadStudy
7019,0.852070543317608,15.2149791735193,-2.54262030985139,Perceptual,1.71035138052096,2.00728847386457,0.22605,QuadStudy
7020,2.71480554305186,61.1553962112911,2.43889474586904,Perceptual,10.4942778032329,3.86557255641805,0.14,QuadStudy
7020,1.55042556447019,107.031642451006,1.39324435934806,Perceptual,1.98128158835836,1.27789533000599,0.14,QuadStudy
7020,1.09227793747385,151.907293145392,0.98161074419586,Perceptual,6.56244527797672,6.00803609853546,0.14,QuadStudy
7020,7.14799063652525,23.3256272318667,6.40572766583833,Perceptual,12.4803111346192,1.74598873574995,NaN,QuadStudy
7020,1.37774454425237,17.131298589424,9.4258132368689,Perceptual,1.5564396235084,1.12970116993132,0.4064,QuadStudy
7020,0.781363889874143,29.9317789541484,5.37840942856044,Perceptual,1.45249126481513,1.85891782770904,0.4064,QuadStudy
7020,0.381095236476046,61.1643800864523,2.62907042729477,Perceptual,0.717433430333877,1.88255680382657,0.4064,QuadStudy
7020,0.852070543317608,15.2149791735193,-2.54262030985139,Perceptual,1.51356060775841,1.77633251099755,0.22605,QuadStudy
7021,2.71480554305186,61.1553962112911,2.43889474586904,Perceptual,3.99142991787417,1.47024523656571,0.14,QuadStudy
7021,1.55042556447019,107.031642451006,1.39324435934806,Perceptual,1.56166019359871,1.00724615833612,0.14,QuadStudy
7021,1.09227793747385,151.907293145392,0.98161074419586,Perceptual,6.57224949843447,6.01701203782837,0.14,QuadStudy
7021,7.14799063652525,23.3256272318667,6.40572766583833,Perceptual,6.46201980073643,0.904033053389353,NaN,QuadStudy
7021,1.37774454425237,17.131298589424,9.4258132368689,Perceptual,1.4235871344002,1.03327365028522,0.4064,QuadStudy
7021,0.781363889874143,29.9317789541484,5.37840942856044,Perceptual,1.05111113618715,1.34522614854451,0.4064,QuadStudy
7021,0.381095236476046,61.1643800864523,2.62907042729477,Perceptual,0.620339222034353,1.62778004724115,0.4064,QuadStudy
7021,0.852070543317608,15.2149791735193,-2.54262030985139,Perceptual,1.4523657822064,1.70451354479582,0.22605,QuadStudy
