ID,Real_Visual_Angle,Distance,Elevation,Task,Reported_Visual_Angle,Ratio_Visual_Angle,Study
1000,0.503898546,395236000,12,Perceptual,3.003846561,5.961212991,MoonStudy
1000,0.503898546,395236000,12,Adjusted,0.924416053,1.83452812,MoonStudy
1000,0.503898546,395236000,25,Perceptual,2.565944512,5.092184786,MoonStudy
1000,0.503898546,395236000,25,Adjusted,0.993777987,1.972178713,MoonStudy
1001,0.503898546,395236000,13,Perceptual,2.767684755,5.492543637,MoonStudy
1001,0.503898546,395236000,13,Adjusted,1.517475181,3.011469653,MoonStudy
1001,0.503898546,395236000,21,Perceptual,2.142761195,4.252366296,MoonStudy
1001,0.503898546,395236000,21,Adjusted,1.138579295,2.259540741,MoonStudy
1002,0.503898546,395236000,14,Perceptual,1.020879608,2.025962597,MoonStudy
1002,0.503898546,395236000,14,Adjusted,1.117232299,2.217177063,MoonStudy
1002,0.503898546,395236000,24,Perceptual,0.924416053,1.83452812,MoonStudy
1002,0.503898546,395236000,24,Adjusted,0.916712916,1.819241041,MoonStudy
1003,0.503898546,395236000,16,Perceptual,1.582816629,3.141141486,MoonStudy
1003,0.503898546,395236000,16,Adjusted,1.666668781,3.3075483,MoonStudy
1003,0.503898546,395236000,21,Perceptual,1.909682508,3.789815472,MoonStudy
1003,0.503898546,395236000,21,Adjusted,1.248180116,2.477046472,MoonStudy
1004,0.503898546,395236000,16,Perceptual,1.926579182,3.823347371,MoonStudy
1004,0.503898546,395236000,16,Adjusted,1.201022629,2.38346119,MoonStudy
1004,0.503898546,395236000,22,Perceptual,1.426474292,2.830875982,MoonStudy
1004,0.503898546,395236000,22,Adjusted,1.083789326,2.150808597,MoonStudy
1005,0.503898546,395236000,16,Perceptual,2.134301817,4.235578435,MoonStudy
1005,0.503898546,395236000,16,Adjusted,3.34275657,6.633788872,MoonStudy
1005,0.503898546,395236000,24,Perceptual,1.270872456,2.52208002,MoonStudy
1005,0.503898546,395236000,24,Adjusted,1.666668781,3.3075483,MoonStudy
1006,0.503898546,395236000,17,Perceptual,1.853903911,3.67912137,MoonStudy
1006,0.503898546,395236000,17,Adjusted,2.153515502,4.273708503,MoonStudy
1006,0.503898546,395236000,23,Perceptual,0.921438037,1.828618169,MoonStudy
1006,0.503898546,395236000,23,Adjusted,1.752440156,3.477763864,MoonStudy
1007,0.503898546,395236000,17.5,Perceptual,1.697914289,3.369555838,MoonStudy
1007,0.503898546,395236000,17.5,Adjusted,2.229608397,4.424716865,MoonStudy
1007,0.503898546,395236000,22.5,Perceptual,1.189758966,2.361108153,MoonStudy
1007,0.503898546,395236000,22.5,Adjusted,1.25469542,2.489976263,MoonStudy
1008,0.503898546,395236000,18,Perceptual,1.136561932,2.255537232,MoonStudy
1008,0.503898546,395236000,18,Adjusted,1.039290294,2.062499092,MoonStudy
1008,0.503898546,395236000,23,Perceptual,0.928076632,1.841792635,MoonStudy
1008,0.503898546,395236000,23,Adjusted,1.057738196,2.09910944,MoonStudy
1009,0.503898546,395236000,18,Perceptual,2.160900419,4.288364065,MoonStudy
1009,0.503898546,395236000,18,Adjusted,1.901557694,3.773691565,MoonStudy
1009,0.503898546,395236000,24,Perceptual,1.596343233,3.16798539,MoonStudy
1009,0.503898546,395236000,24,Adjusted,1.934478898,3.839024565,MoonStudy
1010,0.503898546,395236000,19,Perceptual,0.863572212,1.713781908,MoonStudy
1010,0.503898546,395236000,19,Adjusted,2.291525676,4.547593345,MoonStudy
1010,0.503898546,395236000,23,Perceptual,0.948322287,1.881970674,MoonStudy
1010,0.503898546,395236000,23,Adjusted,1.460401583,2.898205588,MoonStudy
1011,0.503898546,395236000,19,Perceptual,1.713489173,3.400464607,MoonStudy
1011,0.503898546,395236000,19,Adjusted,2.661002958,5.280830787,MoonStudy
1011,0.503898546,395236000,25,Perceptual,1.127396704,2.237348594,MoonStudy
1011,0.503898546,395236000,25,Adjusted,2.613038694,5.185644437,MoonStudy
1012,0.531744977,374538000,7.5,Perceptual,1.311532863,2.46646968,MoonStudy
1012,0.531744977,374538000,7.5,Adjusted,1.215621372,2.286098458,MoonStudy
1012,0.531744977,374538000,16,Perceptual,1.182136805,2.223127358,MoonStudy
1012,0.531744977,374538000,16,Adjusted,1.069490163,2.011283999,MoonStudy
1013,0.531744977,374538000,8,Perceptual,2.218797309,4.172671874,MoonStudy
1013,0.531744977,374538000,8,Adjusted,0.793313504,1.491905967,MoonStudy
1013,0.531744977,374538000,17,Perceptual,1.212839393,2.280866668,MoonStudy
1013,0.531744977,374538000,17,Adjusted,1.170256088,2.200784472,MoonStudy
1014,0.531744977,374538000,9,Perceptual,1.13018147,2.125420115,MoonStudy
1014,0.531744977,374538000,9,Adjusted,1.13018147,2.125420115,MoonStudy
1014,0.531744977,374538000,19,Perceptual,0.884803315,1.663961774,MoonStudy
1014,0.531744977,374538000,19,Adjusted,1.31882575,2.480184689,MoonStudy
1015,0.531744977,374538000,10,Perceptual,1.250040148,2.350826435,MoonStudy
1015,0.531744977,374538000,10,Adjusted,0.677124059,1.27340001,MoonStudy
1015,0.531744977,374538000,19,Perceptual,0.99855831,1.877889503,MoonStudy
1015,0.531744977,374538000,19,Adjusted,0.841882021,1.583243957,MoonStudy
1016,0.531744977,374538000,10,Perceptual,1.838438161,3.457368178,MoonStudy
1016,0.531744977,374538000,10,Adjusted,1.738875801,3.27013113,MoonStudy
1016,0.531744977,374538000,19,Perceptual,1.343709929,2.526981895,MoonStudy
1016,0.531744977,374538000,19,Adjusted,4.627444996,8.702376512,MoonStudy
1017,0.537927917,370233000,10,Perceptual,2.241722751,4.167329261,MoonStudy
1017,0.537927917,370233000,10,Adjusted,1.090255721,2.026769175,MoonStudy
1017,0.537927917,370233000,19,Perceptual,0.984494805,1.830161205,MoonStudy
1017,0.537927917,370233000,19,Adjusted,1.079773117,2.007282169,MoonStudy
1018,0.537927917,370233000,11,Perceptual,1.162015415,2.160169378,MoonStudy
1018,0.537927917,370233000,11,Adjusted,0.93103593,1.73078195,MoonStudy
1018,0.537927917,370233000,19,Perceptual,0.89124971,1.656819959,MoonStudy
1018,0.537927917,370233000,19,Adjusted,0.921833997,1.713675693,MoonStudy
1019,0.537927917,370233000,11,Perceptual,2.259999153,4.201304821,MoonStudy
1019,0.537927917,370233000,11,Adjusted,1.064033895,1.97802319,MoonStudy
1019,0.537927917,370233000,17,Perceptual,1.48650981,2.763399633,MoonStudy
1019,0.537927917,370233000,17,Adjusted,0.871147116,1.619449536,MoonStudy
1020,0.537927917,370233000,12,Perceptual,1.279290968,2.378182887,MoonStudy
1020,0.537927917,370233000,12,Adjusted,0.792375811,1.473014851,MoonStudy
1020,0.537927917,370233000,20,Perceptual,1.044349851,1.941430844,MoonStudy
1020,0.537927917,370233000,20,Adjusted,0.866082501,1.610034492,MoonStudy
1021,0.548350228,363196000,9,Perceptual,1.441804455,2.629349605,MoonStudy
1021,0.548350228,363196000,9,Adjusted,0.977824236,1.783211142,MoonStudy
1021,0.548350228,363196000,20,Perceptual,1.441804455,2.629349605,MoonStudy
1021,0.548350228,363196000,20,Adjusted,0.973497789,1.775321208,MoonStudy
1022,0.548350228,363196000,10,Perceptual,3.227077866,5.885067063,MoonStudy
1022,0.548350228,363196000,10,Adjusted,1.145877395,2.089681625,MoonStudy
1022,0.548350228,363196000,20,Perceptual,2.035293909,3.711667845,MoonStudy
1022,0.548350228,363196000,20,Adjusted,1.205142653,2.197760831,MoonStudy
1023,0.548350228,363196000,11,Perceptual,1.653387617,3.015203664,MoonStudy
1023,0.548350228,363196000,11,Adjusted,1.011682974,1.844957698,MoonStudy
1023,0.548350228,363196000,23,Perceptual,1.315324211,2.398693653,MoonStudy
1023,0.548350228,363196000,23,Adjusted,0.948322287,1.729409853,MoonStudy
53,0.548350228,363196000,13,Perceptual,0.802127812,1.462802003,MoonStudy
53,0.548350228,363196000,13,Adjusted,1.306501348,2.382603821,MoonStudy
53,0.548350228,363196000,23.5,Perceptual,0.639574153,1.166360695,MoonStudy
53,0.548350228,363196000,23.5,Adjusted,1.231685623,2.246165972,MoonStudy
1025,0.551984006,360805000,4,Perceptual,1.149869732,2.0831577,MoonStudy
1025,0.551984006,360805000,4,Adjusted,1.145877395,2.075924997,MoonStudy
1025,0.551984006,360805000,16,Perceptual,0.662077196,1.199449964,MoonStudy
1025,0.551984006,360805000,16,Adjusted,0.936891242,1.697315922,MoonStudy
1026,0.551984006,360805000,5,Perceptual,2.090289812,3.78686663,MoonStudy
1026,0.551984006,360805000,5,Adjusted,1.220929361,2.211892642,MoonStudy
1026,0.551984006,360805000,17,Perceptual,1.319480846,2.390433115,MoonStudy
1026,0.551984006,360805000,17,Adjusted,1.128603987,2.044631684,MoonStudy
1027,0.551984006,360805000,5,Perceptual,1.831062194,3.317237773,MoonStudy
1027,0.551984006,360805000,5,Adjusted,1.195694611,2.166176191,MoonStudy
1027,0.551984006,360805000,17.5,Perceptual,0.901685461,1.633535486,MoonStudy
1027,0.551984006,360805000,17.5,Adjusted,1.208833143,2.189978568,MoonStudy
1028,0.551984006,360805000,6,Perceptual,3.510578126,6.359927261,MoonStudy
1028,0.551984006,360805000,6,Adjusted,3.053543676,5.53194231,MoonStudy
1028,0.551984006,360805000,19,Perceptual,2.487882882,4.507164801,MoonStudy
1028,0.551984006,360805000,19,Adjusted,1.48716865,2.69422417,MoonStudy
1029,0.551984006,360805000,7,Perceptual,1.212839393,2.197236479,MoonStudy
1029,0.551984006,360805000,7,Adjusted,1.259424081,2.281631474,MoonStudy
1029,0.551984006,360805000,18.5,Perceptual,1.784478379,3.232844359,MoonStudy
1029,0.551984006,360805000,18.5,Adjusted,1.002650554,1.816448562,MoonStudy
1030,0.551984006,360805000,8,Perceptual,1.79346056,3.249116897,MoonStudy
1030,0.551984006,360805000,8,Adjusted,1.090255721,1.975158175,MoonStudy
1030,0.551984006,360805000,18,Perceptual,0.715042048,1.295403563,MoonStudy
1030,0.551984006,360805000,18,Adjusted,0.833378464,1.50978734,MoonStudy
1031,0.551984006,360805000,9,Perceptual,1.672108365,3.029269593,MoonStudy
1031,0.551984006,360805000,9,Adjusted,1.282530867,2.323492808,MoonStudy
1031,0.551984006,360805000,19,Perceptual,1.341498429,2.430321195,MoonStudy
1031,0.551984006,360805000,19,Adjusted,1.114049502,2.018264099,MoonStudy
1032,0.548350228,363196000,14,Perceptual,2.890949217,5.272085375,MoonStudy
1032,0.548350228,363196000,14,Adjusted,1.384107953,2.524131262,MoonStudy
1032,0.548350228,363196000,25,Perceptual,2.019080122,3.68209954,MoonStudy
1032,0.548350228,363196000,25,Adjusted,0.966262677,1.762126881,MoonStudy
1033,0.548350228,363196000,15,Perceptual,1.594214483,2.907292459,MoonStudy
1033,0.548350228,363196000,15,Adjusted,1.002650554,1.828485705,MoonStudy
1033,0.548350228,363196000,27,Perceptual,1.184717974,2.160513325,MoonStudy
1033,0.548350228,363196000,27,Adjusted,1.037781973,1.892553189,MoonStudy
1034,0.548350228,363196000,15,Perceptual,1.893079607,3.452318447,MoonStudy
1034,0.548350228,363196000,15,Adjusted,1.489606357,2.716523639,MoonStudy
1034,0.548350228,363196000,25,Perceptual,1.736833778,3.167380425,MoonStudy
1034,0.548350228,363196000,25,Adjusted,1.655096307,3.018319721,MoonStudy
1035,0.548350228,363196000,15,Perceptual,2.034589559,3.710383356,MoonStudy
1035,0.548350228,363196000,15,Adjusted,2.654695251,4.841240353,MoonStudy
1035,0.548350228,363196000,27,Perceptual,2.239458961,4.083993854,MoonStudy
1035,0.548350228,363196000,27,Adjusted,3.240870528,5.910220079,MoonStudy
1036,0.557105583,357488000,16,Perceptual,2.565944512,4.605849577,MoonStudy
1036,0.557105583,357488000,16,Adjusted,0.928076632,1.665890023,MoonStudy
1036,0.557105583,357488000,39,Perceptual,0.785758375,1.410429907,MoonStudy
1036,0.557105583,357488000,39,Adjusted,1.01856481,1.828315569,MoonStudy
1037,0.557105583,357488000,16,Perceptual,1.710788522,3.070851515,MoonStudy
1037,0.557105583,357488000,16,Adjusted,0.876271312,1.572899895,MoonStudy
1037,0.557105583,357488000,41,Perceptual,1.330680869,2.388561363,MoonStudy
1037,0.557105583,357488000,41,Adjusted,0.98218931,1.763021841,MoonStudy
1038,0.557105583,357488000,11,Perceptual,1.769501139,3.176240185,MoonStudy
1038,0.557105583,357488000,11,Adjusted,0.859420579,1.542652965,MoonStudy
1038,0.557105583,357488000,28,Perceptual,1.327525743,2.382897937,MoonStudy
1038,0.557105583,357488000,28,Adjusted,0.859420579,1.542652965,MoonStudy
1039,0.557105583,357488000,18,Perceptual,0.896146487,1.608575673,MoonStudy
1039,0.557105583,357488000,18,Adjusted,0.948322287,1.70223081,MoonStudy
1039,0.557105583,357488000,29,Perceptual,0.723726539,1.299083266,MoonStudy
1039,0.557105583,357488000,29,Adjusted,0.912036007,1.637097232,MoonStudy
1040,0.557105583,357488000,18,Perceptual,3.227077866,5.792578583,MoonStudy
1040,0.557105583,357488000,18,Adjusted,1.905785916,3.420870254,MoonStudy
1040,0.557105583,357488000,34,Perceptual,1.07147426,1.923287602,MoonStudy
1040,0.557105583,357488000,34,Adjusted,1.519494654,2.727480573,MoonStudy
1041,0.557105583,357488000,19,Perceptual,1.360710805,2.442464854,MoonStudy
1041,0.557105583,357488000,19,Adjusted,1.48716865,2.669455659,MoonStudy
1041,0.557105583,357488000,33,Perceptual,1.334112871,2.394721778,MoonStudy
1041,0.557105583,357488000,33,Adjusted,2.075153586,3.724883848,MoonStudy
1042,0.557105583,357488000,19,Perceptual,1.251237409,2.245960997,MoonStudy
1042,0.557105583,357488000,19,Adjusted,1.164974047,2.091118961,MoonStudy
1042,0.557105583,357488000,33,Perceptual,1.152950237,2.069536319,MoonStudy
1042,0.557105583,357488000,33,Adjusted,1.31882575,2.367281519,MoonStudy
1043,0.557105583,357488000,20,Perceptual,0.953803666,1.712069841,MoonStudy
1043,0.557105583,357488000,20,Adjusted,1.057738196,1.898631478,MoonStudy
1043,0.557105583,357488000,35,Perceptual,1.718744487,3.085132408,MoonStudy
1043,0.557105583,357488000,35,Adjusted,1.222263609,2.19395326,MoonStudy
1044,0.557105583,357488000,20,Perceptual,1.279290968,2.296316907,MoonStudy
1044,0.557105583,357488000,20,Adjusted,1.397947666,2.509304717,MoonStudy
1044,0.557105583,357488000,36,Perceptual,1.228796591,2.205679909,MoonStudy
1044,0.557105583,357488000,36,Adjusted,1.247725442,2.239657044,MoonStudy
1045,0.557105583,357488000,21,Perceptual,0.723726539,1.299083266,MoonStudy
1045,0.557105583,357488000,21,Adjusted,0.913717249,1.640115048,MoonStudy
1045,0.557105583,357488000,37,Perceptual,0.688947084,1.236654426,MoonStudy
1045,0.557105583,357488000,37,Adjusted,1.247725442,2.239657044,MoonStudy
1046,0.557105583,357488000,22,Perceptual,1.624696813,2.916317596,MoonStudy
1046,0.557105583,357488000,22,Adjusted,1.718744487,3.085132408,MoonStudy
1046,0.557105583,357488000,36,Perceptual,1.482331925,2.660773778,MoonStudy
1046,0.557105583,357488000,36,Adjusted,1.426474292,2.56050978,MoonStudy
1047,0.557105583,357488000,22,Perceptual,0.925818941,1.661837487,MoonStudy
1047,0.557105583,357488000,22,Adjusted,1.282530867,2.3021325,MoonStudy
1047,0.557105583,357488000,39,Perceptual,0.862957156,1.549001092,MoonStudy
1047,0.557105583,357488000,39,Adjusted,1.250040148,2.243811922,MoonStudy
1048,0.557105583,357488000,22,Perceptual,1.579206761,2.834663321,MoonStudy
1048,0.557105583,357488000,22,Adjusted,1.089984395,1.956513144,MoonStudy
1048,0.557105583,357488000,39.5,Perceptual,0.822348836,1.476109487,MoonStudy
1048,0.557105583,357488000,39.5,Adjusted,0.916712916,1.645492246,MoonStudy
1049,0.557105583,357488000,22,Perceptual,2.700586663,4.847531146,MoonStudy
1049,0.557105583,357488000,22,Adjusted,2.368622722,4.251658566,MoonStudy
1049,0.557105583,357488000,41,Perceptual,1.644612978,2.952066951,MoonStudy
1049,0.557105583,357488000,41,Adjusted,2.075153586,3.724883848,MoonStudy
1050,0.557105583,357488000,23,Perceptual,0.842163765,1.511677125,MoonStudy
1050,0.557105583,357488000,23,Adjusted,0.920469775,1.652235777,MoonStudy
1050,0.557105583,357488000,40,Perceptual,0.832138361,1.493681605,MoonStudy
1050,0.557105583,357488000,40,Adjusted,1.002650554,1.799749608,MoonStudy
1051,0.557105583,357488000,23,Perceptual,1.704773025,3.060053747,MoonStudy
1051,0.557105583,357488000,23,Adjusted,0.971513854,1.743859484,MoonStudy
1051,0.557105583,357488000,42,Perceptual,0.884946922,1.588472545,MoonStudy
1051,0.557105583,357488000,42,Adjusted,0.970634698,1.742281406,MoonStudy
1052,0.557105583,357488000,24,Perceptual,2.274680665,4.083033336,MoonStudy
1052,0.557105583,357488000,24,Adjusted,1.059401211,1.901616578,MoonStudy
1052,0.557105583,357488000,45,Perceptual,1.122493654,2.014867,MoonStudy
1052,0.557105583,357488000,45,Adjusted,1.309560805,2.350651018,MoonStudy
1053,0.557105583,357488000,24,Perceptual,0.931990796,1.672915917,MoonStudy
1053,0.557105583,357488000,24,Adjusted,1.12296133,2.015706474,MoonStudy
1053,0.557105583,357488000,44,Perceptual,0.7483424,1.343268536,MoonStudy
1053,0.557105583,357488000,44,Adjusted,1.625492152,2.917745223,MoonStudy
1054,0.5574736,357252000,7,Perceptual,2.554658749,4.58256454,MoonStudy
1054,0.5574736,357252000,7,Adjusted,1.624102038,2.913325473,MoonStudy
1054,0.5574736,357252000,36,Perceptual,1.311532863,2.352636723,MoonStudy
1054,0.5574736,357252000,36,Adjusted,2.150542905,3.857658743,MoonStudy
1055,0.5574736,357252000,8,Perceptual,1.343913456,2.410721256,MoonStudy
1055,0.5574736,357252000,8,Adjusted,0.98218931,1.76185798,MoonStudy
1055,0.5574736,357252000,36,Perceptual,0.680596408,1.220858546,MoonStudy
1055,0.5574736,357252000,36,Adjusted,0.950844305,1.705631093,MoonStudy
1056,0.5574736,357252000,10,Perceptual,2.002819223,3.592670979,MoonStudy
1056,0.5574736,357252000,10,Adjusted,1.089154297,1.953732513,MoonStudy
1056,0.5574736,357252000,37,Perceptual,0.515658535,0.924991848,MoonStudy
1056,0.5574736,357252000,37,Adjusted,1.057738196,1.897378093,MoonStudy
1057,0.5574736,357252000,11,Perceptual,2.06242534,3.699592844,MoonStudy
1057,0.5574736,357252000,11,Adjusted,1.650004408,2.959789323,MoonStudy
1057,0.5574736,357252000,32,Perceptual,1.299788804,2.33157015,MoonStudy
1057,0.5574736,357252000,32,Adjusted,1.45618934,2.612122514,MoonStudy
1058,0.5574736,357252000,13,Perceptual,1.945707392,3.490223382,MoonStudy
1058,0.5574736,357252000,34,Perceptual,1.413720234,2.535941136,MoonStudy
1058,0.5574736,357252000,34,Adjusted,1.392436484,2.497762199,MoonStudy
1059,0.5574736,357252000,11,Perceptual,2.055686836,3.687505269,MoonStudy
1059,0.5574736,357252000,11,Adjusted,2.034589559,3.649660829,MoonStudy
1059,0.5574736,357252000,36,Perceptual,1.909682508,3.425601695,MoonStudy
1059,0.5574736,357252000,36,Adjusted,2.340792235,4.198929306,MoonStudy
1060,0.5574736,357252000,12,Perceptual,1.391862914,2.496733326,MoonStudy
1060,0.5574736,357252000,12,Adjusted,2.267661881,4.067747572,MoonStudy
1060,0.5574736,357252000,34,Perceptual,1.270589024,2.279191382,MoonStudy
1060,0.5574736,357252000,34,Adjusted,1.853903911,3.325545661,MoonStudy
1061,0.5574736,357252000,12,Perceptual,1.968844299,3.531726525,MoonStudy
1061,0.5574736,357252000,29,Perceptual,1.620759362,2.907329357,MoonStudy
1061,0.5574736,357252000,29,Adjusted,1.433788784,2.57194024,MoonStudy
1062,0.5574736,357252000,14,Perceptual,1.880532325,3.373311895,MoonStudy
1062,0.5574736,357252000,14,Adjusted,1.813165646,3.252469081,MoonStudy
1062,0.5574736,357252000,36,Perceptual,1.600807345,2.87153929,MoonStudy
1062,0.5574736,357252000,36,Adjusted,2.329707334,4.179045134,MoonStudy
1063,0.5574736,357252000,14,Perceptual,1.386709134,2.487488439,MoonStudy
1063,0.5574736,357252000,14,Adjusted,1.234015239,2.213585074,MoonStudy
1063,0.5574736,357252000,39,Perceptual,0.726115012,1.302510132,MoonStudy
1063,0.5574736,357252000,39,Adjusted,0.994022326,1.783084126,MoonStudy
1064,0.5574736,357252000,16,Perceptual,1.258469416,2.257451145,MoonStudy
1064,0.5574736,357252000,16,Adjusted,2.122305503,3.807006295,MoonStudy
1064,0.5574736,357252000,45,Perceptual,1.811406843,3.249314128,MoonStudy
1064,0.5574736,357252000,45,Adjusted,1.358058596,2.436094906,MoonStudy
1065,0.5574736,357252000,15,Perceptual,1.253535508,2.248600666,MoonStudy
1065,0.5574736,357252000,15,Adjusted,0.887142733,1.591362772,MoonStudy
1065,0.5574736,357252000,35,Perceptual,0.769274434,1.379929802,MoonStudy
1065,0.5574736,357252000,35,Adjusted,0.927012614,1.662881641,MoonStudy
1066,0.5574736,357252000,16,Perceptual,1.851517033,3.321264064,MoonStudy
1066,0.5574736,357252000,16,Adjusted,0.8505609,1.525742027,MoonStudy
1066,0.5574736,357252000,38,Perceptual,1.041055553,1.867452654,MoonStudy
1066,0.5574736,357252000,38,Adjusted,1.182838598,2.12178406,MoonStudy
1067,0.5574736,357252000,16,Perceptual,1.360710805,2.440852457,MoonStudy
1067,0.5574736,357252000,16,Adjusted,0.943673859,1.692768697,MoonStudy
1067,0.5574736,357252000,40,Perceptual,0.98218931,1.76185798,MoonStudy
1067,0.5574736,357252000,40,Adjusted,1.057738196,1.897378093,MoonStudy
1068,0.5574736,357252000,17,Perceptual,1.511884227,2.712028387,MoonStudy
1068,0.5574736,357252000,17,Adjusted,1.290746879,2.315350681,MoonStudy
1068,0.5574736,357252000,40,Perceptual,1.352259972,2.425693295,MoonStudy
1068,0.5574736,357252000,40,Adjusted,1.117232299,2.004099028,MoonStudy
1069,0.5574736,357252000,17,Perceptual,1.011682974,1.814763919,MoonStudy
1069,0.5574736,357252000,17,Adjusted,1.604177026,2.877583847,MoonStudy
1069,0.5574736,357252000,37,Perceptual,0.5888052,1.056202842,MoonStudy
1069,0.5574736,357252000,37,Adjusted,1.432319891,2.56930533,MoonStudy
1070,0.5574736,357252000,18,Perceptual,1.436726568,2.577210058,MoonStudy
1070,0.5574736,357252000,18,Adjusted,1.896514697,3.401981184,MoonStudy
1070,0.5574736,357252000,38,Perceptual,0.862957156,1.547978516,MoonStudy
1070,0.5574736,357252000,38,Adjusted,1.644612978,2.950118139,MoonStudy
1071,0.5574736,357252000,18,Perceptual,1.670199359,2.996015166,MoonStudy
1071,0.5574736,357252000,18,Adjusted,1.385422376,2.485180243,MoonStudy
1071,0.5574736,357252000,41,Perceptual,0.976377821,1.751433291,MoonStudy
1071,0.5574736,357252000,41,Adjusted,1.536190407,2.755628981,MoonStudy
1072,0.5574736,357252000,19,Perceptual,1.829709697,3.282145914,MoonStudy
1072,0.5574736,357252000,19,Adjusted,2.24547677,4.027951765,MoonStudy
1072,0.5574736,357252000,39,Perceptual,0.709719291,1.273099374,MoonStudy
1072,0.5574736,357252000,39,Adjusted,1.419384137,2.546101086,MoonStudy
1073,0.5574736,357252000,20,Perceptual,1.83253705,3.287217639,MoonStudy
1073,0.5574736,357252000,20,Adjusted,1.799527184,3.228004313,MoonStudy
1073,0.5574736,357252000,35,Perceptual,0.957523618,1.717612491,MoonStudy
1073,0.5574736,357252000,35,Adjusted,1.848711805,3.316232026,MoonStudy
1074,0.5574736,357252000,20,Perceptual,2.01923239,3.622113031,MoonStudy
1074,0.5574736,357252000,20,Adjusted,1.636910923,2.93630214,MoonStudy
1074,0.5574736,357252000,44,Perceptual,0.674568933,1.210046419,MoonStudy
1074,0.5574736,357252000,44,Adjusted,1.556619766,2.792275305,MoonStudy
52,0.5574736,357252000,21,Perceptual,0.580205467,1.040776581,MoonStudy
52,0.5574736,357252000,21,Adjusted,0.938859412,1.68413251,MoonStudy
52,0.5574736,357252000,46,Perceptual,0.584187201,1.047919042,MoonStudy
52,0.5574736,357252000,46,Adjusted,0.98218931,1.76185798,MoonStudy
1076,0.5574736,357252000,21,Perceptual,1.086038351,1.948143108,MoonStudy
1076,0.5574736,357252000,21,Adjusted,0.999766758,1.793388527,MoonStudy
1077,0.5574736,357252000,21,Perceptual,1.905785916,3.418611961,MoonStudy
1077,0.5574736,357252000,43,Perceptual,0.91972829,1.649814969,MoonStudy
1077,0.5574736,357252000,43,Adjusted,1.336840871,2.398034404,MoonStudy
1078,0.5574736,357252000,22,Perceptual,0.739902102,1.327241509,MoonStudy
1078,0.5574736,357252000,22,Adjusted,1.103440166,1.979358604,MoonStudy
1078,0.5574736,357252000,44,Perceptual,0.729634352,1.308823149,MoonStudy
1078,0.5574736,357252000,44,Adjusted,1.057738196,1.897378093,MoonStudy
1079,0.5574736,357252000,22,Perceptual,1.099036285,1.971458891,MoonStudy
1079,0.5574736,357252000,22,Adjusted,1.011075753,1.813674681,MoonStudy
1079,0.5574736,357252000,43,Perceptual,0.670772196,1.203235807,MoonStudy
1079,0.5574736,357252000,43,Adjusted,1.103440166,1.979358604,MoonStudy
1080,0.5574736,357252000,23,Perceptual,1.287254341,2.309085743,MoonStudy
1080,0.5574736,357252000,23,Adjusted,0.906486325,1.626061441,MoonStudy
1080,0.5574736,357252000,43,Perceptual,0.751157989,1.347432398,MoonStudy
1080,0.5574736,357252000,43,Adjusted,1.145877395,2.0554828,MoonStudy
54,0.5574736,357252000,23,Perceptual,0.812452388,1.457382715,MoonStudy
54,0.5574736,357252000,23,Adjusted,1.141123032,2.046954391,MoonStudy
54,0.5574736,357252000,44,Perceptual,0.964126919,1.729457537,MoonStudy
54,0.5574736,357252000,44,Adjusted,1.111843602,1.994432746,MoonStudy
1082,0.5574736,357252000,24,Perceptual,1.17275113,2.10368909,MoonStudy
1082,0.5574736,357252000,24,Adjusted,1.203543234,2.158924181,MoonStudy
1082,0.5574736,357252000,45,Perceptual,0.838042729,1.503286846,MoonStudy
1082,0.5574736,357252000,45,Adjusted,1.336840871,2.398034404,MoonStudy
32131,0.550269801,361929000,4,Perceptual,1.511884227,2.747532619,MoonStudy
32131,0.550269801,361929000,4,Adjusted,0.950844305,1.727960182,MoonStudy
32131,0.550269801,361929000,23,Perceptual,0.677124059,1.230531019,MoonStudy
32131,0.550269801,361929000,23,Adjusted,1.117232299,2.030335478,MoonStudy
31948,0.550269801,361929000,5,Perceptual,1.600807345,2.909131743,MoonStudy
31948,0.550269801,361929000,5,Adjusted,1.222263609,2.221207864,MoonStudy
1083,0.550269801,361929000,5,Perceptual,1.471027043,2.673283252,MoonStudy
1083,0.550269801,361929000,5,Adjusted,1.3524933,2.457873025,MoonStudy
32002,0.550269801,361929000,5,Perceptual,0.913717249,1.660489542,MoonStudy
32002,0.550269801,361929000,5,Adjusted,0.932249743,1.694168464,MoonStudy
32245,0.550269801,361929000,6,Perceptual,0.732624576,1.331391573,MoonStudy
32245,0.550269801,361929000,6,Adjusted,1.279108462,2.324511467,MoonStudy
32245,0.550269801,361929000,23,Perceptual,0.634654453,1.153351414,MoonStudy
32245,0.550269801,361929000,23,Adjusted,1.103440166,2.005271167,MoonStudy
31924,0.550269801,361929000,6,Perceptual,1.759660617,3.197814262,MoonStudy
31924,0.550269801,361929000,6,Adjusted,1.057738196,1.922217418,MoonStudy
31924,0.550269801,361929000,24,Perceptual,1.212839393,2.204081327,MoonStudy
31924,0.550269801,361929000,24,Adjusted,1.1697482,2.125772117,MoonStudy
1084,0.550269801,361929000,6,Perceptual,1.36366988,2.478184116,MoonStudy
1084,0.550269801,361929000,6,Adjusted,1.519494654,2.761362974,MoonStudy
1084,0.550269801,361929000,25,Perceptual,1.414960213,2.571393544,MoonStudy
1084,0.550269801,361929000,25,Adjusted,1.704773025,3.09806757,MoonStudy
31504,0.550269801,361929000,7,Perceptual,1.118432995,2.03251749,MoonStudy
31504,0.550269801,361929000,7,Adjusted,1.030244973,1.87225425,MoonStudy
31504,0.550269801,361929000,23,Perceptual,0.522185768,0.948963159,MoonStudy
31504,0.550269801,361929000,23,Adjusted,0.971513854,1.765522753,MoonStudy
1085,0.550269801,361929000,7,Perceptual,1.715230198,3.11707129,MoonStudy
1085,0.550269801,361929000,7,Adjusted,1.357234609,2.466489359,MoonStudy
1066,0.550269801,361929000,9,Perceptual,1.772318034,3.220816464,MoonStudy
1066,0.550269801,361929000,9,Adjusted,1.633669955,2.968852648,MoonStudy
1066,0.550269801,361929000,24,Perceptual,1.414960213,2.571393544,MoonStudy
1066,0.550269801,361929000,24,Adjusted,1.079773117,1.962261268,MoonStudy
1072,0.550269801,361929000,10,Perceptual,0.912986599,1.659161737,MoonStudy
1072,0.550269801,361929000,10,Adjusted,1.234015239,2.242563988,MoonStudy
1072,0.550269801,361929000,22,Perceptual,1.027926119,1.868040218,MoonStudy
1072,0.550269801,361929000,22,Adjusted,1.27608052,2.319008817,MoonStudy
1056,0.550269801,361929000,11,Perceptual,0.738803762,1.342620949,MoonStudy
1056,0.550269801,361929000,11,Adjusted,0.955928799,1.737200183,MoonStudy
1056,0.550269801,361929000,24,Perceptual,0.710748657,1.291636677,MoonStudy
1056,0.550269801,361929000,24,Adjusted,1.015671312,1.845769675,MoonStudy
1087,0.550269801,361929000,13,Perceptual,1.986670705,3.610357504,MoonStudy
1087,0.550269801,361929000,13,Adjusted,1.321114733,2.400849059,MoonStudy
1087,0.550269801,361929000,NaN,Perceptual,1.482331925,2.693827506,MoonStudy
1087,0.550269801,361929000,NaN,Adjusted,1.625492152,2.953991205,MoonStudy
1088,0.550269801,361929000,14,Perceptual,2.148339997,3.904157549,MoonStudy
1088,0.550269801,361929000,14,Adjusted,1.384107953,2.515326029,MoonStudy
1088,0.550269801,361929000,30,Perceptual,0.738803762,1.342620949,MoonStudy
1088,0.550269801,361929000,30,Adjusted,1.039783757,1.88958899,MoonStudy
1089,0.550269801,361929000,14,Perceptual,1.373347782,2.495771673,MoonStudy
1089,0.550269801,361929000,14,Adjusted,0.884946922,1.608205504,MoonStudy
1089,0.550269801,361929000,NaN,Perceptual,1.213277051,2.204876678,MoonStudy
1089,0.550269801,361929000,NaN,Adjusted,0.916712916,1.665933538,MoonStudy
1090,0.550269801,361929000,13,Perceptual,1.098697162,1.996651752,MoonStudy
1090,0.550269801,361929000,13,Adjusted,1.370539568,2.490668333,MoonStudy
1090,0.550269801,361929000,29,Perceptual,1.395597419,2.536205725,MoonStudy
1090,0.550269801,361929000,29,Adjusted,1.755307858,3.189904036,MoonStudy
1082,0.550269801,361929000,15,Perceptual,1.013029421,1.840968593,MoonStudy
1082,0.550269801,361929000,15,Adjusted,1.002650554,1.822107177,MoonStudy
1082,0.550269801,361929000,31,Perceptual,0.884803315,1.607944527,MoonStudy
1082,0.550269801,361929000,31,Adjusted,1.057738196,1.922217418,MoonStudy
1091,0.550269801,361929000,16,Perceptual,2.812137243,5.110469879,MoonStudy
1091,0.550269801,361929000,16,Adjusted,1.45618934,2.646318839,MoonStudy
1091,0.550269801,361929000,NaN,Perceptual,1.270872456,2.309544253,MoonStudy
1091,0.550269801,361929000,NaN,Adjusted,1.426474292,2.592317969,MoonStudy
1092,0.550269801,361929000,17,Perceptual,1.792183375,3.256917556,MoonStudy
1092,0.550269801,361929000,17,Adjusted,2.852506626,5.18383277,MoonStudy
1092,0.550269801,361929000,32,Perceptual,1.642366547,2.98465688,MoonStudy
1092,0.550269801,361929000,32,Adjusted,2.176977684,3.956200541,MoonStudy
31459,0.550269801,361929000,17,Perceptual,1.162015415,2.111719402,MoonStudy
31459,0.550269801,361929000,17,Adjusted,0.912036007,1.657434237,MoonStudy
31459,0.550269801,361929000,NaN,Perceptual,0.905624111,1.64578196,MoonStudy
31459,0.550269801,361929000,NaN,Adjusted,0.93103593,1.691962612,MoonStudy
5000,0.525285207,379144000,5,Perceptual,1.612663617,3.0700724,MoonStudy
5000,0.525285207,379144000,5,Adjusted,0.788183479,1.500486722,MoonStudy
5000,0.525285207,379144000,18,Perceptual,0.760681729,1.448130879,MoonStudy
5000,0.525285207,379144000,18,Adjusted,1.258842542,2.396493418,MoonStudy
6875341,0.525285207,379144000,6,Perceptual,0.981040607,1.867634179,MoonStudy
6875341,0.525285207,379144000,6,Adjusted,0.633904286,1.206781149,MoonStudy
6875341,0.525285207,379144000,17,Perceptual,0.729209169,1.388215695,MoonStudy
6875341,0.525285207,379144000,17,Adjusted,0.827591315,1.575508512,MoonStudy
32437,0.525285207,379144000,6,Perceptual,1.057738196,2.013645503,MoonStudy
32437,0.525285207,379144000,6,Adjusted,0.64072032,1.219757021,MoonStudy
32437,0.525285207,379144000,20,Perceptual,0.499892892,0.951659946,MoonStudy
32437,0.525285207,379144000,20,Adjusted,0.846399532,1.611314236,MoonStudy
6875476,0.525285207,379144000,7,Perceptual,0.904846579,1.722581497,MoonStudy
6875476,0.525285207,379144000,7,Adjusted,0.58706492,1.11761175,MoonStudy
6875476,0.525285207,379144000,21,Perceptual,0.364608276,0.694114874,MoonStudy
6875476,0.525285207,379144000,21,Adjusted,1.122493654,2.136922263,MoonStudy
6873834,0.525285207,379144000,7,Perceptual,2.739710793,5.21566333,MoonStudy
6873834,0.525285207,379144000,7,Adjusted,3.624410704,6.899891058,MoonStudy
6873834,0.525285207,379144000,21,Perceptual,2.379636412,4.530179757,MoonStudy
6873834,0.525285207,379144000,21,Adjusted,3.038455149,5.784391237,MoonStudy
5001,0.525285207,379144000,7,Perceptual,1.135429352,2.161548311,MoonStudy
5001,0.525285207,379144000,7,Adjusted,0.61429938,1.169458747,MoonStudy
5001,0.525285207,379144000,21,Perceptual,0.506694068,0.964607532,MoonStudy
5001,0.525285207,379144000,21,Adjusted,0.94083587,1.791095308,MoonStudy
5002,0.525285207,379144000,8,Perceptual,0.98218931,1.869820997,MoonStudy
5002,0.525285207,379144000,8,Adjusted,0.551732873,1.050349153,MoonStudy
5002,0.525285207,379144000,20,Perceptual,0.957523618,1.822864236,MoonStudy
5002,0.525285207,379144000,20,Adjusted,0.808868159,1.53986472,MoonStudy
5003,0.525285207,379144000,8,Perceptual,1.687356474,3.212267261,MoonStudy
5003,0.525285207,379144000,8,Adjusted,0.902823906,1.718730878,MoonStudy
5003,0.525285207,379144000,21,Perceptual,1.363324295,2.595398225,MoonStudy
5003,0.525285207,379144000,21,Adjusted,1.45618934,2.772187985,MoonStudy
5004,0.525285207,379144000,9,Perceptual,0.539738859,1.027515817,MoonStudy
5004,0.525285207,379144000,9,Adjusted,0.654801782,1.246564291,MoonStudy
5004,0.525285207,379144000,22,Perceptual,0.585143301,1.113953511,MoonStudy
5004,0.525285207,379144000,22,Adjusted,1.064561922,2.02663602,MoonStudy
5005,0.525285207,379144000,9,Perceptual,2.241722751,4.267629699,MoonStudy
5005,0.525285207,379144000,9,Adjusted,1.412066927,2.688190925,MoonStudy
5005,0.525285207,379144000,24,Perceptual,1.577610191,3.003340223,MoonStudy
5005,0.525285207,379144000,24,Adjusted,2.098464735,3.994905445,MoonStudy
5006,0.525285207,379144000,10,Perceptual,1.064561922,2.02663602,MoonStudy
5006,0.525285207,379144000,10,Adjusted,0.993777987,1.891882682,MoonStudy
5006,0.525285207,379144000,19,Perceptual,0.890438778,1.695152968,MoonStudy
5006,0.525285207,379144000,19,Adjusted,1.294405148,2.464194936,MoonStudy
5007,0.525285207,379144000,29,Perceptual,0.90663957,1.725994865,MoonStudy
5007,0.525285207,379144000,29,Adjusted,1.075366139,2.047204308,MoonStudy
5008,0.525285207,379144000,10,Perceptual,0.812786963,1.547325056,MoonStudy
5008,0.525285207,379144000,10,Adjusted,0.739953146,1.408669301,MoonStudy
5009,0.525285207,379144000,11,Perceptual,1.122493654,2.136922263,MoonStudy
5009,0.525285207,379144000,11,Adjusted,0.677124059,1.289059828,MoonStudy
5009,0.525285207,379144000,22,Perceptual,0.790830598,1.505526117,MoonStudy
5009,0.525285207,379144000,22,Adjusted,0.798035456,1.519242204,MoonStudy
5010,0.525285207,379144000,11,Perceptual,1.137975314,2.166395128,MoonStudy
5010,0.525285207,379144000,11,Adjusted,0.800895705,1.524687339,MoonStudy
5010,0.525285207,379144000,25,Perceptual,0.970821925,1.848180592,MoonStudy
5010,0.525285207,379144000,25,Adjusted,0.901685461,1.71656359,MoonStudy
5011,0.525285207,379144000,11,Perceptual,1.078476947,2.05312644,MoonStudy
5011,0.525285207,379144000,11,Adjusted,1.131373567,2.153827199,MoonStudy
5011,0.525285207,379144000,23,Perceptual,1.785158848,3.398456351,MoonStudy
5011,0.525285207,379144000,23,Adjusted,1.204421668,2.292890894,MoonStudy
5012,0.525285207,379144000,12,Perceptual,1.125170111,2.142017509,MoonStudy
5012,0.525285207,379144000,12,Adjusted,0.884946922,1.68469797,MoonStudy
5012,0.525285207,379144000,23,Perceptual,1.08277497,2.061308704,MoonStudy
5012,0.525285207,379144000,23,Adjusted,1.079773117,2.055593994,MoonStudy
5013,0.525285207,379144000,12,Perceptual,1.270589024,2.418855522,MoonStudy
5013,0.525285207,379144000,12,Adjusted,1.650004408,3.141159098,MoonStudy
5013,0.525285207,379144000,27,Perceptual,1.747182695,3.326160096,MoonStudy
5013,0.525285207,379144000,27,Adjusted,1.764693051,3.359495046,MoonStudy
5014,0.525285207,379144000,12,Perceptual,1.167361124,2.222337709,MoonStudy
5014,0.525285207,379144000,12,Adjusted,1.07147426,2.039795229,MoonStudy
5014,0.525285207,379144000,28,Perceptual,1.074964199,2.046439124,MoonStudy
5014,0.525285207,379144000,28,Adjusted,0.961067961,1.829611699,MoonStudy
5015,0.525285207,379144000,13,Perceptual,1.481032919,2.819483394,MoonStudy
5015,0.525285207,379144000,13,Adjusted,0.841882021,1.602714124,MoonStudy
5015,0.525285207,379144000,28,Perceptual,0.913717249,1.739468839,MoonStudy
5015,0.525285207,379144000,28,Adjusted,1.095327131,2.085204601,MoonStudy
5016,0.525285207,379144000,13,Perceptual,1.461155452,2.781642109,MoonStudy
5016,0.525285207,379144000,13,Adjusted,1.039783757,1.979465142,MoonStudy
5016,0.525285207,379144000,28,Perceptual,2.133527294,4.061655012,MoonStudy
5016,0.525285207,379144000,28,Adjusted,1.12296133,2.137812591,MoonStudy
31453,0.525285207,379144000,14,Perceptual,1.539731404,2.931229327,MoonStudy
31453,0.525285207,379144000,14,Adjusted,0.987615502,1.88015099,MoonStudy
31453,0.525285207,379144000,29,Perceptual,0.91972829,1.750912223,MoonStudy
31453,0.525285207,379144000,29,Adjusted,1.095327131,2.085204601,MoonStudy
5018,0.525285207,379144000,15,Perceptual,1.996964992,3.801677573,MoonStudy
5018,0.525285207,379144000,15,Adjusted,0.876271312,1.668181971,MoonStudy
5018,0.525285207,379144000,25,Perceptual,0.728519302,1.386902375,MoonStudy
5018,0.525285207,379144000,25,Adjusted,0.932249743,1.774749661,MoonStudy
5019,0.525285207,379144000,16,Perceptual,2.076264101,3.952641485,MoonStudy
5019,0.525285207,379144000,16,Adjusted,0.896785197,1.707234822,MoonStudy
5019,0.525285207,379144000,26,Perceptual,0.413801053,0.787764528,MoonStudy
5019,0.525285207,379144000,26,Adjusted,0.859420579,1.636102763,MoonStudy
5020,0.525285207,379144000,16,Perceptual,1.995909169,3.799667574,MoonStudy
5020,0.525285207,379144000,16,Adjusted,1.1697482,2.226882051,MoonStudy
5020,0.525285207,379144000,30,Perceptual,0.7483424,1.424640157,MoonStudy
5020,0.525285207,379144000,30,Adjusted,1.27608052,2.429309835,MoonStudy
5021,0.525285207,379144000,17,Perceptual,2.385473303,4.541291607,MoonStudy
5021,0.525285207,379144000,17,Adjusted,1.633669955,3.110062748,MoonStudy
5021,0.525285207,379144000,30,Perceptual,0.753678581,1.434798792,MoonStudy
5021,0.525285207,379144000,30,Adjusted,1.268871617,2.415586046,MoonStudy
5022,0.525285207,379144000,17,Perceptual,2.662564017,5.068796876,MoonStudy
5022,0.525285207,379144000,17,Adjusted,1.000046399,1.903816032,MoonStudy
5022,0.525285207,379144000,28,Perceptual,1.145877395,2.18143854,MoonStudy
5022,0.525285207,379144000,28,Adjusted,1.145877395,2.18143854,MoonStudy
5023,0.522543965,381133000,5,Perceptual,3.124449834,5.979305171,MoonStudy
5023,0.522543965,381133000,5,Adjusted,1.18206047,2.262126344,MoonStudy
5023,0.522543965,381133000,21,Perceptual,2.302230866,4.405812752,MoonStudy
5023,0.522543965,381133000,21,Adjusted,1.412066927,2.702293053,MoonStudy
32329,0.522543965,381133000,5,Perceptual,2.219288722,4.247085164,MoonStudy
32329,0.522543965,381133000,5,Adjusted,1.18206047,2.262126344,MoonStudy
32329,0.522543965,381133000,19,Perceptual,1.601952382,3.065679615,MoonStudy
32329,0.522543965,381133000,19,Adjusted,1.208833143,2.313361598,MoonStudy
5025,0.522543965,381133000,6,Perceptual,1.482331925,2.836760204,MoonStudy
5025,0.522543965,381133000,6,Adjusted,1.30668921,2.50063018,MoonStudy
5025,0.522543965,381133000,18,Perceptual,1.194843038,2.286588531,MoonStudy
5025,0.522543965,381133000,18,Adjusted,1.405297723,2.689338728,MoonStudy
5026,0.522543965,381133000,6,Perceptual,2.155428558,4.124875037,MoonStudy
5026,0.522543965,381133000,6,Adjusted,0.912036007,1.745376596,MoonStudy
5026,0.522543965,381133000,18,Perceptual,1.925429514,3.684722516,MoonStudy
5026,0.522543965,381133000,18,Adjusted,0.98218931,1.879629993,MoonStudy
5027,0.522543965,381133000,7,Perceptual,3.75251949,7.181251223,MoonStudy
5027,0.522543965,381133000,7,Adjusted,1.979111942,3.787455359,MoonStudy
5027,0.522543965,381133000,20,Perceptual,2.848374636,5.450976043,MoonStudy
5027,0.522543965,381133000,20,Adjusted,1.344185479,2.572387336,MoonStudy
1043,0.522543965,381133000,7,Perceptual,1.064033895,2.036257169,MoonStudy
1043,0.522543965,381133000,7,Adjusted,0.950844305,1.819644601,MoonStudy
1043,0.522543965,381133000,19,Perceptual,0.812544709,1.554978649,MoonStudy
1043,0.522543965,381133000,19,Adjusted,0.950844305,1.819644601,MoonStudy
5029,0.522543965,381133000,8,Perceptual,1.601952382,3.065679615,MoonStudy
5029,0.522543965,381133000,8,Adjusted,1.182838598,2.263615459,MoonStudy
5030,0.522543965,381133000,8,Perceptual,2.034589559,3.893623684,MoonStudy
5030,0.522543965,381133000,8,Adjusted,1.279108462,2.4478485,MoonStudy
5030,0.522543965,381133000,22,Perceptual,0.848005545,1.622840567,MoonStudy
5030,0.522543965,381133000,22,Adjusted,1.131373567,2.165126079,MoonStudy
5031,0.522543965,381133000,9,Perceptual,1.127396704,2.157515499,MoonStudy
5031,0.522543965,381133000,9,Adjusted,1.009220664,1.931360289,MoonStudy
5031,0.522543965,381133000,24,Perceptual,0.920469775,1.76151642,MoonStudy
5031,0.522543965,381133000,24,Adjusted,0.94083587,1.800491312,MoonStudy
5032,0.522543965,381133000,12,Perceptual,0.956568186,1.830598476,MoonStudy
5032,0.522543965,381133000,12,Adjusted,0.937546381,1.79419617,MoonStudy
5032,0.522543965,381133000,24,Perceptual,0.703781828,1.346837539,MoonStudy
5032,0.522543965,381133000,24,Adjusted,0.792375811,1.516381134,MoonStudy
5034,0.522543965,381133000,12,Perceptual,0.96495874,1.846655601,MoonStudy
5034,0.522543965,381133000,12,Adjusted,0.770517836,1.474551209,MoonStudy
5034,0.522543965,381133000,23,Perceptual,0.689663093,1.31981831,MoonStudy
5034,0.522543965,381133000,23,Adjusted,1.163780508,2.227143715,MoonStudy
5033,0.522543965,381133000,13,Perceptual,0.863827697,1.65311965,MoonStudy
5033,0.522543965,381133000,13,Adjusted,0.856127902,1.638384441,MoonStudy
5033,0.522543965,381133000,26,Perceptual,0.806678155,1.543751739,MoonStudy
5033,0.522543965,381133000,26,Adjusted,1.002650554,1.918786973,MoonStudy
5035,0.522543965,381133000,14,Perceptual,1.330680869,2.546543368,MoonStudy
5035,0.522543965,381133000,14,Adjusted,1.134065002,2.170276717,MoonStudy
5035,0.522543965,381133000,26,Perceptual,1.321318583,2.528626625,MoonStudy
5035,0.522543965,381133000,26,Adjusted,1.755307858,3.359158224,MoonStudy
5036,0.522543965,381133000,14,Perceptual,1.886518994,3.610258886,MoonStudy
5036,0.522543965,381133000,14,Adjusted,0.96495874,1.846655601,MoonStudy
5036,0.522543965,381133000,25,Perceptual,1.649923441,3.157482529,MoonStudy
5036,0.522543965,381133000,25,Adjusted,0.884946922,1.693535819,MoonStudy
5037,0.522543965,381133000,14,Perceptual,0.723726539,1.385006023,MoonStudy
5037,0.522543965,381133000,14,Adjusted,0.784035275,1.500419728,MoonStudy
5037,0.522543965,381133000,27,Perceptual,0.736649875,1.409737598,MoonStudy
5037,0.522543965,381133000,27,Adjusted,1.19170925,2.280591355,MoonStudy
5038,0.522543965,381133000,16,Perceptual,1.36366988,2.609674918,MoonStudy
5038,0.522543965,381133000,16,Adjusted,1.27608052,2.442053884,MoonStudy
5038,0.522543965,381133000,32,Perceptual,1.159178552,2.218336885,MoonStudy
5038,0.522543965,381133000,32,Adjusted,1.386348751,2.653075804,MoonStudy
5039,0.522543965,381133000,16,Perceptual,2.455157664,4.698470994,MoonStudy
5039,0.522543965,381133000,16,Adjusted,4.547570131,8.702751218,MoonStudy
5039,0.522543965,381133000,27,Perceptual,2.225861768,4.259664096,MoonStudy
5039,0.522543965,381133000,27,Adjusted,3.468966017,6.638610811,MoonStudy
5040,0.522543965,381133000,17,Perceptual,1.997265272,3.822195651,MoonStudy
5040,0.522543965,381133000,17,Adjusted,1.559622134,2.984671602,MoonStudy
5040,0.522543965,381133000,31,Perceptual,1.344185479,2.572387336,MoonStudy
5040,0.522543965,381133000,31,Adjusted,1.896781612,3.629898608,MoonStudy
1034,0.492455624,404420000,5,Perceptual,2.267661881,4.604804514,MoonStudy
1034,0.492455624,404420000,5,Adjusted,0.950844305,1.930822309,MoonStudy
1034,0.492455624,404420000,17,Perceptual,1.761976611,3.577939868,MoonStudy
1034,0.492455624,404420000,17,Adjusted,0.841882021,1.709559156,MoonStudy
5050,0.492455624,404420000,7,Perceptual,1.697914289,3.447852365,MoonStudy
5050,0.492455624,404420000,7,Adjusted,0.793313504,1.61093399,MoonStudy
5050,0.492455624,404420000,17,Perceptual,1.755701011,3.565196385,MoonStudy
5050,0.492455624,404420000,17,Adjusted,0.89738543,1.822266589,MoonStudy
5051,0.492455624,404420000,8,Perceptual,1.194843038,2.426295852,MoonStudy
5051,0.492455624,404420000,8,Adjusted,0.908328699,1.844488427,MoonStudy
5051,0.492455624,404420000,19,Perceptual,1.184717974,2.405735494,MoonStudy
5051,0.492455624,404420000,19,Adjusted,0.876271312,1.779391419,MoonStudy
6006,0.515122672,386624000,3,Perceptual,1.1896658,2.309480563,MoonStudy
6006,0.515122672,386624000,3,Adjusted,0.615568569,1.19499413,MoonStudy
6006,0.515122672,386624000,12,Perceptual,1.443716461,2.802665342,MoonStudy
6006,0.515122672,386624000,12,Adjusted,0.76003491,1.475444492,MoonStudy
6006,0.515122672,386624000,16,Perceptual,1.443716461,2.802665342,MoonStudy
6006,0.515122672,386624000,16,Adjusted,0.76003491,1.475444492,MoonStudy
6041,0.515122672,386624000,4,Perceptual,0.912152348,1.770747819,MoonStudy
6041,0.515122672,386624000,4,Adjusted,0.654801782,1.271156982,MoonStudy
6041,0.515122672,386624000,17,Perceptual,0.484449233,0.940454108,MoonStudy
6041,0.515122672,386624000,17,Adjusted,1.020308836,1.980710403,MoonStudy
1028,0.515122672,386624000,2.5,Perceptual,3.273154083,6.354125452,MoonStudy
1028,0.515122672,386624000,2.5,Adjusted,1.306501348,2.536291681,MoonStudy
1028,0.515122672,386624000,19,Perceptual,2.537519012,4.926048004,MoonStudy
1028,0.515122672,386624000,19,Adjusted,1.294405148,2.512809506,MoonStudy
6044,0.515122672,386624000,2.5,Perceptual,1.636910923,3.177710886,MoonStudy
6044,0.515122672,386624000,2.5,Adjusted,1.207479263,2.344061576,MoonStudy
6044,0.515122672,386624000,17,Perceptual,1.472980707,2.859475589,MoonStudy
6044,0.515122672,386624000,17,Adjusted,1.079453771,2.095527588,MoonStudy
6045,0.515122672,386624000,3,Perceptual,1.386709134,2.691997865,MoonStudy
6045,0.515122672,386624000,3,Adjusted,0.675895187,1.312105297,MoonStudy
6045,0.515122672,386624000,16,Perceptual,1.368192402,2.656051608,MoonStudy
6045,0.515122672,386624000,16,Adjusted,0.899552939,1.746288772,MoonStudy
6043,0.515122672,386624000,3.5,Perceptual,2.008866972,3.899783643,MoonStudy
6043,0.515122672,386624000,3.5,Adjusted,0.859420579,1.668380417,MoonStudy
6043,0.515122672,386624000,19,Perceptual,1.117930962,2.170222787,MoonStudy
6043,0.515122672,386624000,19,Adjusted,1.333925451,2.589529685,MoonStudy
6046,0.515122672,386624000,4,Perceptual,3.345528299,6.494624444,MoonStudy
6046,0.515122672,386624000,4,Adjusted,1.003696017,1.948460184,MoonStudy
6046,0.515122672,386624000,18,Perceptual,1.793296441,3.48129977,MoonStudy
6046,0.515122672,386624000,18,Adjusted,0.904651408,1.756186355,MoonStudy
6028,0.524112984,379992000,7,Perceptual,1.005741815,1.918940852,MoonStudy
6028,0.524112984,379992000,7,Adjusted,1.093876804,2.087101138,MoonStudy
6028,0.524112984,379992000,20,Perceptual,1.153889984,2.201605418,MoonStudy
6028,0.524112984,379992000,20,Adjusted,1.215621372,2.319388013,MoonStudy
6014,0.524112984,379992000,9,Perceptual,1.057738196,2.018149195,MoonStudy
6014,0.524112984,379992000,9,Adjusted,0.921981154,1.759126721,MoonStudy
6014,0.524112984,379992000,23,Perceptual,0.994297251,1.897104789,MoonStudy
6014,0.524112984,379992000,23,Adjusted,0.932701395,1.779580785,MoonStudy
6047,0.524112984,379992000,5,Perceptual,1.389695566,2.651519062,MoonStudy
6047,0.524112984,379992000,5,Adjusted,1.068006907,2.037741747,MoonStudy
6047,0.524112984,379992000,21,Perceptual,0.873743705,1.667090364,MoonStudy
6047,0.524112984,379992000,21,Adjusted,0.908328699,1.733078035,MoonStudy
6048,0.524112984,379992000,6,Perceptual,2.333949709,4.453142323,MoonStudy
6048,0.524112984,379992000,6,Adjusted,0.889837327,1.697796763,MoonStudy
6048,0.524112984,379992000,21,Perceptual,1.528270748,2.915918506,MoonStudy
6048,0.524112984,379992000,21,Adjusted,0.888575862,1.695389907,MoonStudy
6,0.524112984,379992000,7,Perceptual,2.411328622,4.600780171,MoonStudy
6,0.524112984,379992000,7,Adjusted,1.093876804,2.087101138,MoonStudy
6,0.524112984,379992000,22,Perceptual,1.530168996,2.919540335,MoonStudy
6,0.524112984,379992000,22,Adjusted,0.929613115,1.773688392,MoonStudy
6049,0.524112984,379992000,8,Perceptual,1.584498443,3.023200135,MoonStudy
6049,0.524112984,379992000,8,Adjusted,1.481444214,2.826574155,MoonStudy
6049,0.524112984,379992000,23,Perceptual,0.977610561,1.865266827,MoonStudy
6049,0.524112984,379992000,23,Adjusted,1.267439599,2.418256442,MoonStudy
1,0.370779037,62.86263907,2.557997168,Perceptual,1.043267458,2.813717481,QuadStudy
1,0.370779037,62.86263907,2.557997168,Adjusted,0.645393911,1.740642932,QuadStudy
1,1.15268413,20.39390574,7.90728638,Perceptual,1.624696813,1.409490051,QuadStudy
1,1.15268413,20.39390574,7.90728638,Adjusted,1.241359995,1.076929892,QuadStudy
1,0.4631963,50.34823027,3.194399214,Perceptual,1.23138428,2.658450166,QuadStudy
1,0.4631963,50.34823027,3.194399214,Adjusted,1.039783757,2.24480152,QuadStudy
1,0.680641069,34.32485239,4.68839803,Perceptual,1.393843503,2.047839261,QuadStudy
1,0.680641069,34.32485239,4.68839803,Adjusted,1.617655721,2.376664876,QuadStudy
1,2.36338945,62.85389794,2.372950228,Perceptual,5.212882542,2.205680719,QuadStudy
1,2.36338945,62.85389794,2.372950228,Adjusted,3.01639733,1.276301428,QuadStudy
1,7.338560272,20.36694591,7.341075179,Perceptual,7.684906256,1.047195359,QuadStudy
1,7.338560272,20.36694591,7.341075179,Adjusted,6.441409921,0.877748452,QuadStudy
1,2.952239146,50.33731604,2.96346827,Perceptual,4.418989992,1.496826569,QuadStudy
1,2.952239146,50.33731604,2.96346827,Adjusted,4.411716098,1.494362713,QuadStudy
1,4.337065743,34.30884122,4.350187438,Perceptual,5.886874264,1.357340334,QuadStudy
1,4.337065743,34.30884122,4.350187438,Adjusted,5.084525832,1.172342347,QuadStudy
2,0.370779037,62.86263907,2.557997168,Perceptual,0.932249743,2.514300027,QuadStudy
2,0.370779037,62.86263907,2.557997168,Adjusted,0.496560314,1.339235136,QuadStudy
2,1.15268413,20.39390574,7.90728638,Perceptual,2.087666049,1.811134546,QuadStudy
2,1.15268413,20.39390574,7.90728638,Adjusted,1.56799715,1.360300805,QuadStudy
2,0.4631963,50.34823027,3.194399214,Perceptual,1.184717974,2.557701725,QuadStudy
2,0.4631963,50.34823027,3.194399214,Adjusted,0.660579317,1.426132544,QuadStudy
2,0.680641069,34.32485239,4.68839803,Perceptual,1.582816629,2.325479172,QuadStudy
2,0.680641069,34.32485239,4.68839803,Adjusted,0.876271312,1.287420569,QuadStudy
2,2.36338945,62.85389794,2.372950228,Perceptual,3.22325115,1.363825649,QuadStudy
2,2.36338945,62.85389794,2.372950228,Adjusted,1.688595479,0.714480417,QuadStudy
2,7.338560272,20.36694591,7.341075179,Perceptual,7.466998345,1.017501808,QuadStudy
2,7.338560272,20.36694591,7.341075179,Adjusted,6.655187904,0.906879232,QuadStudy
2,2.952239146,50.33731604,2.96346827,Perceptual,5.017455162,1.699542251,QuadStudy
2,2.952239146,50.33731604,2.96346827,Adjusted,3.027786395,1.025589814,QuadStudy
2,4.337065743,34.30884122,4.350187438,Perceptual,6.68339321,1.540994213,QuadStudy
2,4.337065743,34.30884122,4.350187438,Adjusted,4.473537476,1.031466374,QuadStudy
3,0.370779037,62.86263907,2.557997168,Perceptual,0.496560314,1.339235136,QuadStudy
3,0.370779037,62.86263907,2.557997168,Adjusted,0.471844929,1.272577147,QuadStudy
3,1.15268413,20.39390574,7.90728638,Perceptual,1.164974047,1.010661999,QuadStudy
3,1.15268413,20.39390574,7.90728638,Adjusted,1.386586483,1.20291973,QuadStudy
3,0.4631963,50.34823027,3.194399214,Perceptual,0.620698208,1.340032743,QuadStudy
3,0.4631963,50.34823027,3.194399214,Adjusted,0.562142761,1.213616693,QuadStudy
3,0.680641069,34.32485239,4.68839803,Perceptual,0.744834644,1.094313403,QuadStudy
3,0.680641069,34.32485239,4.68839803,Adjusted,0.793313504,1.165538696,QuadStudy
3,2.36338945,62.85389794,2.372950228,Perceptual,1.986054806,0.840341741,QuadStudy
3,2.36338945,62.85389794,2.372950228,Adjusted,2.018785255,0.854190686,QuadStudy
3,7.338560272,20.36694591,7.341075179,Perceptual,4.933935098,0.672330119,QuadStudy
3,7.338560272,20.36694591,7.341075179,Adjusted,7.103821328,0.968012943,QuadStudy
3,2.952239146,50.33731604,2.96346827,Perceptual,2.644685489,0.895823597,QuadStudy
3,2.952239146,50.33731604,2.96346827,Adjusted,3.205624591,1.085828225,QuadStudy
3,4.337065743,34.30884122,4.350187438,Perceptual,3.169557925,0.730806982,QuadStudy
3,4.337065743,34.30884122,4.350187438,Adjusted,4.661303787,1.074759772,QuadStudy
4,0.370779037,62.86263907,2.557997168,Perceptual,0.968078071,2.610929891,QuadStudy
4,0.370779037,62.86263907,2.557997168,Adjusted,0.461916961,1.245801177,QuadStudy
4,1.15268413,20.39390574,7.90728638,Perceptual,1.876762886,1.628167542,QuadStudy
4,1.15268413,20.39390574,7.90728638,Adjusted,1.205142653,1.045509886,QuadStudy
4,0.4631963,50.34823027,3.194399214,Perceptual,0.948322287,2.047344264,QuadStudy
4,0.4631963,50.34823027,3.194399214,Adjusted,0.496898336,1.072759728,QuadStudy
4,0.680641069,34.32485239,4.68839803,Perceptual,1.205142653,1.770599378,QuadStudy
4,0.680641069,34.32485239,4.68839803,Adjusted,0.763932409,1.1223719,QuadStudy
4,2.36338945,62.85389794,2.372950228,Perceptual,5.103849615,2.159546584,QuadStudy
4,2.36338945,62.85389794,2.372950228,Adjusted,2.550704602,1.079256998,QuadStudy
4,7.338560272,20.36694591,7.341075179,Perceptual,8.872948971,1.209085794,QuadStudy
4,7.338560272,20.36694591,7.341075179,Adjusted,8.107108464,1.10472738,QuadStudy
4,2.952239146,50.33731604,2.96346827,Perceptual,5.103849615,1.728806293,QuadStudy
4,2.952239146,50.33731604,2.96346827,Adjusted,3.196179111,1.082628796,QuadStudy
4,4.337065743,34.30884122,4.350187438,Perceptual,6.798356216,1.567501306,QuadStudy
4,4.337065743,34.30884122,4.350187438,Adjusted,5.333428013,1.229731881,QuadStudy
5,0.370779037,62.86263907,2.557997168,Perceptual,1.955078838,5.272894749,QuadStudy
5,0.370779037,62.86263907,2.557997168,Adjusted,1.039290294,2.802990973,QuadStudy
5,1.15268413,20.39390574,7.90728638,Perceptual,2.163359796,1.876801927,QuadStudy
5,1.15268413,20.39390574,7.90728638,Adjusted,2.170948719,1.883385624,QuadStudy
5,0.4631963,50.34823027,3.194399214,Perceptual,1.955078838,4.220842956,QuadStudy
5,0.4631963,50.34823027,3.194399214,Adjusted,0.950844305,2.052789079,QuadStudy
5,0.680641069,34.32485239,4.68839803,Perceptual,2.163359796,3.178415021,QuadStudy
5,0.680641069,34.32485239,4.68839803,Adjusted,1.385690842,2.035861346,QuadStudy
5,2.36338945,62.85389794,2.372950228,Perceptual,8.271455735,3.499827646,QuadStudy
5,2.36338945,62.85389794,2.372950228,Adjusted,4.009068064,1.696321385,QuadStudy
5,7.338560272,20.36694591,7.341075179,Perceptual,8.79741071,1.198792458,QuadStudy
5,7.338560272,20.36694591,7.341075179,Adjusted,8.72073154,1.188343656,QuadStudy
5,2.952239146,50.33731604,2.96346827,Perceptual,7.202556234,2.439692681,QuadStudy
5,2.952239146,50.33731604,2.96346827,Adjusted,3.273154083,1.108702216,QuadStudy
5,4.337065743,34.30884122,4.350187438,Perceptual,8.79741071,2.028424569,QuadStudy
5,4.337065743,34.30884122,4.350187438,Adjusted,7.204551677,1.661158051,QuadStudy
6,0.370779037,62.86263907,2.557997168,Perceptual,2.272900292,6.130066871,QuadStudy
6,0.370779037,62.86263907,2.557997168,Adjusted,0.451418958,1.21748781,QuadStudy
6,1.15268413,20.39390574,7.90728638,Perceptual,2.515020559,2.18188183,QuadStudy
6,1.15268413,20.39390574,7.90728638,Adjusted,1.299250189,1.127151971,QuadStudy
6,0.4631963,50.34823027,3.194399214,Perceptual,2.515020559,5.429707797,QuadStudy
6,0.4631963,50.34823027,3.194399214,Adjusted,0.642101154,1.386239817,QuadStudy
6,0.680641069,34.32485239,4.68839803,Perceptual,2.515020559,3.69507612,QuadStudy
6,0.680641069,34.32485239,4.68839803,Adjusted,0.715042048,1.050542027,QuadStudy
6,2.36338945,62.85389794,2.372950228,Perceptual,7.164268847,3.031353486,QuadStudy
6,2.36338945,62.85389794,2.372950228,Adjusted,2.678694909,1.1334124,QuadStudy
6,7.338560272,20.36694591,7.341075179,Perceptual,9.610547548,1.309595778,QuadStudy
6,7.338560272,20.36694591,7.341075179,Adjusted,9.354835718,1.274750819,QuadStudy
6,2.952239146,50.33731604,2.96346827,Perceptual,8.36983225,2.835079354,QuadStudy
6,2.952239146,50.33731604,2.96346827,Adjusted,2.751473113,0.931995336,QuadStudy
6,4.337065743,34.30884122,4.350187438,Perceptual,9.610547548,2.215910046,QuadStudy
6,4.337065743,34.30884122,4.350187438,Adjusted,6.072643785,1.40017333,QuadStudy
7,0.370779037,62.86263907,2.557997168,Perceptual,1.195694611,3.224817185,QuadStudy
7,0.370779037,62.86263907,2.557997168,Adjusted,0.378733435,1.021453202,QuadStudy
7,1.15268413,20.39390574,7.90728638,Perceptual,2.677467562,2.322811161,QuadStudy
7,1.15268413,20.39390574,7.90728638,Adjusted,1.100045174,0.954333581,QuadStudy
7,0.4631963,50.34823027,3.194399214,Perceptual,1.22060305,2.635174442,QuadStudy
7,0.4631963,50.34823027,3.194399214,Adjusted,0.494709384,1.068033973,QuadStudy
7,0.680641069,34.32485239,4.68839803,Perceptual,1.79346056,2.634957899,QuadStudy
7,0.680641069,34.32485239,4.68839803,Adjusted,0.687541104,1.010137553,QuadStudy
7,2.36338945,62.85389794,2.372950228,Perceptual,3.797568441,1.606831426,QuadStudy
7,2.36338945,62.85389794,2.372950228,Adjusted,2.590324392,1.096020968,QuadStudy
7,7.338560272,20.36694591,7.341075179,Perceptual,11.17448793,1.522708476,QuadStudy
7,7.338560272,20.36694591,7.341075179,Adjusted,7.586813707,1.033828629,QuadStudy
7,2.952239146,50.33731604,2.96346827,Perceptual,5.066127676,1.716028894,QuadStudy
7,2.952239146,50.33731604,2.96346827,Adjusted,3.459386862,1.171784091,QuadStudy
7,4.337065743,34.30884122,4.350187438,Perceptual,6.432781616,1.483210538,QuadStudy
7,4.337065743,34.30884122,4.350187438,Adjusted,5.017455162,1.15687782,QuadStudy
30337,0.370779037,62.86263907,2.557997168,Perceptual,1.059073648,2.856347154,QuadStudy
30337,0.370779037,62.86263907,2.557997168,Adjusted,0.505547716,1.363474375,QuadStudy
30337,1.15268413,20.39390574,7.90728638,Perceptual,3.297937066,2.861093495,QuadStudy
30337,1.15268413,20.39390574,7.90728638,Adjusted,1.279108462,1.10967821,QuadStudy
30337,0.4631963,50.34823027,3.194399214,Perceptual,1.414960213,3.054774433,QuadStudy
30337,0.4631963,50.34823027,3.194399214,Adjusted,0.629440261,1.358906066,QuadStudy
30337,0.680641069,34.32485239,4.68839803,Perceptual,1.866288396,2.741956785,QuadStudy
30337,0.680641069,34.32485239,4.68839803,Adjusted,0.827591315,1.215899764,QuadStudy
30337,2.36338945,62.85389794,2.372950228,Perceptual,6.676941088,2.825154816,QuadStudy
30337,2.36338945,62.85389794,2.372950228,Adjusted,2.881543815,1.219242057,QuadStudy
30337,7.338560272,20.36694591,7.341075179,Perceptual,11.24925608,1.532896872,QuadStudy
30337,7.338560272,20.36694591,7.341075179,Adjusted,9.496316352,1.294029891,QuadStudy
30337,2.952239146,50.33731604,2.96346827,Perceptual,8.958046153,3.034322666,QuadStudy
30337,2.952239146,50.33731604,2.96346827,Adjusted,3.34632821,1.133488192,QuadStudy
30337,4.337065743,34.30884122,4.350187438,Perceptual,11.24925608,2.593748112,QuadStudy
30337,4.337065743,34.30884122,4.350187438,Adjusted,5.456875414,1.258195226,QuadStudy
8,0.370779037,62.86263907,2.557997168,Perceptual,1.491175838,4.021737178,QuadStudy
8,0.370779037,62.86263907,2.557997168,Adjusted,0.98218931,2.648988242,QuadStudy
8,1.15268413,20.39390574,7.90728638,Perceptual,2.589642241,2.246619151,QuadStudy
8,1.15268413,20.39390574,7.90728638,Adjusted,1.370539568,1.188998384,QuadStudy
8,0.4631963,50.34823027,3.194399214,Perceptual,1.279290968,2.761876486,QuadStudy
8,0.4631963,50.34823027,3.194399214,Adjusted,0.79097342,1.707641925,QuadStudy
8,0.680641069,34.32485239,4.68839803,Perceptual,1.687356474,2.479069441,QuadStudy
8,0.680641069,34.32485239,4.68839803,Adjusted,1.011682974,1.486367809,QuadStudy
8,2.36338945,62.85389794,2.372950228,Perceptual,4.784946556,2.024611964,QuadStudy
8,2.36338945,62.85389794,2.372950228,Adjusted,2.264252752,0.958053169,QuadStudy
8,7.338560272,20.36694591,7.341075179,Perceptual,10.1765204,1.386718923,QuadStudy
8,7.338560272,20.36694591,7.341075179,Adjusted,6.880537436,0.937586826,QuadStudy
8,2.952239146,50.33731604,2.96346827,Perceptual,6.037933447,2.045204724,QuadStudy
8,2.952239146,50.33731604,2.96346827,Adjusted,2.445717623,0.828428018,QuadStudy
8,4.337065743,34.30884122,4.350187438,Perceptual,8.102066082,1.868098517,QuadStudy
8,4.337065743,34.30884122,4.350187438,Adjusted,4.162343863,0.959714265,QuadStudy
9,0.370779037,62.86263907,2.557997168,Perceptual,0.723726539,1.951907921,QuadStudy
9,0.370779037,62.86263907,2.557997168,Adjusted,0.809600805,2.183512884,QuadStudy
9,1.15268413,20.39390574,7.90728638,Perceptual,1.839338099,1.595700028,QuadStudy
9,1.15268413,20.39390574,7.90728638,Adjusted,1.48716865,1.290178819,QuadStudy
9,0.4631963,50.34823027,3.194399214,Perceptual,0.738803762,1.595012229,QuadStudy
9,0.4631963,50.34823027,3.194399214,Adjusted,0.726668439,1.568813134,QuadStudy
9,0.680641069,34.32485239,4.68839803,Perceptual,1.085571767,1.594925457,QuadStudy
9,0.680641069,34.32485239,4.68839803,Adjusted,1.224356367,1.798828227,QuadStudy
9,2.36338945,62.85389794,2.372950228,Perceptual,3.067606783,1.297969229,QuadStudy
9,2.36338945,62.85389794,2.372950228,Adjusted,2.422432046,1.02498217,QuadStudy
9,7.338560272,20.36694591,7.341075179,Perceptual,9.776801896,1.332250678,QuadStudy
9,7.338560272,20.36694591,7.341075179,Adjusted,8.021452995,1.093055408,QuadStudy
9,2.952239146,50.33731604,2.96346827,Perceptual,6.777113981,2.295584351,QuadStudy
9,2.952239146,50.33731604,2.96346827,Adjusted,3.139871513,1.063555951,QuadStudy
9,4.337065743,34.30884122,4.350187438,Perceptual,7.78325049,1.794589004,QuadStudy
9,4.337065743,34.30884122,4.350187438,Adjusted,6.952466243,1.603034553,QuadStudy
10,0.370779037,62.86263907,2.557997168,Perceptual,1.294405148,3.491041882,QuadStudy
10,0.370779037,62.86263907,2.557997168,Adjusted,0.726668439,1.959842293,QuadStudy
10,1.15268413,20.39390574,7.90728638,Perceptual,2.588480059,2.245610911,QuadStudy
10,1.15268413,20.39390574,7.90728638,Adjusted,1.570707264,1.362651938,QuadStudy
10,0.4631963,50.34823027,3.194399214,Perceptual,1.729352415,3.733519497,QuadStudy
10,0.4631963,50.34823027,3.194399214,Adjusted,0.93103593,2.010024542,QuadStudy
10,0.680641069,34.32485239,4.68839803,Perceptual,2.015754671,2.961553107,QuadStudy
10,0.680641069,34.32485239,4.68839803,Adjusted,1.100943849,1.617510167,QuadStudy
10,2.36338945,62.85389794,2.372950228,Perceptual,9.527283381,4.031194851,QuadStudy
10,2.36338945,62.85389794,2.372950228,Adjusted,4.120542827,1.743488712,QuadStudy
10,7.338560272,20.36694591,7.341075179,Perceptual,13.72738383,1.870582692,QuadStudy
10,7.338560272,20.36694591,7.341075179,Adjusted,9.849643881,1.342176601,QuadStudy
10,2.952239146,50.33731604,2.96346827,Perceptual,10.93774254,3.704897198,QuadStudy
10,2.952239146,50.33731604,2.96346827,Adjusted,5.354465529,1.813696406,QuadStudy
10,4.337065743,34.30884122,4.350187438,Perceptual,11.63125306,2.681825397,QuadStudy
10,4.337065743,34.30884122,4.350187438,Adjusted,6.419693981,1.480192914,QuadStudy
11,0.370779037,62.86263907,2.557997168,Perceptual,1.519494654,4.098113705,QuadStudy
11,0.370779037,62.86263907,2.557997168,Adjusted,0.730230442,1.969449104,QuadStudy
11,1.15268413,20.39390574,7.90728638,Perceptual,4.108587932,3.564365836,QuadStudy
11,1.15268413,20.39390574,7.90728638,Adjusted,1.66759871,1.446709178,QuadStudy
11,0.4631963,50.34823027,3.194399214,Perceptual,1.79346056,3.871923334,QuadStudy
11,0.4631963,50.34823027,3.194399214,Adjusted,0.649645973,1.402528418,QuadStudy
11,0.680641069,34.32485239,4.68839803,Perceptual,2.677467562,3.933743768,QuadStudy
11,0.680641069,34.32485239,4.68839803,Adjusted,0.873061652,1.282704926,QuadStudy
11,2.36338945,62.85389794,2.372950228,Perceptual,5.165574032,2.18566349,QuadStudy
11,2.36338945,62.85389794,2.372950228,Adjusted,2.859033805,1.209717596,QuadStudy
11,7.338560272,20.36694591,7.341075179,Perceptual,13.63642914,1.858188614,QuadStudy
11,7.338560272,20.36694591,7.341075179,Adjusted,8.72314529,1.188672569,QuadStudy
11,2.952239146,50.33731604,2.96346827,Perceptual,6.432781616,2.178950044,QuadStudy
11,2.952239146,50.33731604,2.96346827,Adjusted,2.948527224,0.998742676,QuadStudy
11,4.337065743,34.30884122,4.350187438,Perceptual,9.568514488,2.206218456,QuadStudy
11,4.337065743,34.30884122,4.350187438,Adjusted,4.662294671,1.07498824,QuadStudy
12,0.370779037,62.86263907,2.557997168,Perceptual,0.877324482,2.366165273,QuadStudy
12,0.370779037,62.86263907,2.557997168,Adjusted,0.456500544,1.23119297,QuadStudy
12,1.15268413,20.39390574,7.90728638,Perceptual,1.459173013,1.265891474,QuadStudy
12,1.15268413,20.39390574,7.90728638,Adjusted,1.155346817,1.002309989,QuadStudy
12,0.4631963,50.34823027,3.194399214,Perceptual,1.092167725,2.357893892,QuadStudy
12,0.4631963,50.34823027,3.194399214,Adjusted,0.631218305,1.362744706,QuadStudy
12,0.680641069,34.32485239,4.68839803,Perceptual,1.459173013,2.143821582,QuadStudy
12,0.680641069,34.32485239,4.68839803,Adjusted,0.887142733,1.303392895,QuadStudy
12,2.36338945,62.85389794,2.372950228,Perceptual,3.713972219,1.571460099,QuadStudy
12,2.36338945,62.85389794,2.372950228,Adjusted,3.147894909,1.331940831,QuadStudy
12,7.338560272,20.36694591,7.341075179,Perceptual,6.162301666,0.839715344,QuadStudy
12,7.338560272,20.36694591,7.341075179,Adjusted,8.302570533,1.131362314,QuadStudy
12,2.952239146,50.33731604,2.96346827,Perceptual,4.625910208,1.566915816,QuadStudy
12,2.952239146,50.33731604,2.96346827,Adjusted,3.700202684,1.253354658,QuadStudy
12,4.337065743,34.30884122,4.350187438,Perceptual,6.162301666,1.420845805,QuadStudy
12,4.337065743,34.30884122,4.350187438,Adjusted,5.587635354,1.288344629,QuadStudy
13,0.370779037,62.86263907,2.557997168,Perceptual,1.604177026,4.326504103,QuadStudy
13,0.370779037,62.86263907,2.557997168,Adjusted,0.648624539,1.749356015,QuadStudy
13,1.15268413,20.39390574,7.90728638,Perceptual,3.109578822,2.697685117,QuadStudy
13,1.15268413,20.39390574,7.90728638,Adjusted,1.269269974,1.101142924,QuadStudy
13,0.4631963,50.34823027,3.194399214,Perceptual,1.996964992,4.311271472,QuadStudy
13,0.4631963,50.34823027,3.194399214,Adjusted,0.537143999,1.159646567,QuadStudy
13,0.680641069,34.32485239,4.68839803,Perceptual,2.667864179,3.919634447,QuadStudy
13,0.680641069,34.32485239,4.68839803,Adjusted,0.89124971,1.309426878,QuadStudy
13,2.36338945,62.85389794,2.372950228,Perceptual,9.960673336,4.214571295,QuadStudy
13,2.36338945,62.85389794,2.372950228,Adjusted,2.430365566,1.028339009,QuadStudy
13,7.338560272,20.36694591,7.341075179,Perceptual,14.65281332,1.996687739,QuadStudy
13,7.338560272,20.36694591,7.341075179,Adjusted,6.850469326,0.93348955,QuadStudy
13,2.952239146,50.33731604,2.96346827,Perceptual,9.960673336,3.373938507,QuadStudy
13,2.952239146,50.33731604,2.96346827,Adjusted,2.881543815,0.976053657,QuadStudy
13,4.337065743,34.30884122,4.350187438,Perceptual,14.65281332,3.378508464,QuadStudy
13,4.337065743,34.30884122,4.350187438,Adjusted,5.43084421,1.252193195,QuadStudy
14,0.370779037,62.86263907,2.557997168,Perceptual,1.226283906,3.307317252,QuadStudy
14,0.370779037,62.86263907,2.557997168,Adjusted,0.340369966,0.917986003,QuadStudy
14,1.15268413,20.39390574,7.90728638,Perceptual,2.160900419,1.874668318,QuadStudy
14,1.15268413,20.39390574,7.90728638,Adjusted,1.33138487,1.155030103,QuadStudy
14,0.4631963,50.34823027,3.194399214,Perceptual,1.909682508,4.122836279,QuadStudy
14,0.4631963,50.34823027,3.194399214,Adjusted,0.54667118,1.180214913,QuadStudy
14,0.680641069,34.32485239,4.68839803,Perceptual,2.452287012,3.602907795,QuadStudy
14,0.680641069,34.32485239,4.68839803,Adjusted,1.020879608,1.499879532,QuadStudy
14,2.36338945,62.85389794,2.372950228,Perceptual,6.125811603,2.591960289,QuadStudy
14,2.36338945,62.85389794,2.372950228,Adjusted,1.909682508,0.808027009,QuadStudy
14,7.338560272,20.36694591,7.341075179,Perceptual,10.36529311,1.412442321,QuadStudy
14,7.338560272,20.36694591,7.341075179,Adjusted,7.754900844,1.056733277,QuadStudy
14,2.952239146,50.33731604,2.96346827,Perceptual,6.917338579,2.34308206,QuadStudy
14,2.952239146,50.33731604,2.96346827,Adjusted,3.296300464,1.116542496,QuadStudy
14,4.337065743,34.30884122,4.350187438,Perceptual,10.36529311,2.389932208,QuadStudy
14,4.337065743,34.30884122,4.350187438,Adjusted,6.234987211,1.437604957,QuadStudy
15,0.370779037,62.86263907,2.557997168,Perceptual,1.306501348,3.523665627,QuadStudy
15,0.370779037,62.86263907,2.557997168,Adjusted,0.64072032,1.728038145,QuadStudy
15,1.15268413,20.39390574,7.90728638,Perceptual,2.302230866,1.997278184,QuadStudy
15,1.15268413,20.39390574,7.90728638,Adjusted,1.675995824,1.453994013,QuadStudy
15,0.4631963,50.34823027,3.194399214,Perceptual,1.745512099,3.768406831,QuadStudy
15,0.4631963,50.34823027,3.194399214,Adjusted,0.827591315,1.786696733,QuadStudy
15,0.680641069,34.32485239,4.68839803,Perceptual,2.034589559,2.989225383,QuadStudy
15,0.680641069,34.32485239,4.68839803,Adjusted,1.396515484,2.051764944,QuadStudy
15,2.36338945,62.85389794,2.372950228,Perceptual,9.615907926,4.068693768,QuadStudy
15,2.36338945,62.85389794,2.372950228,Adjusted,2.864192368,1.211900294,QuadStudy
15,7.338560272,20.36694591,7.341075179,Perceptual,11.03933604,1.5042918,QuadStudy
15,7.338560272,20.36694591,7.341075179,Adjusted,8.79984484,1.199124149,QuadStudy
15,2.952239146,50.33731604,2.96346827,Perceptual,8.232117693,2.78843186,QuadStudy
15,2.952239146,50.33731604,2.96346827,Adjusted,3.457531984,1.171155795,QuadStudy
15,4.337065743,34.30884122,4.350187438,Perceptual,9.615907926,2.217145991,QuadStudy
15,4.337065743,34.30884122,4.350187438,Adjusted,7.437987946,1.7149816,QuadStudy
16,0.370779037,62.86263907,2.557997168,Perceptual,0.935810261,2.52390283,QuadStudy
16,0.370779037,62.86263907,2.557997168,Adjusted,0.629440261,1.697615556,QuadStudy
16,1.15268413,20.39390574,7.90728638,Perceptual,2.052879122,1.780955483,QuadStudy
16,1.15268413,20.39390574,7.90728638,Adjusted,1.500021999,1.301329618,QuadStudy
16,0.4631963,50.34823027,3.194399214,Perceptual,1.375032709,2.96857447,QuadStudy
16,0.4631963,50.34823027,3.194399214,Adjusted,0.63843208,1.378318611,QuadStudy
16,0.680641069,34.32485239,4.68839803,Perceptual,1.814214757,2.66545003,QuadStudy
16,0.680641069,34.32485239,4.68839803,Adjusted,0.726668439,1.067623557,QuadStudy
16,2.36338945,62.85389794,2.372950228,Perceptual,6.572249498,2.780857593,QuadStudy
16,2.36338945,62.85389794,2.372950228,Adjusted,2.498962982,1.057364025,QuadStudy
16,7.338560272,20.36694591,7.341075179,Perceptual,10.47495213,1.427385174,QuadStudy
16,7.338560272,20.36694591,7.341075179,Adjusted,7.449175076,1.015073093,QuadStudy
16,2.952239146,50.33731604,2.96346827,Perceptual,8.578306658,2.905695045,QuadStudy
16,2.952239146,50.33731604,2.96346827,Adjusted,3.677728902,1.245742205,QuadStudy
16,4.337065743,34.30884122,4.350187438,Perceptual,9.849643881,2.271038639,QuadStudy
16,4.337065743,34.30884122,4.350187438,Adjusted,4.421571517,1.01948455,QuadStudy
17,0.370779037,62.86263907,2.557997168,Perceptual,0.956568186,2.579887454,QuadStudy
17,0.370779037,62.86263907,2.557997168,Adjusted,0.608031137,1.639874633,QuadStudy
17,1.15268413,20.39390574,7.90728638,Perceptual,1.624102038,1.40897406,QuadStudy
17,1.15268413,20.39390574,7.90728638,Adjusted,1.527796922,1.325425485,QuadStudy
17,0.4631963,50.34823027,3.194399214,Perceptual,0.777217787,1.677944723,QuadStudy
17,0.4631963,50.34823027,3.194399214,Adjusted,0.708196327,1.528933473,QuadStudy
17,0.680641069,34.32485239,4.68839803,Perceptual,0.976495735,1.434670607,QuadStudy
17,0.680641069,34.32485239,4.68839803,Adjusted,0.943673859,1.386448603,QuadStudy
17,2.36338945,62.85389794,2.372950228,Perceptual,6.072643785,2.569463863,QuadStudy
17,2.36338945,62.85389794,2.372950228,Adjusted,2.885014089,1.220710403,QuadStudy
17,7.338560272,20.36694591,7.341075179,Perceptual,10.92768563,1.489077588,QuadStudy
17,7.338560272,20.36694591,7.341075179,Adjusted,7.694571849,1.048512455,QuadStudy
17,2.952239146,50.33731604,2.96346827,Perceptual,6.857331933,2.322756252,QuadStudy
17,2.952239146,50.33731604,2.96346827,Adjusted,2.91147077,0.986190694,QuadStudy
17,4.337065743,34.30884122,4.350187438,Perceptual,7.661217007,1.766451666,QuadStudy
17,4.337065743,34.30884122,4.350187438,Adjusted,4.463046843,1.029047542,QuadStudy
18,0.370779037,62.86263907,2.557997168,Perceptual,1.215621372,3.278560139,QuadStudy
18,0.370779037,62.86263907,2.557997168,Adjusted,0.687541104,1.854314928,QuadStudy
18,1.15268413,20.39390574,7.90728638,Perceptual,1.624102038,1.40897406,QuadStudy
18,1.15268413,20.39390574,7.90728638,Adjusted,1.386348751,1.202713489,QuadStudy
18,0.4631963,50.34823027,3.194399214,Perceptual,1.434810622,3.097629717,QuadStudy
18,0.4631963,50.34823027,3.194399214,Adjusted,0.61429938,1.326218238,QuadStudy
18,0.680641069,34.32485239,4.68839803,Perceptual,1.434810622,2.108028281,QuadStudy
18,0.680641069,34.32485239,4.68839803,Adjusted,0.893796035,1.313167947,QuadStudy
18,2.36338945,62.85389794,2.372950228,Perceptual,7.661217007,3.24162275,QuadStudy
18,2.36338945,62.85389794,2.372950228,Adjusted,3.177191505,1.34433684,QuadStudy
18,7.338560272,20.36694591,7.341075179,Perceptual,12.89906941,1.757711176,QuadStudy
18,7.338560272,20.36694591,7.341075179,Adjusted,8.329501173,1.135032059,QuadStudy
18,2.952239146,50.33731604,2.96346827,Perceptual,8.949793012,3.031527113,QuadStudy
18,2.952239146,50.33731604,2.96346827,Adjusted,3.639445118,1.232774494,QuadStudy
18,4.337065743,34.30884122,4.350187438,Perceptual,10.27564462,2.369261899,QuadStudy
18,4.337065743,34.30884122,4.350187438,Adjusted,4.958473682,1.143278423,QuadStudy
19,0.370779037,62.86263907,2.557997168,Perceptual,1.013029421,2.732164765,QuadStudy
19,0.370779037,62.86263907,2.557997168,Adjusted,1.176029973,3.171781184,QuadStudy
19,1.15268413,20.39390574,7.90728638,Perceptual,2.241722751,1.944784952,QuadStudy
19,1.15268413,20.39390574,7.90728638,Adjusted,1.701385996,1.476021012,QuadStudy
19,0.4631963,50.34823027,3.194399214,Perceptual,1.353446055,2.921970786,QuadStudy
19,0.4631963,50.34823027,3.194399214,Adjusted,0.610523021,1.318065412,QuadStudy
19,0.680641069,34.32485239,4.68839803,Perceptual,2.025900526,2.976459428,QuadStudy
19,0.680641069,34.32485239,4.68839803,Adjusted,0.924416053,1.358154974,QuadStudy
19,2.36338945,62.85389794,2.372950228,Perceptual,3.445012255,1.457657457,QuadStudy
19,2.36338945,62.85389794,2.372950228,Adjusted,2.770976553,1.172458713,QuadStudy
19,7.338560272,20.36694591,7.341075179,Perceptual,8.570049324,1.167810716,QuadStudy
19,7.338560272,20.36694591,7.341075179,Adjusted,6.655187904,0.906879232,QuadStudy
19,2.952239146,50.33731604,2.96346827,Perceptual,5.716527394,1.936336154,QuadStudy
19,2.952239146,50.33731604,2.96346827,Adjusted,2.712472926,0.91878496,QuadStudy
19,4.337065743,34.30884122,4.350187438,Perceptual,4.291024813,0.989384314,QuadStudy
19,4.337065743,34.30884122,4.350187438,Adjusted,3.656873272,0.84316759,QuadStudy
20,0.370779037,62.86263907,2.557997168,Perceptual,1.00614393,2.713594431,QuadStudy
20,0.370779037,62.86263907,2.557997168,Adjusted,0.411704429,1.110376767,QuadStudy
20,1.15268413,20.39390574,7.90728638,Perceptual,2.012132751,1.745606362,QuadStudy
20,1.15268413,20.39390574,7.90728638,Adjusted,1.163780508,1.009626556,QuadStudy
20,0.4631963,50.34823027,3.194399214,Perceptual,0.908328699,1.961001632,QuadStudy
20,0.4631963,50.34823027,3.194399214,Adjusted,0.502139573,1.084075096,QuadStudy
20,0.680641069,34.32485239,4.68839803,Perceptual,1.369443679,2.011990962,QuadStudy
20,0.680641069,34.32485239,4.68839803,Adjusted,0.701864522,1.031181565,QuadStudy
20,2.36338945,62.85389794,2.372950228,Perceptual,4.260283069,1.80261576,QuadStudy
20,2.36338945,62.85389794,2.372950228,Adjusted,2.005147608,0.848420309,QuadStudy
20,7.338560272,20.36694591,7.341075179,Perceptual,12.52698123,1.707008019,QuadStudy
20,7.338560272,20.36694591,7.341075179,Adjusted,6.217785167,0.847275887,QuadStudy
20,2.952239146,50.33731604,2.96346827,Perceptual,7.215307524,2.444011873,QuadStudy
20,2.952239146,50.33731604,2.96346827,Adjusted,2.756308717,0.93363328,QuadStudy
20,4.337065743,34.30884122,4.350187438,Perceptual,9.605922027,2.214843536,QuadStudy
20,4.337065743,34.30884122,4.350187438,Adjusted,4.388610085,1.011884612,QuadStudy
21,0.370779037,62.86263907,2.557997168,Perceptual,1.506237773,4.062359578,QuadStudy
21,0.370779037,62.86263907,2.557997168,Adjusted,0.580393842,1.565336182,QuadStudy
21,1.15268413,20.39390574,7.90728638,Perceptual,3.048894417,2.645038947,QuadStudy
21,1.15268413,20.39390574,7.90728638,Adjusted,1.401304625,1.215688313,QuadStudy
21,0.4631963,50.34823027,3.194399214,Perceptual,2.2545752,4.867429215,QuadStudy
21,0.4631963,50.34823027,3.194399214,Adjusted,0.660579317,1.426132544,QuadStudy
21,0.680641069,34.32485239,4.68839803,Perceptual,2.494744569,3.665286572,QuadStudy
21,0.680641069,34.32485239,4.68839803,Adjusted,0.873061652,1.282704926,QuadStudy
21,2.36338945,62.85389794,2.372950228,Perceptual,10.13884027,4.289957487,QuadStudy
21,2.36338945,62.85389794,2.372950228,Adjusted,2.502522979,1.058870335,QuadStudy
21,7.338560272,20.36694591,7.341075179,Perceptual,13.79485512,1.879776769,QuadStudy
21,7.338560272,20.36694591,7.341075179,Adjusted,6.961287082,0.948590299,QuadStudy
21,2.952239146,50.33731604,2.96346827,Perceptual,11.96990463,4.05451728,QuadStudy
21,2.952239146,50.33731604,2.96346827,Adjusted,3.565350403,1.207676691,QuadStudy
21,4.337065743,34.30884122,4.350187438,Perceptual,13.79485512,3.180688496,QuadStudy
21,4.337065743,34.30884122,4.350187438,Adjusted,4.397723151,1.013985817,QuadStudy
22,0.370779037,62.86263907,2.557997168,Perceptual,2.736944461,7.38160518,QuadStudy
22,0.370779037,62.86263907,2.557997168,Adjusted,1.185387637,3.197019029,QuadStudy
22,1.15268413,20.39390574,7.90728638,Perceptual,4.83543823,4.194937802,QuadStudy
22,1.15268413,20.39390574,7.90728638,Adjusted,1.584675855,1.374770255,QuadStudy
22,0.4631963,50.34823027,3.194399214,Perceptual,4.199809035,9.067017676,QuadStudy
22,0.4631963,50.34823027,3.194399214,Adjusted,0.912036007,1.969005383,QuadStudy
22,0.680641069,34.32485239,4.68839803,Perceptual,4.83543823,7.104241064,QuadStudy
22,0.680641069,34.32485239,4.68839803,Adjusted,1.330020869,1.954070846,QuadStudy
22,2.36338945,62.85389794,2.372950228,Perceptual,16.4384185,6.955442108,QuadStudy
22,2.36338945,62.85389794,2.372950228,Adjusted,2.358904724,0.998102418,QuadStudy
22,7.338560272,20.36694591,7.341075179,Perceptual,18.92464442,2.578795256,QuadStudy
22,7.338560272,20.36694591,7.341075179,Adjusted,8.114416,1.105723153,QuadStudy
22,2.952239146,50.33731604,2.96346827,Perceptual,13.93651348,4.720658726,QuadStudy
22,2.952239146,50.33731604,2.96346827,Adjusted,3.067363766,1.038995696,QuadStudy
22,4.337065743,34.30884122,4.350187438,Perceptual,18.92464442,4.36346727,QuadStudy
22,4.337065743,34.30884122,4.350187438,Adjusted,5.632624672,1.298717844,QuadStudy
23,0.370779037,62.86263907,2.557997168,Perceptual,0.682292823,1.840160188,QuadStudy
23,0.370779037,62.86263907,2.557997168,Adjusted,0.710748657,1.916906258,QuadStudy
23,1.15268413,20.39390574,7.90728638,Perceptual,3.3230981,2.882921707,QuadStudy
23,1.15268413,20.39390574,7.90728638,Adjusted,1.625492152,1.410180039,QuadStudy
23,0.4631963,50.34823027,3.194399214,Perceptual,1.425760326,3.078090924,QuadStudy
23,0.4631963,50.34823027,3.194399214,Adjusted,0.846399532,1.827302016,QuadStudy
23,0.680641069,34.32485239,4.68839803,Perceptual,1.880532325,2.762884009,QuadStudy
23,0.680641069,34.32485239,4.68839803,Adjusted,1.004259862,1.47546175,QuadStudy
23,2.36338945,62.85389794,2.372950228,Perceptual,3.55906618,1.505916082,QuadStudy
23,2.36338945,62.85389794,2.372950228,Adjusted,2.838553423,1.201051914,QuadStudy
23,7.338560272,20.36694591,7.341075179,Perceptual,11.33457136,1.544522486,QuadStudy
23,7.338560272,20.36694591,7.341075179,Adjusted,9.533401702,1.299083383,QuadStudy
23,2.952239146,50.33731604,2.96346827,Perceptual,6.727793499,2.278878224,QuadStudy
23,2.952239146,50.33731604,2.96346827,Adjusted,3.390920049,1.148592604,QuadStudy
23,4.337065743,34.30884122,4.350187438,Perceptual,7.860351091,1.812366138,QuadStudy
23,4.337065743,34.30884122,4.350187438,Adjusted,5.207972603,1.200805547,QuadStudy
24,0.370779037,62.86263907,2.557997168,Perceptual,0.606655527,1.636164579,QuadStudy
24,0.370779037,62.86263907,2.557997168,Adjusted,0.561494145,1.514363244,QuadStudy
24,1.15268413,20.39390574,7.90728638,Perceptual,1.213277051,1.052566804,QuadStudy
24,1.15268413,20.39390574,7.90728638,Adjusted,1.269269974,1.101142924,QuadStudy
24,0.4631963,50.34823027,3.194399214,Perceptual,0.825719001,1.782654573,QuadStudy
24,0.4631963,50.34823027,3.194399214,Adjusted,0.434943975,0.93900572,QuadStudy
24,0.680641069,34.32485239,4.68839803,Perceptual,1.027926119,1.510232289,QuadStudy
24,0.680641069,34.32485239,4.68839803,Adjusted,0.682292823,1.002426762,QuadStudy
24,2.36338945,62.85389794,2.372950228,Perceptual,3.428297711,1.45058518,QuadStudy
24,2.36338945,62.85389794,2.372950228,Adjusted,2.355161486,0.996518574,QuadStudy
24,7.338560272,20.36694591,7.341075179,Perceptual,6.480985297,0.883141251,QuadStudy
24,7.338560272,20.36694591,7.341075179,Adjusted,7.796399326,1.06238813,QuadStudy
24,2.952239146,50.33731604,2.96346827,Perceptual,4.35406784,1.474835752,QuadStudy
24,2.952239146,50.33731604,2.96346827,Adjusted,3.428297711,1.161253388,QuadStudy
24,4.337065743,34.30884122,4.350187438,Perceptual,5.800451485,1.337413779,QuadStudy
24,4.337065743,34.30884122,4.350187438,Adjusted,5.886874264,1.357340334,QuadStudy
25,0.370779037,62.86263907,2.557997168,Perceptual,1.586550972,4.278966211,QuadStudy
25,0.370779037,62.86263907,2.557997168,Adjusted,0.667017959,1.798963514,QuadStudy
25,1.15268413,20.39390574,7.90728638,Perceptual,2.688001144,2.331949468,QuadStudy
25,1.15268413,20.39390574,7.90728638,Adjusted,1.213277051,1.052566804,QuadStudy
25,0.4631963,50.34823027,3.194399214,Perceptual,2.093266771,4.519178527,QuadStudy
25,0.4631963,50.34823027,3.194399214,Adjusted,0.630890973,1.362038025,QuadStudy
25,0.680641069,34.32485239,4.68839803,Perceptual,2.974305058,4.369858351,QuadStudy
25,0.680641069,34.32485239,4.68839803,Adjusted,0.987615502,1.451007804,QuadStudy
25,2.36338945,62.85389794,2.372950228,Perceptual,12.07536504,5.109342027,QuadStudy
25,2.36338945,62.85389794,2.372950228,Adjusted,3.846053581,1.627346513,QuadStudy
25,7.338560272,20.36694591,7.341075179,Perceptual,16.41443282,2.236737482,QuadStudy
25,7.338560272,20.36694591,7.341075179,Adjusted,8.21421232,1.119322049,QuadStudy
25,2.952239146,50.33731604,2.96346827,Perceptual,14.2500327,4.826855819,QuadStudy
25,2.952239146,50.33731604,2.96346827,Adjusted,3.139871513,1.063555951,QuadStudy
25,4.337065743,34.30884122,4.350187438,Perceptual,11.35572659,2.618297084,QuadStudy
25,4.337065743,34.30884122,4.350187438,Adjusted,4.473537476,1.031466374,QuadStudy
27,0.370779037,62.86263907,2.557997168,Perceptual,1.482331925,3.997884931,QuadStudy
27,0.370779037,62.86263907,2.557997168,Adjusted,1.108915955,2.990773057,QuadStudy
27,1.15268413,20.39390574,7.90728638,Perceptual,2.218797309,1.924896206,QuadStudy
27,1.15268413,20.39390574,7.90728638,Adjusted,1.241359995,1.076929892,QuadStudy
27,0.4631963,50.34823027,3.194399214,Perceptual,1.727836999,3.730247847,QuadStudy
27,0.4631963,50.34823027,3.194399214,Adjusted,0.58803047,1.269505976,QuadStudy
27,0.680641069,34.32485239,4.68839803,Perceptual,1.955142418,2.872501393,QuadStudy
27,0.680641069,34.32485239,4.68839803,Adjusted,0.722264504,1.061153283,QuadStudy
27,2.36338945,62.85389794,2.372950228,Perceptual,4.699255701,1.988354353,QuadStudy
27,2.36338945,62.85389794,2.372950228,Adjusted,3.563921181,1.507970335,QuadStudy
27,7.338560272,20.36694591,7.341075179,Perceptual,9.978725139,1.359766053,QuadStudy
27,7.338560272,20.36694591,7.341075179,Adjusted,7.761237906,1.057596806,QuadStudy
27,2.952239146,50.33731604,2.96346827,Perceptual,11.78125283,3.990616021,QuadStudy
27,2.952239146,50.33731604,2.96346827,Adjusted,4.120542827,1.395734771,QuadStudy
27,4.337065743,34.30884122,4.350187438,Perceptual,11.78125283,2.71641094,QuadStudy
27,4.337065743,34.30884122,4.350187438,Adjusted,4.752822435,1.095861284,QuadStudy
28,0.370779037,62.86263907,2.557997168,Perceptual,0.838042729,2.26022144,QuadStudy
28,0.370779037,62.86263907,2.557997168,Adjusted,0.79097342,2.133274379,QuadStudy
28,1.15268413,20.39390574,7.90728638,Perceptual,2.086361999,1.81000323,QuadStudy
28,1.15268413,20.39390574,7.90728638,Adjusted,1.538260032,1.334502655,QuadStudy
28,0.4631963,50.34823027,3.194399214,Perceptual,1.624696813,3.507577274,QuadStudy
28,0.4631963,50.34823027,3.194399214,Adjusted,0.779847182,1.683621355,QuadStudy
28,0.680641069,34.32485239,4.68839803,Perceptual,1.838438161,2.701039132,QuadStudy
28,0.680641069,34.32485239,4.68839803,Adjusted,0.971513854,1.427351211,QuadStudy
28,2.36338945,62.85389794,2.372950228,Perceptual,3.47943512,1.472222498,QuadStudy
28,2.36338945,62.85389794,2.372950228,Adjusted,2.836925544,1.200363124,QuadStudy
28,7.338560272,20.36694591,7.341075179,Perceptual,7.684906256,1.047195359,QuadStudy
28,7.338560272,20.36694591,7.341075179,Adjusted,8.806173542,1.199986539,QuadStudy
28,2.952239146,50.33731604,2.96346827,Perceptual,5.212882542,1.765738575,QuadStudy
28,2.952239146,50.33731604,2.96346827,Adjusted,3.505302356,1.18733686,QuadStudy
28,4.337065743,34.30884122,4.350187438,Perceptual,6.577505649,1.516579651,QuadStudy
28,4.337065743,34.30884122,4.350187438,Adjusted,4.849704187,1.118199371,QuadStudy
29,0.370779037,62.86263907,2.557997168,Perceptual,1.68367317,4.54090712,QuadStudy
29,0.370779037,62.86263907,2.557997168,Adjusted,0.502139573,1.354282531,QuadStudy
29,1.15268413,20.39390574,7.90728638,Perceptual,2.513595268,2.180645332,QuadStudy
29,1.15268413,20.39390574,7.90728638,Adjusted,1.314374945,1.140273307,QuadStudy
29,0.4631963,50.34823027,3.194399214,Perceptual,1.905785916,4.11442388,QuadStudy
29,0.4631963,50.34823027,3.194399214,Adjusted,0.475430336,1.026412207,QuadStudy
29,0.680641069,34.32485239,4.68839803,Perceptual,2.221394781,3.263680203,QuadStudy
29,0.680641069,34.32485239,4.68839803,Adjusted,0.720808364,1.059013917,QuadStudy
29,2.36338945,62.85389794,2.372950228,Perceptual,8.98516296,3.801812249,QuadStudy
29,2.36338945,62.85389794,2.372950228,Adjusted,2.502522979,1.058870335,QuadStudy
29,7.338560272,20.36694591,7.341075179,Perceptual,12.80870545,1.745397595,QuadStudy
29,7.338560272,20.36694591,7.341075179,Adjusted,6.33427349,0.863149345,QuadStudy
29,2.952239146,50.33731604,2.96346827,Perceptual,10.4942778,3.554684186,QuadStudy
29,2.952239146,50.33731604,2.96346827,Adjusted,3.092289627,1.047438732,QuadStudy
29,4.337065743,34.30884122,4.350187438,Perceptual,12.04601036,2.777456252,QuadStudy
29,4.337065743,34.30884122,4.350187438,Adjusted,4.752822435,1.095861284,QuadStudy
30,0.370779037,62.86263907,2.557997168,Perceptual,0.620698208,1.674038026,QuadStudy
30,0.370779037,62.86263907,2.557997168,Adjusted,0.667516095,1.800306996,QuadStudy
30,1.15268413,20.39390574,7.90728638,Perceptual,1.945482238,1.687784352,QuadStudy
30,1.15268413,20.39390574,7.90728638,Adjusted,1.396515484,1.21153354,QuadStudy
30,0.4631963,50.34823027,3.194399214,Perceptual,0.584889337,1.262724545,QuadStudy
30,0.4631963,50.34823027,3.194399214,Adjusted,0.616417613,1.330791316,QuadStudy
30,0.680641069,34.32485239,4.68839803,Perceptual,1.145877395,1.683526675,QuadStudy
30,0.680641069,34.32485239,4.68839803,Adjusted,0.882761955,1.296956642,QuadStudy
30,2.36338945,62.85389794,2.372950228,Perceptual,3.961379307,1.676143264,QuadStudy
30,2.36338945,62.85389794,2.372950228,Adjusted,2.923426072,1.236963325,QuadStudy
30,7.338560272,20.36694591,7.341075179,Perceptual,13.0732673,1.781448515,QuadStudy
30,7.338560272,20.36694591,7.341075179,Adjusted,7.682473908,1.046863911,QuadStudy
30,2.952239146,50.33731604,2.96346827,Perceptual,4.9506153,1.676901855,QuadStudy
30,2.952239146,50.33731604,2.96346827,Adjusted,3.467996763,1.174700487,QuadStudy
30,4.337065743,34.30884122,4.350187438,Perceptual,8.210253847,1.893043438,QuadStudy
30,4.337065743,34.30884122,4.350187438,Adjusted,5.121725697,1.180919543,QuadStudy
31,0.520007631,60.6040891,-0.665584395,Perceptual,0.513682858,0.987837155,QuadStudy
31,0.520007631,60.6040891,-0.665584395,Adjusted,0.390651529,0.751241916,QuadStudy
31,1.514944365,20.81191044,-1.938501769,Perceptual,0.968078071,0.639018893,QuadStudy
31,1.514944365,20.81191044,-1.938501769,Adjusted,1.1697482,0.772139378,QuadStudy
31,0.667633944,47.20524988,-0.854517755,Perceptual,0.642101154,0.961756302,QuadStudy
31,0.667633944,47.20524988,-0.854517755,Adjusted,0.510449932,0.764565577,QuadStudy
31,0.963667763,32.70757735,-1.233333289,Perceptual,0.770517836,0.799567927,QuadStudy
31,0.963667763,32.70757735,-1.233333289,Adjusted,0.723726539,0.751012504,QuadStudy
32,0.349099442,66.75897986,2.408610726,Perceptual,0.551732873,1.580446162,QuadStudy
32,0.349099442,66.75897986,2.408610726,Adjusted,0.452332752,1.295713193,QuadStudy
32,1.034860968,22.67424511,7.107715309,Perceptual,2.015754671,1.94785071,QuadStudy
32,1.034860968,22.67424511,7.107715309,Adjusted,1.145877395,1.107276659,QuadStudy
32,0.476173226,48.98041845,3.283701469,Perceptual,0.551732873,1.158681005,QuadStudy
32,0.476173226,48.98041845,3.283701469,Adjusted,0.562142761,1.180542563,QuadStudy
32,0.720888471,32.4216192,4.96429063,Perceptual,0.827591315,1.148015745,QuadStudy
32,0.720888471,32.4216192,4.96429063,Adjusted,0.677124059,0.939291008,QuadStudy
32,2.225236077,66.75074895,2.234346997,Perceptual,3.521520416,1.582537894,QuadStudy
32,2.225236077,66.75074895,2.234346997,Adjusted,2.291525676,1.029789917,QuadStudy
32,6.590143026,22.64999969,6.597640879,Perceptual,7.300623346,1.107809545,QuadStudy
32,6.590143026,22.64999969,6.597640879,Adjusted,7.347896956,1.114982926,QuadStudy
32,3.034911994,48.96919936,3.046339606,Perceptual,5.481355953,1.806100461,QuadStudy
32,3.034911994,48.96919936,3.046339606,Adjusted,3.392253927,1.117743754,QuadStudy
32,4.593263035,32.40466765,4.606351308,Perceptual,5.481355953,1.193346845,QuadStudy
32,4.593263035,32.40466765,4.606351308,Adjusted,5.055812321,1.100701676,QuadStudy
33,0.520007631,60.6040891,-0.665584395,Perceptual,1.23138428,2.368011942,QuadStudy
33,0.520007631,60.6040891,-0.665584395,Adjusted,0.375550824,0.722202525,QuadStudy
33,1.514944365,20.81191044,-1.938501769,Perceptual,1.838438161,1.2135351,QuadStudy
33,1.514944365,20.81191044,-1.938501769,Adjusted,0.959804288,0.633557449,QuadStudy
33,0.667633944,47.20524988,-0.854517755,Perceptual,1.393843503,2.087736124,QuadStudy
33,0.667633944,47.20524988,-0.854517755,Adjusted,0.690195639,1.03379351,QuadStudy
33,0.963667763,32.70757735,-1.233333289,Perceptual,1.624696813,1.685951191,QuadStudy
33,0.963667763,32.70757735,-1.233333289,Adjusted,0.839739904,0.871399809,QuadStudy
34,0.520007631,60.6040891,-0.665584395,Perceptual,0.572953021,1.101816563,QuadStudy
34,0.520007631,60.6040891,-0.665584395,Adjusted,0.312521659,0.600994371,QuadStudy
34,1.514944365,20.81191044,-1.938501769,Perceptual,1.057738196,0.698202667,QuadStudy
34,1.514944365,20.81191044,-1.938501769,Adjusted,1.044349851,0.689365151,QuadStudy
34,0.667633944,47.20524988,-0.854517755,Perceptual,0.716187919,1.072725443,QuadStudy
34,0.667633944,47.20524988,-0.854517755,Adjusted,0.458363792,0.686549561,QuadStudy
34,0.963667763,32.70757735,-1.233333289,Perceptual,0.859420579,0.891822484,QuadStudy
34,0.963667763,32.70757735,-1.233333289,Adjusted,0.69287075,0.718993388,QuadStudy
35,0.520007631,60.6040891,-0.665584395,Perceptual,0.711248819,1.367766119,QuadStudy
35,0.520007631,60.6040891,-0.665584395,Adjusted,0.337033025,0.648130922,QuadStudy
35,1.514944365,20.81191044,-1.938501769,Perceptual,1.610103009,1.062813293,QuadStudy
35,1.514944365,20.81191044,-1.938501769,Adjusted,1.068006907,0.704980943,QuadStudy
35,0.667633944,47.20524988,-0.854517755,Perceptual,0.770517836,1.154102248,QuadStudy
35,0.667633944,47.20524988,-0.854517755,Adjusted,0.504976483,0.756367299,QuadStudy
35,0.963667763,32.70757735,-1.233333289,Perceptual,1.205142653,1.250578985,QuadStudy
35,0.963667763,32.70757735,-1.233333289,Adjusted,0.660040081,0.684924935,QuadStudy
36,0.520007631,60.6040891,-0.665584395,Perceptual,0.572953021,1.101816563,QuadStudy
36,0.520007631,60.6040891,-0.665584395,Adjusted,0.377773002,0.726475881,QuadStudy
36,1.514944365,20.81191044,-1.938501769,Perceptual,2.148339997,1.418098279,QuadStudy
36,1.514944365,20.81191044,-1.938501769,Adjusted,1.105572697,0.729777755,QuadStudy
36,0.667633944,47.20524988,-0.854517755,Perceptual,0.763932409,1.14423842,QuadStudy
36,0.667633944,47.20524988,-0.854517755,Adjusted,0.465585033,0.69736573,QuadStudy
36,0.963667763,32.70757735,-1.233333289,Perceptual,1.511884227,1.568885341,QuadStudy
36,0.963667763,32.70757735,-1.233333289,Adjusted,0.687541104,0.713462803,QuadStudy
37,0.520007631,60.6040891,-0.665584395,Perceptual,0.943673859,1.814730791,QuadStudy
37,0.520007631,60.6040891,-0.665584395,Adjusted,0.438142061,0.842568523,QuadStudy
37,1.514944365,20.81191044,-1.938501769,Perceptual,2.599530536,1.715924753,QuadStudy
37,1.514944365,20.81191044,-1.938501769,Adjusted,1.242633085,0.82024998,QuadStudy
37,0.667633944,47.20524988,-0.854517755,Perceptual,1.174763062,1.759591572,QuadStudy
37,0.667633944,47.20524988,-0.854517755,Adjusted,0.568579405,0.851633459,QuadStudy
37,0.963667763,32.70757735,-1.233333289,Perceptual,1.569517319,1.628691318,QuadStudy
37,0.963667763,32.70757735,-1.233333289,Adjusted,0.726115012,0.753491026,QuadStudy
38,0.520007631,60.6040891,-0.665584395,Perceptual,0.769164667,1.479141115,QuadStudy
38,0.520007631,60.6040891,-0.665584395,Adjusted,0.496898336,0.955559701,QuadStudy
38,1.514944365,20.81191044,-1.938501769,Perceptual,1.687356474,1.113807551,QuadStudy
38,1.514944365,20.81191044,-1.938501769,Adjusted,1.18206047,0.780266587,QuadStudy
38,0.667633944,47.20524988,-0.854517755,Perceptual,0.957523618,1.434204516,QuadStudy
38,0.667633944,47.20524988,-0.854517755,Adjusted,0.513682858,0.769407941,QuadStudy
38,0.963667763,32.70757735,-1.233333289,Perceptual,1.279290968,1.327522842,QuadStudy
38,0.963667763,32.70757735,-1.233333289,Adjusted,0.703781828,0.730315836,QuadStudy
39,0.520007631,60.6040891,-0.665584395,Perceptual,2.134301817,4.104366341,QuadStudy
39,0.520007631,60.6040891,-0.665584395,Adjusted,0.636613223,1.224238233,QuadStudy
39,1.514944365,20.81191044,-1.938501769,Perceptual,3.706081262,2.446348095,QuadStudy
39,1.514944365,20.81191044,-1.938501769,Adjusted,1.330020869,0.877933803,QuadStudy
39,0.667633944,47.20524988,-0.854517755,Perceptual,2.134301817,3.196814415,QuadStudy
39,0.667633944,47.20524988,-0.854517755,Adjusted,0.572953021,0.858184377,QuadStudy
39,0.963667763,32.70757735,-1.233333289,Perceptual,3.032597801,3.146932912,QuadStudy
39,0.963667763,32.70757735,-1.233333289,Adjusted,0.93103593,0.96613788,QuadStudy
40,0.520007631,60.6040891,-0.665584395,Perceptual,0.91972829,1.768682295,QuadStudy
40,0.520007631,60.6040891,-0.665584395,Adjusted,0.412369228,0.79300611,QuadStudy
40,1.514944365,20.81191044,-1.938501769,Perceptual,2.035293909,1.343477659,QuadStudy
40,1.514944365,20.81191044,-1.938501769,Adjusted,1.13018147,0.746021765,QuadStudy
40,0.667633944,47.20524988,-0.854517755,Perceptual,1.085571767,1.625998463,QuadStudy
40,0.667633944,47.20524988,-0.854517755,Adjusted,0.670772196,1.004700558,QuadStudy
40,0.963667763,32.70757735,-1.233333289,Perceptual,1.432319891,1.486321267,QuadStudy
40,0.963667763,32.70757735,-1.233333289,Adjusted,0.798035456,0.828123017,QuadStudy
41,0.520007631,60.6040891,-0.665584395,Perceptual,0.743286175,1.429375515,QuadStudy
41,0.520007631,60.6040891,-0.665584395,Adjusted,0.431919985,0.830603167,QuadStudy
41,1.514944365,20.81191044,-1.938501769,Perceptual,1.664557589,1.09875823,QuadStudy
41,1.514944365,20.81191044,-1.938501769,Adjusted,1.136561932,0.750233447,QuadStudy
41,0.667633944,47.20524988,-0.854517755,Perceptual,0.9445847,1.414824258,QuadStudy
41,0.667633944,47.20524988,-0.854517755,Adjusted,0.608031137,0.91072532,QuadStudy
41,0.963667763,32.70757735,-1.233333289,Perceptual,1.471027043,1.526487757,QuadStudy
41,0.963667763,32.70757735,-1.233333289,Adjusted,0.791411134,0.821248945,QuadStudy
42,0.520007631,60.6040891,-0.665584395,Perceptual,0.9445847,1.816482382,QuadStudy
42,0.520007631,60.6040891,-0.665584395,Adjusted,0.69331862,1.333285473,QuadStudy
42,1.514944365,20.81191044,-1.938501769,Perceptual,1.471027043,0.971010604,QuadStudy
42,1.514944365,20.81191044,-1.938501769,Adjusted,1.31882575,0.870544015,QuadStudy
42,0.667633944,47.20524988,-0.854517755,Perceptual,1.114909718,1.669941631,QuadStudy
42,0.667633944,47.20524988,-0.854517755,Adjusted,0.709367256,1.062509273,QuadStudy
42,0.963667763,32.70757735,-1.233333289,Perceptual,1.26200466,1.309584805,QuadStudy
42,0.963667763,32.70757735,-1.233333289,Adjusted,0.819692062,0.850596121,QuadStudy
43,0.520007631,60.6040891,-0.665584395,Perceptual,0.89124971,1.713916599,QuadStudy
43,0.520007631,60.6040891,-0.665584395,Adjusted,0.361866878,0.695887631,QuadStudy
43,1.514944365,20.81191044,-1.938501769,Perceptual,1.955142418,1.290570441,QuadStudy
43,1.514944365,20.81191044,-1.938501769,Adjusted,1.350678528,0.891569723,QuadStudy
43,0.667633944,47.20524988,-0.854517755,Perceptual,1.309560805,1.961495241,QuadStudy
43,0.667633944,47.20524988,-0.854517755,Adjusted,0.595870736,0.892511145,QuadStudy
43,0.963667763,32.70757735,-1.233333289,Perceptual,1.727836999,1.792979972,QuadStudy
43,0.963667763,32.70757735,-1.233333289,Adjusted,0.788055842,0.817767152,QuadStudy
44,0.520007631,60.6040891,-0.665584395,Perceptual,0.677124059,1.302142543,QuadStudy
44,0.520007631,60.6040891,-0.665584395,Adjusted,0.578859653,1.113175305,QuadStudy
44,1.514944365,20.81191044,-1.938501769,Perceptual,1.414960213,0.934001436,QuadStudy
44,1.514944365,20.81191044,-1.938501769,Adjusted,1.145877395,0.756382493,QuadStudy
44,0.667633944,47.20524988,-0.854517755,Perceptual,0.625038669,0.936199656,QuadStudy
44,0.667633944,47.20524988,-0.854517755,Adjusted,0.659147716,0.9872891,QuadStudy
44,0.963667763,32.70757735,-1.233333289,Perceptual,0.833378464,0.864798528,QuadStudy
44,0.963667763,32.70757735,-1.233333289,Adjusted,0.887142733,0.92058982,QuadStudy
45,0.349099442,66.75897986,2.408610726,Perceptual,0.970821925,2.780932334,QuadStudy
45,0.349099442,66.75897986,2.408610726,Adjusted,0.524761415,1.503186062,QuadStudy
45,1.034860968,22.67424511,7.107715309,Perceptual,2.625596994,2.537149507,QuadStudy
45,1.034860968,22.67424511,7.107715309,Adjusted,1.31882575,1.274398968,QuadStudy
45,0.476173226,48.98041845,3.283701469,Perceptual,1.297057391,2.723919194,QuadStudy
45,0.476173226,48.98041845,3.283701469,Adjusted,0.496560314,1.042814436,QuadStudy
45,0.720888471,32.4216192,4.96429063,Perceptual,1.710788522,2.373166711,QuadStudy
45,0.720888471,32.4216192,4.96429063,Adjusted,0.770517836,1.06884472,QuadStudy
45,0.520007631,60.6040891,-0.665584395,Perceptual,0.970821925,1.866937845,QuadStudy
45,0.520007631,60.6040891,-0.665584395,Adjusted,0.532222371,1.023489541,QuadStudy
45,1.514944365,20.81191044,-1.938501769,Perceptual,1.941504509,1.28156819,QuadStudy
45,1.514944365,20.81191044,-1.938501769,Adjusted,1.48650981,0.981230627,QuadStudy
45,0.667633944,47.20524988,-0.854517755,Perceptual,0.970821925,1.454123077,QuadStudy
45,0.667633944,47.20524988,-0.854517755,Adjusted,0.613035414,0.918220859,QuadStudy
45,0.963667763,32.70757735,-1.233333289,Perceptual,1.511884227,1.568885341,QuadStudy
45,0.963667763,32.70757735,-1.233333289,Adjusted,0.820940408,0.851891533,QuadStudy
46,0.349099442,66.75897986,2.408610726,Perceptual,0.9445847,2.705775453,QuadStudy
46,0.349099442,66.75897986,2.408610726,Adjusted,0.732624576,2.098612854,QuadStudy
46,1.034860968,22.67424511,7.107715309,Perceptual,1.889041052,1.825405645,QuadStudy
46,1.034860968,22.67424511,7.107715309,Adjusted,1.517475181,1.466356571,QuadStudy
46,0.476173226,48.98041845,3.283701469,Perceptual,1.114909718,2.341395223,QuadStudy
46,0.476173226,48.98041845,3.283701469,Adjusted,0.689663093,1.448344961,QuadStudy
46,0.720888471,32.4216192,4.96429063,Perceptual,1.664557589,2.309036217,QuadStudy
46,0.720888471,32.4216192,4.96429063,Adjusted,0.932249743,1.293195523,QuadStudy
46,0.520007631,60.6040891,-0.665584395,Perceptual,1.114909718,2.144025687,QuadStudy
46,0.520007631,60.6040891,-0.665584395,Adjusted,0.69828367,1.342833505,QuadStudy
46,1.514944365,20.81191044,-1.938501769,Perceptual,2.090289812,1.379779918,QuadStudy
46,1.514944365,20.81191044,-1.938501769,Adjusted,1.341498429,0.885510029,QuadStudy
46,0.667633944,47.20524988,-0.854517755,Perceptual,1.26200466,1.890264374,QuadStudy
46,0.667633944,47.20524988,-0.854517755,Adjusted,0.653365844,0.978628857,QuadStudy
46,0.963667763,32.70757735,-1.233333289,Perceptual,1.471027043,1.526487757,QuadStudy
46,0.963667763,32.70757735,-1.233333289,Adjusted,0.877324482,0.910401401,QuadStudy
47,0.349099442,66.75897986,2.408610726,Perceptual,1.84495889,5.284909312,QuadStudy
47,1.034860968,22.67424511,7.107715309,Perceptual,2.369182741,2.289372983,QuadStudy
47,0.476173226,48.98041845,3.283701469,Perceptual,1.84495889,3.874554023,QuadStudy
47,0.720888471,32.4216192,4.96429063,Perceptual,1.582816629,2.195647027,QuadStudy
47,0.520007631,60.6040891,-0.665584395,Perceptual,1.398336054,2.689068336,QuadStudy
47,0.520007631,60.6040891,-0.665584395,Adjusted,0.737460248,1.418171974,QuadStudy
47,1.514944365,20.81191044,-1.938501769,Perceptual,2.369182741,1.56387442,QuadStudy
47,1.514944365,20.81191044,-1.938501769,Adjusted,1.45618934,0.961216381,QuadStudy
47,0.667633944,47.20524988,-0.854517755,Perceptual,1.582816629,2.370785132,QuadStudy
47,0.667633944,47.20524988,-0.854517755,Adjusted,0.959348778,1.43693829,QuadStudy
47,0.963667763,32.70757735,-1.233333289,Perceptual,1.84495889,1.914517597,QuadStudy
47,0.963667763,32.70757735,-1.233333289,Adjusted,1.588553936,1.648445654,QuadStudy
48,0.349099442,66.75897986,2.408610726,Perceptual,0.98218931,2.813494359,QuadStudy
48,0.349099442,66.75897986,2.408610726,Adjusted,0.496560314,1.422403634,QuadStudy
48,1.034860968,22.67424511,7.107715309,Perceptual,2.496064123,2.41198016,QuadStudy
48,1.034860968,22.67424511,7.107715309,Adjusted,1.403676388,1.356391275,QuadStudy
48,0.476173226,48.98041845,3.283701469,Perceptual,1.002650554,2.105642438,QuadStudy
48,0.476173226,48.98041845,3.283701469,Adjusted,0.771848569,1.620940713,QuadStudy
48,0.720888471,32.4216192,4.96429063,Perceptual,1.47323887,2.043643266,QuadStudy
48,0.720888471,32.4216192,4.96429063,Adjusted,0.86776415,1.203742583,QuadStudy
48,0.520007631,60.6040891,-0.665584395,Perceptual,0.98218931,1.888797879,QuadStudy
48,0.520007631,60.6040891,-0.665584395,Adjusted,0.538438303,1.03544308,QuadStudy
48,1.514944365,20.81191044,-1.938501769,Perceptual,2.761940129,1.823129741,QuadStudy
48,1.514944365,20.81191044,-1.938501769,Adjusted,1.369443679,0.903956416,QuadStudy
48,0.667633944,47.20524988,-0.854517755,Perceptual,1.248180116,1.869557603,QuadStudy
48,0.667633944,47.20524988,-0.854517755,Adjusted,0.520412236,0.779487383,QuadStudy
48,0.963667763,32.70757735,-1.233333289,Perceptual,1.943777497,2.017061867,QuadStudy
48,0.963667763,32.70757735,-1.233333289,Adjusted,0.75109358,0.779411337,QuadStudy
49,0.349099442,66.75897986,2.408610726,Perceptual,1.212839393,3.474194595,QuadStudy
49,0.349099442,66.75897986,2.408610726,Adjusted,0.399736375,1.14505017,QuadStudy
49,1.034860968,22.67424511,7.107715309,Perceptual,2.827010255,2.731777836,QuadStudy
49,1.034860968,22.67424511,7.107715309,Adjusted,1.207479263,1.166803368,QuadStudy
49,0.476173226,48.98041845,3.283701469,Perceptual,1.413720234,2.968920039,QuadStudy
49,0.476173226,48.98041845,3.283701469,Adjusted,0.500733037,1.051577471,QuadStudy
49,0.720888471,32.4216192,4.96429063,Perceptual,2.455157664,3.405738561,QuadStudy
49,0.720888471,32.4216192,4.96429063,Adjusted,0.757458595,1.05072924,QuadStudy
49,0.520007631,60.6040891,-0.665584395,Perceptual,1.413720234,2.718652862,QuadStudy
49,0.520007631,60.6040891,-0.665584395,Adjusted,0.386262219,0.74280106,QuadStudy
49,1.514944365,20.81191044,-1.938501769,Perceptual,3.496189627,2.307800674,QuadStudy
49,1.514944365,20.81191044,-1.938501769,Adjusted,1.12296133,0.741255821,QuadStudy
49,0.667633944,47.20524988,-0.854517755,Perceptual,1.815454614,2.719236536,QuadStudy
49,0.667633944,47.20524988,-0.854517755,Adjusted,0.488420081,0.731568676,QuadStudy
49,0.963667763,32.70757735,-1.233333289,Perceptual,2.455157664,2.547722107,QuadStudy
49,0.963667763,32.70757735,-1.233333289,Adjusted,0.69828367,0.724610386,QuadStudy
50,0.349099442,66.75897986,2.408610726,Perceptual,0.9445847,2.705775453,QuadStudy
50,0.349099442,66.75897986,2.408610726,Adjusted,0.475430336,1.36187653,QuadStudy
50,1.034860968,22.67424511,7.107715309,Perceptual,1.664557589,1.60848427,QuadStudy
50,1.034860968,22.67424511,7.107715309,Adjusted,1.145877395,1.107276659,QuadStudy
50,0.476173226,48.98041845,3.283701469,Perceptual,1.26200466,2.650305791,QuadStudy
50,0.476173226,48.98041845,3.283701469,Adjusted,0.572953021,1.20324493,QuadStudy
50,0.720888471,32.4216192,4.96429063,Perceptual,1.114909718,1.546577262,QuadStudy
50,0.720888471,32.4216192,4.96429063,Adjusted,0.578515577,0.802503578,QuadStudy
50,0.520007631,60.6040891,-0.665584395,Perceptual,0.9445847,1.816482382,QuadStudy
50,0.520007631,60.6040891,-0.665584395,Adjusted,0.607019878,1.167328789,QuadStudy
50,1.514944365,20.81191044,-1.938501769,Perceptual,1.664557589,1.09875823,QuadStudy
50,1.514944365,20.81191044,-1.938501769,Adjusted,1.22060305,0.805708169,QuadStudy
50,0.667633944,47.20524988,-0.854517755,Perceptual,1.26200466,1.890264374,QuadStudy
50,0.667633944,47.20524988,-0.854517755,Adjusted,0.556889174,0.834123517,QuadStudy
50,0.963667763,32.70757735,-1.233333289,Perceptual,1.471027043,1.526487757,QuadStudy
50,0.963667763,32.70757735,-1.233333289,Adjusted,0.767210992,0.796136408,QuadStudy
51,0.349099442,66.75897986,2.408610726,Perceptual,1.849188391,5.297024773,QuadStudy
51,0.349099442,66.75897986,2.408610726,Adjusted,0.69828367,2.000242871,QuadStudy
51,1.034860968,22.67424511,7.107715309,Perceptual,2.76781216,2.674573925,QuadStudy
51,1.034860968,22.67424511,7.107715309,Adjusted,1.651352264,1.595723789,QuadStudy
51,0.476173226,48.98041845,3.283701469,Perceptual,2.155428558,4.526563945,QuadStudy
51,0.476173226,48.98041845,3.283701469,Adjusted,0.818497216,1.71890642,QuadStudy
51,0.720888471,32.4216192,4.96429063,Perceptual,2.438956913,3.383265249,QuadStudy
51,0.720888471,32.4216192,4.96429063,Adjusted,1.207479263,1.674987618,QuadStudy
51,0.520007631,60.6040891,-0.665584395,Perceptual,2.155428558,4.144994094,QuadStudy
51,0.520007631,60.6040891,-0.665584395,Adjusted,0.794488745,1.527840552,QuadStudy
51,1.514944365,20.81191044,-1.938501769,Perceptual,4.309332999,2.844548683,QuadStudy
51,1.514944365,20.81191044,-1.938501769,Adjusted,2.025900526,1.337277178,QuadStudy
51,0.667633944,47.20524988,-0.854517755,Perceptual,2.76781216,4.145703172,QuadStudy
51,0.667633944,47.20524988,-0.854517755,Adjusted,1.519494654,2.275939782,QuadStudy
51,0.963667763,32.70757735,-1.233333289,Perceptual,3.742749173,3.883858437,QuadStudy
51,0.963667763,32.70757735,-1.233333289,Adjusted,1.384107953,1.436291641,QuadStudy
52,0.349099442,66.75897986,2.408610726,Perceptual,0.779847182,2.233882638,QuadStudy
52,0.349099442,66.75897986,2.408610726,Adjusted,0.480542431,1.376520192,QuadStudy
52,1.034860968,22.67424511,7.107715309,Perceptual,1.297057391,1.253363912,QuadStudy
52,1.034860968,22.67424511,7.107715309,Adjusted,1.226283906,1.184974547,QuadStudy
52,0.476173226,48.98041845,3.283701469,Perceptual,0.763932409,1.604316176,QuadStudy
52,0.476173226,48.98041845,3.283701469,Adjusted,0.559503635,1.175000198,QuadStudy
52,0.720888471,32.4216192,4.96429063,Perceptual,0.970821925,1.346701971,QuadStudy
52,0.720888471,32.4216192,4.96429063,Adjusted,0.843205687,1.169675645,QuadStudy
52,0.520007631,60.6040891,-0.665584395,Perceptual,0.763932409,1.469079229,QuadStudy
52,0.520007631,60.6040891,-0.665584395,Adjusted,0.500733037,0.962934018,QuadStudy
52,1.514944365,20.81191044,-1.938501769,Perceptual,1.297057391,0.856174933,QuadStudy
52,1.514944365,20.81191044,-1.938501769,Adjusted,1.237135137,0.816620838,QuadStudy
52,0.667633944,47.20524988,-0.854517755,Perceptual,0.779847182,1.168075992,QuadStudy
52,0.667633944,47.20524988,-0.854517755,Adjusted,0.589971131,0.883674558,QuadStudy
52,0.963667763,32.70757735,-1.233333289,Perceptual,1.145877395,1.189079306,QuadStudy
52,0.963667763,32.70757735,-1.233333289,Adjusted,0.876271312,0.909308525,QuadStudy
53,0.349099442,66.75897986,2.408610726,Perceptual,1.413720234,4.049620438,QuadStudy
53,0.349099442,66.75897986,2.408610726,Adjusted,0.417668319,1.196416462,QuadStudy
53,1.034860968,22.67424511,7.107715309,Perceptual,1.815454614,1.754298085,QuadStudy
53,1.034860968,22.67424511,7.107715309,Adjusted,1.270872456,1.228061059,QuadStudy
53,0.476173226,48.98041845,3.283701469,Perceptual,1.413720234,2.968920039,QuadStudy
53,0.476173226,48.98041845,3.283701469,Adjusted,0.591141688,1.241442515,QuadStudy
53,0.720888471,32.4216192,4.96429063,Perceptual,1.815454614,2.51835712,QuadStudy
53,0.720888471,32.4216192,4.96429063,Adjusted,0.859420579,1.192168571,QuadStudy
53,0.520007631,60.6040891,-0.665584395,Perceptual,1.815454614,3.491207642,QuadStudy
53,0.520007631,60.6040891,-0.665584395,Adjusted,0.595870736,1.145888447,QuadStudy
53,1.514944365,20.81191044,-1.938501769,Perceptual,2.455157664,1.620625629,QuadStudy
53,1.514944365,20.81191044,-1.938501769,Adjusted,1.357234609,0.895897328,QuadStudy
53,0.667633944,47.20524988,-0.854517755,Perceptual,1.413720234,2.117508024,QuadStudy
53,0.667633944,47.20524988,-0.854517755,Adjusted,0.631218305,0.945455681,QuadStudy
53,0.963667763,32.70757735,-1.233333289,Perceptual,1.815454614,1.88390095,QuadStudy
53,0.963667763,32.70757735,-1.233333289,Adjusted,0.912986599,0.947408052,QuadStudy
54,0.349099442,66.75897986,2.408610726,Perceptual,0.822348836,2.355629192,QuadStudy
54,0.349099442,66.75897986,2.408610726,Adjusted,0.524761415,1.503186062,QuadStudy
54,1.034860968,22.67424511,7.107715309,Perceptual,2.69577456,2.604963028,QuadStudy
54,1.034860968,22.67424511,7.107715309,Adjusted,1.33138487,1.286535014,QuadStudy
54,0.476173226,48.98041845,3.283701469,Perceptual,1.280675866,2.689516746,QuadStudy
54,0.476173226,48.98041845,3.283701469,Adjusted,0.642101154,1.34846127,QuadStudy
54,0.720888471,32.4216192,4.96429063,Perceptual,2.224145044,3.085283138,QuadStudy
54,0.720888471,32.4216192,4.96429063,Adjusted,0.940217334,1.304247982,QuadStudy
54,0.520007631,60.6040891,-0.665584395,Perceptual,0.822348836,1.581416862,QuadStudy
54,0.520007631,60.6040891,-0.665584395,Adjusted,0.524761415,1.009141759,QuadStudy
54,1.514944365,20.81191044,-1.938501769,Perceptual,2.224145044,1.468136451,QuadStudy
54,1.514944365,20.81191044,-1.938501769,Adjusted,1.571442866,1.037294109,QuadStudy
54,0.667633944,47.20524988,-0.854517755,Perceptual,1.280675866,1.918230607,QuadStudy
54,0.667633944,47.20524988,-0.854517755,Adjusted,0.777217787,1.164137613,QuadStudy
54,0.963667763,32.70757735,-1.233333289,Perceptual,1.819830578,1.888441896,QuadStudy
54,0.963667763,32.70757735,-1.233333289,Adjusted,1.118378106,1.160543237,QuadStudy
55,0.349099442,66.75897986,2.408610726,Perceptual,0.931990796,2.669700049,QuadStudy
55,0.349099442,66.75897986,2.408610726,Adjusted,0.504976483,1.44651186,QuadStudy
55,1.034860968,22.67424511,7.107715309,Perceptual,1.245179264,1.203233384,QuadStudy
55,1.034860968,22.67424511,7.107715309,Adjusted,1.306501348,1.262489734,QuadStudy
55,0.476173226,48.98041845,3.283701469,Perceptual,0.931990796,1.957251573,QuadStudy
55,0.476173226,48.98041845,3.283701469,Adjusted,0.630550363,1.324203731,QuadStudy
55,0.720888471,32.4216192,4.96429063,Perceptual,1.245179264,1.727284197,QuadStudy
55,0.720888471,32.4216192,4.96429063,Adjusted,0.927012614,1.285930697,QuadStudy
55,0.520007631,60.6040891,-0.665584395,Perceptual,1.245179264,2.39454037,QuadStudy
55,0.520007631,60.6040891,-0.665584395,Adjusted,0.481970239,0.926852243,QuadStudy
55,1.514944365,20.81191044,-1.938501769,Perceptual,1.86385831,1.230314692,QuadStudy
55,1.514944365,20.81191044,-1.938501769,Adjusted,1.226283906,0.809458046,QuadStudy
55,0.667633944,47.20524988,-0.854517755,Perceptual,1.100045174,1.647677119,QuadStudy
55,0.667633944,47.20524988,-0.854517755,Adjusted,0.589971131,0.883674558,QuadStudy
55,0.963667763,32.70757735,-1.233333289,Perceptual,1.45141546,1.506136779,QuadStudy
55,0.963667763,32.70757735,-1.233333289,Adjusted,0.889054602,0.92257377,QuadStudy
56,0.349099442,66.75897986,2.408610726,Perceptual,0.901685461,2.582890012,QuadStudy
56,0.349099442,66.75897986,2.408610726,Adjusted,0.460726466,1.319757098,QuadStudy
56,1.034860968,22.67424511,7.107715309,Perceptual,1.530927281,1.479355516,QuadStudy
56,1.034860968,22.67424511,7.107715309,Adjusted,1.157689765,1.11869111,QuadStudy
56,0.476173226,48.98041845,3.283701469,Perceptual,1.145877395,2.406429702,QuadStudy
56,0.476173226,48.98041845,3.283701469,Adjusted,0.510449932,1.07198369,QuadStudy
56,0.720888471,32.4216192,4.96429063,Perceptual,1.530927281,2.123667311,QuadStudy
56,0.720888471,32.4216192,4.96429063,Adjusted,0.816254834,1.132290037,QuadStudy
56,0.520007631,60.6040891,-0.665584395,Perceptual,0.901685461,1.733985056,QuadStudy
56,0.520007631,60.6040891,-0.665584395,Adjusted,0.485765656,0.934151014,QuadStudy
56,1.514944365,20.81191044,-1.938501769,Perceptual,1.784478379,1.177916774,QuadStudy
56,1.514944365,20.81191044,-1.938501769,Adjusted,1.384107953,0.91363616,QuadStudy
56,0.667633944,47.20524988,-0.854517755,Perceptual,1.3524933,2.025800683,QuadStudy
56,0.667633944,47.20524988,-0.854517755,Adjusted,0.501334872,0.750912797,QuadStudy
56,0.963667763,32.70757735,-1.233333289,Perceptual,1.530927281,1.588646357,QuadStudy
56,0.963667763,32.70757735,-1.233333289,Adjusted,0.928076632,0.96306701,QuadStudy
57,0.349099442,66.75897986,2.408610726,Perceptual,1.150592624,3.295887895,QuadStudy
57,0.349099442,66.75897986,2.408610726,Adjusted,0.461440025,1.321801098,QuadStudy
57,1.034860968,22.67424511,7.107715309,Perceptual,2.027540257,1.95923928,QuadStudy
57,1.034860968,22.67424511,7.107715309,Adjusted,1.064033895,1.02819019,QuadStudy
57,0.476173226,48.98041845,3.283701469,Perceptual,1.358058596,2.852026366,QuadStudy
57,0.476173226,48.98041845,3.283701469,Adjusted,0.549190364,1.153341543,QuadStudy
57,0.720888471,32.4216192,4.96429063,Perceptual,2.300953294,3.191829785,QuadStudy
57,0.720888471,32.4216192,4.96429063,Adjusted,0.79097342,1.097220239,QuadStudy
57,0.520007631,60.6040891,-0.665584395,Perceptual,0.490430015,0.943120805,QuadStudy
57,0.520007631,60.6040891,-0.665584395,Adjusted,0.440734592,0.847554086,QuadStudy
57,1.514944365,20.81191044,-1.938501769,Perceptual,2.300953294,1.518836828,QuadStudy
57,1.514944365,20.81191044,-1.938501769,Adjusted,1.027345073,0.678140463,QuadStudy
57,0.667633944,47.20524988,-0.854517755,Perceptual,0.905395947,1.356126294,QuadStudy
57,0.667633944,47.20524988,-0.854517755,Adjusted,0.541701517,0.811375038,QuadStudy
57,0.963667763,32.70757735,-1.233333289,Perceptual,1.358058596,1.40926017,QuadStudy
57,0.963667763,32.70757735,-1.233333289,Adjusted,0.738679157,0.766528865,QuadStudy
58,0.349099442,66.75897986,2.408610726,Perceptual,1.502181336,4.303018443,QuadStudy
58,0.349099442,66.75897986,2.408610726,Adjusted,0.502139573,1.438385494,QuadStudy
58,1.034860968,22.67424511,7.107715309,Perceptual,2.654695251,2.565267542,QuadStudy
58,1.034860968,22.67424511,7.107715309,Adjusted,1.111156048,1.073724957,QuadStudy
58,0.476173226,48.98041845,3.283701469,Perceptual,1.88639793,3.961579159,QuadStudy
58,0.476173226,48.98041845,3.283701469,Adjusted,0.507125291,1.06500169,QuadStudy
58,0.720888471,32.4216192,4.96429063,Perceptual,2.654695251,3.682532538,QuadStudy
58,0.520007631,60.6040891,-0.665584395,Perceptual,1.502181336,2.88876787,QuadStudy
58,0.520007631,60.6040891,-0.665584395,Adjusted,0.584889337,1.12477068,QuadStudy
58,1.514944365,20.81191044,-1.938501769,Perceptual,2.654695251,1.752338444,QuadStudy
58,1.514944365,20.81191044,-1.938501769,Adjusted,1.145877395,0.756382493,QuadStudy
58,0.667633944,47.20524988,-0.854517755,Perceptual,1.88639793,2.825497334,QuadStudy
58,0.667633944,47.20524988,-0.854517755,Adjusted,0.625914056,0.937510834,QuadStudy
58,0.963667763,32.70757735,-1.233333289,Perceptual,2.305494635,2.392416477,QuadStudy
58,0.963667763,32.70757735,-1.233333289,Adjusted,0.774691695,0.80389915,QuadStudy
59,0.349099442,66.75897986,2.408610726,Perceptual,0.714327739,2.046201321,QuadStudy
59,0.349099442,66.75897986,2.408610726,Adjusted,0.395420007,1.132685878,QuadStudy
59,1.034860968,22.67424511,7.107715309,Perceptual,1.212839393,1.171982934,QuadStudy
59,1.034860968,22.67424511,7.107715309,Adjusted,1.063100313,1.027288057,QuadStudy
59,0.476173226,48.98041845,3.283701469,Perceptual,0.729209169,1.531394729,QuadStudy
59,0.476173226,48.98041845,3.283701469,Adjusted,0.496560314,1.042814436,QuadStudy
59,0.720888471,32.4216192,4.96429063,Perceptual,1.07147426,1.486324588,QuadStudy
59,0.720888471,32.4216192,4.96429063,Adjusted,0.859420579,1.192168571,QuadStudy
60,0.349099442,66.75897986,2.408610726,Perceptual,0.774691695,2.219114679,QuadStudy
60,0.349099442,66.75897986,2.408610726,Adjusted,0.417668319,1.196416462,QuadStudy
60,1.034860968,22.67424511,7.107715309,Perceptual,1.533175848,1.481528336,QuadStudy
60,1.034860968,22.67424511,7.107715309,Adjusted,1.33138487,1.286535014,QuadStudy
60,0.476173226,48.98041845,3.283701469,Perceptual,0.774691695,1.626911494,QuadStudy
60,0.476173226,48.98041845,3.283701469,Adjusted,0.625914056,1.314467133,QuadStudy
60,0.720888471,32.4216192,4.96429063,Perceptual,0.984494805,1.365668678,QuadStudy
60,0.720888471,32.4216192,4.96429063,Adjusted,0.909137095,1.261134186,QuadStudy
31453,0.349099442,66.75897986,2.408610726,Perceptual,0.774691695,2.219114679,QuadStudy
31453,0.349099442,66.75897986,2.408610726,Adjusted,0.417668319,1.196416462,QuadStudy
31453,1.034860968,22.67424511,7.107715309,Perceptual,1.315324211,1.271015385,QuadStudy
31453,1.034860968,22.67424511,7.107715309,Adjusted,1.259424081,1.216998341,QuadStudy
31453,0.476173226,48.98041845,3.283701469,Perceptual,0.984494805,2.067513986,QuadStudy
31453,0.476173226,48.98041845,3.283701469,Adjusted,0.654801782,1.375133555,QuadStudy
31453,0.720888471,32.4216192,4.96429063,Perceptual,1.162015415,1.611921208,QuadStudy
31453,0.720888471,32.4216192,4.96429063,Adjusted,0.877324482,1.217004456,QuadStudy
31453,0.520007631,60.6040891,-0.665584395,Perceptual,0.790830598,1.520805757,QuadStudy
31453,0.520007631,60.6040891,-0.665584395,Adjusted,0.475843569,0.915070359,QuadStudy
31453,1.514944365,20.81191044,-1.938501769,Perceptual,1.533175848,1.012034424,QuadStudy
31453,1.514944365,20.81191044,-1.938501769,Adjusted,1.226283906,0.809458046,QuadStudy
31453,0.667633944,47.20524988,-0.854517755,Perceptual,0.984494805,1.474602683,QuadStudy
31453,0.667633944,47.20524988,-0.854517755,Adjusted,0.522694714,0.78290614,QuadStudy
31453,0.963667763,32.70757735,-1.233333289,Perceptual,1.162015415,1.205825762,QuadStudy
31453,0.963667763,32.70757735,-1.233333289,Adjusted,0.732624576,0.760246014,QuadStudy
31849,0.349099442,66.75897986,2.408610726,Perceptual,0.724504719,2.075353417,QuadStudy
31849,0.349099442,66.75897986,2.408610726,Adjusted,0.610318837,1.748266437,QuadStudy
31849,1.034860968,22.67424511,7.107715309,Perceptual,1.803743945,1.742981908,QuadStudy
31849,1.034860968,22.67424511,7.107715309,Adjusted,1.426474292,1.378421196,QuadStudy
31849,0.476173226,48.98041845,3.283701469,Perceptual,0.901927839,1.894117076,QuadStudy
31849,0.476173226,48.98041845,3.283701469,Adjusted,0.696108385,1.461880564,QuadStudy
31849,0.720888471,32.4216192,4.96429063,Perceptual,1.404600375,1.948429515,QuadStudy
31849,0.720888471,32.4216192,4.96429063,Adjusted,1.030244973,1.429132264,QuadStudy
31849,0.520007631,60.6040891,-0.665584395,Perceptual,0.480542431,0.924106498,QuadStudy
31849,0.520007631,60.6040891,-0.665584395,Adjusted,0.599869796,1.153578833,QuadStudy
31849,1.514944365,20.81191044,-1.938501769,Perceptual,1.995909169,1.317480176,QuadStudy
31849,1.514944365,20.81191044,-1.938501769,Adjusted,1.754546125,1.158158785,QuadStudy
31849,0.667633944,47.20524988,-0.854517755,Perceptual,0.724504719,1.08518257,QuadStudy
31849,0.667633944,47.20524988,-0.854517755,Adjusted,0.744834644,1.115633275,QuadStudy
31849,0.963667763,32.70757735,-1.233333289,Perceptual,1.404600375,1.457556669,QuadStudy
31849,0.963667763,32.70757735,-1.233333289,Adjusted,1.011682974,1.049825482,QuadStudy
31624,0.349099442,66.75897986,2.408610726,Perceptual,0.940770936,2.694850876,QuadStudy
31624,0.349099442,66.75897986,2.408610726,Adjusted,0.570044678,1.632900571,QuadStudy
31624,1.034860968,22.67424511,7.107715309,Perceptual,1.465088147,1.41573428,QuadStudy
31624,1.034860968,22.67424511,7.107715309,Adjusted,1.22060305,1.17948506,QuadStudy
31624,0.476173226,48.98041845,3.283701469,Perceptual,1.110408346,2.331941999,QuadStudy
31624,0.476173226,48.98041845,3.283701469,Adjusted,0.730131026,1.5333307,QuadStudy
31624,0.720888471,32.4216192,4.96429063,Perceptual,1.256909492,1.743556101,QuadStudy
31624,0.720888471,32.4216192,4.96429063,Adjusted,0.932249743,1.293195523,QuadStudy
31624,0.520007631,60.6040891,-0.665584395,Perceptual,0.940770936,1.809148329,QuadStudy
31624,0.520007631,60.6040891,-0.665584395,Adjusted,0.502139573,0.965638854,QuadStudy
31624,1.514944365,20.81191044,-1.938501769,Perceptual,1.256909492,0.829673697,QuadStudy
31624,1.514944365,20.81191044,-1.938501769,Adjusted,1.170256088,0.77247463,QuadStudy
31624,0.667633944,47.20524988,-0.854517755,Perceptual,1.110408346,1.663199355,QuadStudy
31624,0.667633944,47.20524988,-0.854517755,Adjusted,0.665032832,0.996103984,QuadStudy
31624,0.963667763,32.70757735,-1.233333289,Perceptual,1.465088147,1.520324953,QuadStudy
31624,0.963667763,32.70757735,-1.233333289,Adjusted,0.69828367,0.724610386,QuadStudy
61,0.349099442,66.75897986,2.408610726,Perceptual,0.75692406,2.168219051,QuadStudy
61,0.349099442,66.75897986,2.408610726,Adjusted,0.429716332,1.230928156,QuadStudy
61,1.034860968,22.67424511,7.107715309,Perceptual,1.624102038,1.569391531,QuadStudy
61,1.034860968,22.67424511,7.107715309,Adjusted,1.242204966,1.20035928,QuadStudy
61,0.476173226,48.98041845,3.283701469,Perceptual,0.975223766,2.048044098,QuadStudy
61,0.476173226,48.98041845,3.283701469,Adjusted,0.678357407,1.42460216,QuadStudy
61,0.720888471,32.4216192,4.96429063,Perceptual,1.205142653,1.671746326,QuadStudy
61,0.720888471,32.4216192,4.96429063,Adjusted,0.895587136,1.242337992,QuadStudy
62,0.349099442,66.75897986,2.408610726,Perceptual,1.235297658,3.538526593,QuadStudy
62,0.349099442,66.75897986,2.408610726,Adjusted,0.425461754,1.218740861,QuadStudy
62,1.034860968,22.67424511,7.107715309,Perceptual,2.775904354,2.68239352,QuadStudy
62,1.034860968,22.67424511,7.107715309,Adjusted,1.108915955,1.071560325,QuadStudy
62,0.476173226,48.98041845,3.283701469,Perceptual,1.501458637,3.15317736,QuadStudy
62,0.476173226,48.98041845,3.283701469,Adjusted,0.484711947,1.017931962,QuadStudy
62,0.720888471,32.4216192,4.96429063,Perceptual,1.838438161,2.550239371,QuadStudy
62,0.720888471,32.4216192,4.96429063,Adjusted,0.823929533,1.142936205,QuadStudy
63,0.349099442,66.75897986,2.408610726,Perceptual,0.564272056,1.616364818,QuadStudy
63,0.349099442,66.75897986,2.408610726,Adjusted,0.360407747,1.032392792,QuadStudy
63,1.034860968,22.67424511,7.107715309,Perceptual,1.313731015,1.269475858,QuadStudy
63,1.034860968,22.67424511,7.107715309,Adjusted,1.234949555,1.193348279,QuadStudy
63,0.476173226,48.98041845,3.283701469,Perceptual,0.644570721,1.35364755,QuadStudy
63,0.476173226,48.98041845,3.283701469,Adjusted,0.454171484,0.953794667,QuadStudy
63,0.720888471,32.4216192,4.96429063,Perceptual,1.043267458,1.447196758,QuadStudy
63,0.720888471,32.4216192,4.96429063,Adjusted,1.010101742,1.401190035,QuadStudy
64,0.349099442,66.75897986,2.408610726,Perceptual,0.716462068,2.052315136,QuadStudy
64,0.349099442,66.75897986,2.408610726,Adjusted,0.519655833,1.488561055,QuadStudy
64,1.034860968,22.67424511,7.107715309,Perceptual,2.222402421,2.147537196,QuadStudy
64,1.034860968,22.67424511,7.107715309,Adjusted,1.831062194,1.769379898,QuadStudy
64,0.476173226,48.98041845,3.283701469,Perceptual,0.931990796,1.957251573,QuadStudy
64,0.476173226,48.98041845,3.283701469,Adjusted,0.846399532,1.777503407,QuadStudy
64,0.720888471,32.4216192,4.96429063,Perceptual,1.461155452,2.026881425,QuadStudy
64,0.720888471,32.4216192,4.96429063,Adjusted,1.601952382,2.222191707,QuadStudy
65,0.349099442,66.75897986,2.408610726,Perceptual,0.772338565,2.212374106,QuadStudy
65,0.349099442,66.75897986,2.408610726,Adjusted,0.555850218,1.592240352,QuadStudy
65,1.034860968,22.67424511,7.107715309,Perceptual,1.811406843,1.75038667,QuadStudy
65,1.034860968,22.67424511,7.107715309,Adjusted,1.296806437,1.253121411,QuadStudy
65,0.476173226,48.98041845,3.283701469,Perceptual,0.813752465,1.708942081,QuadStudy
65,0.476173226,48.98041845,3.283701469,Adjusted,0.545669966,1.14594844,QuadStudy
65,0.720888471,32.4216192,4.96429063,Perceptual,1.200915603,1.665882659,QuadStudy
65,0.720888471,32.4216192,4.96429063,Adjusted,0.840035855,1.165278526,QuadStudy
66,0.349099442,66.75897986,2.408610726,Perceptual,1.180300497,3.380986494,QuadStudy
66,0.349099442,66.75897986,2.408610726,Adjusted,0.442042397,1.266236334,QuadStudy
66,1.034860968,22.67424511,7.107715309,Perceptual,2.319002783,2.240883418,QuadStudy
66,1.034860968,22.67424511,7.107715309,Adjusted,1.121968175,1.08417286,QuadStudy
66,0.476173226,48.98041845,3.283701469,Perceptual,1.306126939,2.742965936,QuadStudy
66,0.476173226,48.98041845,3.283701469,Adjusted,0.625914056,1.314467133,QuadStudy
66,0.720888471,32.4216192,4.96429063,Perceptual,1.511884227,2.097251222,QuadStudy
66,0.720888471,32.4216192,4.96429063,Adjusted,0.885626908,1.228521392,QuadStudy
67,0.349099442,66.75897986,2.408610726,Perceptual,2.190931359,6.275952058,QuadStudy
67,0.349099442,66.75897986,2.408610726,Adjusted,0.338052786,0.968356709,QuadStudy
67,1.034860968,22.67424511,7.107715309,Perceptual,4.053882739,3.917321133,QuadStudy
67,1.034860968,22.67424511,7.107715309,Adjusted,1.125581368,1.087664336,QuadStudy
67,0.476173226,48.98041845,3.283701469,Perceptual,2.747672021,5.770320271,QuadStudy
67,0.476173226,48.98041845,3.283701469,Adjusted,0.541701517,1.137614395,QuadStudy
67,0.720888471,32.4216192,4.96429063,Perceptual,3.168391218,4.395119834,QuadStudy
67,0.720888471,32.4216192,4.96429063,Adjusted,0.838459859,1.16309234,QuadStudy
68,0.349099442,66.75897986,2.408610726,Perceptual,1.014806465,2.906926635,QuadStudy
68,0.349099442,66.75897986,2.408610726,Adjusted,0.486029799,1.392238833,QuadStudy
68,1.034860968,22.67424511,7.107715309,Perceptual,1.357317829,1.31159438,QuadStudy
68,1.034860968,22.67424511,7.107715309,Adjusted,1.182713518,1.142871898,QuadStudy
68,0.476173226,48.98041845,3.283701469,Perceptual,0.698011016,1.465876234,QuadStudy
68,0.476173226,48.98041845,3.283701469,Adjusted,0.651081397,1.367320465,QuadStudy
68,0.720888471,32.4216192,4.96429063,Perceptual,0.896146487,1.243113912,QuadStudy
68,0.720888471,32.4216192,4.96429063,Adjusted,0.951603528,1.320042651,QuadStudy
69,0.349099442,66.75897986,2.408610726,Perceptual,1.137975314,3.259745443,QuadStudy
69,0.349099442,66.75897986,2.408610726,Adjusted,0.677124059,1.939630884,QuadStudy
69,1.034860968,22.67424511,7.107715309,Perceptual,1.463119157,1.413831618,QuadStudy
69,1.034860968,22.67424511,7.107715309,Adjusted,1.226283906,1.184974547,QuadStudy
69,0.476173226,48.98041845,3.283701469,Perceptual,0.952305747,1.999914514,QuadStudy
69,0.476173226,48.98041845,3.283701469,Adjusted,0.620698208,1.303513455,QuadStudy
69,0.720888471,32.4216192,4.96429063,Perceptual,1.225571649,1.700084962,QuadStudy
69,0.720888471,32.4216192,4.96429063,Adjusted,0.959804288,1.331418557,QuadStudy
70,0.349099442,66.75897986,2.408610726,Perceptual,1.430126673,4.096616903,QuadStudy
70,0.349099442,66.75897986,2.408610726,Adjusted,0.764973158,2.1912758,QuadStudy
70,1.034860968,22.67424511,7.107715309,Perceptual,1.113405211,1.075898353,QuadStudy
70,1.034860968,22.67424511,7.107715309,Adjusted,0.737460248,0.712617705,QuadStudy
70,0.476173226,48.98041845,3.283701469,Perceptual,0.755537792,1.586686841,QuadStudy
70,0.476173226,48.98041845,3.283701469,Adjusted,0.671023982,1.40920141,QuadStudy
70,0.720888471,32.4216192,4.96429063,Perceptual,1.463119157,2.029605432,QuadStudy
70,0.720888471,32.4216192,4.96429063,Adjusted,1.344778075,1.86544539,QuadStudy
71,0.349099442,66.75897986,2.408610726,Perceptual,0.618122746,1.770620839,QuadStudy
71,0.349099442,66.75897986,2.408610726,Adjusted,0.532028416,1.524002482,QuadStudy
71,1.034860968,22.67424511,7.107715309,Perceptual,1.533175848,1.481528336,QuadStudy
71,1.034860968,22.67424511,7.107715309,Adjusted,1.204888297,1.164299683,QuadStudy
71,0.476173226,48.98041845,3.283701469,Perceptual,0.977610561,2.05305655,QuadStudy
71,0.476173226,48.98041845,3.283701469,Adjusted,0.557932021,1.171699688,QuadStudy
71,0.720888471,32.4216192,4.96429063,Perceptual,1.137975314,1.578573329,QuadStudy
71,0.720888471,32.4216192,4.96429063,Adjusted,0.802333532,1.112978725,QuadStudy
72,0.349099442,66.75897986,2.408610726,Perceptual,0.833378464,2.387223708,QuadStudy
72,0.349099442,66.75897986,2.408610726,Adjusted,0.517030229,1.481039978,QuadStudy
72,1.034860968,22.67424511,7.107715309,Perceptual,1.289100657,1.245675213,QuadStudy
72,1.034860968,22.67424511,7.107715309,Adjusted,1.061821894,1.026052703,QuadStudy
72,0.476173226,48.98041845,3.283701469,Perceptual,0.926545219,1.945815446,QuadStudy
72,0.476173226,48.98041845,3.283701469,Adjusted,0.689663093,1.448344961,QuadStudy
72,0.720888471,32.4216192,4.96429063,Perceptual,1.035539973,1.436477368,QuadStudy
72,0.720888471,32.4216192,4.96429063,Adjusted,1.039088931,1.441400401,QuadStudy
73,0.349099442,66.75897986,2.408610726,Perceptual,1.00614393,2.882112688,QuadStudy
73,0.349099442,66.75897986,2.408610726,Adjusted,0.584187201,1.673412017,QuadStudy
73,1.034860968,22.67424511,7.107715309,Perceptual,2.773012243,2.679598834,QuadStudy
73,1.034860968,22.67424511,7.107715309,Adjusted,1.403676388,1.356391275,QuadStudy
73,0.476173226,48.98041845,3.283701469,Perceptual,1.182136805,2.482577221,QuadStudy
73,0.476173226,48.98041845,3.283701469,Adjusted,0.633904286,1.331247224,QuadStudy
73,0.720888471,32.4216192,4.96429063,Perceptual,1.995909169,2.768679552,QuadStudy
73,0.720888471,32.4216192,4.96429063,Adjusted,0.961067961,1.333171495,QuadStudy
74,0.349099442,66.75897986,2.408610726,Perceptual,0.768129715,2.200317798,QuadStudy
74,0.349099442,66.75897986,2.408610726,Adjusted,0.551732873,1.580446162,QuadStudy
74,1.034860968,22.67424511,7.107715309,Adjusted,1.386348751,1.339647348,QuadStudy
74,0.476173226,48.98041845,3.283701469,Perceptual,0.932249743,1.957795381,QuadStudy
74,0.476173226,48.98041845,3.283701469,Adjusted,0.647684523,1.360186771,QuadStudy
74,0.720888471,32.4216192,4.96429063,Perceptual,1.440695151,1.998499363,QuadStudy
74,0.720888471,32.4216192,4.96429063,Adjusted,0.920469775,1.27685462,QuadStudy
75,0.349099442,66.75897986,2.408610726,Perceptual,0.411514879,1.178789853,QuadStudy
75,0.349099442,66.75897986,2.408610726,Adjusted,0.337033025,0.96543559,QuadStudy
75,1.034860968,22.67424511,7.107715309,Perceptual,0.9614747,0.929085867,QuadStudy
75,1.034860968,22.67424511,7.107715309,Adjusted,1.035947126,1.001049569,QuadStudy
75,0.476173226,48.98041845,3.283701469,Perceptual,0.503270503,1.056906343,QuadStudy
75,0.476173226,48.98041845,3.283701469,Adjusted,0.557932021,1.171699688,QuadStudy
75,0.720888471,32.4216192,4.96429063,Perceptual,0.728519302,1.010585314,QuadStudy
75,0.720888471,32.4216192,4.96429063,Adjusted,0.777217787,1.078138738,QuadStudy
76,0.349099442,66.75897986,2.408610726,Perceptual,1.197291309,3.429656901,QuadStudy
76,0.349099442,66.75897986,2.408610726,Adjusted,0.651461028,1.866118792,QuadStudy
76,1.034860968,22.67424511,7.107715309,Perceptual,1.424821609,1.376824185,QuadStudy
76,1.034860968,22.67424511,7.107715309,Adjusted,0.713899838,0.689850965,QuadStudy
76,0.476173226,48.98041845,3.283701469,Perceptual,1.642366547,3.449094691,QuadStudy
76,0.476173226,48.98041845,3.283701469,Adjusted,0.711060214,1.493280542,QuadStudy
76,0.720888471,32.4216192,4.96429063,Perceptual,2.554658749,3.54376419,QuadStudy
76,0.720888471,32.4216192,4.96429063,Adjusted,0.985220609,1.366675497,QuadStudy
77,0.349099442,66.75897986,2.408610726,Perceptual,0.613877479,1.758460216,QuadStudy
77,0.349099442,66.75897986,2.408610726,Adjusted,0.404439117,1.158521238,QuadStudy
77,1.034860968,22.67424511,7.107715309,Perceptual,0.681252767,0.658303664,QuadStudy
77,1.034860968,22.67424511,7.107715309,Adjusted,0.847067964,0.818533108,QuadStudy
77,0.476173226,48.98041845,3.283701469,Perceptual,0.848169766,1.781221033,QuadStudy
77,0.476173226,48.98041845,3.283701469,Adjusted,0.542688208,1.139686521,QuadStudy
77,0.720888471,32.4216192,4.96429063,Perceptual,1.242510378,1.723581979,QuadStudy
77,0.720888471,32.4216192,4.96429063,Adjusted,0.98218931,1.362470547,QuadStudy
78,0.349099442,66.75897986,2.408610726,Perceptual,0.377135415,1.080309419,QuadStudy
78,0.349099442,66.75897986,2.408610726,Adjusted,0.506694068,1.451431905,QuadStudy
78,1.034860968,22.67424511,7.107715309,Perceptual,1.551365238,1.499104987,QuadStudy
78,1.034860968,22.67424511,7.107715309,Adjusted,1.47323887,1.423610432,QuadStudy
78,0.476173226,48.98041845,3.283701469,Perceptual,1.00983827,2.12073719,QuadStudy
78,0.476173226,48.98041845,3.283701469,Adjusted,0.613877479,1.289189407,QuadStudy
78,0.720888471,32.4216192,4.96429063,Perceptual,1.347239669,1.868860056,QuadStudy
78,0.720888471,32.4216192,4.96429063,Adjusted,1.017452898,1.41138739,QuadStudy
79,0.349099442,66.75897986,2.408610726,Perceptual,1.208132733,3.460712305,QuadStudy
79,0.349099442,66.75897986,2.408610726,Adjusted,0.623881213,1.787116043,QuadStudy
79,1.034860968,22.67424511,7.107715309,Perceptual,1.8915968,1.827875299,QuadStudy
79,1.034860968,22.67424511,7.107715309,Adjusted,1.449938829,1.401095291,QuadStudy
79,0.476173226,48.98041845,3.283701469,Perceptual,1.200368954,2.520866121,QuadStudy
79,0.476173226,48.98041845,3.283701469,Adjusted,0.769633227,1.616288326,QuadStudy
79,0.720888471,32.4216192,4.96429063,Perceptual,1.813100332,2.515091314,QuadStudy
79,0.720888471,32.4216192,4.96429063,Adjusted,0.968356321,1.343281742,QuadStudy
80,0.349099442,66.75897986,2.408610726,Perceptual,0.502421829,1.439194019,QuadStudy
80,0.349099442,66.75897986,2.408610726,Adjusted,0.494089896,1.415327087,QuadStudy
80,1.034860968,22.67424511,7.107715309,Perceptual,1.733338826,1.674948501,QuadStudy
80,1.034860968,22.67424511,7.107715309,Adjusted,1.132016883,1.09388306,QuadStudy
80,0.476173226,48.98041845,3.283701469,Perceptual,0.748577425,1.572069541,QuadStudy
80,0.476173226,48.98041845,3.283701469,Adjusted,0.721739617,1.515708101,QuadStudy
80,0.720888471,32.4216192,4.96429063,Perceptual,1.201001573,1.666001915,QuadStudy
80,0.720888471,32.4216192,4.96429063,Adjusted,0.901003771,1.249851825,QuadStudy
81,0.349099442,66.75897986,2.408610726,Perceptual,1.357317829,3.888054999,QuadStudy
81,0.349099442,66.75897986,2.408610726,Adjusted,0.809600805,2.319112288,QuadStudy
81,1.034860968,22.67424511,7.107715309,Perceptual,1.608065792,1.553895492,QuadStudy
81,1.034860968,22.67424511,7.107715309,Adjusted,1.594214483,1.540510786,QuadStudy
81,0.476173226,48.98041845,3.283701469,Perceptual,0.900765609,1.891676305,QuadStudy
81,0.476173226,48.98041845,3.283701469,Adjusted,0.964178066,2.024847288,QuadStudy
81,0.720888471,32.4216192,4.96429063,Perceptual,1.074264394,1.490194998,QuadStudy
81,0.720888471,32.4216192,4.96429063,Adjusted,0.951856872,1.320394084,QuadStudy
82,0.349099442,66.75897986,2.408610726,Perceptual,0.554195927,1.587501615,QuadStudy
82,0.349099442,66.75897986,2.408610726,Adjusted,0.383939354,1.099799393,QuadStudy
82,1.034860968,22.67424511,7.107715309,Perceptual,1.155505967,1.116580877,QuadStudy
82,1.034860968,22.67424511,7.107715309,Adjusted,1.221996526,1.180831594,QuadStudy
82,0.476173226,48.98041845,3.283701469,Perceptual,0.642101154,1.34846127,QuadStudy
82,0.476173226,48.98041845,3.283701469,Adjusted,0.588482148,1.23585728,QuadStudy
82,0.720888471,32.4216192,4.96429063,Perceptual,1.062292532,1.473587905,QuadStudy
82,0.720888471,32.4216192,4.96429063,Adjusted,0.854082761,1.184764073,QuadStudy
83,0.349099442,66.75897986,2.408610726,Perceptual,1.111904759,3.185065991,QuadStudy
83,0.349099442,66.75897986,2.408610726,Adjusted,0.639345412,1.831413447,QuadStudy
83,1.034860968,22.67424511,7.107715309,Perceptual,2.291525676,2.214331922,QuadStudy
83,1.034860968,22.67424511,7.107715309,Adjusted,1.346775193,1.30140689,QuadStudy
83,0.476173226,48.98041845,3.283701469,Perceptual,1.509787543,3.170668697,QuadStudy
83,0.476173226,48.98041845,3.283701469,Adjusted,0.635632329,1.334876246,QuadStudy
83,0.720888471,32.4216192,4.96429063,Perceptual,1.962988229,2.723012376,QuadStudy
83,0.720888471,32.4216192,4.96429063,Adjusted,0.846199208,1.173828188,QuadStudy
84,0.349099442,66.75897986,2.408610726,Perceptual,1.876365198,5.374873099,QuadStudy
84,0.349099442,66.75897986,2.408610726,Adjusted,0.669683305,1.918316747,QuadStudy
84,1.034860968,22.67424511,7.107715309,Perceptual,2.130589229,2.05881688,QuadStudy
84,1.034860968,22.67424511,7.107715309,Adjusted,1.232771682,1.191243771,QuadStudy
84,0.476173226,48.98041845,3.283701469,Perceptual,1.678162389,3.524268682,QuadStudy
84,0.476173226,48.98041845,3.283701469,Adjusted,0.950844305,1.996845376,QuadStudy
84,0.720888471,32.4216192,4.96429063,Perceptual,1.91753982,2.659967382,QuadStudy
84,0.720888471,32.4216192,4.96429063,Adjusted,1.177773265,1.633780137,QuadStudy
85,0.349099442,66.75897986,2.408610726,Perceptual,0.5436785,1.557374304,QuadStudy
85,0.349099442,66.75897986,2.408610726,Adjusted,0.440734592,1.262490109,QuadStudy
85,1.034860968,22.67424511,7.107715309,Perceptual,1.388477723,1.341704602,QuadStudy
85,1.034860968,22.67424511,7.107715309,Adjusted,1.375032709,1.328712505,QuadStudy
85,0.476173226,48.98041845,3.283701469,Perceptual,0.718057812,1.507976031,QuadStudy
85,0.476173226,48.98041845,3.283701469,Adjusted,0.712079872,1.495421903,QuadStudy
85,0.720888471,32.4216192,4.96429063,Perceptual,1.01856481,1.412929809,QuadStudy
85,0.720888471,32.4216192,4.96429063,Adjusted,0.770517836,1.06884472,QuadStudy
86,0.349099442,66.75897986,2.408610726,Perceptual,2.864192368,8.204517185,QuadStudy
86,0.349099442,66.75897986,2.408610726,Adjusted,3.367745779,9.646952636,QuadStudy
86,1.034860968,22.67424511,7.107715309,Perceptual,2.284039017,2.207097463,QuadStudy
86,1.034860968,22.67424511,7.107715309,Adjusted,2.864192368,2.767707409,QuadStudy
86,0.476173226,48.98041845,3.283701469,Perceptual,2.287776222,4.804504108,QuadStudy
86,0.476173226,48.98041845,3.283701469,Adjusted,2.11769626,4.447323249,QuadStudy
86,0.720888471,32.4216192,4.96429063,Perceptual,2.10550535,2.920708867,QuadStudy
86,0.720888471,32.4216192,4.96429063,Adjusted,2.529074415,3.508274187,QuadStudy
87,0.349099442,66.75897986,2.408610726,Perceptual,1.656840107,4.746040551,QuadStudy
87,0.349099442,66.75897986,2.408610726,Adjusted,0.521835277,1.4948041,QuadStudy
87,1.034860968,22.67424511,7.107715309,Perceptual,2.474792843,2.391425438,QuadStudy
87,1.034860968,22.67424511,7.107715309,Adjusted,1.395157627,1.348159483,QuadStudy
87,0.476173226,48.98041845,3.283701469,Perceptual,1.955142418,4.105947814,QuadStudy
87,0.476173226,48.98041845,3.283701469,Adjusted,0.669817132,1.406666933,QuadStudy
87,0.720888471,32.4216192,4.96429063,Perceptual,2.250945579,3.122460227,QuadStudy
87,0.720888471,32.4216192,4.96429063,Adjusted,0.77107175,1.069613097,QuadStudy
88,0.349099442,66.75897986,2.408610726,Perceptual,1.227719726,3.516819507,QuadStudy
88,0.349099442,66.75897986,2.408610726,Adjusted,0.570623982,1.634559996,QuadStudy
88,1.034860968,22.67424511,7.107715309,Perceptual,3.098852125,2.994462272,QuadStudy
88,1.034860968,22.67424511,7.107715309,Adjusted,1.122493654,1.084680637,QuadStudy
88,0.476173226,48.98041845,3.283701469,Perceptual,1.98028397,4.158746985,QuadStudy
88,0.476173226,48.98041845,3.283701469,Adjusted,0.597064844,1.253881594,QuadStudy
88,0.720888471,32.4216192,4.96429063,Perceptual,2.208284291,3.063281463,QuadStudy
88,0.720888471,32.4216192,4.96429063,Adjusted,0.828358287,1.14907967,QuadStudy
89,0.349099442,66.75897986,2.408610726,Perceptual,1.031296187,2.954161662,QuadStudy
89,0.349099442,66.75897986,2.408610726,Adjusted,0.499892892,1.431949846,QuadStudy
89,1.034860968,22.67424511,7.107715309,Perceptual,2.08185174,2.011721193,QuadStudy
89,1.034860968,22.67424511,7.107715309,Adjusted,1.073579753,1.03741448,QuadStudy
89,0.476173226,48.98041845,3.283701469,Perceptual,1.188152338,2.495210298,QuadStudy
89,0.476173226,48.98041845,3.283701469,Adjusted,0.548684671,1.152279551,QuadStudy
89,0.720888471,32.4216192,4.96429063,Perceptual,1.899305704,2.634673435,QuadStudy
89,0.720888471,32.4216192,4.96429063,Adjusted,0.966411923,1.340584517,QuadStudy
90,0.349099442,66.75897986,2.408610726,Perceptual,1.100766944,3.153161572,QuadStudy
90,0.349099442,66.75897986,2.408610726,Adjusted,0.530713256,1.520235189,QuadStudy
90,1.034860968,22.67424511,7.107715309,Perceptual,1.62227583,1.567626842,QuadStudy
90,1.034860968,22.67424511,7.107715309,Adjusted,0.874556562,0.845095708,QuadStudy
90,0.476173226,48.98041845,3.283701469,Perceptual,1.39592677,2.931552411,QuadStudy
90,0.476173226,48.98041845,3.283701469,Adjusted,0.730131026,1.5333307,QuadStudy
90,0.720888471,32.4216192,4.96429063,Perceptual,1.952044535,2.707831535,QuadStudy
90,0.720888471,32.4216192,4.96429063,Adjusted,0.958234604,1.329241127,QuadStudy
91,0.349099442,66.75897986,2.408610726,Perceptual,0.414953692,1.188640379,QuadStudy
91,0.349099442,66.75897986,2.408610726,Adjusted,0.401604287,1.150400828,QuadStudy
91,1.034860968,22.67424511,7.107715309,Perceptual,2.278029828,2.201290704,QuadStudy
91,1.034860968,22.67424511,7.107715309,Adjusted,1.35621358,1.310527329,QuadStudy
91,0.476173226,48.98041845,3.283701469,Perceptual,0.647684523,1.360186771,QuadStudy
91,0.476173226,48.98041845,3.283701469,Adjusted,0.545140197,1.144835886,QuadStudy
91,0.720888471,32.4216192,4.96429063,Perceptual,1.15875155,1.607393648,QuadStudy
91,0.720888471,32.4216192,4.96429063,Adjusted,1.020454441,1.415551062,QuadStudy
92,0.349099442,66.75897986,2.408610726,Perceptual,0.417159108,1.194957819,QuadStudy
92,0.349099442,66.75897986,2.408610726,Adjusted,0.352950298,1.011030828,QuadStudy
92,1.034860968,22.67424511,7.107715309,Perceptual,1.213277051,1.172405848,QuadStudy
92,1.034860968,22.67424511,7.107715309,Adjusted,0.883198085,0.853446127,QuadStudy
92,0.476173226,48.98041845,3.283701469,Perceptual,0.560872881,1.177875718,QuadStudy
92,0.476173226,48.98041845,3.283701469,Adjusted,0.447800406,0.940414919,QuadStudy
92,0.720888471,32.4216192,4.96429063,Perceptual,0.844343575,1.171254097,QuadStudy
92,0.720888471,32.4216192,4.96429063,Adjusted,0.717567821,0.99539367,QuadStudy
6000,1.377744544,17.13129859,9.425813237,Perceptual,1.970488619,1.430227851,QuadStudy
6000,1.377744544,17.13129859,9.425813237,Adjusted,1.403561353,1.018738459,QuadStudy
6000,0.78136389,29.93177895,5.378409429,Perceptual,1.798187074,2.301343967,QuadStudy
6000,0.78136389,29.93177895,5.378409429,Adjusted,0.772515661,0.988675918,QuadStudy
6000,0.381095236,61.16438009,2.629070427,Perceptual,1.205015202,3.161979175,QuadStudy
6000,0.381095236,61.16438009,2.629070427,Adjusted,0.381970449,1.002296571,QuadStudy
6000,2.714805543,61.15539621,2.438894746,Perceptual,6.164361649,2.270645743,QuadStudy
6000,2.714805543,61.15539621,2.438894746,Adjusted,3.457531984,1.273583662,QuadStudy
6000,1.550425564,107.0316425,1.393244359,Perceptual,2.291525676,1.477997866,QuadStudy
6000,1.550425564,107.0316425,1.393244359,Adjusted,1.639732799,1.057601755,QuadStudy
6000,1.098679308,151.0224238,0.987362758,Perceptual,1.778591809,1.618845278,QuadStudy
6000,1.098679308,151.0224238,0.987362758,Adjusted,0.563560501,0.512943583,QuadStudy
6000,0.852070543,15.21497917,-2.54262031,Perceptual,1.212839393,1.423402561,QuadStudy
6000,0.852070543,15.21497917,-2.54262031,Adjusted,0.832214568,0.976696794,QuadStudy
6001,1.377744544,17.13129859,9.425813237,Perceptual,1.295920715,0.940610305,QuadStudy
6001,1.377744544,17.13129859,9.425813237,Adjusted,1.516564438,1.100758805,QuadStudy
6001,0.78136389,29.93177895,5.378409429,Perceptual,0.970634698,1.242231322,QuadStudy
6001,0.78136389,29.93177895,5.378409429,Adjusted,0.887142733,1.135377184,QuadStudy
6001,0.381095236,61.16438009,2.629070427,Perceptual,0.488197771,1.281038765,QuadStudy
6001,0.381095236,61.16438009,2.629070427,Adjusted,0.468453449,1.229229349,QuadStudy
6001,2.714805543,61.15539621,2.438894746,Perceptual,2.361181015,0.869742225,QuadStudy
6001,2.714805543,61.15539621,2.438894746,Adjusted,2.508551231,0.924026119,QuadStudy
6001,1.550425564,107.0316425,1.393244359,Perceptual,1.293972128,0.834591584,QuadStudy
6001,1.550425564,107.0316425,1.393244359,Adjusted,1.513385427,0.976109697,QuadStudy
6001,1.098679308,151.0224238,0.987362758,Perceptual,1.04852095,0.954346681,QuadStudy
6001,1.098679308,151.0224238,0.987362758,Adjusted,0.939629724,0.855235661,QuadStudy
6001,0.852070543,15.21497917,-2.54262031,Perceptual,0.970634698,1.139148284,QuadStudy
6001,0.852070543,15.21497917,-2.54262031,Adjusted,0.935810261,1.098277917,QuadStudy
6002,1.377744544,17.13129859,9.425813237,Perceptual,4.141121936,3.00572552,QuadStudy
6002,1.377744544,17.13129859,9.425813237,Adjusted,2.236543197,1.623336639,QuadStudy
6002,0.78136389,29.93177895,5.378409429,Perceptual,2.416807291,3.093062429,QuadStudy
6002,0.78136389,29.93177895,5.378409429,Adjusted,1.447395347,1.852396004,QuadStudy
6002,0.381095236,61.16438009,2.629070427,Perceptual,1.866288396,4.897170622,QuadStudy
6002,0.381095236,61.16438009,2.629070427,Adjusted,0.763932409,2.004570869,QuadStudy
6002,2.714805543,61.15539621,2.438894746,Perceptual,6.021442919,2.218001556,QuadStudy
6002,2.714805543,61.15539621,2.438894746,Adjusted,3.378641239,1.244524215,QuadStudy
6002,1.550425564,107.0316425,1.393244359,Perceptual,5.456875414,3.51959845,QuadStudy
6002,1.550425564,107.0316425,1.393244359,Adjusted,1.987248109,1.281743642,QuadStudy
6002,1.098679308,151.0224238,0.987362758,Perceptual,4.55481788,4.145721001,QuadStudy
6002,1.098679308,151.0224238,0.987362758,Adjusted,1.314927387,1.196825477,QuadStudy
6002,0.852070543,15.21497917,-2.54262031,Perceptual,2.643951319,3.10297233,QuadStudy
6002,0.852070543,15.21497917,-2.54262031,Adjusted,1.414960213,1.66061393,QuadStudy
6003,1.377744544,17.13129859,9.425813237,Perceptual,1.413720234,1.026112017,QuadStudy
6003,1.377744544,17.13129859,9.425813237,Adjusted,1.462791506,1.061729123,QuadStudy
6003,0.78136389,29.93177895,5.378409429,Perceptual,0.907784269,1.1617945,QuadStudy
6003,0.78136389,29.93177895,5.378409429,Adjusted,0.856127902,1.095683987,QuadStudy
6003,0.381095236,61.16438009,2.629070427,Perceptual,0.53574884,1.405813531,QuadStudy
6003,0.381095236,61.16438009,2.629070427,Adjusted,0.527720554,1.384747181,QuadStudy
6003,2.714805543,61.15539621,2.438894746,Perceptual,3.532120698,1.301058452,QuadStudy
6003,2.714805543,61.15539621,2.438894746,Adjusted,2.291525676,0.844084646,QuadStudy
6003,1.550425564,107.0316425,1.393244359,Perceptual,1.861948955,1.200927667,QuadStudy
6003,1.550425564,107.0316425,1.393244359,Adjusted,1.458359284,0.940618703,QuadStudy
6003,1.098679308,151.0224238,0.987362758,Perceptual,0.72840165,0.662979311,QuadStudy
6003,1.098679308,151.0224238,0.987362758,Adjusted,0.886445321,0.806828085,QuadStudy
6003,0.852070543,15.21497917,-2.54262031,Perceptual,1.212839393,1.423402561,QuadStudy
6003,0.852070543,15.21497917,-2.54262031,Adjusted,0.898379417,1.054348638,QuadStudy
6004,1.377744544,17.13129859,9.425813237,Perceptual,3.473647425,2.521256527,QuadStudy
6004,1.377744544,17.13129859,9.425813237,Adjusted,1.547859372,1.123473418,QuadStudy
6004,0.78136389,29.93177895,5.378409429,Perceptual,3.613434932,4.624522554,QuadStudy
6004,0.78136389,29.93177895,5.378409429,Adjusted,1.144002107,1.464109261,QuadStudy
6004,0.381095236,61.16438009,2.629070427,Perceptual,2.423690731,6.359803271,QuadStudy
6004,0.381095236,61.16438009,2.629070427,Adjusted,0.633904286,1.663374992,QuadStudy
6004,2.714805543,61.15539621,2.438894746,Perceptual,10.28159586,3.787231054,QuadStudy
6004,2.714805543,61.15539621,2.438894746,Adjusted,2.705808295,0.996685859,QuadStudy
6004,1.550425564,107.0316425,1.393244359,Perceptual,8.98516296,5.795288188,QuadStudy
6004,1.550425564,107.0316425,1.393244359,Adjusted,1.630257714,1.051490475,QuadStudy
6004,1.098679308,151.0224238,0.987362758,Perceptual,6.207688062,5.650136503,QuadStudy
6004,1.098679308,151.0224238,0.987362758,Adjusted,1.164508276,1.059916454,QuadStudy
6004,7.147990637,23.32562723,6.405727666,Perceptual,14.53390881,2.033285933,QuadStudy
6004,7.147990637,23.32562723,6.405727666,Adjusted,7.294394904,1.020481877,QuadStudy
6004,0.852070543,15.21497917,-2.54262031,Perceptual,3.589361172,4.21251644,QuadStudy
6004,0.852070543,15.21497917,-2.54262031,Adjusted,1.000863389,1.174625031,QuadStudy
6005,1.377744544,17.13129859,9.425813237,Perceptual,1.299250189,0.943026917,QuadStudy
6005,1.377744544,17.13129859,9.425813237,Adjusted,1.308797724,0.949956746,QuadStudy
6005,0.78136389,29.93177895,5.378409429,Perceptual,1.099036285,1.406561397,QuadStudy
6005,0.78136389,29.93177895,5.378409429,Adjusted,0.838774585,1.073474978,QuadStudy
6005,0.381095236,61.16438009,2.629070427,Perceptual,0.727851906,1.90989505,QuadStudy
6005,0.381095236,61.16438009,2.629070427,Adjusted,0.421608551,1.106307585,QuadStudy
6005,2.714805543,61.15539621,2.438894746,Perceptual,7.233823768,2.664582657,QuadStudy
6005,2.714805543,61.15539621,2.438894746,Adjusted,2.591138511,0.954447186,QuadStudy
6005,1.550425564,107.0316425,1.393244359,Perceptual,5.049078291,3.256575747,QuadStudy
6005,1.550425564,107.0316425,1.393244359,Adjusted,1.480428729,0.954853147,QuadStudy
6005,1.098679308,151.0224238,0.987362758,Perceptual,3.561062733,3.241221262,QuadStudy
6005,1.098679308,151.0224238,0.987362758,Adjusted,1.065333007,0.969648741,QuadStudy
6005,7.147990637,23.32562723,6.405727666,Perceptual,10.83404423,1.515676891,QuadStudy
6005,7.147990637,23.32562723,6.405727666,Adjusted,7.077569844,0.99014817,QuadStudy
6005,0.852070543,15.21497917,-2.54262031,Perceptual,1.132878018,1.329558951,QuadStudy
6005,0.852070543,15.21497917,-2.54262031,Adjusted,0.794841997,0.932835906,QuadStudy
6006,1.377744544,17.13129859,9.425813237,Perceptual,2.011328707,1.459870565,QuadStudy
6006,1.377744544,17.13129859,9.425813237,Adjusted,1.370539568,0.994770455,QuadStudy
6006,0.78136389,29.93177895,5.378409429,Perceptual,1.48305045,1.898027883,QuadStudy
6006,0.78136389,29.93177895,5.378409429,Adjusted,1.00614393,1.287676514,QuadStudy
6006,0.381095236,61.16438009,2.629070427,Perceptual,1.127093742,2.957512017,QuadStudy
6006,0.381095236,61.16438009,2.629070427,Adjusted,0.472414956,1.239624406,QuadStudy
6006,2.714805543,61.15539621,2.438894746,Perceptual,6.577505649,2.422827545,QuadStudy
6006,2.714805543,61.15539621,2.438894746,Adjusted,2.723183839,1.003086149,QuadStudy
6006,1.550425564,107.0316425,1.393244359,Perceptual,5.473955636,3.530614924,QuadStudy
6006,1.550425564,107.0316425,1.393244359,Adjusted,1.620378685,1.045118658,QuadStudy
6006,1.098679308,151.0224238,0.987362758,Perceptual,3.018698156,2.747569864,QuadStudy
6006,1.098679308,151.0224238,0.987362758,Adjusted,1.145877395,1.04295893,QuadStudy
6006,7.147990637,23.32562723,6.405727666,Perceptual,11.56254819,1.617594199,QuadStudy
6006,7.147990637,23.32562723,6.405727666,Adjusted,7.003131885,0.979734339,QuadStudy
6006,0.852070543,15.21497917,-2.54262031,Perceptual,1.463119157,1.717133832,QuadStudy
6006,0.852070543,15.21497917,-2.54262031,Adjusted,0.772515661,0.906633456,QuadStudy
6007,1.377744544,17.13129859,9.425813237,Perceptual,2.011328707,1.459870565,QuadStudy
6007,1.377744544,17.13129859,9.425813237,Adjusted,1.285085104,0.932745558,QuadStudy
6007,0.78136389,29.93177895,5.378409429,Perceptual,0.807898325,1.033959127,QuadStudy
6007,0.78136389,29.93177895,5.378409429,Adjusted,0.758315424,0.970502264,QuadStudy
6007,0.381095236,61.16438009,2.629070427,Perceptual,0.662077196,1.737301159,QuadStudy
6007,0.381095236,61.16438009,2.629070427,Adjusted,0.475843569,1.248621142,QuadStudy
6007,2.714805543,61.15539621,2.438894746,Perceptual,4.813738505,1.773143022,QuadStudy
6007,2.714805543,61.15539621,2.438894746,Adjusted,2.721774658,1.002567077,QuadStudy
6007,1.550425564,107.0316425,1.393244359,Perceptual,3.898058003,2.514185842,QuadStudy
6007,1.550425564,107.0316425,1.393244359,Adjusted,1.611944415,1.039678687,QuadStudy
6007,1.098679308,151.0224238,0.987362758,Perceptual,2.563535254,2.333288009,QuadStudy
6007,1.098679308,151.0224238,0.987362758,Adjusted,1.32142563,1.202740072,QuadStudy
6007,7.147990637,23.32562723,6.405727666,Perceptual,9.793122325,1.370052484,QuadStudy
6007,7.147990637,23.32562723,6.405727666,Adjusted,7.111509531,0.994896313,QuadStudy
6007,0.852070543,15.21497917,-2.54262031,Perceptual,0.532028416,0.624394799,QuadStudy
6007,0.852070543,15.21497917,-2.54262031,Adjusted,0.597064844,0.700722316,QuadStudy
6008,1.377744544,17.13129859,9.425813237,Perceptual,2.341411156,1.699452316,QuadStudy
6008,1.377744544,17.13129859,9.425813237,Adjusted,1.632153106,1.184655829,QuadStudy
6008,0.78136389,29.93177895,5.378409429,Perceptual,1.375032709,1.759785328,QuadStudy
6008,0.78136389,29.93177895,5.378409429,Adjusted,1.064033895,1.361764869,QuadStudy
6008,0.381095236,61.16438009,2.629070427,Perceptual,0.943442634,2.47560857,QuadStudy
6008,0.381095236,61.16438009,2.629070427,Adjusted,0.516055495,1.354137879,QuadStudy
6008,2.714805543,61.15539621,2.438894746,Perceptual,5.542848734,2.041711145,QuadStudy
6008,2.714805543,61.15539621,2.438894746,Adjusted,2.745447416,1.011286949,QuadStudy
6008,1.550425564,107.0316425,1.393244359,Perceptual,2.381616397,1.536104958,QuadStudy
6008,1.550425564,107.0316425,1.393244359,Adjusted,1.610618657,1.038823594,QuadStudy
6008,1.098679308,151.0224238,0.987362758,Perceptual,1.533638661,1.395892915,QuadStudy
6008,1.098679308,151.0224238,0.987362758,Adjusted,0.964711073,0.878064296,QuadStudy
6008,7.147990637,23.32562723,6.405727666,Perceptual,10.27564462,1.43755709,QuadStudy
6008,7.147990637,23.32562723,6.405727666,Adjusted,7.036401931,0.984388801,QuadStudy
6008,0.852070543,15.21497917,-2.54262031,Perceptual,1.067157714,1.25242883,QuadStudy
6008,0.852070543,15.21497917,-2.54262031,Adjusted,0.987833797,1.15933335,QuadStudy
6009,1.377744544,17.13129859,9.425813237,Perceptual,2.556577466,1.855625178,QuadStudy
6009,1.377744544,17.13129859,9.425813237,Adjusted,1.287254341,0.934320043,QuadStudy
6009,0.78136389,29.93177895,5.378409429,Perceptual,1.687660622,2.15989073,QuadStudy
6009,0.78136389,29.93177895,5.378409429,Adjusted,0.811364582,1.038395289,QuadStudy
6009,0.381095236,61.16438009,2.629070427,Perceptual,1.320036368,3.463796557,QuadStudy
6009,0.381095236,61.16438009,2.629070427,Adjusted,0.449602401,1.179763897,QuadStudy
6009,2.714805543,61.15539621,2.438894746,Perceptual,7.168233937,2.64042261,QuadStudy
6009,2.714805543,61.15539621,2.438894746,Adjusted,2.508408551,0.923973563,QuadStudy
6009,1.550425564,107.0316425,1.393244359,Perceptual,3.377742326,2.178590449,QuadStudy
6009,1.550425564,107.0316425,1.393244359,Adjusted,1.557459263,1.004536624,QuadStudy
6009,1.098679308,151.0224238,0.987362758,Perceptual,2.823437565,2.569846856,QuadStudy
6009,1.098679308,151.0224238,0.987362758,Adjusted,1.130057636,1.028560043,QuadStudy
6009,7.147990637,23.32562723,6.405727666,Perceptual,10.54935267,1.475848698,QuadStudy
6009,7.147990637,23.32562723,6.405727666,Adjusted,7.270385652,1.017122996,QuadStudy
6009,0.852070543,15.21497917,-2.54262031,Perceptual,1.518482181,1.782108527,QuadStudy
6009,0.852070543,15.21497917,-2.54262031,Adjusted,0.954907555,1.120690725,QuadStudy
6010,1.377744544,17.13129859,9.425813237,Perceptual,1.620759362,1.176385977,QuadStudy
6010,1.377744544,17.13129859,9.425813237,Adjusted,1.559561973,1.131967446,QuadStudy
6010,0.78136389,29.93177895,5.378409429,Perceptual,0.901927839,1.154299362,QuadStudy
6010,0.78136389,29.93177895,5.378409429,Adjusted,0.934931305,1.19653764,QuadStudy
6010,0.381095236,61.16438009,2.629070427,Perceptual,0.733975112,1.925962441,QuadStudy
6010,0.381095236,61.16438009,2.629070427,Adjusted,0.533740094,1.400542549,QuadStudy
6010,2.714805543,61.15539621,2.438894746,Perceptual,2.899106731,1.067887436,QuadStudy
6010,2.714805543,61.15539621,2.438894746,Adjusted,2.853893786,1.051233225,QuadStudy
6010,1.550425564,107.0316425,1.393244359,Perceptual,2.655332048,1.71264723,QuadStudy
6010,1.550425564,107.0316425,1.393244359,Adjusted,1.748228214,1.127579584,QuadStudy
6010,1.098679308,151.0224238,0.987362758,Perceptual,2.389853893,2.175206064,QuadStudy
6010,1.098679308,151.0224238,0.987362758,Adjusted,1.143590367,1.040877314,QuadStudy
6010,7.147990637,23.32562723,6.405727666,Perceptual,7.800987485,1.091353904,QuadStudy
6010,7.147990637,23.32562723,6.405727666,Adjusted,7.083848444,0.991026542,QuadStudy
6010,0.852070543,15.21497917,-2.54262031,Perceptual,1.186642723,1.392657841,QuadStudy
6010,0.852070543,15.21497917,-2.54262031,Adjusted,0.990272772,1.162195759,QuadStudy
6011,1.377744544,17.13129859,9.425813237,Perceptual,1.01856481,0.739298743,QuadStudy
6011,1.377744544,17.13129859,9.425813237,Adjusted,1.420676212,1.031160833,QuadStudy
6011,0.78136389,29.93177895,5.378409429,Perceptual,0.697505223,0.892676552,QuadStudy
6011,0.78136389,29.93177895,5.378409429,Adjusted,0.79097342,1.012298406,QuadStudy
6011,0.381095236,61.16438009,2.629070427,Perceptual,0.563560501,1.478791774,QuadStudy
6011,0.381095236,61.16438009,2.629070427,Adjusted,0.385263273,1.010936994,QuadStudy
6011,2.714805543,61.15539621,2.438894746,Perceptual,2.426750033,0.893894607,QuadStudy
6011,2.714805543,61.15539621,2.438894746,Adjusted,2.857758652,1.05265685,QuadStudy
6011,1.550425564,107.0316425,1.393244359,Perceptual,1.680152122,1.08367158,QuadStudy
6011,1.550425564,107.0316425,1.393244359,Adjusted,1.801605617,1.162007167,QuadStudy
6011,1.098679308,151.0224238,0.987362758,Perceptual,1.30283419,1.185818446,QuadStudy
6011,1.098679308,151.0224238,0.987362758,Adjusted,0.987833797,0.899110223,QuadStudy
6011,7.147990637,23.32562723,6.405727666,Perceptual,6.629171641,0.927417505,QuadStudy
6011,7.147990637,23.32562723,6.405727666,Adjusted,7.892372148,1.104138568,QuadStudy
6011,0.852070543,15.21497917,-2.54262031,Perceptual,0.687260596,0.80657711,QuadStudy
6011,0.852070543,15.21497917,-2.54262031,Adjusted,0.859420579,1.008626088,QuadStudy
6012,1.377744544,17.13129859,9.425813237,Perceptual,2.076264101,1.507002231,QuadStudy
6012,1.377744544,17.13129859,9.425813237,Adjusted,1.641225565,1.191240838,QuadStudy
6012,0.78136389,29.93177895,5.378409429,Perceptual,0.91972829,1.177080617,QuadStudy
6012,0.78136389,29.93177895,5.378409429,Adjusted,1.305754272,1.671121853,QuadStudy
6012,0.381095236,61.16438009,2.629070427,Perceptual,0.603922895,1.584703343,QuadStudy
6012,0.381095236,61.16438009,2.629070427,Adjusted,0.534756727,1.40321021,QuadStudy
6012,2.714805543,61.15539621,2.438894746,Perceptual,2.894695966,1.066262728,QuadStudy
6012,2.714805543,61.15539621,2.438894746,Adjusted,2.717367253,1.000943607,QuadStudy
6012,1.550425564,107.0316425,1.393244359,Perceptual,2.631346556,1.697176966,QuadStudy
6012,1.550425564,107.0316425,1.393244359,Adjusted,1.630257714,1.051490475,QuadStudy
6012,1.098679308,151.0224238,0.987362758,Perceptual,1.800081851,1.638405164,QuadStudy
6012,1.098679308,151.0224238,0.987362758,Adjusted,1.049343919,0.955095733,QuadStudy
6012,7.147990637,23.32562723,6.405727666,Perceptual,9.599672228,1.34298892,QuadStudy
6012,7.147990637,23.32562723,6.405727666,Adjusted,7.175906582,1.003905426,QuadStudy
6012,0.852070543,15.21497917,-2.54262031,Perceptual,1.253535508,1.471163999,QuadStudy
6012,0.852070543,15.21497917,-2.54262031,Adjusted,1.178724884,1.383365372,QuadStudy
6013,1.377744544,17.13129859,9.425813237,Perceptual,2.515020559,1.82546218,QuadStudy
6013,1.377744544,17.13129859,9.425813237,Adjusted,1.467996601,1.065507105,QuadStudy
6013,0.78136389,29.93177895,5.378409429,Perceptual,1.970780485,2.522231333,QuadStudy
6013,0.78136389,29.93177895,5.378409429,Adjusted,0.827591315,1.05916248,QuadStudy
6013,0.381095236,61.16438009,2.629070427,Perceptual,1.430126673,3.75267528,QuadStudy
6013,0.381095236,61.16438009,2.629070427,Adjusted,0.475843569,1.248621142,QuadStudy
6013,2.714805543,61.15539621,2.438894746,Perceptual,7.083848444,2.60933917,QuadStudy
6013,2.714805543,61.15539621,2.438894746,Adjusted,2.99949075,1.104863941,QuadStudy
6013,1.550425564,107.0316425,1.393244359,Perceptual,5.753057005,3.710630898,QuadStudy
6013,1.550425564,107.0316425,1.393244359,Adjusted,1.757921123,1.133831358,QuadStudy
6013,1.098679308,151.0224238,0.987362758,Perceptual,2.926534889,2.66368436,QuadStudy
6013,1.098679308,151.0224238,0.987362758,Adjusted,1.354904616,1.2332121,QuadStudy
6013,7.147990637,23.32562723,6.405727666,Perceptual,11.78125283,1.64819086,QuadStudy
6013,7.147990637,23.32562723,6.405727666,Adjusted,7.674524235,1.073661764,QuadStudy
6013,0.852070543,15.21497917,-2.54262031,Perceptual,1.682444493,1.974536623,QuadStudy
6013,0.852070543,15.21497917,-2.54262031,Adjusted,1.000863389,1.174625031,QuadStudy
6014,1.377744544,17.13129859,9.425813237,Perceptual,1.582195685,1.148395537,QuadStudy
6014,1.377744544,17.13129859,9.425813237,Adjusted,1.320036368,0.958114023,QuadStudy
6014,0.78136389,29.93177895,5.378409429,Perceptual,1.195694611,1.530266021,QuadStudy
6014,0.78136389,29.93177895,5.378409429,Adjusted,1.011075753,1.293988327,QuadStudy
6014,0.381095236,61.16438009,2.629070427,Perceptual,1.002856046,2.631510316,QuadStudy
6014,0.381095236,61.16438009,2.629070427,Adjusted,0.513682858,1.347912042,QuadStudy
6014,2.714805543,61.15539621,2.438894746,Perceptual,4.759627239,1.75321111,QuadStudy
6014,2.714805543,61.15539621,2.438894746,Adjusted,2.622836249,0.966123064,QuadStudy
6014,1.550425564,107.0316425,1.393244359,Perceptual,3.778108912,2.436820572,QuadStudy
6014,1.550425564,107.0316425,1.393244359,Adjusted,1.780961347,1.148691938,QuadStudy
6014,1.098679308,151.0224238,0.987362758,Perceptual,2.601345007,2.36770183,QuadStudy
6014,1.098679308,151.0224238,0.987362758,Adjusted,1.234775042,1.123872119,QuadStudy
6014,7.147990637,23.32562723,6.405727666,Perceptual,8.107108464,1.134180062,QuadStudy
6014,7.147990637,23.32562723,6.405727666,Adjusted,8.028006472,1.123113737,QuadStudy
6014,0.852070543,15.21497917,-2.54262031,Perceptual,1.01597412,1.192359163,QuadStudy
6014,0.852070543,15.21497917,-2.54262031,Adjusted,1.034039408,1.213560798,QuadStudy
6015,1.377744544,17.13129859,9.425813237,Perceptual,3.039095502,2.20584833,QuadStudy
6015,1.377744544,17.13129859,9.425813237,Adjusted,1.588199671,1.152753373,QuadStudy
6015,0.78136389,29.93177895,5.378409429,Perceptual,1.273187152,1.629442016,QuadStudy
6015,0.78136389,29.93177895,5.378409429,Adjusted,0.968356321,1.239315425,QuadStudy
6015,0.381095236,61.16438009,2.629070427,Perceptual,1.70885261,4.484056598,QuadStudy
6015,0.381095236,61.16438009,2.629070427,Adjusted,0.667416408,1.751311337,QuadStudy
6015,2.714805543,61.15539621,2.438894746,Perceptual,6.021442919,2.218001556,QuadStudy
6015,2.714805543,61.15539621,2.438894746,Adjusted,2.649099085,0.975796993,QuadStudy
6015,1.550425564,107.0316425,1.393244359,Perceptual,4.418989992,2.850178747,QuadStudy
6015,1.550425564,107.0316425,1.393244359,Adjusted,1.653989373,1.066797021,QuadStudy
6015,1.098679308,151.0224238,0.987362758,Perceptual,3.929702074,3.576750783,QuadStudy
6015,1.098679308,151.0224238,0.987362758,Adjusted,1.556549006,1.416745537,QuadStudy
6015,7.147990637,23.32562723,6.405727666,Perceptual,11.35572659,1.58865997,QuadStudy
6015,7.147990637,23.32562723,6.405727666,Adjusted,7.73092234,1.081551828,QuadStudy
6015,0.852070543,15.21497917,-2.54262031,Perceptual,2.108385008,2.474425416,QuadStudy
6015,0.852070543,15.21497917,-2.54262031,Adjusted,0.861178019,1.01068864,QuadStudy
6016,1.377744544,17.13129859,9.425813237,Perceptual,1.922814043,1.395624502,QuadStudy
6016,1.377744544,17.13129859,9.425813237,Adjusted,1.370464931,0.994716282,QuadStudy
6016,0.78136389,29.93177895,5.378409429,Perceptual,1.445633543,1.850141224,QuadStudy
6016,0.78136389,29.93177895,5.378409429,Adjusted,1.065431612,1.363553685,QuadStudy
6016,0.381095236,61.16438009,2.629070427,Perceptual,1.100045174,2.886536143,QuadStudy
6016,0.381095236,61.16438009,2.629070427,Adjusted,0.526730473,1.382149193,QuadStudy
6016,2.714805543,61.15539621,2.438894746,Perceptual,7.506184824,2.76490699,QuadStudy
6016,2.714805543,61.15539621,2.438894746,Adjusted,2.662428691,0.98070696,QuadStudy
6016,1.550425564,107.0316425,1.393244359,Perceptual,4.35406784,2.808304984,QuadStudy
6016,1.550425564,107.0316425,1.393244359,Adjusted,1.56939022,1.012231903,QuadStudy
6016,1.098679308,151.0224238,0.987362758,Perceptual,2.838553423,2.583605064,QuadStudy
6016,1.098679308,151.0224238,0.987362758,Adjusted,0.930105865,0.8465672,QuadStudy
6016,7.147990637,23.32562723,6.405727666,Perceptual,12.23100713,1.711111242,QuadStudy
6016,7.147990637,23.32562723,6.405727666,Adjusted,7.172540693,1.00343454,QuadStudy
6016,0.852070543,15.21497917,-2.54262031,Perceptual,1.457243811,1.710238457,QuadStudy
6016,0.852070543,15.21497917,-2.54262031,Adjusted,0.861178019,1.01068864,QuadStudy
5027,1.377744544,17.13129859,9.425813237,Perceptual,1.22076585,0.886061103,QuadStudy
5027,1.377744544,17.13129859,9.425813237,Adjusted,1.455052703,1.056112114,QuadStudy
5027,0.78136389,29.93177895,5.378409429,Perceptual,1.186642723,1.518681293,QuadStudy
5027,0.78136389,29.93177895,5.378409429,Adjusted,0.87284851,1.117083245,QuadStudy
5027,0.381095236,61.16438009,2.629070427,Perceptual,0.893854646,2.345488896,QuadStudy
5027,0.381095236,61.16438009,2.629070427,Adjusted,0.538762854,1.413722351,QuadStudy
5027,2.714805543,61.15539621,2.438894746,Perceptual,8.721151633,3.212440631,QuadStudy
5027,2.714805543,61.15539621,2.438894746,Adjusted,2.675893092,0.985666579,QuadStudy
5027,1.550425564,107.0316425,1.393244359,Perceptual,5.843343622,3.76886434,QuadStudy
5027,1.550425564,107.0316425,1.393244359,Adjusted,1.37369265,0.886010062,QuadStudy
5027,1.098679308,151.0224238,0.987362758,Perceptual,5.174321258,4.70958288,QuadStudy
5027,1.098679308,151.0224238,0.987362758,Adjusted,0.98218931,0.893972703,QuadStudy
5027,7.147990637,23.32562723,6.405727666,Perceptual,10.61021921,1.484363894,QuadStudy
5027,7.147990637,23.32562723,6.405727666,Adjusted,6.697189629,0.936933184,QuadStudy
5027,0.852070543,15.21497917,-2.54262031,Perceptual,1.07008462,1.255863882,QuadStudy
5027,0.852070543,15.21497917,-2.54262031,Adjusted,0.968078071,1.136147797,QuadStudy
6017,1.377744544,17.13129859,9.425813237,Perceptual,2.634946147,1.912507045,QuadStudy
6017,1.377744544,17.13129859,9.425813237,Adjusted,1.730087617,1.255739044,QuadStudy
6017,0.78136389,29.93177895,5.378409429,Perceptual,1.755701011,2.246969733,QuadStudy
6017,0.78136389,29.93177895,5.378409429,Adjusted,0.927172879,1.186608303,QuadStudy
6017,0.381095236,61.16438009,2.629070427,Perceptual,1.315826096,3.452748737,QuadStudy
6017,0.381095236,61.16438009,2.629070427,Adjusted,0.54833433,1.438838057,QuadStudy
6017,2.714805543,61.15539621,2.438894746,Perceptual,4.439564528,1.635315848,QuadStudy
6017,2.714805543,61.15539621,2.438894746,Adjusted,2.146723866,0.790746826,QuadStudy
6017,1.550425564,107.0316425,1.393244359,Perceptual,3.60833232,2.327317353,QuadStudy
6017,1.550425564,107.0316425,1.393244359,Adjusted,1.10606178,0.713392377,QuadStudy
6017,1.098679308,151.0224238,0.987362758,Perceptual,2.377166056,2.163657802,QuadStudy
6017,1.098679308,151.0224238,0.987362758,Adjusted,0.680733927,0.619592926,QuadStudy
6017,7.147990637,23.32562723,6.405727666,Perceptual,7.327689422,1.025139762,QuadStudy
6017,7.147990637,23.32562723,6.405727666,Adjusted,5.24414758,0.733653393,QuadStudy
6017,0.852070543,15.21497917,-2.54262031,Perceptual,1.755701011,2.060511333,QuadStudy
6017,0.852070543,15.21497917,-2.54262031,Adjusted,0.968078071,1.136147797,QuadStudy
6018,1.377744544,17.13129859,9.425813237,Perceptual,2.967563621,2.153928777,QuadStudy
6018,1.377744544,17.13129859,9.425813237,Adjusted,1.455052703,1.056112114,QuadStudy
6018,0.78136389,29.93177895,5.378409429,Perceptual,1.945878125,2.490360958,QuadStudy
6018,0.78136389,29.93177895,5.378409429,Adjusted,0.901003771,1.153116727,QuadStudy
6018,0.381095236,61.16438009,2.629070427,Perceptual,0.341149435,0.895181578,QuadStudy
6018,0.381095236,61.16438009,2.629070427,Adjusted,0.57178613,1.500375955,QuadStudy
6018,2.714805543,61.15539621,2.438894746,Perceptual,5.868884253,2.161806494,QuadStudy
6018,2.714805543,61.15539621,2.438894746,Adjusted,3.223358568,1.187325765,QuadStudy
6018,1.550425564,107.0316425,1.393244359,Perceptual,3.092289627,1.994477966,QuadStudy
6018,1.550425564,107.0316425,1.393244359,Adjusted,2.279208904,1.470053743,QuadStudy
6018,1.098679308,151.0224238,0.987362758,Perceptual,1.963155881,1.786832488,QuadStudy
6018,1.098679308,151.0224238,0.987362758,Adjusted,1.350343071,1.229060255,QuadStudy
6018,7.147990637,23.32562723,6.405727666,Perceptual,16.88638186,2.362395632,QuadStudy
6018,7.147990637,23.32562723,6.405727666,Adjusted,7.777491967,1.088066894,QuadStudy
6018,0.852070543,15.21497917,-2.54262031,Perceptual,2.225861768,2.61229752,QuadStudy
6018,0.852070543,15.21497917,-2.54262031,Adjusted,0.897272825,1.053049929,QuadStudy
6019,1.377744544,17.13129859,9.425813237,Perceptual,1.977197005,1.435096958,QuadStudy
6019,1.377744544,17.13129859,9.425813237,Adjusted,1.519494654,1.102885626,QuadStudy
6019,0.78136389,29.93177895,5.378409429,Perceptual,1.349534724,1.727152664,QuadStudy
6019,0.78136389,29.93177895,5.378409429,Adjusted,0.49514563,0.633694027,QuadStudy
6019,0.381095236,61.16438009,2.629070427,Perceptual,0.796439146,2.089869066,QuadStudy
6019,0.381095236,61.16438009,2.629070427,Adjusted,0.409253828,1.073888595,QuadStudy
6019,2.714805543,61.15539621,2.438894746,Perceptual,5.948726386,2.191216384,QuadStudy
6019,2.714805543,61.15539621,2.438894746,Adjusted,2.971308867,1.094483129,QuadStudy
6019,1.550425564,107.0316425,1.393244359,Perceptual,3.747760001,2.417246005,QuadStudy
6019,1.550425564,107.0316425,1.393244359,Adjusted,1.579816745,1.018956847,QuadStudy
6019,1.098679308,151.0224238,0.987362758,Perceptual,2.897427611,2.63719139,QuadStudy
6019,1.098679308,151.0224238,0.987362758,Adjusted,1.010481383,0.919723686,QuadStudy
6019,7.147990637,23.32562723,6.405727666,Perceptual,11.59843526,1.622614781,QuadStudy
6019,7.147990637,23.32562723,6.405727666,Adjusted,8.201562828,1.147394176,QuadStudy
6019,0.852070543,15.21497917,-2.54262031,Perceptual,1.245179264,1.461357013,QuadStudy
6019,0.852070543,15.21497917,-2.54262031,Adjusted,1.0297121,1.208482218,QuadStudy
6020,1.377744544,17.13129859,9.425813237,Perceptual,0.99855831,0.724777546,QuadStudy
6020,1.377744544,17.13129859,9.425813237,Adjusted,1.328853947,0.964514033,QuadStudy
6020,0.78136389,29.93177895,5.378409429,Perceptual,0.793695076,1.015781617,QuadStudy
6020,0.78136389,29.93177895,5.378409429,Adjusted,0.87284851,1.117083245,QuadStudy
6020,0.381095236,61.16438009,2.629070427,Perceptual,0.536628018,1.408120508,QuadStudy
6020,0.381095236,61.16438009,2.629070427,Adjusted,0.442820066,1.161966942,QuadStudy
6020,2.714805543,61.15539621,2.438894746,Perceptual,4.292889542,1.581288042,QuadStudy
6020,2.714805543,61.15539621,2.438894746,Adjusted,2.337848944,0.861147846,QuadStudy
6020,1.550425564,107.0316425,1.393244359,Perceptual,2.547081397,1.64282727,QuadStudy
6020,1.550425564,107.0316425,1.393244359,Adjusted,1.378182538,0.888905969,QuadStudy
6020,1.098679308,151.0224238,0.987362758,Perceptual,1.277241553,1.162524445,QuadStudy
6020,1.098679308,151.0224238,0.987362758,Adjusted,0.883112952,0.803795017,QuadStudy
6020,7.147990637,23.32562723,6.405727666,Perceptual,9.026146753,1.262753019,QuadStudy
6020,7.147990637,23.32562723,6.405727666,Adjusted,7.043952168,0.985445075,QuadStudy
6020,0.852070543,15.21497917,-2.54262031,Perceptual,0.581022644,0.681895001,QuadStudy
6020,0.852070543,15.21497917,-2.54262031,Adjusted,0.904651408,1.061709521,QuadStudy
6021,1.377744544,17.13129859,9.425813237,Perceptual,2.236543197,1.623336639,QuadStudy
6021,1.377744544,17.13129859,9.425813237,Adjusted,1.813287873,1.316127783,QuadStudy
6021,0.78136389,29.93177895,5.378409429,Perceptual,1.447862802,1.852994259,QuadStudy
6021,0.78136389,29.93177895,5.378409429,Adjusted,1.493523353,1.911431245,QuadStudy
6021,0.381095236,61.16438009,2.629070427,Perceptual,1.253839359,3.290094547,QuadStudy
6021,0.381095236,61.16438009,2.629070427,Adjusted,1.127470924,2.95850175,QuadStudy
6021,2.714805543,61.15539621,2.438894746,Perceptual,7.595366137,2.797756973,QuadStudy
6021,2.714805543,61.15539621,2.438894746,Adjusted,4.356662715,1.604778923,QuadStudy
6021,1.550425564,107.0316425,1.393244359,Perceptual,6.125811603,3.951051726,QuadStudy
6021,1.550425564,107.0316425,1.393244359,Adjusted,3.401898069,2.194170521,QuadStudy
6021,1.098679308,151.0224238,0.987362758,Perceptual,6.179917733,5.624860402,QuadStudy
6021,1.098679308,151.0224238,0.987362758,Adjusted,2.299811071,2.093250555,QuadStudy
6021,7.147990637,23.32562723,6.405727666,Perceptual,10.56248126,1.47768538,QuadStudy
6021,7.147990637,23.32562723,6.405727666,Adjusted,8.62125165,1.206108414,QuadStudy
6021,0.852070543,15.21497917,-2.54262031,Perceptual,2.002819223,2.35053217,QuadStudy
6021,0.852070543,15.21497917,-2.54262031,Adjusted,1.243738544,1.459666167,QuadStudy
6022,1.377744544,17.13129859,9.425813237,Perceptual,1.661898452,1.206245714,QuadStudy
6022,1.377744544,17.13129859,9.425813237,Adjusted,1.53633108,1.115105907,QuadStudy
6022,0.78136389,29.93177895,5.378409429,Perceptual,1.269269974,1.624428759,QuadStudy
6022,0.78136389,29.93177895,5.378409429,Adjusted,0.961067961,1.229987683,QuadStudy
6022,0.381095236,61.16438009,2.629070427,Perceptual,1.067157714,2.800238921,QuadStudy
6022,0.381095236,61.16438009,2.629070427,Adjusted,0.58077096,1.523952294,QuadStudy
6022,2.714805543,61.15539621,2.438894746,Perceptual,5.979229618,2.202452265,QuadStudy
6022,2.714805543,61.15539621,2.438894746,Adjusted,5.0882215,1.874248973,QuadStudy
6022,1.550425564,107.0316425,1.393244359,Perceptual,4.958697879,3.198281809,QuadStudy
6022,1.550425564,107.0316425,1.393244359,Adjusted,2.5333846,1.633993052,QuadStudy
6022,1.098679308,151.0224238,0.987362758,Perceptual,3.185477168,2.899369402,QuadStudy
6022,1.098679308,151.0224238,0.987362758,Adjusted,1.623658365,1.477827382,QuadStudy
6022,7.147990637,23.32562723,6.405727666,Perceptual,9.457481733,1.323096548,QuadStudy
6022,7.147990637,23.32562723,6.405727666,Adjusted,7.246533724,1.013786124,QuadStudy
6022,0.852070543,15.21497917,-2.54262031,Perceptual,1.065531043,1.25051975,QuadStudy
6022,0.852070543,15.21497917,-2.54262031,Adjusted,0.98925507,1.161001373,QuadStudy
6023,1.377744544,17.13129859,9.425813237,Perceptual,2.886047223,2.094762222,QuadStudy
6023,1.377744544,17.13129859,9.425813237,Adjusted,1.323820858,0.960860897,QuadStudy
6023,0.78136389,29.93177895,5.378409429,Perceptual,1.866288396,2.388500954,QuadStudy
6023,0.78136389,29.93177895,5.378409429,Adjusted,0.890974729,1.140281424,QuadStudy
6023,0.381095236,61.16438009,2.629070427,Perceptual,1.343709929,3.52591636,QuadStudy
6023,0.381095236,61.16438009,2.629070427,Adjusted,0.469437584,1.231811734,QuadStudy
6023,2.714805543,61.15539621,2.438894746,Perceptual,8.008345881,2.949878271,QuadStudy
6023,2.714805543,61.15539621,2.438894746,Adjusted,2.770628401,1.020562378,QuadStudy
6023,1.550425564,107.0316425,1.393244359,Perceptual,6.262891274,4.039465949,QuadStudy
6023,1.550425564,107.0316425,1.393244359,Adjusted,1.782391607,1.149614434,QuadStudy
6023,1.098679308,151.0224238,0.987362758,Perceptual,4.162343863,3.788497548,QuadStudy
6023,1.098679308,151.0224238,0.987362758,Adjusted,1.221612132,1.111891453,QuadStudy
6023,7.147990637,23.32562723,6.405727666,Perceptual,13.66472335,1.911687361,QuadStudy
6023,7.147990637,23.32562723,6.405727666,Adjusted,7.56934121,1.058946716,QuadStudy
6023,0.852070543,15.21497917,-2.54262031,Perceptual,1.900843011,2.230851689,QuadStudy
6023,0.852070543,15.21497917,-2.54262031,Adjusted,0.975223766,1.144534069,QuadStudy
6024,1.377744544,17.13129859,9.425813237,Perceptual,1.425760326,1.034851005,QuadStudy
6024,1.377744544,17.13129859,9.425813237,Adjusted,1.378478575,1.000532777,QuadStudy
6024,0.78136389,29.93177895,5.378409429,Perceptual,1.087072381,1.391249833,QuadStudy
6024,0.78136389,29.93177895,5.378409429,Adjusted,0.823929533,1.054476082,QuadStudy
6024,0.381095236,61.16438009,2.629070427,Perceptual,0.833378464,2.186798427,QuadStudy
6024,0.381095236,61.16438009,2.629070427,Adjusted,0.472414956,1.239624406,QuadStudy
6024,2.714805543,61.15539621,2.438894746,Perceptual,8.693788349,3.202361352,QuadStudy
6024,2.714805543,61.15539621,2.438894746,Adjusted,2.67160601,0.98408743,QuadStudy
6024,1.550425564,107.0316425,1.393244359,Perceptual,7.530636026,4.85714129,QuadStudy
6024,1.550425564,107.0316425,1.393244359,Adjusted,1.439516723,0.928465549,QuadStudy
6024,1.098679308,151.0224238,0.987362758,Perceptual,5.969027207,5.432911282,QuadStudy
6024,1.098679308,151.0224238,0.987362758,Adjusted,1.113295284,1.013303224,QuadStudy
6024,7.147990637,23.32562723,6.405727666,Perceptual,10.47495213,1.465440103,QuadStudy
6024,7.147990637,23.32562723,6.405727666,Adjusted,7.76898314,1.086876513,QuadStudy
6024,0.852070543,15.21497917,-2.54262031,Perceptual,0.877324482,1.029638319,QuadStudy
6024,0.852070543,15.21497917,-2.54262031,Adjusted,0.895587136,1.051071584,QuadStudy
6025,1.377744544,17.13129859,9.425813237,Perceptual,2.149589465,1.560223536,QuadStudy
6025,1.377744544,17.13129859,9.425813237,Adjusted,1.447145651,1.050372986,QuadStudy
6025,0.78136389,29.93177895,5.378409429,Perceptual,1.36366988,1.745243026,QuadStudy
6025,0.78136389,29.93177895,5.378409429,Adjusted,0.488954451,0.625770473,QuadStudy
6025,0.381095236,61.16438009,2.629070427,Perceptual,0.69331862,1.819279155,QuadStudy
6025,0.381095236,61.16438009,2.629070427,Adjusted,0.46167837,1.211451432,QuadStudy
6025,2.714805543,61.15539621,2.438894746,Perceptual,5.095076603,1.876774053,QuadStudy
6025,2.714805543,61.15539621,2.438894746,Adjusted,2.51833965,0.927631689,QuadStudy
6025,1.550425564,107.0316425,1.393244359,Perceptual,4.577328634,2.95230467,QuadStudy
6025,1.550425564,107.0316425,1.393244359,Adjusted,2.231463615,1.439258786,QuadStudy
6025,1.098679308,151.0224238,0.987362758,Perceptual,2.75006653,2.503065736,QuadStudy
6025,1.098679308,151.0224238,0.987362758,Adjusted,1.569649206,1.428669126,QuadStudy
6025,7.147990637,23.32562723,6.405727666,Perceptual,10.01574508,1.401197286,QuadStudy
6025,7.147990637,23.32562723,6.405727666,Adjusted,6.604711872,0.923995597,QuadStudy
6025,0.852070543,15.21497917,-2.54262031,Perceptual,1.201001573,1.409509556,QuadStudy
6025,0.852070543,15.21497917,-2.54262031,Adjusted,0.848005545,0.99522927,QuadStudy
6026,1.377744544,17.13129859,9.425813237,Perceptual,1.187093109,0.86162062,QuadStudy
6026,1.377744544,17.13129859,9.425813237,Adjusted,1.237135137,0.897942323,QuadStudy
6026,0.78136389,29.93177895,5.378409429,Perceptual,0.63843208,0.81707395,QuadStudy
6026,0.78136389,29.93177895,5.378409429,Adjusted,0.868466767,1.111475431,QuadStudy
6026,0.381095236,61.16438009,2.629070427,Perceptual,0.535855902,1.406094465,QuadStudy
6026,0.381095236,61.16438009,2.629070427,Adjusted,0.576482446,1.512699165,QuadStudy
6026,2.714805543,61.15539621,2.438894746,Perceptual,6.210729129,2.287725228,QuadStudy
6026,2.714805543,61.15539621,2.438894746,Adjusted,3.069078514,1.130496629,QuadStudy
6026,1.550425564,107.0316425,1.393244359,Perceptual,4.500864045,2.902986217,QuadStudy
6026,1.550425564,107.0316425,1.393244359,Adjusted,2.282748212,1.47233654,QuadStudy
6026,1.098679308,151.0224238,0.987362758,Perceptual,2.588618459,2.356118333,QuadStudy
6026,1.098679308,151.0224238,0.987362758,Adjusted,1.54844033,1.409365152,QuadStudy
6026,7.147990637,23.32562723,6.405727666,Perceptual,12.77423405,1.787108392,QuadStudy
6026,7.147990637,23.32562723,6.405727666,Adjusted,8.107108464,1.134180062,QuadStudy
6026,0.852070543,15.21497917,-2.54262031,Perceptual,0.63843208,0.74927139,QuadStudy
6026,0.852070543,15.21497917,-2.54262031,Adjusted,0.765240474,0.898095211,QuadStudy
6027,1.377744544,17.13129859,9.425813237,Perceptual,1.419249214,1.030125084,QuadStudy
6027,1.377744544,17.13129859,9.425813237,Adjusted,1.322151623,0.959649326,QuadStudy
6027,0.78136389,29.93177895,5.378409429,Perceptual,0.729209169,0.933251687,QuadStudy
6027,0.78136389,29.93177895,5.378409429,Adjusted,0.785758375,1.005624121,QuadStudy
6027,0.381095236,61.16438009,2.629070427,Perceptual,0.584187201,1.532916565,QuadStudy
6027,0.381095236,61.16438009,2.629070427,Adjusted,0.334410215,0.877497757,QuadStudy
6027,2.714805543,61.15539621,2.438894746,Perceptual,6.607024257,2.433700739,QuadStudy
6027,2.714805543,61.15539621,2.438894746,Adjusted,2.239092291,0.824770782,QuadStudy
6027,1.550425564,107.0316425,1.393244359,Perceptual,2.94396495,1.898810892,QuadStudy
6027,1.550425564,107.0316425,1.393244359,Adjusted,1.385322686,0.893511251,QuadStudy
6027,1.098679308,151.0224238,0.987362758,Perceptual,1.838965902,1.673796794,QuadStudy
6027,1.098679308,151.0224238,0.987362758,Adjusted,0.582663923,0.530331206,QuadStudy
6027,7.147990637,23.32562723,6.405727666,Perceptual,8.851192932,1.238277074,QuadStudy
6027,7.147990637,23.32562723,6.405727666,Adjusted,6.528889149,0.913388039,QuadStudy
6027,0.852070543,15.21497917,-2.54262031,Perceptual,0.91972829,1.079403926,QuadStudy
6027,0.852070543,15.21497917,-2.54262031,Adjusted,0.680215877,0.798309344,QuadStudy
6028,1.377744544,17.13129859,9.425813237,Perceptual,1.648961488,1.196855756,QuadStudy
6028,1.377744544,17.13129859,9.425813237,Adjusted,1.387630842,1.007175712,QuadStudy
6028,0.78136389,29.93177895,5.378409429,Perceptual,1.212839393,1.552208144,QuadStudy
6028,0.78136389,29.93177895,5.378409429,Adjusted,1.043267458,1.335187704,QuadStudy
6028,0.381095236,61.16438009,2.629070427,Perceptual,1.064561922,2.793427521,QuadStudy
6028,0.381095236,61.16438009,2.629070427,Adjusted,0.426843375,1.120043847,QuadStudy
6028,2.714805543,61.15539621,2.438894746,Perceptual,6.164361649,2.270645743,QuadStudy
6028,2.714805543,61.15539621,2.438894746,Adjusted,2.745310452,1.011236499,QuadStudy
6028,1.550425564,107.0316425,1.393244359,Perceptual,4.968495187,3.204600918,QuadStudy
6028,1.550425564,107.0316425,1.393244359,Adjusted,1.879566778,1.212290884,QuadStudy
6028,1.098679308,151.0224238,0.987362758,Perceptual,1.162483183,1.058073247,QuadStudy
6028,1.098679308,151.0224238,0.987362758,Adjusted,0.85642321,0.779502448,QuadStudy
6028,7.147990637,23.32562723,6.405727666,Perceptual,11.57448593,1.619264282,QuadStudy
6028,7.147990637,23.32562723,6.405727666,Adjusted,7.294127264,1.020444435,QuadStudy
6028,0.852070543,15.21497917,-2.54262031,Perceptual,1.664557589,1.953544342,QuadStudy
6028,0.852070543,15.21497917,-2.54262031,Adjusted,1.013029421,1.18890323,QuadStudy
6029,1.377744544,17.13129859,9.425813237,Perceptual,2.043358097,1.483118264,QuadStudy
6029,1.377744544,17.13129859,9.425813237,Adjusted,1.462791506,1.061729123,QuadStudy
6029,0.78136389,29.93177895,5.378409429,Perceptual,1.185136939,1.51675417,QuadStudy
6029,0.78136389,29.93177895,5.378409429,Adjusted,0.854082761,1.093066588,QuadStudy
6029,0.381095236,61.16438009,2.629070427,Perceptual,0.691865157,1.815465245,QuadStudy
6029,0.381095236,61.16438009,2.629070427,Adjusted,0.527720554,1.384747181,QuadStudy
6029,2.714805543,61.15539621,2.438894746,Perceptual,5.236296238,1.928792378,QuadStudy
6029,2.714805543,61.15539621,2.438894746,Adjusted,2.329287758,0.857994328,QuadStudy
6029,1.550425564,107.0316425,1.393244359,Perceptual,3.495075072,2.254268216,QuadStudy
6029,1.550425564,107.0316425,1.393244359,Adjusted,1.458359284,0.940618703,QuadStudy
6029,1.098679308,151.0224238,0.987362758,Perceptual,1.947693439,1.772758825,QuadStudy
6029,1.098679308,151.0224238,0.987362758,Adjusted,0.852661926,0.776078988,QuadStudy
6029,7.147990637,23.32562723,6.405727666,Perceptual,8.721151633,1.220084367,QuadStudy
6029,7.147990637,23.32562723,6.405727666,Adjusted,7.650751554,1.070335979,QuadStudy
6029,0.852070543,15.21497917,-2.54262031,Perceptual,1.413720234,1.659158675,QuadStudy
6029,0.852070543,15.21497917,-2.54262031,Adjusted,0.901685461,1.05822865,QuadStudy
6030,1.377744544,17.13129859,9.425813237,Perceptual,1.31882575,0.957235327,QuadStudy
6030,1.377744544,17.13129859,9.425813237,Adjusted,1.439818161,1.045054518,QuadStudy
6030,0.78136389,29.93177895,5.378409429,Perceptual,0.857771081,1.097786949,QuadStudy
6030,0.78136389,29.93177895,5.378409429,Adjusted,0.859420579,1.099897999,QuadStudy
6030,0.381095236,61.16438009,2.629070427,Perceptual,0.785758375,2.061842552,QuadStudy
6030,0.381095236,61.16438009,2.629070427,Adjusted,0.546200765,1.433239551,QuadStudy
6030,2.714805543,61.15539621,2.438894746,Perceptual,3.616854926,1.332270348,QuadStudy
6030,2.714805543,61.15539621,2.438894746,Adjusted,2.508408551,0.923973563,QuadStudy
6030,1.550425564,107.0316425,1.393244359,Perceptual,2.579114661,1.663488219,QuadStudy
6030,1.550425564,107.0316425,1.393244359,Adjusted,1.477157426,0.952743208,QuadStudy
6030,1.098679308,151.0224238,0.987362758,Perceptual,1.960860013,1.784742826,QuadStudy
6030,1.098679308,151.0224238,0.987362758,Adjusted,0.894887316,0.814511851,QuadStudy
6030,7.147990637,23.32562723,6.405727666,Perceptual,9.486405274,1.327142935,QuadStudy
6030,7.147990637,23.32562723,6.405727666,Adjusted,6.191267181,0.866154909,QuadStudy
6030,0.852070543,15.21497917,-2.54262031,Perceptual,1.073579753,1.259965811,QuadStudy
6030,0.852070543,15.21497917,-2.54262031,Adjusted,0.885626908,1.039382144,QuadStudy
6031,1.377744544,17.13129859,9.425813237,Perceptual,3.519026223,2.554193546,QuadStudy
6031,1.377744544,17.13129859,9.425813237,Adjusted,1.556619766,1.129831921,QuadStudy
6031,0.78136389,29.93177895,5.378409429,Perceptual,3.138709609,4.016962711,QuadStudy
6031,0.78136389,29.93177895,5.378409429,Adjusted,0.94083587,1.204094382,QuadStudy
6031,0.381095236,61.16438009,2.629070427,Perceptual,1.657837569,4.350192315,QuadStudy
6031,0.381095236,61.16438009,2.629070427,Adjusted,0.579641075,1.520987457,QuadStudy
6031,2.714805543,61.15539621,2.438894746,Perceptual,7.335576111,2.702063185,QuadStudy
6031,2.714805543,61.15539621,2.438894746,Adjusted,2.833517168,1.043727487,QuadStudy
6031,1.550425564,107.0316425,1.393244359,Perceptual,5.651115245,3.644880073,QuadStudy
6031,1.550425564,107.0316425,1.393244359,Adjusted,1.524892708,0.983531711,QuadStudy
6031,1.098679308,151.0224238,0.987362758,Perceptual,4.199809035,3.822597737,QuadStudy
6031,1.098679308,151.0224238,0.987362758,Adjusted,0.972700016,0.885335702,QuadStudy
6031,7.147990637,23.32562723,6.405727666,Perceptual,10.31710356,1.443357173,QuadStudy
6031,7.147990637,23.32562723,6.405727666,Adjusted,7.15266875,1.000654466,QuadStudy
6031,0.852070543,15.21497917,-2.54262031,Perceptual,2.687457324,3.154031488,QuadStudy
6031,0.852070543,15.21497917,-2.54262031,Adjusted,1.253839359,1.471520603,QuadStudy
6032,1.377744544,17.13129859,9.425813237,Perceptual,2.423690731,1.759172803,QuadStudy
6032,1.377744544,17.13129859,9.425813237,Adjusted,1.714234021,1.244232124,QuadStudy
6032,0.78136389,29.93177895,5.378409429,Perceptual,1.610167563,2.060714071,QuadStudy
6032,0.78136389,29.93177895,5.378409429,Adjusted,1.273187152,1.629442016,QuadStudy
6032,0.381095236,61.16438009,2.629070427,Perceptual,1.377933343,3.615719146,QuadStudy
6032,0.381095236,61.16438009,2.629070427,Adjusted,0.639894666,1.679093846,QuadStudy
6032,2.714805543,61.15539621,2.438894746,Perceptual,7.356477444,2.709762201,QuadStudy
6032,2.714805543,61.15539621,2.438894746,Adjusted,3.31304849,1.220363093,QuadStudy
6032,1.550425564,107.0316425,1.393244359,Perceptual,6.164361649,3.975915897,QuadStudy
6032,1.550425564,107.0316425,1.393244359,Adjusted,1.982750882,1.278843001,QuadStudy
6032,1.098679308,151.0224238,0.987362758,Perceptual,4.266315596,3.883130925,QuadStudy
6032,1.098679308,151.0224238,0.987362758,Adjusted,0.930105865,0.8465672,QuadStudy
6032,7.147990637,23.32562723,6.405727666,Perceptual,11.60563933,1.623622626,QuadStudy
6032,7.147990637,23.32562723,6.405727666,Adjusted,8.344022511,1.167324208,QuadStudy
6032,0.852070543,15.21497917,-2.54262031,Perceptual,2.008866972,2.357629878,QuadStudy
6032,0.852070543,15.21497917,-2.54262031,Adjusted,1.183687059,1.389189038,QuadStudy
6033,1.377744544,17.13129859,9.425813237,Perceptual,2.967563621,2.153928777,QuadStudy
6033,1.377744544,17.13129859,9.425813237,Adjusted,1.47323887,1.069312069,QuadStudy
6033,0.78136389,29.93177895,5.378409429,Perceptual,1.967632893,2.518203002,QuadStudy
6033,0.78136389,29.93177895,5.378409429,Adjusted,0.902823906,1.155446159,QuadStudy
6033,0.381095236,61.16438009,2.629070427,Perceptual,1.222263609,3.207239272,QuadStudy
6033,0.381095236,61.16438009,2.629070427,Adjusted,0.533740094,1.400542549,QuadStudy
6033,2.714805543,61.15539621,2.438894746,Perceptual,5.762534515,2.122632514,QuadStudy
6033,2.714805543,61.15539621,2.438894746,Adjusted,2.932987991,1.080367615,QuadStudy
6033,1.550425564,107.0316425,1.393244359,Perceptual,4.992103931,3.219828185,QuadStudy
6033,1.550425564,107.0316425,1.393244359,Adjusted,1.767722107,1.140152838,QuadStudy
6033,1.098679308,151.0224238,0.987362758,Perceptual,4.390837829,3.996469031,QuadStudy
6033,1.098679308,151.0224238,0.987362758,Adjusted,1.061002633,0.965707305,QuadStudy
6033,7.147990637,23.32562723,6.405727666,Perceptual,8.521706592,1.192182115,QuadStudy
6033,7.147990637,23.32562723,6.405727666,Adjusted,7.367382293,1.030692773,QuadStudy
6033,0.852070543,15.21497917,-2.54262031,Perceptual,2.46690121,2.895184241,QuadStudy
6033,0.852070543,15.21497917,-2.54262031,Adjusted,0.929613115,1.091004873,QuadStudy
6034,1.377744544,17.13129859,9.425813237,Perceptual,2.827010255,2.051911776,QuadStudy
6034,1.377744544,17.13129859,9.425813237,Adjusted,1.445621767,1.049266914,QuadStudy
6034,0.78136389,29.93177895,5.378409429,Perceptual,1.815454614,2.323443197,QuadStudy
6034,0.78136389,29.93177895,5.378409429,Adjusted,0.841617786,1.077113746,QuadStudy
6034,0.381095236,61.16438009,2.629070427,Perceptual,0.875933453,2.298463401,QuadStudy
6034,0.381095236,61.16438009,2.629070427,Adjusted,0.51894159,1.361711039,QuadStudy
6034,2.714805543,61.15539621,2.438894746,Perceptual,7.10346671,2.616565569,QuadStudy
6034,2.714805543,61.15539621,2.438894746,Adjusted,2.833517168,1.043727487,QuadStudy
6034,1.550425564,107.0316425,1.393244359,Perceptual,4.513201227,2.910943505,QuadStudy
6034,1.550425564,107.0316425,1.393244359,Adjusted,1.510535691,0.974271662,QuadStudy
6034,1.098679308,151.0224238,0.987362758,Perceptual,3.505580028,3.190721809,QuadStudy
6034,1.098679308,151.0224238,0.987362758,Adjusted,1.183754988,1.077434498,QuadStudy
6034,7.147990637,23.32562723,6.405727666,Perceptual,11.73194228,1.641292341,QuadStudy
6034,7.147990637,23.32562723,6.405727666,Adjusted,6.538554932,0.914740277,QuadStudy
6034,0.852070543,15.21497917,-2.54262031,Perceptual,2.118917436,2.486786397,QuadStudy
6034,0.852070543,15.21497917,-2.54262031,Adjusted,0.843075838,0.989443708,QuadStudy
6035,1.377744544,17.13129859,9.425813237,Perceptual,2.130877861,1.546642206,QuadStudy
6035,1.377744544,17.13129859,9.425813237,Adjusted,1.438213594,1.043889885,QuadStudy
6035,0.78136389,29.93177895,5.378409429,Perceptual,1.84670557,2.36343859,QuadStudy
6035,0.78136389,29.93177895,5.378409429,Adjusted,0.797465856,1.020607512,QuadStudy
6035,0.381095236,61.16438009,2.629070427,Perceptual,1.209719318,3.174322852,QuadStudy
6035,0.381095236,61.16438009,2.629070427,Adjusted,0.427251443,1.121114624,QuadStudy
6035,2.714805543,61.15539621,2.438894746,Perceptual,6.994119479,2.576287461,QuadStudy
6035,2.714805543,61.15539621,2.438894746,Adjusted,1.764442993,0.649933472,QuadStudy
6035,1.550425564,107.0316425,1.393244359,Perceptual,2.464050426,1.589273605,QuadStudy
6035,1.550425564,107.0316425,1.393244359,Adjusted,1.093397723,0.705224261,QuadStudy
6035,1.092277937,151.9072931,0.981610744,Perceptual,2.481886388,2.272211406,QuadStudy
6035,1.092277937,151.9072931,0.981610744,Adjusted,0.846516839,0.775001316,QuadStudy
6035,7.147990637,23.32562723,6.405727666,Perceptual,13.57794915,1.899547697,QuadStudy
6035,7.147990637,23.32562723,6.405727666,Adjusted,6.81819753,0.953862124,QuadStudy
6035,0.852070543,15.21497917,-2.54262031,Perceptual,1.894995331,2.223988783,QuadStudy
6035,0.852070543,15.21497917,-2.54262031,Adjusted,0.811070086,0.951881381,QuadStudy
6036,1.377744544,17.13129859,9.425813237,Perceptual,2.098796555,1.523356825,QuadStudy
6036,1.377744544,17.13129859,9.425813237,Adjusted,1.415123984,1.027130893,QuadStudy
6036,0.78136389,29.93177895,5.378409429,Perceptual,1.434206808,1.835517135,QuadStudy
6036,0.78136389,29.93177895,5.378409429,Adjusted,1.06387559,1.361562268,QuadStudy
6036,0.381095236,61.16438009,2.629070427,Perceptual,0.729209169,1.91345653,QuadStudy
6036,0.381095236,61.16438009,2.629070427,Adjusted,0.516353617,1.354920155,QuadStudy
6036,2.714805543,61.15539621,2.438894746,Perceptual,7.837887778,2.887089942,QuadStudy
6036,2.714805543,61.15539621,2.438894746,Adjusted,2.231237816,0.821877582,QuadStudy
6036,1.550425564,107.0316425,1.393244359,Perceptual,6.234987211,4.021468269,QuadStudy
6036,1.550425564,107.0316425,1.393244359,Adjusted,1.310630614,0.845336044,QuadStudy
6036,1.092277937,151.9072931,0.981610744,Perceptual,3.359178989,3.075388483,QuadStudy
6036,1.092277937,151.9072931,0.981610744,Adjusted,0.95650165,0.875694379,QuadStudy
6036,7.147990637,23.32562723,6.405727666,Perceptual,14.36853478,2.010150197,QuadStudy
6036,7.147990637,23.32562723,6.405727666,Adjusted,6.6268508,0.92709282,QuadStudy
6036,0.852070543,15.21497917,-2.54262031,Perceptual,1.914913542,2.24736503,QuadStudy
6036,0.852070543,15.21497917,-2.54262031,Adjusted,0.98852942,1.160149741,QuadStudy
6037,1.377744544,17.13129859,9.425813237,Perceptual,1.694442578,1.229867021,QuadStudy
6037,1.377744544,17.13129859,9.425813237,Adjusted,1.43731003,1.043234057,QuadStudy
6037,0.78136389,29.93177895,5.378409429,Perceptual,1.288253193,1.648723738,QuadStudy
6037,0.78136389,29.93177895,5.378409429,Adjusted,0.985709528,1.261524293,QuadStudy
6037,0.381095236,61.16438009,2.629070427,Perceptual,1.090996481,2.862792227,QuadStudy
6037,0.381095236,61.16438009,2.629070427,Adjusted,0.542688208,1.424022543,QuadStudy
6037,2.714805543,61.15539621,2.438894746,Perceptual,5.89289476,2.170650776,QuadStudy
6037,2.714805543,61.15539621,2.438894746,Adjusted,2.558862937,0.942558462,QuadStudy
6037,1.550425564,107.0316425,1.393244359,Perceptual,4.651295476,3.000012115,QuadStudy
6037,1.550425564,107.0316425,1.393244359,Adjusted,1.677322774,1.081846696,QuadStudy
6037,1.092277937,151.9072931,0.981610744,Perceptual,2.881886982,2.638419109,QuadStudy
6037,1.092277937,151.9072931,0.981610744,Adjusted,1.136783729,1.040745849,QuadStudy
6037,7.147990637,23.32562723,6.405727666,Perceptual,9.906514956,1.385916051,QuadStudy
6037,7.147990637,23.32562723,6.405727666,Adjusted,7.379688903,1.032414461,QuadStudy
6037,0.852070543,15.21497917,-2.54262031,Perceptual,1.118432995,1.312606102,QuadStudy
6037,0.852070543,15.21497917,-2.54262031,Adjusted,0.90416584,1.061139652,QuadStudy
6038,1.377744544,17.13129859,9.425813237,Perceptual,2.91792095,2.117896937,QuadStudy
6038,1.377744544,17.13129859,9.425813237,Adjusted,1.541031197,1.118517365,QuadStudy
6038,0.78136389,29.93177895,5.378409429,Perceptual,1.86385831,2.385390897,QuadStudy
6038,0.78136389,29.93177895,5.378409429,Adjusted,0.810229844,1.036943036,QuadStudy
6038,0.381095236,61.16438009,2.629070427,Perceptual,1.195758397,3.137689172,QuadStudy
6038,0.381095236,61.16438009,2.629070427,Adjusted,0.466254162,1.223458383,QuadStudy
6038,2.714805543,61.15539621,2.438894746,Perceptual,7.10346671,2.616565569,QuadStudy
6038,2.714805543,61.15539621,2.438894746,Adjusted,1.845945253,0.679954871,QuadStudy
6038,1.550425564,107.0316425,1.393244359,Perceptual,1.832648212,1.18202915,QuadStudy
6038,1.550425564,107.0316425,1.393244359,Adjusted,1.186556575,0.765310249,QuadStudy
6038,1.092277937,151.9072931,0.981610744,Perceptual,3.451393962,3.159812941,QuadStudy
6038,1.092277937,151.9072931,0.981610744,Adjusted,1.382360178,1.265575483,QuadStudy
6038,7.147990637,23.32562723,6.405727666,Perceptual,8.712447172,1.218866618,QuadStudy
6038,7.147990637,23.32562723,6.405727666,Adjusted,5.8200613,0.814223409,QuadStudy
6038,0.852070543,15.21497917,-2.54262031,Perceptual,1.390250828,1.631614705,QuadStudy
6038,0.852070543,15.21497917,-2.54262031,Adjusted,0.892903168,1.047921648,QuadStudy
6039,1.377744544,17.13129859,9.425813237,Perceptual,2.089479936,1.5165946,QuadStudy
6039,1.377744544,17.13129859,9.425813237,Adjusted,1.386586483,1.006417691,QuadStudy
6039,0.78136389,29.93177895,5.378409429,Perceptual,1.443716461,1.847687715,QuadStudy
6039,0.78136389,29.93177895,5.378409429,Adjusted,0.811070086,1.038018389,QuadStudy
6039,0.381095236,61.16438009,2.629070427,Perceptual,0.728519302,1.911646308,QuadStudy
6039,0.381095236,61.16438009,2.629070427,Adjusted,0.404073443,1.060295182,QuadStudy
6039,2.714805543,61.15539621,2.438894746,Perceptual,7.572224071,2.789232581,QuadStudy
6039,2.714805543,61.15539621,2.438894746,Adjusted,3.31304849,1.220363093,QuadStudy
6039,1.550425564,107.0316425,1.393244359,Perceptual,5.267843413,3.397675795,QuadStudy
6039,1.550425564,107.0316425,1.393244359,Adjusted,1.493023736,0.962976728,QuadStudy
6039,1.092277937,151.9072931,0.981610744,Perceptual,2.56192098,2.345484507,QuadStudy
6039,1.092277937,151.9072931,0.981610744,Adjusted,1.310630614,1.199905783,QuadStudy
6039,7.147990637,23.32562723,6.405727666,Perceptual,10.7630941,1.505751008,QuadStudy
6039,7.147990637,23.32562723,6.405727666,Adjusted,7.793473531,1.090302706,QuadStudy
6039,0.852070543,15.21497917,-2.54262031,Perceptual,0.960154055,1.126848079,QuadStudy
6039,0.852070543,15.21497917,-2.54262031,Adjusted,0.959804288,1.126437588,QuadStudy
6040,1.377744544,17.13129859,9.425813237,Perceptual,1.232771682,0.894775223,QuadStudy
6040,1.377744544,17.13129859,9.425813237,Adjusted,1.344185479,0.975642026,QuadStudy
6040,0.78136389,29.93177895,5.378409429,Perceptual,0.993777987,1.271850414,QuadStudy
6040,0.78136389,29.93177895,5.378409429,Adjusted,0.806096155,1.031652686,QuadStudy
6040,0.381095236,61.16438009,2.629070427,Perceptual,0.501576011,1.316143482,QuadStudy
6040,0.381095236,61.16438009,2.629070427,Adjusted,0.348654783,0.914875731,QuadStudy
6040,2.714805543,61.15539621,2.438894746,Perceptual,2.64945759,0.975929048,QuadStudy
6040,2.714805543,61.15539621,2.438894746,Adjusted,2.543514817,0.936904974,QuadStudy
6040,1.550425564,107.0316425,1.393244359,Perceptual,1.594610608,1.028498655,QuadStudy
6040,1.550425564,107.0316425,1.393244359,Adjusted,1.591447105,1.026458246,QuadStudy
6040,1.092277937,151.9072931,0.981610744,Perceptual,1.13453282,1.038685101,QuadStudy
6040,1.092277937,151.9072931,0.981610744,Adjusted,1.047425664,0.958936941,QuadStudy
6040,7.147990637,23.32562723,6.405727666,Perceptual,7.10907848,0.994556211,QuadStudy
6040,7.147990637,23.32562723,6.405727666,Adjusted,7.116611195,0.995610033,QuadStudy
6040,0.852070543,15.21497917,-2.54262031,Perceptual,0.827591315,0.97127089,QuadStudy
6040,0.852070543,15.21497917,-2.54262031,Adjusted,0.856127902,1.004761764,QuadStudy
6041,1.377744544,17.13129859,9.425813237,Perceptual,1.714234021,1.244232124,QuadStudy
6041,1.377744544,17.13129859,9.425813237,Adjusted,1.412066927,1.024912008,QuadStudy
6041,0.78136389,29.93177895,5.378409429,Perceptual,1.309560805,1.675993505,QuadStudy
6041,0.78136389,29.93177895,5.378409429,Adjusted,0.844480328,1.080777266,QuadStudy
6041,0.381095236,61.16438009,2.629070427,Perceptual,1.109502646,2.911352701,QuadStudy
6041,0.381095236,61.16438009,2.629070427,Adjusted,0.374480886,0.982643838,QuadStudy
6041,2.714805543,61.15539621,2.438894746,Perceptual,6.104433251,2.248571087,QuadStudy
6041,2.714805543,61.15539621,2.438894746,Adjusted,2.426831032,0.893924443,QuadStudy
6041,1.550425564,107.0316425,1.393244359,Perceptual,4.755045649,3.066929337,QuadStudy
6041,1.550425564,107.0316425,1.393244359,Adjusted,1.626951348,1.049357921,QuadStudy
6041,1.092277937,151.9072931,0.981610744,Perceptual,3.051380685,2.793593627,QuadStudy
6041,1.092277937,151.9072931,0.981610744,Adjusted,0.662371577,0.606413033,QuadStudy
6041,7.147990637,23.32562723,6.405727666,Perceptual,6.798356216,0.951086335,QuadStudy
6041,7.147990637,23.32562723,6.405727666,Adjusted,7.796399326,1.090712023,QuadStudy
6041,0.852070543,15.21497917,-2.54262031,Perceptual,0.897272825,1.053049929,QuadStudy
6041,0.852070543,15.21497917,-2.54262031,Adjusted,0.848005545,0.99522927,QuadStudy
6042,1.377744544,17.13129859,9.425813237,Perceptual,1.960561861,1.423022773,QuadStudy
6042,1.377744544,17.13129859,9.425813237,Adjusted,1.506237773,1.093263464,QuadStudy
6042,0.78136389,29.93177895,5.378409429,Perceptual,1.279290968,1.637253762,QuadStudy
6042,0.78136389,29.93177895,5.378409429,Adjusted,0.802333532,1.026837229,QuadStudy
6042,0.381095236,61.16438009,2.629070427,Perceptual,1.09858049,2.882692789,QuadStudy
6042,0.381095236,61.16438009,2.629070427,Adjusted,0.5436785,1.426621085,QuadStudy
6042,2.714805543,61.15539621,2.438894746,Perceptual,3.845558072,1.416513268,QuadStudy
6042,2.714805543,61.15539621,2.438894746,Adjusted,2.211840587,0.814732603,QuadStudy
6042,1.550425564,107.0316425,1.393244359,Perceptual,2.273473999,1.466354819,QuadStudy
6042,1.550425564,107.0316425,1.393244359,Adjusted,1.639732799,1.057601755,QuadStudy
6042,1.092277937,151.9072931,0.981610744,Perceptual,1.673520887,1.532138323,QuadStudy
6042,1.092277937,151.9072931,0.981610744,Adjusted,1.093397723,1.001025184,QuadStudy
6042,7.147990637,23.32562723,6.405727666,Perceptual,7.732534361,1.081777349,QuadStudy
6042,7.147990637,23.32562723,6.405727666,Adjusted,8.197168053,1.14677935,QuadStudy
6042,0.852070543,15.21497917,-2.54262031,Perceptual,1.289891935,1.513832329,QuadStudy
6042,0.852070543,15.21497917,-2.54262031,Adjusted,0.841811902,0.987960338,QuadStudy
6043,1.377744544,17.13129859,9.425813237,Perceptual,2.981846825,2.164295868,QuadStudy
6043,1.377744544,17.13129859,9.425813237,Adjusted,1.66759871,1.210383098,QuadStudy
6043,0.78136389,29.93177895,5.378409429,Perceptual,1.90188932,2.434063494,QuadStudy
6043,0.78136389,29.93177895,5.378409429,Adjusted,1.047542907,1.340659481,QuadStudy
6043,0.381095236,61.16438009,2.629070427,Perceptual,0.732061278,1.920940511,QuadStudy
6043,0.381095236,61.16438009,2.629070427,Adjusted,0.669817132,1.757610874,QuadStudy
6043,2.714805543,61.15539621,2.438894746,Perceptual,7.054936101,2.598689294,QuadStudy
6043,2.714805543,61.15539621,2.438894746,Adjusted,2.906140695,1.0704784,QuadStudy
6043,1.550425564,107.0316425,1.393244359,Perceptual,3.589361172,2.315081262,QuadStudy
6043,1.550425564,107.0316425,1.393244359,Adjusted,1.680285817,1.083757812,QuadStudy
6043,1.092277937,151.9072931,0.981610744,Perceptual,2.290024421,2.096558342,QuadStudy
6043,1.092277937,151.9072931,0.981610744,Adjusted,1.055141073,0.966000536,QuadStudy
6043,7.147990637,23.32562723,6.405727666,Perceptual,10.03970728,1.404549585,QuadStudy
6043,7.147990637,23.32562723,6.405727666,Adjusted,7.270385652,1.017122996,QuadStudy
6043,0.852070543,15.21497917,-2.54262031,Perceptual,1.137975314,1.335541198,QuadStudy
6043,0.852070543,15.21497917,-2.54262031,Adjusted,1.155346817,1.355928598,QuadStudy
7001,1.377744544,17.13129859,9.425813237,Perceptual,0.852758651,0.61895266,QuadStudy
7001,1.377744544,17.13129859,9.425813237,Adjusted,1.519494654,1.102885626,QuadStudy
7001,0.78136389,29.93177895,5.378409429,Perceptual,0.581905259,0.744730165,QuadStudy
7001,0.78136389,29.93177895,5.378409429,Adjusted,0.809600805,1.036137983,QuadStudy
7001,0.381095236,61.16438009,2.629070427,Perceptual,0.425375803,1.116192916,QuadStudy
7001,0.381095236,61.16438009,2.629070427,Adjusted,0.390651529,1.025075864,QuadStudy
7001,2.714805543,61.15539621,2.438894746,Perceptual,4.600776961,1.694698529,QuadStudy
7001,2.714805543,61.15539621,2.438894746,Adjusted,2.407226069,0.886702945,QuadStudy
7001,1.550425564,107.0316425,1.393244359,Perceptual,2.712472926,1.749502194,QuadStudy
7001,1.550425564,107.0316425,1.393244359,Adjusted,1.259197217,0.812162316,QuadStudy
7001,1.092277937,151.9072931,0.981610744,Perceptual,2.399585626,2.196863585,QuadStudy
7001,1.092277937,151.9072931,0.981610744,Adjusted,0.968689074,0.886852183,QuadStudy
7001,7.147990637,23.32562723,6.405727666,Perceptual,4.561828682,0.63819735,QuadStudy
7001,7.147990637,23.32562723,6.405727666,Adjusted,7.634740314,1.068096015,QuadStudy
7001,0.852070543,15.21497917,-2.54262031,Perceptual,0.634654453,0.744837922,QuadStudy
7001,0.852070543,15.21497917,-2.54262031,Adjusted,0.75004313,0.880259429,QuadStudy
1034,1.377744544,17.13129859,9.425813237,Perceptual,2.455157664,1.782012257,QuadStudy
1034,1.377744544,17.13129859,9.425813237,Adjusted,1.270872456,0.922429678,QuadStudy
1034,0.78136389,29.93177895,5.378409429,Perceptual,1.955142418,2.502217524,QuadStudy
1034,0.78136389,29.93177895,5.378409429,Adjusted,0.827591315,1.05916248,QuadStudy
1034,0.381095236,61.16438009,2.629070427,Perceptual,1.178614473,3.09270324,QuadStudy
1034,0.381095236,61.16438009,2.629070427,Adjusted,0.429716332,1.127582533,QuadStudy
1034,2.714805543,61.15539621,2.438894746,Perceptual,7.049931911,2.596845999,QuadStudy
1034,2.714805543,61.15539621,2.438894746,Adjusted,2.543514817,0.936904974,QuadStudy
1034,1.550425564,107.0316425,1.393244359,Perceptual,5.632624672,3.632953946,QuadStudy
1034,1.550425564,107.0316425,1.393244359,Adjusted,1.49924326,0.966988222,QuadStudy
1034,0.852070543,15.21497917,-2.54262031,Perceptual,1.240642087,1.456032129,QuadStudy
1034,0.852070543,15.21497917,-2.54262031,Adjusted,1.01856481,1.195399627,QuadStudy
5051,1.377744544,17.13129859,9.425813237,Perceptual,1.544048124,1.120707123,QuadStudy
5051,1.377744544,17.13129859,9.425813237,Adjusted,1.384107953,1.004618714,QuadStudy
5051,0.78136389,29.93177895,5.378409429,Perceptual,1.020423407,1.30595158,QuadStudy
5051,0.78136389,29.93177895,5.378409429,Adjusted,0.851235923,1.089423167,QuadStudy
5051,0.381095236,61.16438009,2.629070427,Perceptual,0.827112679,2.170356907,QuadStudy
5051,0.381095236,61.16438009,2.629070427,Adjusted,0.371646996,0.975207667,QuadStudy
5051,2.714805543,61.15539621,2.438894746,Perceptual,14.2500327,5.249006779,QuadStudy
5051,2.714805543,61.15539621,2.438894746,Adjusted,3.430527425,1.263636518,QuadStudy
5051,1.550425564,107.0316425,1.393244359,Perceptual,8.76012091,5.65013962,QuadStudy
5051,1.550425564,107.0316425,1.393244359,Adjusted,1.878381891,1.211526651,QuadStudy
7002,1.377744544,17.13129859,9.425813237,Perceptual,3.70780195,2.691211492,QuadStudy
7002,1.377744544,17.13129859,9.425813237,Adjusted,1.83253705,1.330099297,QuadStudy
7002,0.78136389,29.93177895,5.378409429,Perceptual,2.603905345,3.332513031,QuadStudy
7002,0.78136389,29.93177895,5.378409429,Adjusted,1.284888263,1.644417256,QuadStudy
7002,0.381095236,61.16438009,2.629070427,Perceptual,2.369182741,6.216773432,QuadStudy
7002,0.381095236,61.16438009,2.629070427,Adjusted,0.846399532,2.220965919,QuadStudy
7002,2.714805543,61.15539621,2.438894746,Perceptual,10.93774254,4.028923017,QuadStudy
7002,2.714805543,61.15539621,2.438894746,Adjusted,5.411315539,1.993260826,QuadStudy
7002,1.550425564,107.0316425,1.393244359,Perceptual,8.309508485,5.359501724,QuadStudy
7002,1.550425564,107.0316425,1.393244359,Adjusted,2.239092291,1.444179161,QuadStudy
7002,1.092277937,151.9072931,0.981610744,Perceptual,6.61205091,6.053450943,QuadStudy
7002,1.092277937,151.9072931,0.981610744,Adjusted,1.490884113,1.364931088,QuadStudy
7002,7.147990637,23.32562723,6.405727666,Perceptual,13.31223287,1.862374134,QuadStudy
7002,7.147990637,23.32562723,6.405727666,Adjusted,8.824875959,1.234595344,QuadStudy
7002,0.852070543,15.21497917,-2.54262031,Perceptual,3.150473851,3.697433125,QuadStudy
7002,0.852070543,15.21497917,-2.54262031,Adjusted,1.113035872,1.306271976,QuadStudy
7003,1.377744544,17.13129859,9.425813237,Perceptual,1.964495338,1.425877784,QuadStudy
7003,1.377744544,17.13129859,9.425813237,Adjusted,1.406385137,1.020788029,QuadStudy
7003,0.78136389,29.93177895,5.378409429,Perceptual,1.070426001,1.369945572,QuadStudy
7003,0.78136389,29.93177895,5.378409429,Adjusted,0.785758375,1.005624121,QuadStudy
7003,0.381095236,61.16438009,2.629070427,Perceptual,0.69287075,1.818103938,QuadStudy
7003,0.381095236,61.16438009,2.629070427,Adjusted,0.433888296,1.138529832,QuadStudy
7003,2.714805543,61.15539621,2.438894746,Perceptual,4.684401227,1.72550157,QuadStudy
7003,2.714805543,61.15539621,2.438894746,Adjusted,2.885914569,1.063028096,QuadStudy
7003,1.550425564,107.0316425,1.393244359,Perceptual,2.994939745,1.93168883,QuadStudy
7003,1.550425564,107.0316425,1.393244359,Adjusted,1.666668781,1.074975038,QuadStudy
7003,1.092277937,151.9072931,0.981610744,Perceptual,2.08496056,1.908818707,QuadStudy
7003,1.092277937,151.9072931,0.981610744,Adjusted,1.181314429,1.081514502,QuadStudy
7003,7.147990637,23.32562723,6.405727666,Perceptual,9.353198352,1.308507359,QuadStudy
7003,7.147990637,23.32562723,6.405727666,Adjusted,7.572224071,1.059350027,QuadStudy
7003,0.852070543,15.21497917,-2.54262031,Perceptual,1.423587134,1.670738586,QuadStudy
7003,0.852070543,15.21497917,-2.54262031,Adjusted,0.863827697,1.013798334,QuadStudy
7004,1.377744544,17.13129859,9.425813237,Perceptual,1.5590377,1.131586916,QuadStudy
7004,1.377744544,17.13129859,9.425813237,Adjusted,1.563680365,1.134956674,QuadStudy
7004,0.78136389,29.93177895,5.378409429,Perceptual,1.159178552,1.483532279,QuadStudy
7004,0.78136389,29.93177895,5.378409429,Adjusted,0.904651408,1.157785022,QuadStudy
7004,0.381095236,61.16438009,2.629070427,Perceptual,0.753626707,1.97752854,QuadStudy
7004,0.381095236,61.16438009,2.629070427,Adjusted,0.545004525,1.430100596,QuadStudy
7004,2.714805543,61.15539621,2.438894746,Perceptual,10.70560272,3.943414196,QuadStudy
7004,2.714805543,61.15539621,2.438894746,Adjusted,2.600711467,0.957973389,QuadStudy
7004,1.550425564,107.0316425,1.393244359,Perceptual,7.233823768,4.665702072,QuadStudy
7004,1.550425564,107.0316425,1.393244359,Adjusted,1.513385427,0.976109697,QuadStudy
7004,1.092277937,151.9072931,0.981610744,Perceptual,5.323849326,4.874079338,QuadStudy
7004,1.092277937,151.9072931,0.981610744,Adjusted,1.061002633,0.971366899,QuadStudy
7004,7.147990637,23.32562723,6.405727666,Perceptual,14.03629257,1.963669692,QuadStudy
7004,7.147990637,23.32562723,6.405727666,Adjusted,7.083848444,0.991026542,QuadStudy
7004,0.852070543,15.21497917,-2.54262031,Perceptual,1.196888854,1.40468282,QuadStudy
7004,0.852070543,15.21497917,-2.54262031,Adjusted,0.963268875,1.130503668,QuadStudy
7007,1.377744544,17.13129859,9.425813237,Perceptual,2.354289772,1.708799924,QuadStudy
7007,1.377744544,17.13129859,9.425813237,Adjusted,1.592675864,1.156002301,QuadStudy
7007,0.78136389,29.93177895,5.378409429,Perceptual,1.863465463,2.384888125,QuadStudy
7007,0.78136389,29.93177895,5.378409429,Adjusted,0.90863649,1.162885183,QuadStudy
7007,0.381095236,61.16438009,2.629070427,Perceptual,1.339854585,3.515799876,QuadStudy
7007,0.381095236,61.16438009,2.629070427,Adjusted,0.595870736,1.563574349,QuadStudy
7007,2.714805543,61.15539621,2.438894746,Perceptual,4.597208762,1.693384181,QuadStudy
7007,2.714805543,61.15539621,2.438894746,Adjusted,2.705808295,0.996685859,QuadStudy
7007,1.550425564,107.0316425,1.393244359,Perceptual,3.747760001,2.417246005,QuadStudy
7007,1.550425564,107.0316425,1.393244359,Adjusted,1.323169355,0.853423335,QuadStudy
7007,1.092277937,151.9072931,0.981610744,Perceptual,3.196179111,2.926159177,QuadStudy
7007,1.092277937,151.9072931,0.981610744,Adjusted,1.053390489,0.964397845,QuadStudy
7007,7.147990637,23.32562723,6.405727666,Perceptual,12.46896019,1.744400745,QuadStudy
7007,7.147990637,23.32562723,6.405727666,Adjusted,7.728806557,1.081255831,QuadStudy
7007,0.852070543,15.21497917,-2.54262031,Perceptual,2.163855805,2.539526594,QuadStudy
7007,0.852070543,15.21497917,-2.54262031,Adjusted,1.019026929,1.195941976,QuadStudy
7008,1.377744544,17.13129859,9.425813237,Perceptual,1.916780378,1.391245123,QuadStudy
7008,1.377744544,17.13129859,9.425813237,Adjusted,1.470661307,1.067441213,QuadStudy
7008,0.78136389,29.93177895,5.378409429,Perceptual,1.291309289,1.65263497,QuadStudy
7008,0.78136389,29.93177895,5.378409429,Adjusted,0.854491007,1.093589067,QuadStudy
7008,0.381095236,61.16438009,2.629070427,Perceptual,0.959348778,2.517346548,QuadStudy
7008,0.381095236,61.16438009,2.629070427,Adjusted,0.525460256,1.378816122,QuadStudy
7008,2.714805543,61.15539621,2.438894746,Perceptual,5.680619218,2.092458973,QuadStudy
7008,2.714805543,61.15539621,2.438894746,Adjusted,2.848772211,1.04934669,QuadStudy
7008,1.550425564,107.0316425,1.393244359,Perceptual,3.68763286,2.378464948,QuadStudy
7008,1.550425564,107.0316425,1.393244359,Adjusted,1.482617659,0.956264972,QuadStudy
7008,1.092277937,151.9072931,0.981610744,Perceptual,3.087912259,2.827038937,QuadStudy
7008,1.092277937,151.9072931,0.981610744,Adjusted,1.427223195,1.306648378,QuadStudy
7008,7.147990637,23.32562723,6.405727666,Perceptual,11.18415171,1.564656738,QuadStudy
7008,7.147990637,23.32562723,6.405727666,Adjusted,5.618966896,0.786090411,QuadStudy
7008,0.852070543,15.21497917,-2.54262031,Perceptual,1.268735813,1.489003256,QuadStudy
7008,0.852070543,15.21497917,-2.54262031,Adjusted,1.01597412,1.192359163,QuadStudy
7011,1.377744544,17.13129859,9.425813237,Perceptual,2.291525676,1.663244239,QuadStudy
7011,1.377744544,17.13129859,9.425813237,Adjusted,2.170948719,1.575726595,QuadStudy
7011,0.78136389,29.93177895,5.378409429,Perceptual,2.040685006,2.611696078,QuadStudy
7011,0.78136389,29.93177895,5.378409429,Adjusted,1.702377912,2.178726115,QuadStudy
7011,0.381095236,61.16438009,2.629070427,Perceptual,1.45141546,3.808537398,QuadStudy
7011,0.381095236,61.16438009,2.629070427,Adjusted,1.006521592,2.641128768,QuadStudy
7011,2.714805543,61.15539621,2.438894746,Perceptual,1.611944415,0.593760544,QuadStudy
7011,2.714805543,61.15539621,2.438894746,Adjusted,4.028466484,1.483887675,QuadStudy
7011,1.550425564,107.0316425,1.393244359,Perceptual,1.304237847,0.841212811,QuadStudy
7011,1.550425564,107.0316425,1.393244359,Adjusted,2.407031619,1.552497375,QuadStudy
7011,1.092277937,151.9072931,0.981610744,Perceptual,0.711847498,0.651709124,QuadStudy
7011,1.092277937,151.9072931,0.981610744,Adjusted,2.148339997,1.966843715,QuadStudy
7011,7.147990637,23.32562723,6.405727666,Perceptual,5.800758618,0.811522974,QuadStudy
7011,7.147990637,23.32562723,6.405727666,Adjusted,8.912594605,1.246867135,QuadStudy
7011,0.852070543,15.21497917,-2.54262031,Perceptual,1.838438161,2.157612625,QuadStudy
7011,0.852070543,15.21497917,-2.54262031,Adjusted,1.58605306,1.861410504,QuadStudy
7012,1.377744544,17.13129859,9.425813237,Perceptual,1.596113503,1.158497422,QuadStudy
7012,1.377744544,17.13129859,9.425813237,Adjusted,1.611337588,1.169547428,QuadStudy
7012,0.78136389,29.93177895,5.378409429,Perceptual,1.412819795,1.808145747,QuadStudy
7012,0.78136389,29.93177895,5.378409429,Adjusted,0.775868491,0.992966915,QuadStudy
7012,0.381095236,61.16438009,2.629070427,Perceptual,1.005741815,2.63908262,QuadStudy
7012,0.381095236,61.16438009,2.629070427,Adjusted,0.417668319,1.095968353,QuadStudy
7012,2.714805543,61.15539621,2.438894746,Perceptual,6.42271094,2.365808835,QuadStudy
7012,2.714805543,61.15539621,2.438894746,Adjusted,2.271071007,0.836550158,QuadStudy
7012,1.550425564,107.0316425,1.393244359,Perceptual,3.821432305,2.464763477,QuadStudy
7012,1.550425564,107.0316425,1.393244359,Adjusted,1.745020952,1.125510951,QuadStudy
7012,1.092277937,151.9072931,0.981610744,Perceptual,1.824887389,1.670717065,QuadStudy
7012,1.092277937,151.9072931,0.981610744,Adjusted,1.062970986,0.973168961,QuadStudy
7012,7.147990637,23.32562723,6.405727666,Perceptual,12.04706166,1.68537737,QuadStudy
7012,7.147990637,23.32562723,6.405727666,Adjusted,7.271562744,1.017287671,QuadStudy
7012,0.852070543,15.21497917,-2.54262031,Perceptual,1.195694611,1.403281243,QuadStudy
7012,0.852070543,15.21497917,-2.54262031,Adjusted,0.859420579,1.008626088,QuadStudy
7013,1.377744544,17.13129859,9.425813237,Perceptual,2.462974234,1.78768571,QuadStudy
7013,1.377744544,17.13129859,9.425813237,Adjusted,1.532821971,1.112558912,QuadStudy
7013,0.78136389,29.93177895,5.378409429,Perceptual,2.002819223,2.56323494,QuadStudy
7013,0.78136389,29.93177895,5.378409429,Adjusted,0.861076433,1.102017183,QuadStudy
7013,0.381095236,61.16438009,2.629070427,Perceptual,1.238779406,3.250576989,QuadStudy
7013,0.381095236,61.16438009,2.629070427,Adjusted,0.428891548,1.125418287,QuadStudy
7013,2.714805543,61.15539621,2.438894746,Perceptual,10.18752951,3.752581666,QuadStudy
7013,2.714805543,61.15539621,2.438894746,Adjusted,2.758152923,1.01596703,QuadStudy
7013,1.550425564,107.0316425,1.393244359,Perceptual,6.810070161,4.392387688,QuadStudy
7013,1.550425564,107.0316425,1.393244359,Adjusted,1.688595479,1.089117413,QuadStudy
7013,1.092277937,151.9072931,0.981610744,Perceptual,4.485876513,4.10690023,QuadStudy
7013,1.092277937,151.9072931,0.981610744,Adjusted,1.164508276,1.066128167,QuadStudy
7013,7.147990637,23.32562723,6.405727666,Perceptual,13.47202243,1.884728606,QuadStudy
7013,7.147990637,23.32562723,6.405727666,Adjusted,7.103821328,0.993820738,QuadStudy
7013,0.852070543,15.21497917,-2.54262031,Perceptual,1.666987776,1.956396438,QuadStudy
7013,0.852070543,15.21497917,-2.54262031,Adjusted,0.896785197,1.052477643,QuadStudy
7014,1.377744544,17.13129859,9.425813237,Perceptual,4.179669765,3.033704458,QuadStudy
7014,1.377744544,17.13129859,9.425813237,Adjusted,1.610512639,1.16894866,QuadStudy
7014,0.78136389,29.93177895,5.378409429,Perceptual,3.348645898,4.285641993,QuadStudy
7014,0.78136389,29.93177895,5.378409429,Adjusted,1.527796922,1.955295019,QuadStudy
7014,0.381095236,61.16438009,2.629070427,Perceptual,0.624093092,1.637630262,QuadStudy
7014,0.381095236,61.16438009,2.629070427,Adjusted,0.935810261,2.455581103,QuadStudy
7014,2.714805543,61.15539621,2.438894746,Perceptual,9.412506103,3.467101401,QuadStudy
7014,2.714805543,61.15539621,2.438894746,Adjusted,3.656873272,1.347011126,QuadStudy
7014,1.550425564,107.0316425,1.393244359,Perceptual,1.516833158,0.978333428,QuadStudy
7014,1.550425564,107.0316425,1.393244359,Adjusted,1.968733406,1.269801951,QuadStudy
7014,1.092277937,151.9072931,0.981610744,Perceptual,4.103278339,3.756624754,QuadStudy
7014,1.092277937,151.9072931,0.981610744,Adjusted,1.55561765,1.424195799,QuadStudy
7014,7.147990637,23.32562723,6.405727666,Perceptual,9.385725011,1.313057821,QuadStudy
7014,7.147990637,23.32562723,6.405727666,Adjusted,8.102066082,1.133474636,QuadStudy
7014,0.852070543,15.21497917,-2.54262031,Perceptual,1.414960213,1.66061393,QuadStudy
7014,0.852070543,15.21497917,-2.54262031,Adjusted,1.117232299,1.311196952,QuadStudy
1032,1.377744544,17.13129859,9.425813237,Perceptual,1.500021999,1.088751906,QuadStudy
1032,1.377744544,17.13129859,9.425813237,Adjusted,1.502753966,1.090734833,QuadStudy
1032,0.78136389,29.93177895,5.378409429,Perceptual,1.294405148,1.656597092,QuadStudy
1032,0.78136389,29.93177895,5.378409429,Adjusted,0.877705415,1.123299178,QuadStudy
1032,0.381095236,61.16438009,2.629070427,Perceptual,0.763932409,2.004570869,QuadStudy
1032,0.381095236,61.16438009,2.629070427,Adjusted,0.561494145,1.473369624,QuadStudy
1032,2.714805543,61.15539621,2.438894746,Perceptual,6.230047706,2.294841235,QuadStudy
1032,2.714805543,61.15539621,2.438894746,Adjusted,2.764607635,1.018344626,QuadStudy
1032,1.550425564,107.0316425,1.393244359,Perceptual,1.925142626,1.241686586,QuadStudy
1032,1.550425564,107.0316425,1.393244359,Adjusted,1.636910923,1.05578169,QuadStudy
1032,1.092277937,151.9072931,0.981610744,Perceptual,3.253355167,2.97850488,QuadStudy
1032,1.092277937,151.9072931,0.981610744,Adjusted,1.157451131,1.059667225,QuadStudy
1032,7.147990637,23.32562723,6.405727666,Perceptual,8.043253135,1.125246736,QuadStudy
1032,7.147990637,23.32562723,6.405727666,Adjusted,6.798356216,0.951086335,QuadStudy
1032,0.852070543,15.21497917,-2.54262031,Perceptual,1.697914289,1.992692157,QuadStudy
1032,0.852070543,15.21497917,-2.54262031,Adjusted,0.96495874,1.132486914,QuadStudy
7015,1.377744544,17.13129859,9.425813237,Perceptual,2.818014493,2.045382436,QuadStudy
7015,1.377744544,17.13129859,9.425813237,Adjusted,1.601952382,1.162735421,QuadStudy
7015,0.78136389,29.93177895,5.378409429,Perceptual,1.64671144,2.107483416,QuadStudy
7015,0.78136389,29.93177895,5.378409429,Adjusted,0.950844305,1.216903312,QuadStudy
7015,0.381095236,61.16438009,2.629070427,Perceptual,0.788763092,2.069726979,QuadStudy
7015,0.381095236,61.16438009,2.629070427,Adjusted,0.578515577,1.518034134,QuadStudy
7015,2.714805543,61.15539621,2.438894746,Perceptual,4.282284469,1.577381658,QuadStudy
7015,2.714805543,61.15539621,2.438894746,Adjusted,3.111182563,1.146005677,QuadStudy
7015,1.550425564,107.0316425,1.393244359,Perceptual,2.137077911,1.378381497,QuadStudy
7015,1.550425564,107.0316425,1.393244359,Adjusted,1.791021641,1.155180669,QuadStudy
7015,1.092277937,151.9072931,0.981610744,Perceptual,1.771013431,1.621394491,QuadStudy
7015,1.092277937,151.9072931,0.981610744,Adjusted,1.48536294,1.359876355,QuadStudy
7015,7.147990637,23.32562723,6.405727666,Perceptual,6.513577621,0.911245964,QuadStudy
7015,7.147990637,23.32562723,6.405727666,Adjusted,8.289247482,1.159661212,QuadStudy
7015,0.852070543,15.21497917,-2.54262031,Perceptual,1.860237382,2.183196446,QuadStudy
7015,0.852070543,15.21497917,-2.54262031,Adjusted,0.961447711,1.128366329,QuadStudy
7016,1.377744544,17.13129859,9.425813237,Perceptual,3.471409178,2.519631954,QuadStudy
7016,1.377744544,17.13129859,9.425813237,Adjusted,2.159585194,1.567478676,QuadStudy
7016,0.78136389,29.93177895,5.378409429,Perceptual,2.25808147,2.889922992,QuadStudy
7016,0.78136389,29.93177895,5.378409429,Adjusted,2.199887638,2.815445743,QuadStudy
7016,0.381095236,61.16438009,2.629070427,Perceptual,0.581022644,1.524612717,QuadStudy
7016,0.381095236,61.16438009,2.629070427,Adjusted,1.204556926,3.160776653,QuadStudy
7016,2.714805543,61.15539621,2.438894746,Perceptual,9.777965841,3.601718682,QuadStudy
7016,2.714805543,61.15539621,2.438894746,Adjusted,2.893111373,1.065679043,QuadStudy
7016,1.550425564,107.0316425,1.393244359,Perceptual,1.533956659,0.989377816,QuadStudy
7016,1.550425564,107.0316425,1.393244359,Adjusted,1.61997963,1.044861274,QuadStudy
7016,1.092277937,151.9072931,0.981610744,Perceptual,5.307815603,4.859400178,QuadStudy
7016,1.092277937,151.9072931,0.981610744,Adjusted,1.494587754,1.368321837,QuadStudy
7016,7.147990637,23.32562723,6.405727666,Perceptual,11.66845021,1.632409835,QuadStudy
7016,7.147990637,23.32562723,6.405727666,Adjusted,7.088779024,0.991716328,QuadStudy
7016,0.852070543,15.21497917,-2.54262031,Perceptual,1.373347782,1.611777091,QuadStudy
7016,0.852070543,15.21497917,-2.54262031,Adjusted,1.641796557,1.926831728,QuadStudy
7017,1.377744544,17.13129859,9.425813237,Perceptual,2.261381902,1.641365166,QuadStudy
7017,1.377744544,17.13129859,9.425813237,Adjusted,1.586550972,1.151556708,QuadStudy
7017,0.78136389,29.93177895,5.378409429,Perceptual,1.838438161,2.352857849,QuadStudy
7017,0.78136389,29.93177895,5.378409429,Adjusted,0.875841995,1.120914347,QuadStudy
7017,0.381095236,61.16438009,2.629070427,Perceptual,0.6031079,1.582564782,QuadStudy
7017,0.381095236,61.16438009,2.629070427,Adjusted,0.501334872,1.315510728,QuadStudy
7017,2.714805543,61.15539621,2.438894746,Perceptual,2.123239967,0.78209652,QuadStudy
7017,2.714805543,61.15539621,2.438894746,Adjusted,3.307289869,1.218241902,QuadStudy
7017,1.550425564,107.0316425,1.393244359,Perceptual,1.577197148,1.017267249,QuadStudy
7017,1.550425564,107.0316425,1.393244359,Adjusted,1.797791881,1.159547367,QuadStudy
7017,1.092277937,151.9072931,0.981610744,Perceptual,0.675999916,0.618890022,QuadStudy
7017,1.092277937,151.9072931,0.981610744,Adjusted,1.037938634,0.950251395,QuadStudy
7017,7.147990637,23.32562723,6.405727666,Perceptual,7.920623661,1.10809094,QuadStudy
7017,7.147990637,23.32562723,6.405727666,Adjusted,8.142629628,1.139149454,QuadStudy
7017,0.852070543,15.21497917,-2.54262031,Perceptual,1.353446055,1.588420191,QuadStudy
7017,0.852070543,15.21497917,-2.54262031,Adjusted,0.884946922,1.038584105,QuadStudy
7018,1.377744544,17.13129859,9.425813237,Perceptual,3.594150236,2.608720355,QuadStudy
7018,1.377744544,17.13129859,9.425813237,Adjusted,1.570707264,1.140056965,QuadStudy
7018,0.78136389,29.93177895,5.378409429,Perceptual,3.603766793,4.612149141,QuadStudy
7018,0.78136389,29.93177895,5.378409429,Adjusted,0.980035491,1.254262583,QuadStudy
7018,0.381095236,61.16438009,2.629070427,Perceptual,0.688688891,1.807130673,QuadStudy
7018,0.381095236,61.16438009,2.629070427,Adjusted,0.623881213,1.637074287,QuadStudy
7018,2.714805543,61.15539621,2.438894746,Perceptual,6.453505996,2.37715221,QuadStudy
7018,2.714805543,61.15539621,2.438894746,Adjusted,3.102762906,1.142904292,QuadStudy
7018,1.550425564,107.0316425,1.393244359,Perceptual,1.636910923,1.05578169,QuadStudy
7018,1.550425564,107.0316425,1.393244359,Adjusted,1.932686394,1.246552197,QuadStudy
7018,1.092277937,151.9072931,0.981610744,Perceptual,4.656434764,4.263049362,QuadStudy
7018,1.092277937,151.9072931,0.981610744,Adjusted,1.118596355,1.024094982,QuadStudy
7018,7.147990637,23.32562723,6.405727666,Perceptual,8.592574127,1.202096444,QuadStudy
7018,7.147990637,23.32562723,6.405727666,Adjusted,7.489409155,1.047764265,QuadStudy
7018,0.852070543,15.21497917,-2.54262031,Perceptual,1.200368954,1.408767107,QuadStudy
7018,0.852070543,15.21497917,-2.54262031,Adjusted,0.93103593,1.092674705,QuadStudy
7019,1.377744544,17.13129859,9.425813237,Perceptual,1.716638498,1.245977351,QuadStudy
7019,1.377744544,17.13129859,9.425813237,Adjusted,1.574441426,1.142767309,QuadStudy
7019,0.78136389,29.93177895,5.378409429,Perceptual,1.301635841,1.66585103,QuadStudy
7019,0.78136389,29.93177895,5.378409429,Adjusted,0.886702699,1.134814023,QuadStudy
7019,0.381095236,61.16438009,2.629070427,Perceptual,0.75004313,1.968125177,QuadStudy
7019,0.381095236,61.16438009,2.629070427,Adjusted,0.597064844,1.566707708,QuadStudy
7019,2.714805543,61.15539621,2.438894746,Perceptual,6.489089492,2.390259409,QuadStudy
7019,2.714805543,61.15539621,2.438894746,Adjusted,2.558862937,0.942558462,QuadStudy
7019,1.550425564,107.0316425,1.393244359,Perceptual,2.023427845,1.305079,QuadStudy
7019,1.550425564,107.0316425,1.393244359,Adjusted,1.119022622,0.721751916,QuadStudy
7019,1.092277937,151.9072931,0.981610744,Perceptual,3.479397648,3.185450817,QuadStudy
7019,1.092277937,151.9072931,0.981610744,Adjusted,0.941512665,0.861971695,QuadStudy
7019,7.147990637,23.32562723,6.405727666,Perceptual,12.52973736,1.752903437,QuadStudy
7019,7.147990637,23.32562723,6.405727666,Adjusted,7.674524235,1.073661764,QuadStudy
7019,0.852070543,15.21497917,-2.54262031,Perceptual,1.710351381,2.007288474,QuadStudy
7019,0.852070543,15.21497917,-2.54262031,Adjusted,0.861076433,1.010569418,QuadStudy
7020,1.377744544,17.13129859,9.425813237,Perceptual,1.556439624,1.12970117,QuadStudy
7020,1.377744544,17.13129859,9.425813237,Adjusted,1.37274502,0.996371226,QuadStudy
7020,0.78136389,29.93177895,5.378409429,Perceptual,1.452491265,1.858917828,QuadStudy
7020,0.78136389,29.93177895,5.378409429,Adjusted,0.75109358,0.961259651,QuadStudy
7020,0.381095236,61.16438009,2.629070427,Perceptual,0.71743343,1.882556804,QuadStudy
7020,0.381095236,61.16438009,2.629070427,Adjusted,0.661489219,1.735758297,QuadStudy
7020,2.714805543,61.15539621,2.438894746,Perceptual,10.4942778,3.865572556,QuadStudy
7020,2.714805543,61.15539621,2.438894746,Adjusted,2.883089977,1.061987657,QuadStudy
7020,1.550425564,107.0316425,1.393244359,Perceptual,1.981281588,1.27789533,QuadStudy
7020,1.550425564,107.0316425,1.393244359,Adjusted,1.873657246,1.208479329,QuadStudy
7020,1.092277937,151.9072931,0.981610744,Perceptual,6.562445278,6.008036099,QuadStudy
7020,1.092277937,151.9072931,0.981610744,Adjusted,1.251340138,1.145624292,QuadStudy
7020,7.147990637,23.32562723,6.405727666,Perceptual,12.48031113,1.745988736,QuadStudy
7020,7.147990637,23.32562723,6.405727666,Adjusted,7.595366137,1.062587589,QuadStudy
7020,0.852070543,15.21497917,-2.54262031,Perceptual,1.513560608,1.776332511,QuadStudy
7020,0.852070543,15.21497917,-2.54262031,Adjusted,0.906141711,1.063458558,QuadStudy
7021,1.377744544,17.13129859,9.425813237,Perceptual,1.423587134,1.03327365,QuadStudy
7021,1.377744544,17.13129859,9.425813237,Adjusted,1.596343233,1.158664166,QuadStudy
7021,0.78136389,29.93177895,5.378409429,Perceptual,1.051111136,1.345226149,QuadStudy
7021,0.78136389,29.93177895,5.378409429,Adjusted,0.893796035,1.143892169,QuadStudy
7021,0.381095236,61.16438009,2.629070427,Perceptual,0.620339222,1.627780047,QuadStudy
7021,0.381095236,61.16438009,2.629070427,Adjusted,0.561084129,1.472293735,QuadStudy
7021,2.714805543,61.15539621,2.438894746,Perceptual,3.991429918,1.470245237,QuadStudy
7021,2.714805543,61.15539621,2.438894746,Adjusted,2.833517168,1.043727487,QuadStudy
7021,1.550425564,107.0316425,1.393244359,Perceptual,1.561660194,1.007246158,QuadStudy
7021,1.550425564,107.0316425,1.393244359,Adjusted,1.385322686,0.893511251,QuadStudy
7021,1.092277937,151.9072931,0.981610744,Perceptual,6.572249498,6.017012038,QuadStudy
7021,1.092277937,151.9072931,0.981610744,Adjusted,0.814241742,0.745452887,QuadStudy
7021,7.147990637,23.32562723,6.405727666,Perceptual,6.462019801,0.904033053,QuadStudy
7021,7.147990637,23.32562723,6.405727666,Adjusted,7.106641114,0.994215224,QuadStudy
7021,0.852070543,15.21497917,-2.54262031,Perceptual,1.452365782,1.704513545,QuadStudy
7021,0.852070543,15.21497917,-2.54262031,Adjusted,0.906141711,1.063458558,QuadStudy
