ID,Gender,Date,Time,Age,Version,Measurement,Reported_Visual_Angle,Object,Task,Ground_Distance,Real_Visual_Angle,Ground_Elevation,Width,Observer_Distance,Observer_Elevation,Template_Size,Arm_Length,Ratio_Visual_Angle
1,Male,2/16/24,09:00,56,1,Lamp1_Perceptual_VA,1.043267458,Lamp1,Perceptual,6280,0.370779037,3.638674008,40.64,6286.263907,2.557997168,1.22,67,2.813717481
1,Male,2/16/24,09:00,56,1,Lamp1_Adjusted_VA,0.645393911,Lamp1,Adjusted,6280,0.370779037,3.638674008,40.64,6286.263907,2.557997168,0.49,43.5,1.740642932
1,Male,2/16/24,09:00,56,1,Lamp2_Perceptual_VA,1.624696813,Lamp2,Perceptual,2020,1.15268413,11.18332857,40.64,2039.390574,7.90728638,1.9,67,1.409490051
1,Male,2/16/24,09:00,56,1,Lamp2_Adjusted_VA,1.241359995,Lamp2,Adjusted,2020,1.15268413,11.18332857,40.64,2039.390574,7.90728638,0.65,30,1.076929892
1,Male,2/16/24,09:00,56,1,Lamp3_Perceptual_VA,1.23138428,Lamp3,Perceptual,5027,0.4631963,4.542209501,40.64,5034.823027,3.194399214,1.44,67,2.658450166
1,Male,2/16/24,09:00,56,1,Lamp3_Adjusted_VA,1.039783757,Lamp3,Adjusted,5027,0.4631963,4.542209501,40.64,5034.823027,3.194399214,0.49,27,2.24480152
1,Male,2/16/24,09:00,56,1,Lamp4_Perceptual_VA,1.393843503,Lamp4,Perceptual,3421,0.680641069,6.658445696,40.64,3432.485239,4.68839803,1.63,67,2.047839261
1,Male,2/16/24,09:00,56,1,Lamp4_Adjusted_VA,1.617655721,Lamp4,Adjusted,3421,0.680641069,6.658445696,40.64,3432.485239,4.68839803,0.72,25.5,2.376664876
1,Male,2/16/24,09:00,56,1,Stick1_Perceptual_VA,5.212882542,Stick1,Perceptual,6280,2.36338945,3.45399333,14,6285.389794,2.372950228,6.1,67,2.205680719
1,Male,2/16/24,09:00,56,1,Stick1_Adjusted_VA,3.01639733,Stick1,Adjusted,6280,2.36338945,3.45399333,14,6285.389794,2.372950228,2.08,39.5,1.276301428
1,Male,2/16/24,09:00,56,1,Stick2_Perceptual_VA,7.684906256,Stick2,Perceptual,2020,7.338560272,10.62760134,14,2036.694591,7.341075179,9,67,1.047195359
1,Male,2/16/24,09:00,56,1,Stick2_Adjusted_VA,6.441409921,Stick2,Adjusted,2020,7.338560272,10.62760134,14,2036.694591,7.341075179,3.32,29.5,0.877748452
1,Male,2/16/24,09:00,56,1,Stick3_Perceptual_VA,4.418989992,Stick3,Perceptual,5027,2.952239146,4.311990364,14,5033.731604,2.96346827,5.17,67,1.496826569
1,Male,2/16/24,09:00,56,1,Stick3_Adjusted_VA,4.411716098,Stick3,Adjusted,5027,2.952239146,4.311990364,14,5033.731604,2.96346827,2.08,27,1.494362713
1,Male,2/16/24,09:00,56,1,Stick4_Perceptual_VA,5.886874264,Stick4,Perceptual,3421,4.337065743,6.322470667,14,3430.884122,4.350187438,6.89,67,1.357340334
1,Male,2/16/24,09:00,56,1,Stick4_Adjusted_VA,5.084525832,Stick4,Adjusted,3421,4.337065743,6.322470667,14,3430.884122,4.350187438,2.22,25,1.172342347
2,Female,2/16/24,13:30,26,1,Lamp1_Perceptual_VA,0.932249743,Lamp1,Perceptual,6280,0.370779037,3.638674008,40.64,6286.263907,2.557997168,0.96,59,2.514300027
2,Female,2/16/24,13:30,26,1,Lamp1_Adjusted_VA,0.496560314,Lamp1,Adjusted,6280,0.370779037,3.638674008,40.64,6286.263907,2.557997168,0.39,45,1.339235136
2,Female,2/16/24,13:30,26,1,Lamp2_Perceptual_VA,2.087666049,Lamp2,Perceptual,2020,1.15268413,11.18332857,40.64,2039.390574,7.90728638,2.15,59,1.811134546
2,Female,2/16/24,13:30,26,1,Lamp2_Adjusted_VA,1.56799715,Lamp2,Adjusted,2020,1.15268413,11.18332857,40.64,2039.390574,7.90728638,0.78,28.5,1.360300805
2,Female,2/16/24,13:30,26,1,Lamp3_Perceptual_VA,1.184717974,Lamp3,Perceptual,5027,0.4631963,4.542209501,40.64,5034.823027,3.194399214,1.22,59,2.557701725
2,Female,2/16/24,13:30,26,1,Lamp3_Adjusted_VA,0.660579317,Lamp3,Adjusted,5027,0.4631963,4.542209501,40.64,5034.823027,3.194399214,0.49,42.5,1.426132544
2,Female,2/16/24,13:30,26,1,Lamp4_Perceptual_VA,1.582816629,Lamp4,Perceptual,3421,0.680641069,6.658445696,40.64,3432.485239,4.68839803,1.63,59,2.325479172
2,Female,2/16/24,13:30,26,1,Lamp4_Adjusted_VA,0.876271312,Lamp4,Adjusted,3421,0.680641069,6.658445696,40.64,3432.485239,4.68839803,0.65,42.5,1.287420569
2,Female,2/16/24,13:30,26,1,Stick1_Perceptual_VA,3.22325115,Stick1,Perceptual,6280,2.36338945,3.45399333,14,6285.389794,2.372950228,3.32,59,1.363825649
2,Female,2/16/24,13:30,26,1,Stick1_Adjusted_VA,1.688595479,Stick1,Adjusted,6280,2.36338945,3.45399333,14,6285.389794,2.372950228,1.4,47.5,0.714480417
2,Female,2/16/24,13:30,26,1,Stick2_Perceptual_VA,7.466998345,Stick2,Perceptual,2020,7.338560272,10.62760134,14,2036.694591,7.341075179,7.7,59,1.017501808
2,Female,2/16/24,13:30,26,1,Stick2_Adjusted_VA,6.655187904,Stick2,Adjusted,2020,7.338560272,10.62760134,14,2036.694591,7.341075179,4.07,35,0.906879232
2,Female,2/16/24,13:30,26,1,Stick3_Perceptual_VA,5.017455162,Stick3,Perceptual,5027,2.952239146,4.311990364,14,5033.731604,2.96346827,5.17,59,1.699542251
2,Female,2/16/24,13:30,26,1,Stick3_Adjusted_VA,3.027786395,Stick3,Adjusted,5027,2.952239146,4.311990364,14,5033.731604,2.96346827,2.22,42,1.025589814
2,Female,2/16/24,13:30,26,1,Stick4_Perceptual_VA,6.68339321,Stick4,Perceptual,3421,4.337065743,6.322470667,14,3430.884122,4.350187438,6.89,59,1.540994213
2,Female,2/16/24,13:30,26,1,Stick4_Adjusted_VA,4.473537476,Stick4,Adjusted,3421,4.337065743,6.322470667,14,3430.884122,4.350187438,3.32,42.5,1.031466374
3,Male,2/16/24,14:30,21,1,Lamp1_Perceptual_VA,0.496560314,Lamp1,Perceptual,6280,0.370779037,3.638674008,40.64,6286.263907,2.557997168,0.52,60,1.339235136
3,Male,2/16/24,14:30,21,1,Lamp1_Adjusted_VA,0.471844929,Lamp1,Adjusted,6280,0.370779037,3.638674008,40.64,6286.263907,2.557997168,0.49,59.5,1.272577147
3,Male,2/16/24,14:30,21,1,Lamp2_Perceptual_VA,1.164974047,Lamp2,Perceptual,2020,1.15268413,11.18332857,40.64,2039.390574,7.90728638,1.22,60,1.010661999
3,Male,2/16/24,14:30,21,1,Lamp2_Adjusted_VA,1.386586483,Lamp2,Adjusted,2020,1.15268413,11.18332857,40.64,2039.390574,7.90728638,1.44,59.5,1.20291973
3,Male,2/16/24,14:30,21,1,Lamp3_Perceptual_VA,0.620698208,Lamp3,Perceptual,5027,0.4631963,4.542209501,40.64,5034.823027,3.194399214,0.65,60,1.340032743
3,Male,2/16/24,14:30,21,1,Lamp3_Adjusted_VA,0.562142761,Lamp3,Adjusted,5027,0.4631963,4.542209501,40.64,5034.823027,3.194399214,0.52,53,1.213616693
3,Male,2/16/24,14:30,21,1,Lamp4_Perceptual_VA,0.744834644,Lamp4,Perceptual,3421,0.680641069,6.658445696,40.64,3432.485239,4.68839803,0.78,60,1.094313403
3,Male,2/16/24,14:30,21,1,Lamp4_Adjusted_VA,0.793313504,Lamp4,Adjusted,3421,0.680641069,6.658445696,40.64,3432.485239,4.68839803,0.72,52,1.165538696
3,Male,2/16/24,14:30,21,1,Stick1_Perceptual_VA,1.986054806,Stick1,Perceptual,6280,2.36338945,3.45399333,14,6285.389794,2.372950228,2.08,60,0.840341741
3,Male,2/16/24,14:30,21,1,Stick1_Adjusted_VA,2.018785255,Stick1,Adjusted,6280,2.36338945,3.45399333,14,6285.389794,2.372950228,2.22,63,0.854190686
3,Male,2/16/24,14:30,21,1,Stick2_Perceptual_VA,4.933935098,Stick2,Perceptual,2020,7.338560272,10.62760134,14,2036.694591,7.341075179,5.17,60,0.672330119
3,Male,2/16/24,14:30,21,1,Stick2_Adjusted_VA,7.103821328,Stick2,Adjusted,2020,7.338560272,10.62760134,14,2036.694591,7.341075179,6.89,55.5,0.968012943
3,Male,2/16/24,14:30,21,1,Stick3_Perceptual_VA,2.644685489,Stick3,Perceptual,5027,2.952239146,4.311990364,14,5033.731604,2.96346827,2.77,60,0.895823597
3,Male,2/16/24,14:30,21,1,Stick3_Adjusted_VA,3.205624591,Stick3,Adjusted,5027,2.952239146,4.311990364,14,5033.731604,2.96346827,3.05,54.5,1.085828225
3,Male,2/16/24,14:30,21,1,Stick4_Perceptual_VA,3.169557925,Stick4,Perceptual,3421,4.337065743,6.322470667,14,3430.884122,4.350187438,3.32,60,0.730806982
3,Male,2/16/24,14:30,21,1,Stick4_Adjusted_VA,4.661303787,Stick4,Adjusted,3421,4.337065743,6.322470667,14,3430.884122,4.350187438,4.07,50,1.074759772
4,Male,2/16/24,15:30,21,1,Lamp1_Perceptual_VA,0.968078071,Lamp1,Perceptual,6280,0.370779037,3.638674008,40.64,6286.263907,2.557997168,0.98,58,2.610929891
4,Male,2/16/24,15:30,21,1,Lamp1_Adjusted_VA,0.461916961,Lamp1,Adjusted,6280,0.370779037,3.638674008,40.64,6286.263907,2.557997168,0.52,64.5,1.245801177
4,Male,2/16/24,15:30,21,1,Lamp2_Perceptual_VA,1.876762886,Lamp2,Perceptual,2020,1.15268413,11.18332857,40.64,2039.390574,7.90728638,1.9,58,1.628167542
4,Male,2/16/24,15:30,21,1,Lamp2_Adjusted_VA,1.205142653,Lamp2,Adjusted,2020,1.15268413,11.18332857,40.64,2039.390574,7.90728638,1.22,58,1.045509886
4,Male,2/16/24,15:30,21,1,Lamp3_Perceptual_VA,0.948322287,Lamp3,Perceptual,5027,0.4631963,4.542209501,40.64,5034.823027,3.194399214,0.96,58,2.047344264
4,Male,2/16/24,15:30,21,1,Lamp3_Adjusted_VA,0.496898336,Lamp3,Adjusted,5027,0.4631963,4.542209501,40.64,5034.823027,3.194399214,0.49,56.5,1.072759728
4,Male,2/16/24,15:30,21,1,Lamp4_Perceptual_VA,1.205142653,Lamp4,Perceptual,3421,0.680641069,6.658445696,40.64,3432.485239,4.68839803,1.22,58,1.770599378
4,Male,2/16/24,15:30,21,1,Lamp4_Adjusted_VA,0.763932409,Lamp4,Adjusted,3421,0.680641069,6.658445696,40.64,3432.485239,4.68839803,0.78,58.5,1.1223719
4,Male,2/16/24,15:30,21,1,Stick1_Perceptual_VA,5.103849615,Stick1,Perceptual,6280,2.36338945,3.45399333,14,6285.389794,2.372950228,5.17,58,2.159546584
4,Male,2/16/24,15:30,21,1,Stick1_Adjusted_VA,2.550704602,Stick1,Adjusted,6280,2.36338945,3.45399333,14,6285.389794,2.372950228,3.05,68.5,1.079256998
4,Male,2/16/24,15:30,21,1,Stick2_Perceptual_VA,8.872948971,Stick2,Perceptual,2020,7.338560272,10.62760134,14,2036.694591,7.341075179,9,58,1.209085794
4,Male,2/16/24,15:30,21,1,Stick2_Adjusted_VA,8.107108464,Stick2,Adjusted,2020,7.338560272,10.62760134,14,2036.694591,7.341075179,9,63.5,1.10472738
4,Male,2/16/24,15:30,21,1,Stick3_Perceptual_VA,5.103849615,Stick3,Perceptual,5027,2.952239146,4.311990364,14,5033.731604,2.96346827,5.17,58,1.728806293
4,Male,2/16/24,15:30,21,1,Stick3_Adjusted_VA,3.196179111,Stick3,Adjusted,5027,2.952239146,4.311990364,14,5033.731604,2.96346827,3.32,59.5,1.082628796
4,Male,2/16/24,15:30,21,1,Stick4_Perceptual_VA,6.798356216,Stick4,Perceptual,3421,4.337065743,6.322470667,14,3430.884122,4.350187438,6.89,58,1.567501306
4,Male,2/16/24,15:30,21,1,Stick4_Adjusted_VA,5.333428013,Stick4,Adjusted,3421,4.337065743,6.322470667,14,3430.884122,4.350187438,5.17,55.5,1.229731881
5,Male,2/23/24,14:25,23,1,Lamp1_Perceptual_VA,1.955078838,Lamp1,Perceptual,6280,0.370779037,3.638674008,40.64,6286.263907,2.557997168,2.44,71.5,5.272894749
5,Male,2/23/24,14:25,23,1,Lamp1_Adjusted_VA,1.039290294,Lamp1,Adjusted,6280,0.370779037,3.638674008,40.64,6286.263907,2.557997168,0.39,21.5,2.802990973
5,Male,2/23/24,14:25,23,1,Lamp2_Perceptual_VA,2.163359796,Lamp2,Perceptual,2020,1.15268413,11.18332857,40.64,2039.390574,7.90728638,2.7,71.5,1.876801927
5,Male,2/23/24,14:25,23,1,Lamp2_Adjusted_VA,2.170948719,Lamp2,Adjusted,2020,1.15268413,11.18332857,40.64,2039.390574,7.90728638,0.72,19,1.883385624
5,Male,2/23/24,14:25,23,1,Lamp3_Perceptual_VA,1.955078838,Lamp3,Perceptual,5027,0.4631963,4.542209501,40.64,5034.823027,3.194399214,2.44,71.5,4.220842956
5,Male,2/23/24,14:25,23,1,Lamp3_Adjusted_VA,0.950844305,Lamp3,Adjusted,5027,0.4631963,4.542209501,40.64,5034.823027,3.194399214,0.39,23.5,2.052789079
5,Male,2/23/24,14:25,23,1,Lamp4_Perceptual_VA,2.163359796,Lamp4,Perceptual,3421,0.680641069,6.658445696,40.64,3432.485239,4.68839803,2.7,71.5,3.178415021
5,Male,2/23/24,14:25,23,1,Lamp4_Adjusted_VA,1.385690842,Lamp4,Adjusted,3421,0.680641069,6.658445696,40.64,3432.485239,4.68839803,0.52,21.5,2.035861346
5,Male,2/23/24,14:25,23,1,Stick1_Perceptual_VA,8.271455735,Stick1,Perceptual,6280,2.36338945,3.45399333,14,6285.389794,2.372950228,10.34,71.5,3.499827646
5,Male,2/23/24,14:25,23,1,Stick1_Adjusted_VA,4.009068064,Stick1,Adjusted,6280,2.36338945,3.45399333,14,6285.389794,2.372950228,1.4,20,1.696321385
5,Male,2/23/24,14:25,23,1,Stick2_Perceptual_VA,8.79741071,Stick2,Perceptual,2020,7.338560272,10.62760134,14,2036.694591,7.341075179,11,71.5,1.198792458
5,Male,2/23/24,14:25,23,1,Stick2_Adjusted_VA,8.72073154,Stick2,Adjusted,2020,7.338560272,10.62760134,14,2036.694591,7.341075179,3.05,20,1.188343656
5,Male,2/23/24,14:25,23,1,Stick3_Perceptual_VA,7.202556234,Stick3,Perceptual,5027,2.952239146,4.311990364,14,5033.731604,2.96346827,9,71.5,2.439692681
5,Male,2/23/24,14:25,23,1,Stick3_Adjusted_VA,3.273154083,Stick3,Adjusted,5027,2.952239146,4.311990364,14,5033.731604,2.96346827,1.4,24.5,1.108702216
5,Male,2/23/24,14:25,23,1,Stick4_Perceptual_VA,8.79741071,Stick4,Perceptual,3421,4.337065743,6.322470667,14,3430.884122,4.350187438,11,71.5,2.028424569
5,Male,2/23/24,14:25,23,1,Stick4_Adjusted_VA,7.204551677,Stick4,Adjusted,3421,4.337065743,6.322470667,14,3430.884122,4.350187438,2.77,22,1.661158051
6,Male,2/23/24,15:10,34,1,Lamp1_Perceptual_VA,2.272900292,Lamp1,Perceptual,6280,0.370779037,3.638674008,40.64,6286.263907,2.557997168,2.44,61.5,6.130066871
6,Male,2/23/24,15:10,34,1,Lamp1_Adjusted_VA,0.451418958,Lamp1,Adjusted,6280,0.370779037,3.638674008,40.64,6286.263907,2.557997168,0.52,66,1.21748781
6,Male,2/23/24,15:10,34,1,Lamp2_Perceptual_VA,2.515020559,Lamp2,Perceptual,2020,1.15268413,11.18332857,40.64,2039.390574,7.90728638,2.7,61.5,2.18188183
6,Male,2/23/24,15:10,34,1,Lamp2_Adjusted_VA,1.299250189,Lamp2,Adjusted,2020,1.15268413,11.18332857,40.64,2039.390574,7.90728638,1.44,63.5,1.127151971
6,Male,2/23/24,15:10,34,1,Lamp3_Perceptual_VA,2.515020559,Lamp3,Perceptual,5027,0.4631963,4.542209501,40.64,5034.823027,3.194399214,2.7,61.5,5.429707797
6,Male,2/23/24,15:10,34,1,Lamp3_Adjusted_VA,0.642101154,Lamp3,Adjusted,5027,0.4631963,4.542209501,40.64,5034.823027,3.194399214,0.65,58,1.386239817
6,Male,2/23/24,15:10,34,1,Lamp4_Perceptual_VA,2.515020559,Lamp4,Perceptual,3421,0.680641069,6.658445696,40.64,3432.485239,4.68839803,2.7,61.5,3.69507612
6,Male,2/23/24,15:10,34,1,Lamp4_Adjusted_VA,0.715042048,Lamp4,Adjusted,3421,0.680641069,6.658445696,40.64,3432.485239,4.68839803,0.78,62.5,1.050542027
6,Male,2/23/24,15:10,34,1,Stick1_Perceptual_VA,7.164268847,Stick1,Perceptual,6280,2.36338945,3.45399333,14,6285.389794,2.372950228,7.7,61.5,3.031353486
6,Male,2/23/24,15:10,34,1,Stick1_Adjusted_VA,2.678694909,Stick1,Adjusted,6280,2.36338945,3.45399333,14,6285.389794,2.372950228,3.32,71,1.1334124
6,Male,2/23/24,15:10,34,1,Stick2_Perceptual_VA,9.610547548,Stick2,Perceptual,2020,7.338560272,10.62760134,14,2036.694591,7.341075179,10.34,61.5,1.309595778
6,Male,2/23/24,15:10,34,1,Stick2_Adjusted_VA,9.354835718,Stick2,Adjusted,2020,7.338560272,10.62760134,14,2036.694591,7.341075179,9,55,1.274750819
6,Male,2/23/24,15:10,34,1,Stick3_Perceptual_VA,8.36983225,Stick3,Perceptual,5027,2.952239146,4.311990364,14,5033.731604,2.96346827,9,61.5,2.835079354
6,Male,2/23/24,15:10,34,1,Stick3_Adjusted_VA,2.751473113,Stick3,Adjusted,5027,2.952239146,4.311990364,14,5033.731604,2.96346827,3.05,63.5,0.931995336
6,Male,2/23/24,15:10,34,1,Stick4_Perceptual_VA,9.610547548,Stick4,Perceptual,3421,4.337065743,6.322470667,14,3430.884122,4.350187438,10.34,61.5,2.215910046
6,Male,2/23/24,15:10,34,1,Stick4_Adjusted_VA,6.072643785,Stick4,Adjusted,3421,4.337065743,6.322470667,14,3430.884122,4.350187438,6.1,57.5,1.40017333
7,Female,2/23/24,16:24,21,1,Lamp1_Perceptual_VA,1.195694611,Lamp1,Perceptual,6280,0.370779037,3.638674008,40.64,6286.263907,2.557997168,0.96,46,3.224817185
7,Female,2/23/24,16:24,21,1,Lamp1_Adjusted_VA,0.378733435,Lamp1,Adjusted,6280,0.370779037,3.638674008,40.64,6286.263907,2.557997168,0.39,59,1.021453202
7,Female,2/23/24,16:24,21,1,Lamp2_Perceptual_VA,2.677467562,Lamp2,Perceptual,2020,1.15268413,11.18332857,40.64,2039.390574,7.90728638,2.15,46,2.322811161
7,Female,2/23/24,16:24,21,1,Lamp2_Adjusted_VA,1.100045174,Lamp2,Adjusted,2020,1.15268413,11.18332857,40.64,2039.390574,7.90728638,0.96,50,0.954333581
7,Female,2/23/24,16:24,21,1,Lamp3_Perceptual_VA,1.22060305,Lamp3,Perceptual,5027,0.4631963,4.542209501,40.64,5034.823027,3.194399214,0.98,46,2.635174442
7,Female,2/23/24,16:24,21,1,Lamp3_Adjusted_VA,0.494709384,Lamp3,Adjusted,5027,0.4631963,4.542209501,40.64,5034.823027,3.194399214,0.49,56.75,1.068033973
7,Female,2/23/24,16:24,21,1,Lamp4_Perceptual_VA,1.79346056,Lamp4,Perceptual,3421,0.680641069,6.658445696,40.64,3432.485239,4.68839803,1.44,46,2.634957899
7,Female,2/23/24,16:24,21,1,Lamp4_Adjusted_VA,0.687541104,Lamp4,Adjusted,3421,0.680641069,6.658445696,40.64,3432.485239,4.68839803,0.72,60,1.010137553
7,Female,2/23/24,16:24,21,1,Stick1_Perceptual_VA,3.797568441,Stick1,Perceptual,6280,2.36338945,3.45399333,14,6285.389794,2.372950228,3.05,46,1.606831426
7,Female,2/23/24,16:24,21,1,Stick1_Adjusted_VA,2.590324392,Stick1,Adjusted,6280,2.36338945,3.45399333,14,6285.389794,2.372950228,2.08,46,1.096020968
7,Female,2/23/24,16:24,21,1,Stick2_Perceptual_VA,11.17448793,Stick2,Perceptual,2020,7.338560272,10.62760134,14,2036.694591,7.341075179,9,46,1.522708476
7,Female,2/23/24,16:24,21,1,Stick2_Adjusted_VA,7.586813707,Stick2,Adjusted,2020,7.338560272,10.62760134,14,2036.694591,7.341075179,6.1,46,1.033828629
7,Female,2/23/24,16:24,21,1,Stick3_Perceptual_VA,5.066127676,Stick3,Perceptual,5027,2.952239146,4.311990364,14,5033.731604,2.96346827,4.07,46,1.716028894
7,Female,2/23/24,16:24,21,1,Stick3_Adjusted_VA,3.459386862,Stick3,Adjusted,5027,2.952239146,4.311990364,14,5033.731604,2.96346827,3.05,50.5,1.171784091
7,Female,2/23/24,16:24,21,1,Stick4_Perceptual_VA,6.432781616,Stick4,Perceptual,3421,4.337065743,6.322470667,14,3430.884122,4.350187438,5.17,46,1.483210538
7,Female,2/23/24,16:24,21,1,Stick4_Adjusted_VA,5.017455162,Stick4,Adjusted,3421,4.337065743,6.322470667,14,3430.884122,4.350187438,5.17,59,1.15687782
30337,Female,3/7/24,14:18,20,1,Lamp1_Perceptual_VA,1.059073648,Lamp1,Perceptual,6280,0.370779037,3.638674008,40.64,6286.263907,2.557997168,1.22,66,2.856347154
30337,Female,3/7/24,14:18,20,1,Lamp1_Adjusted_VA,0.505547716,Lamp1,Adjusted,6280,0.370779037,3.638674008,40.64,6286.263907,2.557997168,0.3,34,1.363474375
30337,Female,3/7/24,14:18,20,1,Lamp2_Perceptual_VA,3.297937066,Lamp2,Perceptual,2020,1.15268413,11.18332857,40.64,2039.390574,7.90728638,3.8,66,2.861093495
30337,Female,3/7/24,14:18,20,1,Lamp2_Adjusted_VA,1.279108462,Lamp2,Adjusted,2020,1.15268413,11.18332857,40.64,2039.390574,7.90728638,0.96,43,1.10967821
30337,Female,3/7/24,14:18,20,1,Lamp3_Perceptual_VA,1.414960213,Lamp3,Perceptual,5027,0.4631963,4.542209501,40.64,5034.823027,3.194399214,1.63,66,3.054774433
30337,Female,3/7/24,14:18,20,1,Lamp3_Adjusted_VA,0.629440261,Lamp3,Adjusted,5027,0.4631963,4.542209501,40.64,5034.823027,3.194399214,0.39,35.5,1.358906066
30337,Female,3/7/24,14:18,20,1,Lamp4_Perceptual_VA,1.866288396,Lamp4,Perceptual,3421,0.680641069,6.658445696,40.64,3432.485239,4.68839803,2.15,66,2.741956785
30337,Female,3/7/24,14:18,20,1,Lamp4_Adjusted_VA,0.827591315,Lamp4,Adjusted,3421,0.680641069,6.658445696,40.64,3432.485239,4.68839803,0.52,36,1.215899764
30337,Female,3/7/24,14:18,20,1,Stick1_Perceptual_VA,6.676941088,Stick1,Perceptual,6280,2.36338945,3.45399333,14,6285.389794,2.372950228,7.7,66,2.825154816
30337,Female,3/7/24,14:18,20,1,Stick1_Adjusted_VA,2.881543815,Stick1,Adjusted,6280,2.36338945,3.45399333,14,6285.389794,2.372950228,1.66,33,1.219242057
30337,Female,3/7/24,14:18,20,1,Stick2_Perceptual_VA,11.24925608,Stick2,Perceptual,2020,7.338560272,10.62760134,14,2036.694591,7.341075179,13,66,1.532896872
30337,Female,3/7/24,14:18,20,1,Stick2_Adjusted_VA,9.496316352,Stick2,Adjusted,2020,7.338560272,10.62760134,14,2036.694591,7.341075179,4.07,24.5,1.294029891
30337,Female,3/7/24,14:18,20,1,Stick3_Perceptual_VA,8.958046153,Stick3,Perceptual,5027,2.952239146,4.311990364,14,5033.731604,2.96346827,10.34,66,3.034322666
30337,Female,3/7/24,14:18,20,1,Stick3_Adjusted_VA,3.34632821,Stick3,Adjusted,5027,2.952239146,4.311990364,14,5033.731604,2.96346827,2.22,38,1.133488192
30337,Female,3/7/24,14:18,20,1,Stick4_Perceptual_VA,11.24925608,Stick4,Perceptual,3421,4.337065743,6.322470667,14,3430.884122,4.350187438,13,66,2.593748112
30337,Female,3/7/24,14:18,20,1,Stick4_Adjusted_VA,5.456875414,Stick4,Adjusted,3421,4.337065743,6.322470667,14,3430.884122,4.350187438,3.05,32,1.258195226
8,Female,3/7/24,15:22,66,1,Lamp1_Perceptual_VA,1.491175838,Lamp1,Perceptual,6280,0.370779037,3.638674008,40.64,6286.263907,2.557997168,1.9,73,4.021737178
8,Female,3/7/24,15:22,66,1,Lamp1_Adjusted_VA,0.98218931,Lamp1,Adjusted,6280,0.370779037,3.638674008,40.64,6286.263907,2.557997168,0.72,42,2.648988242
8,Female,3/7/24,15:22,66,1,Lamp2_Perceptual_VA,2.589642241,Lamp2,Perceptual,2020,1.15268413,11.18332857,40.64,2039.390574,7.90728638,3.3,73,2.246619151
8,Female,3/7/24,15:22,66,1,Lamp2_Adjusted_VA,1.370539568,Lamp2,Adjusted,2020,1.15268413,11.18332857,40.64,2039.390574,7.90728638,1.22,51,1.188998384
8,Female,3/7/24,15:22,66,1,Lamp3_Perceptual_VA,1.279290968,Lamp3,Perceptual,5027,0.4631963,4.542209501,40.64,5034.823027,3.194399214,1.63,73,2.761876486
8,Female,3/7/24,15:22,66,1,Lamp3_Adjusted_VA,0.79097342,Lamp3,Adjusted,5027,0.4631963,4.542209501,40.64,5034.823027,3.194399214,0.78,56.5,1.707641925
8,Female,3/7/24,15:22,66,1,Lamp4_Perceptual_VA,1.687356474,Lamp4,Perceptual,3421,0.680641069,6.658445696,40.64,3432.485239,4.68839803,2.15,73,2.479069441
8,Female,3/7/24,15:22,66,1,Lamp4_Adjusted_VA,1.011682974,Lamp4,Adjusted,3421,0.680641069,6.658445696,40.64,3432.485239,4.68839803,0.98,55.5,1.486367809
8,Female,3/7/24,15:22,66,1,Stick1_Perceptual_VA,4.784946556,Stick1,Perceptual,6280,2.36338945,3.45399333,14,6285.389794,2.372950228,6.1,73,2.024611964
8,Female,3/7/24,15:22,66,1,Stick1_Adjusted_VA,2.264252752,Stick1,Adjusted,6280,2.36338945,3.45399333,14,6285.389794,2.372950228,1.66,42,0.958053169
8,Female,3/7/24,15:22,66,1,Stick2_Perceptual_VA,10.1765204,Stick2,Perceptual,2020,7.338560272,10.62760134,14,2036.694591,7.341075179,13,73,1.386718923
8,Female,3/7/24,15:22,66,1,Stick2_Adjusted_VA,6.880537436,Stick2,Adjusted,2020,7.338560272,10.62760134,14,2036.694591,7.341075179,5.17,43,0.937586826
8,Female,3/7/24,15:22,66,1,Stick3_Perceptual_VA,6.037933447,Stick3,Perceptual,5027,2.952239146,4.311990364,14,5033.731604,2.96346827,7.7,73,2.045204724
8,Female,3/7/24,15:22,66,1,Stick3_Adjusted_VA,2.445717623,Stick3,Adjusted,5027,2.952239146,4.311990364,14,5033.731604,2.96346827,2.22,52,0.828428018
8,Female,3/7/24,15:22,66,1,Stick4_Perceptual_VA,8.102066082,Stick4,Perceptual,3421,4.337065743,6.322470667,14,3430.884122,4.350187438,10.34,73,1.868098517
8,Female,3/7/24,15:22,66,1,Stick4_Adjusted_VA,4.162343863,Stick4,Adjusted,3421,4.337065743,6.322470667,14,3430.884122,4.350187438,4.07,56,0.959714265
9,Male,3/8/24,09:12,24,1,Lamp1_Perceptual_VA,0.723726539,Lamp1,Perceptual,6280,0.370779037,3.638674008,40.64,6286.263907,2.557997168,0.96,76,1.951907921
9,Male,3/8/24,09:12,24,1,Lamp1_Adjusted_VA,0.809600805,Lamp1,Adjusted,6280,0.370779037,3.638674008,40.64,6286.263907,2.557997168,0.65,46,2.183512884
9,Male,3/8/24,09:12,24,1,Lamp2_Perceptual_VA,1.839338099,Lamp2,Perceptual,2020,1.15268413,11.18332857,40.64,2039.390574,7.90728638,2.44,76,1.595700028
9,Male,3/8/24,09:12,24,1,Lamp2_Adjusted_VA,1.48716865,Lamp2,Adjusted,2020,1.15268413,11.18332857,40.64,2039.390574,7.90728638,1.22,47,1.290178819
9,Male,3/8/24,09:12,24,1,Lamp3_Perceptual_VA,0.738803762,Lamp3,Perceptual,5027,0.4631963,4.542209501,40.64,5034.823027,3.194399214,0.98,76,1.595012229
9,Male,3/8/24,09:12,24,1,Lamp3_Adjusted_VA,0.726668439,Lamp3,Adjusted,5027,0.4631963,4.542209501,40.64,5034.823027,3.194399214,0.52,41,1.568813134
9,Male,3/8/24,09:12,24,1,Lamp4_Perceptual_VA,1.085571767,Lamp4,Perceptual,3421,0.680641069,6.658445696,40.64,3432.485239,4.68839803,1.44,76,1.594925457
9,Male,3/8/24,09:12,24,1,Lamp4_Adjusted_VA,1.224356367,Lamp4,Adjusted,3421,0.680641069,6.658445696,40.64,3432.485239,4.68839803,0.78,36.5,1.798828227
9,Male,3/8/24,09:12,24,1,Stick1_Perceptual_VA,3.067606783,Stick1,Perceptual,6280,2.36338945,3.45399333,14,6285.389794,2.372950228,4.07,76,1.297969229
9,Male,3/8/24,09:12,24,1,Stick1_Adjusted_VA,2.422432046,Stick1,Adjusted,6280,2.36338945,3.45399333,14,6285.389794,2.372950228,2.22,52.5,1.02498217
9,Male,3/8/24,09:12,24,1,Stick2_Perceptual_VA,9.776801896,Stick2,Perceptual,2020,7.338560272,10.62760134,14,2036.694591,7.341075179,13,76,1.332250678
9,Male,3/8/24,09:12,24,1,Stick2_Adjusted_VA,8.021452995,Stick2,Adjusted,2020,7.338560272,10.62760134,14,2036.694591,7.341075179,6.1,43.5,1.093055408
9,Male,3/8/24,09:12,24,1,Stick3_Perceptual_VA,6.777113981,Stick3,Perceptual,5027,2.952239146,4.311990364,14,5033.731604,2.96346827,9,76,2.295584351
9,Male,3/8/24,09:12,24,1,Stick3_Adjusted_VA,3.139871513,Stick3,Adjusted,5027,2.952239146,4.311990364,14,5033.731604,2.96346827,2.22,40.5,1.063555951
9,Male,3/8/24,09:12,24,1,Stick4_Perceptual_VA,7.78325049,Stick4,Perceptual,3421,4.337065743,6.322470667,14,3430.884122,4.350187438,10.34,76,1.794589004
9,Male,3/8/24,09:12,24,1,Stick4_Adjusted_VA,6.952466243,Stick4,Adjusted,3421,4.337065743,6.322470667,14,3430.884122,4.350187438,4.07,33.5,1.603034553
10,Female,3/8/24,15:35,21,1,Lamp1_Perceptual_VA,1.294405148,Lamp1,Perceptual,6280,0.370779037,3.638674008,40.64,6286.263907,2.557997168,1.22,54,3.491041882
10,Female,3/8/24,15:35,21,1,Lamp1_Adjusted_VA,0.726668439,Lamp1,Adjusted,6280,0.370779037,3.638674008,40.64,6286.263907,2.557997168,0.52,41,1.959842293
10,Female,3/8/24,15:35,21,1,Lamp2_Perceptual_VA,2.588480059,Lamp2,Perceptual,2020,1.15268413,11.18332857,40.64,2039.390574,7.90728638,2.44,54,2.245610911
10,Female,3/8/24,15:35,21,1,Lamp2_Adjusted_VA,1.570707264,Lamp2,Adjusted,2020,1.15268413,11.18332857,40.64,2039.390574,7.90728638,1.22,44.5,1.362651938
10,Female,3/8/24,15:35,21,1,Lamp3_Perceptual_VA,1.729352415,Lamp3,Perceptual,5027,0.4631963,4.542209501,40.64,5034.823027,3.194399214,1.63,54,3.733519497
10,Female,3/8/24,15:35,21,1,Lamp3_Adjusted_VA,0.93103593,Lamp3,Adjusted,5027,0.4631963,4.542209501,40.64,5034.823027,3.194399214,0.78,48,2.010024542
10,Female,3/8/24,15:35,21,1,Lamp4_Perceptual_VA,2.015754671,Lamp4,Perceptual,3421,0.680641069,6.658445696,40.64,3432.485239,4.68839803,1.9,54,2.961553107
10,Female,3/8/24,15:35,21,1,Lamp4_Adjusted_VA,1.100943849,Lamp4,Adjusted,3421,0.680641069,6.658445696,40.64,3432.485239,4.68839803,0.98,51,1.617510167
10,Female,3/8/24,15:35,21,1,Stick1_Perceptual_VA,9.527283381,Stick1,Perceptual,6280,2.36338945,3.45399333,14,6285.389794,2.372950228,9,54,4.031194851
10,Female,3/8/24,15:35,21,1,Stick1_Adjusted_VA,4.120542827,Stick1,Adjusted,6280,2.36338945,3.45399333,14,6285.389794,2.372950228,2.77,38.5,1.743488712
10,Female,3/8/24,15:35,21,1,Stick2_Perceptual_VA,13.72738383,Stick2,Perceptual,2020,7.338560272,10.62760134,14,2036.694591,7.341075179,13,54,1.870582692
10,Female,3/8/24,15:35,21,1,Stick2_Adjusted_VA,9.849643881,Stick2,Adjusted,2020,7.338560272,10.62760134,14,2036.694591,7.341075179,5.17,30,1.342176601
10,Female,3/8/24,15:35,21,1,Stick3_Perceptual_VA,10.93774254,Stick3,Perceptual,5027,2.952239146,4.311990364,14,5033.731604,2.96346827,10.34,54,3.704897198
10,Female,3/8/24,15:35,21,1,Stick3_Adjusted_VA,5.354465529,Stick3,Adjusted,5027,2.952239146,4.311990364,14,5033.731604,2.96346827,3.32,35.5,1.813696406
10,Female,3/8/24,15:35,21,1,Stick4_Perceptual_VA,11.63125306,Stick4,Perceptual,3421,4.337065743,6.322470667,14,3430.884122,4.350187438,11,54,2.681825397
10,Female,3/8/24,15:35,21,1,Stick4_Adjusted_VA,6.419693981,Stick4,Adjusted,3421,4.337065743,6.322470667,14,3430.884122,4.350187438,4.15,37,1.480192914
11,Male,3/13/24,14:09,22,1,Lamp1_Perceptual_VA,1.519494654,Lamp1,Perceptual,6280,0.370779037,3.638674008,40.64,6286.263907,2.557997168,1.22,46,4.098113705
11,Male,3/13/24,14:09,22,1,Lamp1_Adjusted_VA,0.730230442,Lamp1,Adjusted,6280,0.370779037,3.638674008,40.64,6286.263907,2.557997168,0.65,51,1.969449104
11,Male,3/13/24,14:09,22,1,Lamp2_Perceptual_VA,4.108587932,Lamp2,Perceptual,2020,1.15268413,11.18332857,40.64,2039.390574,7.90728638,3.3,46,3.564365836
11,Male,3/13/24,14:09,22,1,Lamp2_Adjusted_VA,1.66759871,Lamp2,Adjusted,2020,1.15268413,11.18332857,40.64,2039.390574,7.90728638,1.63,56,1.446709178
11,Male,3/13/24,14:09,22,1,Lamp3_Perceptual_VA,1.79346056,Lamp3,Perceptual,5027,0.4631963,4.542209501,40.64,5034.823027,3.194399214,1.44,46,3.871923334
11,Male,3/13/24,14:09,22,1,Lamp3_Adjusted_VA,0.649645973,Lamp3,Adjusted,5027,0.4631963,4.542209501,40.64,5034.823027,3.194399214,0.72,63.5,1.402528418
11,Male,3/13/24,14:09,22,1,Lamp4_Perceptual_VA,2.677467562,Lamp4,Perceptual,3421,0.680641069,6.658445696,40.64,3432.485239,4.68839803,2.15,46,3.933743768
11,Male,3/13/24,14:09,22,1,Lamp4_Adjusted_VA,0.873061652,Lamp4,Adjusted,3421,0.680641069,6.658445696,40.64,3432.485239,4.68839803,0.96,63,1.282704926
11,Male,3/13/24,14:09,22,1,Stick1_Perceptual_VA,5.165574032,Stick1,Perceptual,6280,2.36338945,3.45399333,14,6285.389794,2.372950228,4.15,46,2.18566349
11,Male,3/13/24,14:09,22,1,Stick1_Adjusted_VA,2.859033805,Stick1,Adjusted,6280,2.36338945,3.45399333,14,6285.389794,2.372950228,2.77,55.5,1.209717596
11,Male,3/13/24,14:09,22,1,Stick2_Perceptual_VA,13.63642914,Stick2,Perceptual,2020,7.338560272,10.62760134,14,2036.694591,7.341075179,11,46,1.858188614
11,Male,3/13/24,14:09,22,1,Stick2_Adjusted_VA,8.72314529,Stick2,Adjusted,2020,7.338560272,10.62760134,14,2036.694591,7.341075179,9,59,1.188672569
11,Male,3/13/24,14:09,22,1,Stick3_Perceptual_VA,6.432781616,Stick3,Perceptual,5027,2.952239146,4.311990364,14,5033.731604,2.96346827,5.17,46,2.178950044
11,Male,3/13/24,14:09,22,1,Stick3_Adjusted_VA,2.948527224,Stick3,Adjusted,5027,2.952239146,4.311990364,14,5033.731604,2.96346827,3.32,64.5,0.998742676
11,Male,3/13/24,14:09,22,1,Stick4_Perceptual_VA,9.568514488,Stick4,Perceptual,3421,4.337065743,6.322470667,14,3430.884122,4.350187438,7.7,46,2.206218456
11,Male,3/13/24,14:09,22,1,Stick4_Adjusted_VA,4.662294671,Stick4,Adjusted,3421,4.337065743,6.322470667,14,3430.884122,4.350187438,5.17,63.5,1.07498824
12,Female,3/13/24,15:12,18,1,Lamp1_Perceptual_VA,0.877324482,Lamp1,Perceptual,6280,0.370779037,3.638674008,40.64,6286.263907,2.557997168,0.98,64,2.366165273
12,Female,3/13/24,15:12,18,1,Lamp1_Adjusted_VA,0.456500544,Lamp1,Adjusted,6280,0.370779037,3.638674008,40.64,6286.263907,2.557997168,0.49,61.5,1.23119297
12,Female,3/13/24,15:12,18,1,Lamp2_Perceptual_VA,1.459173013,Lamp2,Perceptual,2020,1.15268413,11.18332857,40.64,2039.390574,7.90728638,1.63,64,1.265891474
12,Female,3/13/24,15:12,18,1,Lamp2_Adjusted_VA,1.155346817,Lamp2,Adjusted,2020,1.15268413,11.18332857,40.64,2039.390574,7.90728638,1.22,60.5,1.002309989
12,Female,3/13/24,15:12,18,1,Lamp3_Perceptual_VA,1.092167725,Lamp3,Perceptual,5027,0.4631963,4.542209501,40.64,5034.823027,3.194399214,1.22,64,2.357893892
12,Female,3/13/24,15:12,18,1,Lamp3_Adjusted_VA,0.631218305,Lamp3,Adjusted,5027,0.4631963,4.542209501,40.64,5034.823027,3.194399214,0.65,59,1.362744706
12,Female,3/13/24,15:12,18,1,Lamp4_Perceptual_VA,1.459173013,Lamp4,Perceptual,3421,0.680641069,6.658445696,40.64,3432.485239,4.68839803,1.63,64,2.143821582
12,Female,3/13/24,15:12,18,1,Lamp4_Adjusted_VA,0.887142733,Lamp4,Adjusted,3421,0.680641069,6.658445696,40.64,3432.485239,4.68839803,0.96,62,1.303392895
12,Female,3/13/24,15:12,18,1,Stick1_Perceptual_VA,3.713972219,Stick1,Perceptual,6280,2.36338945,3.45399333,14,6285.389794,2.372950228,4.15,64,1.571460099
12,Female,3/13/24,15:12,18,1,Stick1_Adjusted_VA,3.147894909,Stick1,Adjusted,6280,2.36338945,3.45399333,14,6285.389794,2.372950228,3.05,55.5,1.331940831
12,Female,3/13/24,15:12,18,1,Stick2_Perceptual_VA,6.162301666,Stick2,Perceptual,2020,7.338560272,10.62760134,14,2036.694591,7.341075179,6.89,64,0.839715344
12,Female,3/13/24,15:12,18,1,Stick2_Adjusted_VA,8.302570533,Stick2,Adjusted,2020,7.338560272,10.62760134,14,2036.694591,7.341075179,9,62,1.131362314
12,Female,3/13/24,15:12,18,1,Stick3_Perceptual_VA,4.625910208,Stick3,Perceptual,5027,2.952239146,4.311990364,14,5033.731604,2.96346827,5.17,64,1.566915816
12,Female,3/13/24,15:12,18,1,Stick3_Adjusted_VA,3.700202684,Stick3,Adjusted,5027,2.952239146,4.311990364,14,5033.731604,2.96346827,4.07,63,1.253354658
12,Female,3/13/24,15:12,18,1,Stick4_Perceptual_VA,6.162301666,Stick4,Perceptual,3421,4.337065743,6.322470667,14,3430.884122,4.350187438,6.89,64,1.420845805
12,Female,3/13/24,15:12,18,1,Stick4_Adjusted_VA,5.587635354,Stick4,Adjusted,3421,4.337065743,6.322470667,14,3430.884122,4.350187438,6.1,62.5,1.288344629
13,Female,3/13/24,16:17,24,1,Lamp1_Perceptual_VA,1.604177026,Lamp1,Perceptual,6280,0.370779037,3.638674008,40.64,6286.263907,2.557997168,0.98,35,4.326504103
13,Female,3/13/24,16:17,24,1,Lamp1_Adjusted_VA,0.648624539,Lamp1,Adjusted,6280,0.370779037,3.638674008,40.64,6286.263907,2.557997168,0.3,26.5,1.749356015
13,Female,3/13/24,16:17,24,1,Lamp2_Perceptual_VA,3.109578822,Lamp2,Perceptual,2020,1.15268413,11.18332857,40.64,2039.390574,7.90728638,1.9,35,2.697685117
13,Female,3/13/24,16:17,24,1,Lamp2_Adjusted_VA,1.269269974,Lamp2,Adjusted,2020,1.15268413,11.18332857,40.64,2039.390574,7.90728638,0.72,32.5,1.101142924
13,Female,3/13/24,16:17,24,1,Lamp3_Perceptual_VA,1.996964992,Lamp3,Perceptual,5027,0.4631963,4.542209501,40.64,5034.823027,3.194399214,1.22,35,4.311271472
13,Female,3/13/24,16:17,24,1,Lamp3_Adjusted_VA,0.537143999,Lamp3,Adjusted,5027,0.4631963,4.542209501,40.64,5034.823027,3.194399214,0.3,32,1.159646567
13,Female,3/13/24,16:17,24,1,Lamp4_Perceptual_VA,2.667864179,Lamp4,Perceptual,3421,0.680641069,6.658445696,40.64,3432.485239,4.68839803,1.63,35,3.919634447
13,Female,3/13/24,16:17,24,1,Lamp4_Adjusted_VA,0.89124971,Lamp4,Adjusted,3421,0.680641069,6.658445696,40.64,3432.485239,4.68839803,0.49,31.5,1.309426878
13,Female,3/13/24,16:17,24,1,Stick1_Perceptual_VA,9.960673336,Stick1,Perceptual,6280,2.36338945,3.45399333,14,6285.389794,2.372950228,6.1,35,4.214571295
13,Female,3/13/24,16:17,24,1,Stick1_Adjusted_VA,2.430365566,Stick1,Adjusted,6280,2.36338945,3.45399333,14,6285.389794,2.372950228,1.4,33,1.028339009
13,Female,3/13/24,16:17,24,1,Stick2_Perceptual_VA,14.65281332,Stick2,Perceptual,2020,7.338560272,10.62760134,14,2036.694591,7.341075179,9,35,1.996687739
13,Female,3/13/24,16:17,24,1,Stick2_Adjusted_VA,6.850469326,Stick2,Adjusted,2020,7.338560272,10.62760134,14,2036.694591,7.341075179,4.07,34,0.93348955
13,Female,3/13/24,16:17,24,1,Stick3_Perceptual_VA,9.960673336,Stick3,Perceptual,5027,2.952239146,4.311990364,14,5033.731604,2.96346827,6.1,35,3.373938507
13,Female,3/13/24,16:17,24,1,Stick3_Adjusted_VA,2.881543815,Stick3,Adjusted,5027,2.952239146,4.311990364,14,5033.731604,2.96346827,1.66,33,0.976053657
13,Female,3/13/24,16:17,24,1,Stick4_Perceptual_VA,14.65281332,Stick4,Perceptual,3421,4.337065743,6.322470667,14,3430.884122,4.350187438,9,35,3.378508464
13,Female,3/13/24,16:17,24,1,Stick4_Adjusted_VA,5.43084421,Stick4,Adjusted,3421,4.337065743,6.322470667,14,3430.884122,4.350187438,3.32,35,1.252193195
14,Female,4/16/24,13:14,33,1,Lamp1_Perceptual_VA,1.226283906,Lamp1,Perceptual,6280,0.370779037,3.638674008,40.64,6286.263907,2.557997168,1.22,57,3.307317252
14,Female,4/16/24,13:14,33,1,Lamp1_Adjusted_VA,0.340369966,Lamp1,Adjusted,6280,0.370779037,3.638674008,40.64,6286.263907,2.557997168,0.3,50.5,0.917986003
14,Female,4/16/24,13:14,33,1,Lamp2_Perceptual_VA,2.160900419,Lamp2,Perceptual,2020,1.15268413,11.18332857,40.64,2039.390574,7.90728638,2.15,57,1.874668318
14,Female,4/16/24,13:14,33,1,Lamp2_Adjusted_VA,1.33138487,Lamp2,Adjusted,2020,1.15268413,11.18332857,40.64,2039.390574,7.90728638,1.22,52.5,1.155030103
14,Female,4/16/24,13:14,33,1,Lamp3_Perceptual_VA,1.909682508,Lamp3,Perceptual,5027,0.4631963,4.542209501,40.64,5034.823027,3.194399214,1.9,57,4.122836279
14,Female,4/16/24,13:14,33,1,Lamp3_Adjusted_VA,0.54667118,Lamp3,Adjusted,5027,0.4631963,4.542209501,40.64,5034.823027,3.194399214,0.52,54.5,1.180214913
14,Female,4/16/24,13:14,33,1,Lamp4_Perceptual_VA,2.452287012,Lamp4,Perceptual,3421,0.680641069,6.658445696,40.64,3432.485239,4.68839803,2.44,57,3.602907795
14,Female,4/16/24,13:14,33,1,Lamp4_Adjusted_VA,1.020879608,Lamp4,Adjusted,3421,0.680641069,6.658445696,40.64,3432.485239,4.68839803,0.98,55,1.499879532
14,Female,4/16/24,13:14,33,1,Stick1_Perceptual_VA,6.125811603,Stick1,Perceptual,6280,2.36338945,3.45399333,14,6285.389794,2.372950228,6.1,57,2.591960289
14,Female,4/16/24,13:14,33,1,Stick1_Adjusted_VA,1.909682508,Stick1,Adjusted,6280,2.36338945,3.45399333,14,6285.389794,2.372950228,1.4,42,0.808027009
14,Female,4/16/24,13:14,33,1,Stick2_Perceptual_VA,10.36529311,Stick2,Perceptual,2020,7.338560272,10.62760134,14,2036.694591,7.341075179,10.34,57,1.412442321
14,Female,4/16/24,13:14,33,1,Stick2_Adjusted_VA,7.754900844,Stick2,Adjusted,2020,7.338560272,10.62760134,14,2036.694591,7.341075179,6.1,45,1.056733277
14,Female,4/16/24,13:14,33,1,Stick3_Perceptual_VA,6.917338579,Stick3,Perceptual,5027,2.952239146,4.311990364,14,5033.731604,2.96346827,6.89,57,2.34308206
14,Female,4/16/24,13:14,33,1,Stick3_Adjusted_VA,3.296300464,Stick3,Adjusted,5027,2.952239146,4.311990364,14,5033.731604,2.96346827,3.05,53,1.116542496
14,Female,4/16/24,13:14,33,1,Stick4_Perceptual_VA,10.36529311,Stick4,Perceptual,3421,4.337065743,6.322470667,14,3430.884122,4.350187438,10.34,57,2.389932208
14,Female,4/16/24,13:14,33,1,Stick4_Adjusted_VA,6.234987211,Stick4,Adjusted,3421,4.337065743,6.322470667,14,3430.884122,4.350187438,6.1,56,1.437604957
15,Female,4/16/24,14:12,27,1,Lamp1_Perceptual_VA,1.306501348,Lamp1,Perceptual,6280,0.370779037,3.638674008,40.64,6286.263907,2.557997168,1.22,53.5,3.523665627
15,Female,4/16/24,14:12,27,1,Lamp1_Adjusted_VA,0.64072032,Lamp1,Adjusted,6280,0.370779037,3.638674008,40.64,6286.263907,2.557997168,0.52,46.5,1.728038145
15,Female,4/16/24,14:12,27,1,Lamp2_Perceptual_VA,2.302230866,Lamp2,Perceptual,2020,1.15268413,11.18332857,40.64,2039.390574,7.90728638,2.15,53.5,1.997278184
15,Female,4/16/24,14:12,27,1,Lamp2_Adjusted_VA,1.675995824,Lamp2,Adjusted,2020,1.15268413,11.18332857,40.64,2039.390574,7.90728638,0.98,33.5,1.453994013
15,Female,4/16/24,14:12,27,1,Lamp3_Perceptual_VA,1.745512099,Lamp3,Perceptual,5027,0.4631963,4.542209501,40.64,5034.823027,3.194399214,1.63,53.5,3.768406831
15,Female,4/16/24,14:12,27,1,Lamp3_Adjusted_VA,0.827591315,Lamp3,Adjusted,5027,0.4631963,4.542209501,40.64,5034.823027,3.194399214,0.39,27,1.786696733
15,Female,4/16/24,14:12,27,1,Lamp4_Perceptual_VA,2.034589559,Lamp4,Perceptual,3421,0.680641069,6.658445696,40.64,3432.485239,4.68839803,1.9,53.5,2.989225383
15,Female,4/16/24,14:12,27,1,Lamp4_Adjusted_VA,1.396515484,Lamp4,Adjusted,3421,0.680641069,6.658445696,40.64,3432.485239,4.68839803,0.39,16,2.051764944
15,Female,4/16/24,14:12,27,1,Stick1_Perceptual_VA,9.615907926,Stick1,Perceptual,6280,2.36338945,3.45399333,14,6285.389794,2.372950228,9,53.5,4.068693768
15,Female,4/16/24,14:12,27,1,Stick1_Adjusted_VA,2.864192368,Stick1,Adjusted,6280,2.36338945,3.45399333,14,6285.389794,2.372950228,1.4,28,1.211900294
15,Female,4/16/24,14:12,27,1,Stick2_Perceptual_VA,11.03933604,Stick2,Perceptual,2020,7.338560272,10.62760134,14,2036.694591,7.341075179,10.34,53.5,1.5042918
15,Female,4/16/24,14:12,27,1,Stick2_Adjusted_VA,8.79984484,Stick2,Adjusted,2020,7.338560272,10.62760134,14,2036.694591,7.341075179,2.77,18,1.199124149
15,Female,4/16/24,14:12,27,1,Stick3_Perceptual_VA,8.232117693,Stick3,Perceptual,5027,2.952239146,4.311990364,14,5033.731604,2.96346827,7.7,53.5,2.78843186
15,Female,4/16/24,14:12,27,1,Stick3_Adjusted_VA,3.457531984,Stick3,Adjusted,5027,2.952239146,4.311990364,14,5033.731604,2.96346827,1.66,27.5,1.171155795
15,Female,4/16/24,14:12,27,1,Stick4_Perceptual_VA,9.615907926,Stick4,Perceptual,3421,4.337065743,6.322470667,14,3430.884122,4.350187438,9,53.5,2.217145991
15,Female,4/16/24,14:12,27,1,Stick4_Adjusted_VA,7.437987946,Stick4,Adjusted,3421,4.337065743,6.322470667,14,3430.884122,4.350187438,2.08,16,1.7149816
16,Male,4/18/24,16:00,28,1,Lamp1_Perceptual_VA,0.935810261,Lamp1,Perceptual,6280,0.370779037,3.638674008,40.64,6286.263907,2.557997168,0.98,60,2.52390283
16,Male,4/18/24,16:00,28,1,Lamp1_Adjusted_VA,0.629440261,Lamp1,Adjusted,6280,0.370779037,3.638674008,40.64,6286.263907,2.557997168,0.39,35.5,1.697615556
16,Male,4/18/24,16:00,28,1,Lamp2_Perceptual_VA,2.052879122,Lamp2,Perceptual,2020,1.15268413,11.18332857,40.64,2039.390574,7.90728638,2.15,60,1.780955483
16,Male,4/18/24,16:00,28,1,Lamp2_Adjusted_VA,1.500021999,Lamp2,Adjusted,2020,1.15268413,11.18332857,40.64,2039.390574,7.90728638,0.72,27.5,1.301329618
16,Male,4/18/24,16:00,28,1,Lamp3_Perceptual_VA,1.375032709,Lamp3,Perceptual,5027,0.4631963,4.542209501,40.64,5034.823027,3.194399214,1.44,60,2.96857447
16,Male,4/18/24,16:00,28,1,Lamp3_Adjusted_VA,0.63843208,Lamp3,Adjusted,5027,0.4631963,4.542209501,40.64,5034.823027,3.194399214,0.39,35,1.378318611
16,Male,4/18/24,16:00,28,1,Lamp4_Perceptual_VA,1.814214757,Lamp4,Perceptual,3421,0.680641069,6.658445696,40.64,3432.485239,4.68839803,1.9,60,2.66545003
16,Male,4/18/24,16:00,28,1,Lamp4_Adjusted_VA,0.726668439,Lamp4,Adjusted,3421,0.680641069,6.658445696,40.64,3432.485239,4.68839803,0.52,41,1.067623557
16,Male,4/18/24,16:00,28,1,Stick1_Perceptual_VA,6.572249498,Stick1,Perceptual,6280,2.36338945,3.45399333,14,6285.389794,2.372950228,6.89,60,2.780857593
16,Male,4/18/24,16:00,28,1,Stick1_Adjusted_VA,2.498962982,Stick1,Adjusted,6280,2.36338945,3.45399333,14,6285.389794,2.372950228,2.77,63.5,1.057364025
16,Male,4/18/24,16:00,28,1,Stick2_Perceptual_VA,10.47495213,Stick2,Perceptual,2020,7.338560272,10.62760134,14,2036.694591,7.341075179,11,60,1.427385174
16,Male,4/18/24,16:00,28,1,Stick2_Adjusted_VA,7.449175076,Stick2,Adjusted,2020,7.338560272,10.62760134,14,2036.694591,7.341075179,3.32,25.5,1.015073093
16,Male,4/18/24,16:00,28,1,Stick3_Perceptual_VA,8.578306658,Stick3,Perceptual,5027,2.952239146,4.311990364,14,5033.731604,2.96346827,9,60,2.905695045
16,Male,4/18/24,16:00,28,1,Stick3_Adjusted_VA,3.677728902,Stick3,Adjusted,5027,2.952239146,4.311990364,14,5033.731604,2.96346827,3.05,47.5,1.245742205
16,Male,4/18/24,16:00,28,1,Stick4_Perceptual_VA,9.849643881,Stick4,Perceptual,3421,4.337065743,6.322470667,14,3430.884122,4.350187438,10.34,60,2.271038639
16,Male,4/18/24,16:00,28,1,Stick4_Adjusted_VA,4.421571517,Stick4,Adjusted,3421,4.337065743,6.322470667,14,3430.884122,4.350187438,3.32,43,1.01948455
17,Male,4/19/24,14:18,31,1,Lamp1_Perceptual_VA,0.956568186,Lamp1,Perceptual,6280,0.370779037,3.638674008,40.64,6286.263907,2.557997168,0.96,57.5,2.579887454
17,Male,4/19/24,14:18,31,1,Lamp1_Adjusted_VA,0.608031137,Lamp1,Adjusted,6280,0.370779037,3.638674008,40.64,6286.263907,2.557997168,0.52,49,1.639874633
17,Male,4/19/24,14:18,31,1,Lamp2_Perceptual_VA,1.624102038,Lamp2,Perceptual,2020,1.15268413,11.18332857,40.64,2039.390574,7.90728638,1.63,57.5,1.40897406
17,Male,4/19/24,14:18,31,1,Lamp2_Adjusted_VA,1.527796922,Lamp2,Adjusted,2020,1.15268413,11.18332857,40.64,2039.390574,7.90728638,1.44,54,1.325425485
17,Male,4/19/24,14:18,31,1,Lamp3_Perceptual_VA,0.777217787,Lamp3,Perceptual,5027,0.4631963,4.542209501,40.64,5034.823027,3.194399214,0.78,57.5,1.677944723
17,Male,4/19/24,14:18,31,1,Lamp3_Adjusted_VA,0.708196327,Lamp3,Adjusted,5027,0.4631963,4.542209501,40.64,5034.823027,3.194399214,0.72,58.25,1.528933473
17,Male,4/19/24,14:18,31,1,Lamp4_Perceptual_VA,0.976495735,Lamp4,Perceptual,3421,0.680641069,6.658445696,40.64,3432.485239,4.68839803,0.98,57.5,1.434670607
17,Male,4/19/24,14:18,31,1,Lamp4_Adjusted_VA,0.943673859,Lamp4,Adjusted,3421,0.680641069,6.658445696,40.64,3432.485239,4.68839803,0.98,59.5,1.386448603
17,Male,4/19/24,14:18,31,1,Stick1_Perceptual_VA,6.072643785,Stick1,Perceptual,6280,2.36338945,3.45399333,14,6285.389794,2.372950228,6.1,57.5,2.569463863
17,Male,4/19/24,14:18,31,1,Stick1_Adjusted_VA,2.885014089,Stick1,Adjusted,6280,2.36338945,3.45399333,14,6285.389794,2.372950228,2.77,55,1.220710403
17,Male,4/19/24,14:18,31,1,Stick2_Perceptual_VA,10.92768563,Stick2,Perceptual,2020,7.338560272,10.62760134,14,2036.694591,7.341075179,11,57.5,1.489077588
17,Male,4/19/24,14:18,31,1,Stick2_Adjusted_VA,7.694571849,Stick2,Adjusted,2020,7.338560272,10.62760134,14,2036.694591,7.341075179,7.7,57.25,1.048512455
17,Male,4/19/24,14:18,31,1,Stick3_Perceptual_VA,6.857331933,Stick3,Perceptual,5027,2.952239146,4.311990364,14,5033.731604,2.96346827,6.89,57.5,2.322756252
17,Male,4/19/24,14:18,31,1,Stick3_Adjusted_VA,2.91147077,Stick3,Adjusted,5027,2.952239146,4.311990364,14,5033.731604,2.96346827,2.77,54.5,0.986190694
17,Male,4/19/24,14:18,31,1,Stick4_Perceptual_VA,7.661217007,Stick4,Perceptual,3421,4.337065743,6.322470667,14,3430.884122,4.350187438,7.7,57.5,1.766451666
17,Male,4/19/24,14:18,31,1,Stick4_Adjusted_VA,4.463046843,Stick4,Adjusted,3421,4.337065743,6.322470667,14,3430.884122,4.350187438,4.15,53.25,1.029047542
18,Female,4/19/24,15:09,28,1,Lamp1_Perceptual_VA,1.215621372,Lamp1,Perceptual,6280,0.370779037,3.638674008,40.64,6286.263907,2.557997168,1.22,57.5,3.278560139
18,Female,4/19/24,15:09,28,1,Lamp1_Adjusted_VA,0.687541104,Lamp1,Adjusted,6280,0.370779037,3.638674008,40.64,6286.263907,2.557997168,0.39,32.5,1.854314928
18,Female,4/19/24,15:09,28,1,Lamp2_Perceptual_VA,1.624102038,Lamp2,Perceptual,2020,1.15268413,11.18332857,40.64,2039.390574,7.90728638,1.63,57.5,1.40897406
18,Female,4/19/24,15:09,28,1,Lamp2_Adjusted_VA,1.386348751,Lamp2,Adjusted,2020,1.15268413,11.18332857,40.64,2039.390574,7.90728638,0.98,40.5,1.202713489
18,Female,4/19/24,15:09,28,1,Lamp3_Perceptual_VA,1.434810622,Lamp3,Perceptual,5027,0.4631963,4.542209501,40.64,5034.823027,3.194399214,1.44,57.5,3.097629717
18,Female,4/19/24,15:09,28,1,Lamp3_Adjusted_VA,0.61429938,Lamp3,Adjusted,5027,0.4631963,4.542209501,40.64,5034.823027,3.194399214,0.52,48.5,1.326218238
18,Female,4/19/24,15:09,28,1,Lamp4_Perceptual_VA,1.434810622,Lamp4,Perceptual,3421,0.680641069,6.658445696,40.64,3432.485239,4.68839803,1.44,57.5,2.108028281
18,Female,4/19/24,15:09,28,1,Lamp4_Adjusted_VA,0.893796035,Lamp4,Adjusted,3421,0.680641069,6.658445696,40.64,3432.485239,4.68839803,0.78,50,1.313167947
18,Female,4/19/24,15:09,28,1,Stick1_Perceptual_VA,7.661217007,Stick1,Perceptual,6280,2.36338945,3.45399333,14,6285.389794,2.372950228,7.7,57.5,3.24162275
18,Female,4/19/24,15:09,28,1,Stick1_Adjusted_VA,3.177191505,Stick1,Adjusted,6280,2.36338945,3.45399333,14,6285.389794,2.372950228,2.08,37.5,1.34433684
18,Female,4/19/24,15:09,28,1,Stick2_Perceptual_VA,12.89906941,Stick2,Perceptual,2020,7.338560272,10.62760134,14,2036.694591,7.341075179,13,57.5,1.757711176
18,Female,4/19/24,15:09,28,1,Stick2_Adjusted_VA,8.329501173,Stick2,Adjusted,2020,7.338560272,10.62760134,14,2036.694591,7.341075179,5.17,35.5,1.135032059
18,Female,4/19/24,15:09,28,1,Stick3_Perceptual_VA,8.949793012,Stick3,Perceptual,5027,2.952239146,4.311990364,14,5033.731604,2.96346827,9,57.5,3.031527113
18,Female,4/19/24,15:09,28,1,Stick3_Adjusted_VA,3.639445118,Stick3,Adjusted,5027,2.952239146,4.311990364,14,5033.731604,2.96346827,3.05,48,1.232774494
18,Female,4/19/24,15:09,28,1,Stick4_Perceptual_VA,10.27564462,Stick4,Perceptual,3421,4.337065743,6.322470667,14,3430.884122,4.350187438,10.34,57.5,2.369261899
18,Female,4/19/24,15:09,28,1,Stick4_Adjusted_VA,4.958473682,Stick4,Adjusted,3421,4.337065743,6.322470667,14,3430.884122,4.350187438,4.07,47,1.143278423
19,Male,4/19/24,16:16,25,1,Lamp1_Perceptual_VA,1.013029421,Lamp1,Perceptual,6280,0.370779037,3.638674008,40.64,6286.263907,2.557997168,1.22,69,2.732164765
19,Male,4/19/24,16:16,25,1,Lamp1_Adjusted_VA,1.176029973,Lamp1,Adjusted,6280,0.370779037,3.638674008,40.64,6286.263907,2.557997168,0.39,19,3.171781184
19,Male,4/19/24,16:16,25,1,Lamp2_Perceptual_VA,2.241722751,Lamp2,Perceptual,2020,1.15268413,11.18332857,40.64,2039.390574,7.90728638,2.7,69,1.944784952
19,Male,4/19/24,16:16,25,1,Lamp2_Adjusted_VA,1.701385996,Lamp2,Adjusted,2020,1.15268413,11.18332857,40.64,2039.390574,7.90728638,0.98,33,1.476021012
19,Male,4/19/24,16:16,25,1,Lamp3_Perceptual_VA,1.353446055,Lamp3,Perceptual,5027,0.4631963,4.542209501,40.64,5034.823027,3.194399214,1.63,69,2.921970786
19,Male,4/19/24,16:16,25,1,Lamp3_Adjusted_VA,0.610523021,Lamp3,Adjusted,5027,0.4631963,4.542209501,40.64,5034.823027,3.194399214,0.65,61,1.318065412
19,Male,4/19/24,16:16,25,1,Lamp4_Perceptual_VA,2.025900526,Lamp4,Perceptual,3421,0.680641069,6.658445696,40.64,3432.485239,4.68839803,2.44,69,2.976459428
19,Male,4/19/24,16:16,25,1,Lamp4_Adjusted_VA,0.924416053,Lamp4,Adjusted,3421,0.680641069,6.658445696,40.64,3432.485239,4.68839803,0.96,59.5,1.358154974
19,Male,4/19/24,16:16,25,1,Stick1_Perceptual_VA,3.445012255,Stick1,Perceptual,6280,2.36338945,3.45399333,14,6285.389794,2.372950228,4.15,69,1.457657457
19,Male,4/19/24,16:16,25,1,Stick1_Adjusted_VA,2.770976553,Stick1,Adjusted,6280,2.36338945,3.45399333,14,6285.389794,2.372950228,2.08,43,1.172458713
19,Male,4/19/24,16:16,25,1,Stick2_Perceptual_VA,8.570049324,Stick2,Perceptual,2020,7.338560272,10.62760134,14,2036.694591,7.341075179,10.34,69,1.167810716
19,Male,4/19/24,16:16,25,1,Stick2_Adjusted_VA,6.655187904,Stick2,Adjusted,2020,7.338560272,10.62760134,14,2036.694591,7.341075179,4.07,35,0.906879232
19,Male,4/19/24,16:16,25,1,Stick3_Perceptual_VA,5.716527394,Stick3,Perceptual,5027,2.952239146,4.311990364,14,5033.731604,2.96346827,6.89,69,1.936336154
19,Male,4/19/24,16:16,25,1,Stick3_Adjusted_VA,2.712472926,Stick3,Adjusted,5027,2.952239146,4.311990364,14,5033.731604,2.96346827,2.77,58.5,0.91878496
19,Male,4/19/24,16:16,25,1,Stick4_Perceptual_VA,4.291024813,Stick4,Perceptual,3421,4.337065743,6.322470667,14,3430.884122,4.350187438,5.17,69,0.989384314
19,Male,4/19/24,16:16,25,1,Stick4_Adjusted_VA,3.656873272,Stick4,Adjusted,3421,4.337065743,6.322470667,14,3430.884122,4.350187438,3.32,52,0.84316759
20,Female,5/10/24,14:49,21,1,Lamp1_Perceptual_VA,1.00614393,Lamp1,Perceptual,6280,0.370779037,3.638674008,40.64,6286.263907,2.557997168,0.72,41,2.713594431
20,Female,5/10/24,14:49,21,1,Lamp1_Adjusted_VA,0.411704429,Lamp1,Adjusted,6280,0.370779037,3.638674008,40.64,6286.263907,2.557997168,0.3,41.75,1.110376767
20,Female,5/10/24,14:49,21,1,Lamp2_Perceptual_VA,2.012132751,Lamp2,Perceptual,2020,1.15268413,11.18332857,40.64,2039.390574,7.90728638,1.44,41,1.745606362
20,Female,5/10/24,14:49,21,1,Lamp2_Adjusted_VA,1.163780508,Lamp2,Adjusted,2020,1.15268413,11.18332857,40.64,2039.390574,7.90728638,0.65,32,1.009626556
20,Female,5/10/24,14:49,21,1,Lamp3_Perceptual_VA,0.908328699,Lamp3,Perceptual,5027,0.4631963,4.542209501,40.64,5034.823027,3.194399214,0.65,41,1.961001632
20,Female,5/10/24,14:49,21,1,Lamp3_Adjusted_VA,0.502139573,Lamp3,Adjusted,5027,0.4631963,4.542209501,40.64,5034.823027,3.194399214,0.39,44.5,1.084075096
20,Female,5/10/24,14:49,21,1,Lamp4_Perceptual_VA,1.369443679,Lamp4,Perceptual,3421,0.680641069,6.658445696,40.64,3432.485239,4.68839803,0.98,41,2.011990962
20,Female,5/10/24,14:49,21,1,Lamp4_Adjusted_VA,0.701864522,Lamp4,Adjusted,3421,0.680641069,6.658445696,40.64,3432.485239,4.68839803,0.49,40,1.031181565
20,Female,5/10/24,14:49,21,1,Stick1_Perceptual_VA,4.260283069,Stick1,Perceptual,6280,2.36338945,3.45399333,14,6285.389794,2.372950228,3.05,41,1.80261576
20,Female,5/10/24,14:49,21,1,Stick1_Adjusted_VA,2.005147608,Stick1,Adjusted,6280,2.36338945,3.45399333,14,6285.389794,2.372950228,1.4,40,0.848420309
20,Female,5/10/24,14:49,21,1,Stick2_Perceptual_VA,12.52698123,Stick2,Perceptual,2020,7.338560272,10.62760134,14,2036.694591,7.341075179,9,41,1.707008019
20,Female,5/10/24,14:49,21,1,Stick2_Adjusted_VA,6.217785167,Stick2,Adjusted,2020,7.338560272,10.62760134,14,2036.694591,7.341075179,2.77,25.5,0.847275887
20,Female,5/10/24,14:49,21,1,Stick3_Perceptual_VA,7.215307524,Stick3,Perceptual,5027,2.952239146,4.311990364,14,5033.731604,2.96346827,5.17,41,2.444011873
20,Female,5/10/24,14:49,21,1,Stick3_Adjusted_VA,2.756308717,Stick3,Adjusted,5027,2.952239146,4.311990364,14,5033.731604,2.96346827,1.66,34.5,0.93363328
20,Female,5/10/24,14:49,21,1,Stick4_Perceptual_VA,9.605922027,Stick4,Perceptual,3421,4.337065743,6.322470667,14,3430.884122,4.350187438,6.89,41,2.214843536
20,Female,5/10/24,14:49,21,1,Stick4_Adjusted_VA,4.388610085,Stick4,Adjusted,3421,4.337065743,6.322470667,14,3430.884122,4.350187438,3.05,39.8,1.011884612
21,Male,5/15/24,12:50,34,1,Lamp1_Perceptual_VA,1.506237773,Lamp1,Perceptual,6280,0.370779037,3.638674008,40.64,6286.263907,2.557997168,1.63,62,4.062359578
21,Male,5/15/24,12:50,34,1,Lamp1_Adjusted_VA,0.580393842,Lamp1,Adjusted,6280,0.370779037,3.638674008,40.64,6286.263907,2.557997168,0.39,38.5,1.565336182
21,Male,5/15/24,12:50,34,1,Lamp2_Perceptual_VA,3.048894417,Lamp2,Perceptual,2020,1.15268413,11.18332857,40.64,2039.390574,7.90728638,3.3,62,2.645038947
21,Male,5/15/24,12:50,34,1,Lamp2_Adjusted_VA,1.401304625,Lamp2,Adjusted,2020,1.15268413,11.18332857,40.64,2039.390574,7.90728638,0.96,39.25,1.215688313
21,Male,5/15/24,12:50,34,1,Lamp3_Perceptual_VA,2.2545752,Lamp3,Perceptual,5027,0.4631963,4.542209501,40.64,5034.823027,3.194399214,2.44,62,4.867429215
21,Male,5/15/24,12:50,34,1,Lamp3_Adjusted_VA,0.660579317,Lamp3,Adjusted,5027,0.4631963,4.542209501,40.64,5034.823027,3.194399214,0.49,42.5,1.426132544
21,Male,5/15/24,12:50,34,1,Lamp4_Perceptual_VA,2.494744569,Lamp4,Perceptual,3421,0.680641069,6.658445696,40.64,3432.485239,4.68839803,2.7,62,3.665286572
21,Male,5/15/24,12:50,34,1,Lamp4_Adjusted_VA,0.873061652,Lamp4,Adjusted,3421,0.680641069,6.658445696,40.64,3432.485239,4.68839803,0.72,47.25,1.282704926
21,Male,5/15/24,12:50,34,1,Stick1_Perceptual_VA,10.13884027,Stick1,Perceptual,6280,2.36338945,3.45399333,14,6285.389794,2.372950228,11,62,4.289957487
21,Male,5/15/24,12:50,34,1,Stick1_Adjusted_VA,2.502522979,Stick1,Adjusted,6280,2.36338945,3.45399333,14,6285.389794,2.372950228,1.66,38,1.058870335
21,Male,5/15/24,12:50,34,1,Stick2_Perceptual_VA,13.79485512,Stick2,Perceptual,2020,7.338560272,10.62760134,14,2036.694591,7.341075179,15,62,1.879776769
21,Male,5/15/24,12:50,34,1,Stick2_Adjusted_VA,6.961287082,Stick2,Adjusted,2020,7.338560272,10.62760134,14,2036.694591,7.341075179,5.17,42.5,0.948590299
21,Male,5/15/24,12:50,34,1,Stick3_Perceptual_VA,11.96990463,Stick3,Perceptual,5027,2.952239146,4.311990364,14,5033.731604,2.96346827,13,62,4.05451728
21,Male,5/15/24,12:50,34,1,Stick3_Adjusted_VA,3.565350403,Stick3,Adjusted,5027,2.952239146,4.311990364,14,5033.731604,2.96346827,2.77,44.5,1.207676691
21,Male,5/15/24,12:50,34,1,Stick4_Perceptual_VA,13.79485512,Stick4,Perceptual,3421,4.337065743,6.322470667,14,3430.884122,4.350187438,15,62,3.180688496
21,Male,5/15/24,12:50,34,1,Stick4_Adjusted_VA,4.397723151,Stick4,Adjusted,3421,4.337065743,6.322470667,14,3430.884122,4.350187438,4.07,53,1.013985817
22,Male,5/15/24,13:44,39,1,Lamp1_Perceptual_VA,2.736944461,Lamp1,Perceptual,6280,0.370779037,3.638674008,40.64,6286.263907,2.557997168,2.15,45,7.38160518
22,Male,5/15/24,13:44,39,1,Lamp1_Adjusted_VA,1.185387637,Lamp1,Adjusted,6280,0.370779037,3.638674008,40.64,6286.263907,2.557997168,0.3,14.5,3.197019029
22,Male,5/15/24,13:44,39,1,Lamp2_Perceptual_VA,4.83543823,Lamp2,Perceptual,2020,1.15268413,11.18332857,40.64,2039.390574,7.90728638,3.8,45,4.194937802
22,Male,5/15/24,13:44,39,1,Lamp2_Adjusted_VA,1.584675855,Lamp2,Adjusted,2020,1.15268413,11.18332857,40.64,2039.390574,7.90728638,0.65,23.5,1.374770255
22,Male,5/15/24,13:44,39,1,Lamp3_Perceptual_VA,4.199809035,Lamp3,Perceptual,5027,0.4631963,4.542209501,40.64,5034.823027,3.194399214,3.3,45,9.067017676
22,Male,5/15/24,13:44,39,1,Lamp3_Adjusted_VA,0.912036007,Lamp3,Adjusted,5027,0.4631963,4.542209501,40.64,5034.823027,3.194399214,0.39,24.5,1.969005383
22,Male,5/15/24,13:44,39,1,Lamp4_Perceptual_VA,4.83543823,Lamp4,Perceptual,3421,0.680641069,6.658445696,40.64,3432.485239,4.68839803,3.8,45,7.104241064
22,Male,5/15/24,13:44,39,1,Lamp4_Adjusted_VA,1.330020869,Lamp4,Adjusted,3421,0.680641069,6.658445696,40.64,3432.485239,4.68839803,0.65,28,1.954070846
22,Male,5/15/24,13:44,39,1,Stick1_Perceptual_VA,16.4384185,Stick1,Perceptual,6280,2.36338945,3.45399333,14,6285.389794,2.372950228,13,45,6.955442108
22,Male,5/15/24,13:44,39,1,Stick1_Adjusted_VA,2.358904724,Stick1,Adjusted,6280,2.36338945,3.45399333,14,6285.389794,2.372950228,1.4,34,0.998102418
22,Male,5/15/24,13:44,39,1,Stick2_Perceptual_VA,18.92464442,Stick2,Perceptual,2020,7.338560272,10.62760134,14,2036.694591,7.341075179,15,45,2.578795256
22,Male,5/15/24,13:44,39,1,Stick2_Adjusted_VA,8.114416,Stick2,Adjusted,2020,7.338560272,10.62760134,14,2036.694591,7.341075179,3.05,21.5,1.105723153
22,Male,5/15/24,13:44,39,1,Stick3_Perceptual_VA,13.93651348,Stick3,Perceptual,5027,2.952239146,4.311990364,14,5033.731604,2.96346827,11,45,4.720658726
22,Male,5/15/24,13:44,39,1,Stick3_Adjusted_VA,3.067363766,Stick3,Adjusted,5027,2.952239146,4.311990364,14,5033.731604,2.96346827,1.66,31,1.038995696
22,Male,5/15/24,13:44,39,1,Stick4_Perceptual_VA,18.92464442,Stick4,Perceptual,3421,4.337065743,6.322470667,14,3430.884122,4.350187438,15,45,4.36346727
22,Male,5/15/24,13:44,39,1,Stick4_Adjusted_VA,5.632624672,Stick4,Adjusted,3421,4.337065743,6.322470667,14,3430.884122,4.350187438,3.05,31,1.298717844
23,Male,5/15/24,14:56,22,1,Lamp1_Perceptual_VA,0.682292823,Lamp1,Perceptual,6280,0.370779037,3.638674008,40.64,6286.263907,2.557997168,0.78,65.5,1.840160188
23,Male,5/15/24,14:56,22,1,Lamp1_Adjusted_VA,0.710748657,Lamp1,Adjusted,6280,0.370779037,3.638674008,40.64,6286.263907,2.557997168,0.49,39.5,1.916906258
23,Male,5/15/24,14:56,22,1,Lamp2_Perceptual_VA,3.3230981,Lamp2,Perceptual,2020,1.15268413,11.18332857,40.64,2039.390574,7.90728638,3.8,65.5,2.882921707
23,Male,5/15/24,14:56,22,1,Lamp2_Adjusted_VA,1.625492152,Lamp2,Adjusted,2020,1.15268413,11.18332857,40.64,2039.390574,7.90728638,1.22,43,1.410180039
23,Male,5/15/24,14:56,22,1,Lamp3_Perceptual_VA,1.425760326,Lamp3,Perceptual,5027,0.4631963,4.542209501,40.64,5034.823027,3.194399214,1.63,65.5,3.078090924
23,Male,5/15/24,14:56,22,1,Lamp3_Adjusted_VA,0.846399532,Lamp3,Adjusted,5027,0.4631963,4.542209501,40.64,5034.823027,3.194399214,0.65,44,1.827302016
23,Male,5/15/24,14:56,22,1,Lamp4_Perceptual_VA,1.880532325,Lamp4,Perceptual,3421,0.680641069,6.658445696,40.64,3432.485239,4.68839803,2.15,65.5,2.762884009
23,Male,5/15/24,14:56,22,1,Lamp4_Adjusted_VA,1.004259862,Lamp4,Adjusted,3421,0.680641069,6.658445696,40.64,3432.485239,4.68839803,0.78,44.5,1.47546175
23,Male,5/15/24,14:56,22,1,Stick1_Perceptual_VA,3.55906618,Stick1,Perceptual,6280,2.36338945,3.45399333,14,6285.389794,2.372950228,4.07,65.5,1.505916082
23,Male,5/15/24,14:56,22,1,Stick1_Adjusted_VA,2.838553423,Stick1,Adjusted,6280,2.36338945,3.45399333,14,6285.389794,2.372950228,1.66,33.5,1.201051914
23,Male,5/15/24,14:56,22,1,Stick2_Perceptual_VA,11.33457136,Stick2,Perceptual,2020,7.338560272,10.62760134,14,2036.694591,7.341075179,13,65.5,1.544522486
23,Male,5/15/24,14:56,22,1,Stick2_Adjusted_VA,9.533401702,Stick2,Adjusted,2020,7.338560272,10.62760134,14,2036.694591,7.341075179,5.17,31,1.299083383
23,Male,5/15/24,14:56,22,1,Stick3_Perceptual_VA,6.727793499,Stick3,Perceptual,5027,2.952239146,4.311990364,14,5033.731604,2.96346827,7.7,65.5,2.278878224
23,Male,5/15/24,14:56,22,1,Stick3_Adjusted_VA,3.390920049,Stick3,Adjusted,5027,2.952239146,4.311990364,14,5033.731604,2.96346827,2.22,37.5,1.148592604
23,Male,5/15/24,14:56,22,1,Stick4_Perceptual_VA,7.860351091,Stick4,Perceptual,3421,4.337065743,6.322470667,14,3430.884122,4.350187438,9,65.5,1.812366138
23,Male,5/15/24,14:56,22,1,Stick4_Adjusted_VA,5.207972603,Stick4,Adjusted,3421,4.337065743,6.322470667,14,3430.884122,4.350187438,3.32,36.5,1.200805547
24,Female,5/17/24,13:46,24,1,Lamp1_Perceptual_VA,0.606655527,Lamp1,Perceptual,6280,0.370779037,3.638674008,40.64,6286.263907,2.557997168,0.72,68,1.636164579
24,Female,5/17/24,13:46,24,1,Lamp1_Adjusted_VA,0.561494145,Lamp1,Adjusted,6280,0.370779037,3.638674008,40.64,6286.263907,2.557997168,0.49,50,1.514363244
24,Female,5/17/24,13:46,24,1,Lamp2_Perceptual_VA,1.213277051,Lamp2,Perceptual,2020,1.15268413,11.18332857,40.64,2039.390574,7.90728638,1.44,68,1.052566804
24,Female,5/17/24,13:46,24,1,Lamp2_Adjusted_VA,1.269269974,Lamp2,Adjusted,2020,1.15268413,11.18332857,40.64,2039.390574,7.90728638,1.44,65,1.101142924
24,Female,5/17/24,13:46,24,1,Lamp3_Perceptual_VA,0.825719001,Lamp3,Perceptual,5027,0.4631963,4.542209501,40.64,5034.823027,3.194399214,0.98,68,1.782654573
24,Female,5/17/24,13:46,24,1,Lamp3_Adjusted_VA,0.434943975,Lamp3,Adjusted,5027,0.4631963,4.542209501,40.64,5034.823027,3.194399214,0.52,68.5,0.93900572
24,Female,5/17/24,13:46,24,1,Lamp4_Perceptual_VA,1.027926119,Lamp4,Perceptual,3421,0.680641069,6.658445696,40.64,3432.485239,4.68839803,1.22,68,1.510232289
24,Female,5/17/24,13:46,24,1,Lamp4_Adjusted_VA,0.682292823,Lamp4,Adjusted,3421,0.680641069,6.658445696,40.64,3432.485239,4.68839803,0.78,65.5,1.002426762
24,Female,5/17/24,13:46,24,1,Stick1_Perceptual_VA,3.428297711,Stick1,Perceptual,6280,2.36338945,3.45399333,14,6285.389794,2.372950228,4.07,68,1.45058518
24,Female,5/17/24,13:46,24,1,Stick1_Adjusted_VA,2.355161486,Stick1,Adjusted,6280,2.36338945,3.45399333,14,6285.389794,2.372950228,2.22,54,0.996518574
24,Female,5/17/24,13:46,24,1,Stick2_Perceptual_VA,6.480985297,Stick2,Perceptual,2020,7.338560272,10.62760134,14,2036.694591,7.341075179,7.7,68,0.883141251
24,Female,5/17/24,13:46,24,1,Stick2_Adjusted_VA,7.796399326,Stick2,Adjusted,2020,7.338560272,10.62760134,14,2036.694591,7.341075179,7.7,56.5,1.06238813
24,Female,5/17/24,13:46,24,1,Stick3_Perceptual_VA,4.35406784,Stick3,Perceptual,5027,2.952239146,4.311990364,14,5033.731604,2.96346827,5.17,68,1.474835752
24,Female,5/17/24,13:46,24,1,Stick3_Adjusted_VA,3.428297711,Stick3,Adjusted,5027,2.952239146,4.311990364,14,5033.731604,2.96346827,4.07,68,1.161253388
24,Female,5/17/24,13:46,24,1,Stick4_Perceptual_VA,5.800451485,Stick4,Perceptual,3421,4.337065743,6.322470667,14,3430.884122,4.350187438,6.89,68,1.337413779
24,Female,5/17/24,13:46,24,1,Stick4_Adjusted_VA,5.886874264,Stick4,Adjusted,3421,4.337065743,6.322470667,14,3430.884122,4.350187438,6.89,67,1.357340334
25,Female,5/17/24,14:36,19,1,Lamp1_Perceptual_VA,1.586550972,Lamp1,Perceptual,6280,0.370779037,3.638674008,40.64,6286.263907,2.557997168,1.44,52,4.278966211
25,Female,5/17/24,14:36,19,1,Lamp1_Adjusted_VA,0.667017959,Lamp1,Adjusted,6280,0.370779037,3.638674008,40.64,6286.263907,2.557997168,0.39,33.5,1.798963514
25,Female,5/17/24,14:36,19,1,Lamp2_Perceptual_VA,2.688001144,Lamp2,Perceptual,2020,1.15268413,11.18332857,40.64,2039.390574,7.90728638,2.44,52,2.331949468
25,Female,5/17/24,14:36,19,1,Lamp2_Adjusted_VA,1.213277051,Lamp2,Adjusted,2020,1.15268413,11.18332857,40.64,2039.390574,7.90728638,0.72,34,1.052566804
25,Female,5/17/24,14:36,19,1,Lamp3_Perceptual_VA,2.093266771,Lamp3,Perceptual,5027,0.4631963,4.542209501,40.64,5034.823027,3.194399214,1.9,52,4.519178527
25,Female,5/17/24,14:36,19,1,Lamp3_Adjusted_VA,0.630890973,Lamp3,Adjusted,5027,0.4631963,4.542209501,40.64,5034.823027,3.194399214,0.49,44.5,1.362038025
25,Female,5/17/24,14:36,19,1,Lamp4_Perceptual_VA,2.974305058,Lamp4,Perceptual,3421,0.680641069,6.658445696,40.64,3432.485239,4.68839803,2.7,52,4.369858351
25,Female,5/17/24,14:36,19,1,Lamp4_Adjusted_VA,0.987615502,Lamp4,Adjusted,3421,0.680641069,6.658445696,40.64,3432.485239,4.68839803,0.78,45.25,1.451007804
25,Female,5/17/24,14:36,19,1,Stick1_Perceptual_VA,12.07536504,Stick1,Perceptual,6280,2.36338945,3.45399333,14,6285.389794,2.372950228,11,52,5.109342027
25,Female,5/17/24,14:36,19,1,Stick1_Adjusted_VA,3.846053581,Stick1,Adjusted,6280,2.36338945,3.45399333,14,6285.389794,2.372950228,2.77,41.25,1.627346513
25,Female,5/17/24,14:36,19,1,Stick2_Perceptual_VA,16.41443282,Stick2,Perceptual,2020,7.338560272,10.62760134,14,2036.694591,7.341075179,15,52,2.236737482
25,Female,5/17/24,14:36,19,1,Stick2_Adjusted_VA,8.21421232,Stick2,Adjusted,2020,7.338560272,10.62760134,14,2036.694591,7.341075179,5.17,36,1.119322049
25,Female,5/17/24,14:36,19,1,Stick3_Perceptual_VA,14.2500327,Stick3,Perceptual,5027,2.952239146,4.311990364,14,5033.731604,2.96346827,13,52,4.826855819
25,Female,5/17/24,14:36,19,1,Stick3_Adjusted_VA,3.139871513,Stick3,Adjusted,5027,2.952239146,4.311990364,14,5033.731604,2.96346827,2.22,40.5,1.063555951
25,Female,5/17/24,14:36,19,1,Stick4_Perceptual_VA,11.35572659,Stick4,Perceptual,3421,4.337065743,6.322470667,14,3430.884122,4.350187438,10.34,52,2.618297084
25,Female,5/17/24,14:36,19,1,Stick4_Adjusted_VA,4.473537476,Stick4,Adjusted,3421,4.337065743,6.322470667,14,3430.884122,4.350187438,3.32,42.5,1.031466374
26,Female,5/17/24,15:43,46,1,Lamp1_Perceptual_VA,2.620520242,Lamp1,Perceptual,6280,0.370779037,3.638674008,40.64,6286.263907,2.557997168,2.15,47,7.067606254
26,Female,5/17/24,15:43,46,1,Lamp1_Adjusted_VA,4.107730029,Lamp1,Adjusted,6280,0.370779037,3.638674008,40.64,6286.263907,2.557997168,0.52,7.25,11.0786469
26,Female,5/17/24,15:43,46,1,Lamp2_Perceptual_VA,4.629903725,Lamp2,Perceptual,2020,1.15268413,11.18332857,40.64,2039.390574,7.90728638,3.8,47,4.016628324
26,Female,5/17/24,15:43,46,1,Lamp2_Adjusted_VA,6.10576503,Lamp2,Adjusted,2020,1.15268413,11.18332857,40.64,2039.390574,7.90728638,0.96,9,5.296997565
26,Female,5/17/24,15:43,46,1,Lamp3_Perceptual_VA,2.973836505,Lamp3,Perceptual,5027,0.4631963,4.542209501,40.64,5034.823027,3.194399214,2.44,47,6.420251
26,Female,5/17/24,15:43,46,1,Lamp3_Adjusted_VA,1.986054806,Lamp3,Adjusted,5027,0.4631963,4.542209501,40.64,5034.823027,3.194399214,0.52,15,4.287717342
26,Female,5/17/24,15:43,46,1,Lamp4_Perceptual_VA,4.021243695,Lamp4,Perceptual,3421,0.680641069,6.658445696,40.64,3432.485239,4.68839803,3.3,47,5.908023891
26,Female,5/17/24,15:43,46,1,Lamp4_Adjusted_VA,2.661002958,Lamp4,Adjusted,3421,0.680641069,6.658445696,40.64,3432.485239,4.68839803,0.72,15.5,3.909553919
26,Female,5/17/24,15:43,46,1,Stick1_Perceptual_VA,8.384323772,Stick1,Perceptual,6280,2.36338945,3.45399333,14,6285.389794,2.372950228,6.89,47,3.547584496
26,Female,5/17/24,15:43,46,1,Stick1_Adjusted_VA,9.258919565,Stick1,Adjusted,6280,2.36338945,3.45399333,14,6285.389794,2.372950228,1.66,10.25,3.917644451
26,Female,5/17/24,15:43,46,1,Stick2_Perceptual_VA,15.74787626,Stick2,Perceptual,2020,7.338560272,10.62760134,14,2036.694591,7.341075179,13,47,2.145908145
26,Female,5/17/24,15:43,46,1,Stick2_Adjusted_VA,22.99769726,Stick2,Adjusted,2020,7.338560272,10.62760134,14,2036.694591,7.341075179,4.15,10.2,3.133815955
26,Female,5/17/24,15:43,46,1,Stick3_Perceptual_VA,10.93818994,Stick3,Perceptual,5027,2.952239146,4.311990364,14,5033.731604,2.96346827,9,47,3.705048745
26,Female,5/17/24,15:43,46,1,Stick3_Adjusted_VA,8.008345881,Stick3,Adjusted,5027,2.952239146,4.311990364,14,5033.731604,2.96346827,1.4,10,2.712634542
26,Female,5/17/24,15:43,46,1,Stick4_Perceptual_VA,12.55459698,Stick4,Perceptual,3421,4.337065743,6.322470667,14,3430.884122,4.350187438,10.34,47,2.894721391
26,Female,5/17/24,15:43,46,1,Stick4_Adjusted_VA,10.56964219,Stick4,Adjusted,3421,4.337065743,6.322470667,14,3430.884122,4.350187438,2.22,12,2.437049104
27,Male,5/31/24,13:46,21,1,Lamp1_Perceptual_VA,1.482331925,Lamp1,Perceptual,6280,0.370779037,3.638674008,40.64,6286.263907,2.557997168,1.63,63,3.997884931
27,Male,5/31/24,13:46,21,1,Lamp1_Adjusted_VA,1.108915955,Lamp1,Adjusted,6280,0.370779037,3.638674008,40.64,6286.263907,2.557997168,0.3,15.5,2.990773057
27,Male,5/31/24,13:46,21,1,Lamp2_Perceptual_VA,2.218797309,Lamp2,Perceptual,2020,1.15268413,11.18332857,40.64,2039.390574,7.90728638,2.44,63,1.924896206
27,Male,5/31/24,13:46,21,1,Lamp2_Adjusted_VA,1.241359995,Lamp2,Adjusted,2020,1.15268413,11.18332857,40.64,2039.390574,7.90728638,0.52,24,1.076929892
27,Male,5/31/24,13:46,21,1,Lamp3_Perceptual_VA,1.727836999,Lamp3,Perceptual,5027,0.4631963,4.542209501,40.64,5034.823027,3.194399214,1.9,63,3.730247847
27,Male,5/31/24,13:46,21,1,Lamp3_Adjusted_VA,0.58803047,Lamp3,Adjusted,5027,0.4631963,4.542209501,40.64,5034.823027,3.194399214,0.39,38,1.269505976
27,Male,5/31/24,13:46,21,1,Lamp4_Perceptual_VA,1.955142418,Lamp4,Perceptual,3421,0.680641069,6.658445696,40.64,3432.485239,4.68839803,2.15,63,2.872501393
27,Male,5/31/24,13:46,21,1,Lamp4_Adjusted_VA,0.722264504,Lamp4,Adjusted,3421,0.680641069,6.658445696,40.64,3432.485239,4.68839803,0.52,41.25,1.061153283
27,Male,5/31/24,13:46,21,1,Stick1_Perceptual_VA,4.699255701,Stick1,Perceptual,6280,2.36338945,3.45399333,14,6285.389794,2.372950228,5.17,63,1.988354353
27,Male,5/31/24,13:46,21,1,Stick1_Adjusted_VA,3.563921181,Stick1,Adjusted,6280,2.36338945,3.45399333,14,6285.389794,2.372950228,1.4,22.5,1.507970335
27,Male,5/31/24,13:46,21,1,Stick2_Perceptual_VA,9.978725139,Stick2,Perceptual,2020,7.338560272,10.62760134,14,2036.694591,7.341075179,11,63,1.359766053
27,Male,5/31/24,13:46,21,1,Stick2_Adjusted_VA,7.761237906,Stick2,Adjusted,2020,7.338560272,10.62760134,14,2036.694591,7.341075179,4.07,30,1.057596806
27,Male,5/31/24,13:46,21,1,Stick3_Perceptual_VA,11.78125283,Stick3,Perceptual,5027,2.952239146,4.311990364,14,5033.731604,2.96346827,13,63,3.990616021
27,Male,5/31/24,13:46,21,1,Stick3_Adjusted_VA,4.120542827,Stick3,Adjusted,5027,2.952239146,4.311990364,14,5033.731604,2.96346827,2.77,38.5,1.395734771
27,Male,5/31/24,13:46,21,1,Stick4_Perceptual_VA,11.78125283,Stick4,Perceptual,3421,4.337065743,6.322470667,14,3430.884122,4.350187438,13,63,2.71641094
27,Male,5/31/24,13:46,21,1,Stick4_Adjusted_VA,4.752822435,Stick4,Adjusted,3421,4.337065743,6.322470667,14,3430.884122,4.350187438,3.32,40,1.095861284
28,Female,5/31/24,14:12,20,1,Lamp1_Perceptual_VA,0.838042729,Lamp1,Perceptual,6280,0.370779037,3.638674008,40.64,6286.263907,2.557997168,0.98,67,2.26022144
28,Female,5/31/24,14:12,20,1,Lamp1_Adjusted_VA,0.79097342,Lamp1,Adjusted,6280,0.370779037,3.638674008,40.64,6286.263907,2.557997168,0.39,28.25,2.133274379
28,Female,5/31/24,14:12,20,1,Lamp2_Perceptual_VA,2.086361999,Lamp2,Perceptual,2020,1.15268413,11.18332857,40.64,2039.390574,7.90728638,2.44,67,1.81000323
28,Female,5/31/24,14:12,20,1,Lamp2_Adjusted_VA,1.538260032,Lamp2,Adjusted,2020,1.15268413,11.18332857,40.64,2039.390574,7.90728638,0.98,36.5,1.334502655
28,Female,5/31/24,14:12,20,1,Lamp3_Perceptual_VA,1.624696813,Lamp3,Perceptual,5027,0.4631963,4.542209501,40.64,5034.823027,3.194399214,1.9,67,3.507577274
28,Female,5/31/24,14:12,20,1,Lamp3_Adjusted_VA,0.779847182,Lamp3,Adjusted,5027,0.4631963,4.542209501,40.64,5034.823027,3.194399214,0.49,36,1.683621355
28,Female,5/31/24,14:12,20,1,Lamp4_Perceptual_VA,1.838438161,Lamp4,Perceptual,3421,0.680641069,6.658445696,40.64,3432.485239,4.68839803,2.15,67,2.701039132
28,Female,5/31/24,14:12,20,1,Lamp4_Adjusted_VA,0.971513854,Lamp4,Adjusted,3421,0.680641069,6.658445696,40.64,3432.485239,4.68839803,0.78,46,1.427351211
28,Female,5/31/24,14:12,20,1,Stick1_Perceptual_VA,3.47943512,Stick1,Perceptual,6280,2.36338945,3.45399333,14,6285.389794,2.372950228,4.07,67,1.472222498
28,Female,5/31/24,14:12,20,1,Stick1_Adjusted_VA,2.836925544,Stick1,Adjusted,6280,2.36338945,3.45399333,14,6285.389794,2.372950228,2.08,42,1.200363124
28,Female,5/31/24,14:12,20,1,Stick2_Perceptual_VA,7.684906256,Stick2,Perceptual,2020,7.338560272,10.62760134,14,2036.694591,7.341075179,9,67,1.047195359
28,Female,5/31/24,14:12,20,1,Stick2_Adjusted_VA,8.806173542,Stick2,Adjusted,2020,7.338560272,10.62760134,14,2036.694591,7.341075179,7.7,50,1.199986539
28,Female,5/31/24,14:12,20,1,Stick3_Perceptual_VA,5.212882542,Stick3,Perceptual,5027,2.952239146,4.311990364,14,5033.731604,2.96346827,6.1,67,1.765738575
28,Female,5/31/24,14:12,20,1,Stick3_Adjusted_VA,3.505302356,Stick3,Adjusted,5027,2.952239146,4.311990364,14,5033.731604,2.96346827,3.32,54.25,1.18733686
28,Female,5/31/24,14:12,20,1,Stick4_Perceptual_VA,6.577505649,Stick4,Perceptual,3421,4.337065743,6.322470667,14,3430.884122,4.350187438,7.7,67,1.516579651
28,Female,5/31/24,14:12,20,1,Stick4_Adjusted_VA,4.849704187,Stick4,Adjusted,3421,4.337065743,6.322470667,14,3430.884122,4.350187438,4.15,49,1.118199371
29,Female,5/31/24,14:47,22,1,Lamp1_Perceptual_VA,1.68367317,Lamp1,Perceptual,6280,0.370779037,3.638674008,40.64,6286.263907,2.557997168,1.44,49,4.54090712
29,Female,5/31/24,14:47,22,1,Lamp1_Adjusted_VA,0.502139573,Lamp1,Adjusted,6280,0.370779037,3.638674008,40.64,6286.263907,2.557997168,0.39,44.5,1.354282531
29,Female,5/31/24,14:47,22,1,Lamp2_Perceptual_VA,2.513595268,Lamp2,Perceptual,2020,1.15268413,11.18332857,40.64,2039.390574,7.90728638,2.15,49,2.180645332
29,Female,5/31/24,14:47,22,1,Lamp2_Adjusted_VA,1.314374945,Lamp2,Adjusted,2020,1.15268413,11.18332857,40.64,2039.390574,7.90728638,0.39,17,1.140273307
29,Female,5/31/24,14:47,22,1,Lamp3_Perceptual_VA,1.905785916,Lamp3,Perceptual,5027,0.4631963,4.542209501,40.64,5034.823027,3.194399214,1.63,49,4.11442388
29,Female,5/31/24,14:47,22,1,Lamp3_Adjusted_VA,0.475430336,Lamp3,Adjusted,5027,0.4631963,4.542209501,40.64,5034.823027,3.194399214,0.39,47,1.026412207
29,Female,5/31/24,14:47,22,1,Lamp4_Perceptual_VA,2.221394781,Lamp4,Perceptual,3421,0.680641069,6.658445696,40.64,3432.485239,4.68839803,1.9,49,3.263680203
29,Female,5/31/24,14:47,22,1,Lamp4_Adjusted_VA,0.720808364,Lamp4,Adjusted,3421,0.680641069,6.658445696,40.64,3432.485239,4.68839803,0.39,31,1.059013917
29,Female,5/31/24,14:47,22,1,Stick1_Perceptual_VA,8.98516296,Stick1,Perceptual,6280,2.36338945,3.45399333,14,6285.389794,2.372950228,7.7,49,3.801812249
29,Female,5/31/24,14:47,22,1,Stick1_Adjusted_VA,2.502522979,Stick1,Adjusted,6280,2.36338945,3.45399333,14,6285.389794,2.372950228,1.66,38,1.058870335
29,Female,5/31/24,14:47,22,1,Stick2_Perceptual_VA,12.80870545,Stick2,Perceptual,2020,7.338560272,10.62760134,14,2036.694591,7.341075179,11,49,1.745397595
29,Female,5/31/24,14:47,22,1,Stick2_Adjusted_VA,6.33427349,Stick2,Adjusted,2020,7.338560272,10.62760134,14,2036.694591,7.341075179,1.66,15,0.863149345
29,Female,5/31/24,14:47,22,1,Stick3_Perceptual_VA,10.4942778,Stick3,Perceptual,5027,2.952239146,4.311990364,14,5033.731604,2.96346827,9,49,3.554684186
29,Female,5/31/24,14:47,22,1,Stick3_Adjusted_VA,3.092289627,Stick3,Adjusted,5027,2.952239146,4.311990364,14,5033.731604,2.96346827,1.66,30.75,1.047438732
29,Female,5/31/24,14:47,22,1,Stick4_Perceptual_VA,12.04601036,Stick4,Perceptual,3421,4.337065743,6.322470667,14,3430.884122,4.350187438,10.34,49,2.777456252
29,Female,5/31/24,14:47,22,1,Stick4_Adjusted_VA,4.752822435,Stick4,Adjusted,3421,4.337065743,6.322470667,14,3430.884122,4.350187438,1.66,20,1.095861284
30,Female,5/31/24,15:23,30,1,Lamp1_Perceptual_VA,0.620698208,Lamp1,Perceptual,6280,0.370779037,3.638674008,40.64,6286.263907,2.557997168,0.52,48,1.674038026
30,Female,5/31/24,15:23,30,1,Lamp1_Adjusted_VA,0.667516095,Lamp1,Adjusted,6280,0.370779037,3.638674008,40.64,6286.263907,2.557997168,0.3,25.75,1.800306996
30,Female,5/31/24,15:23,30,1,Lamp2_Perceptual_VA,1.945482238,Lamp2,Perceptual,2020,1.15268413,11.18332857,40.64,2039.390574,7.90728638,1.63,48,1.687784352
30,Female,5/31/24,15:23,30,1,Lamp2_Adjusted_VA,1.396515484,Lamp2,Adjusted,2020,1.15268413,11.18332857,40.64,2039.390574,7.90728638,0.78,32,1.21153354
30,Female,5/31/24,15:23,30,1,Lamp3_Perceptual_VA,0.584889337,Lamp3,Perceptual,5027,0.4631963,4.542209501,40.64,5034.823027,3.194399214,0.49,48,1.262724545
30,Female,5/31/24,15:23,30,1,Lamp3_Adjusted_VA,0.616417613,Lamp3,Adjusted,5027,0.4631963,4.542209501,40.64,5034.823027,3.194399214,0.39,36.25,1.330791316
30,Female,5/31/24,15:23,30,1,Lamp4_Perceptual_VA,1.145877395,Lamp4,Perceptual,3421,0.680641069,6.658445696,40.64,3432.485239,4.68839803,0.96,48,1.683526675
30,Female,5/31/24,15:23,30,1,Lamp4_Adjusted_VA,0.882761955,Lamp4,Adjusted,3421,0.680641069,6.658445696,40.64,3432.485239,4.68839803,0.52,33.75,1.296956642
30,Female,5/31/24,15:23,30,1,Stick1_Perceptual_VA,3.961379307,Stick1,Perceptual,6280,2.36338945,3.45399333,14,6285.389794,2.372950228,3.32,48,1.676143264
30,Female,5/31/24,15:23,30,1,Stick1_Adjusted_VA,2.923426072,Stick1,Adjusted,6280,2.36338945,3.45399333,14,6285.389794,2.372950228,2.22,43.5,1.236963325
30,Female,5/31/24,15:23,30,1,Stick2_Perceptual_VA,13.0732673,Stick2,Perceptual,2020,7.338560272,10.62760134,14,2036.694591,7.341075179,11,48,1.781448515
30,Female,5/31/24,15:23,30,1,Stick2_Adjusted_VA,7.682473908,Stick2,Adjusted,2020,7.338560272,10.62760134,14,2036.694591,7.341075179,5.17,38.5,1.046863911
30,Female,5/31/24,15:23,30,1,Stick3_Perceptual_VA,4.9506153,Stick3,Perceptual,5027,2.952239146,4.311990364,14,5033.731604,2.96346827,4.15,48,1.676901855
30,Female,5/31/24,15:23,30,1,Stick3_Adjusted_VA,3.467996763,Stick3,Adjusted,5027,2.952239146,4.311990364,14,5033.731604,2.96346827,2.77,45.75,1.174700487
30,Female,5/31/24,15:23,30,1,Stick4_Perceptual_VA,8.210253847,Stick4,Perceptual,3421,4.337065743,6.322470667,14,3430.884122,4.350187438,6.89,48,1.893043438
30,Female,5/31/24,15:23,30,1,Stick4_Adjusted_VA,5.121725697,Stick4,Adjusted,3421,4.337065743,6.322470667,14,3430.884122,4.350187438,4.07,45.5,1.180919543
31,Female,7/9/24,10:12,19,,MoonBall1_Perceptual_VA,0.513682858,MoonBall1,Perceptual,6060,0.520007631,0.457600126,55,6060.40891,-0.665584395,0.52,58,0.987837155
31,Female,7/9/24,10:12,19,,MoonBall1_Adjusted_VA,0.390651529,MoonBall1,Adjusted,6060,0.520007631,0.457600126,55,6060.40891,-0.665584395,0.3,44,0.751241916
31,Female,7/9/24,10:12,19,,MoonBall2_Perceptual_VA,0.968078071,MoonBall2,Perceptual,2080,1.514944365,1.332988165,55,2081.191044,-1.938501769,0.98,58,0.639018893
31,Female,7/9/24,10:12,19,,MoonBall2_Adjusted_VA,1.1697482,MoonBall2,Adjusted,2080,1.514944365,1.332988165,55,2081.191044,-1.938501769,0.98,48,0.772139378
31,Female,7/9/24,10:12,19,,MoonBall3_Perceptual_VA,0.642101154,MoonBall3,Perceptual,4720,0.667633944,0.587503927,55,4720.524988,-0.854517755,0.65,58,0.961756302
31,Female,7/9/24,10:12,19,,MoonBall3_Adjusted_VA,0.510449932,MoonBall3,Adjusted,4720,0.667633944,0.587503927,55,4720.524988,-0.854517755,0.49,55,0.764565577
31,Female,7/9/24,10:12,19,,MoonBall4_Perceptual_VA,0.770517836,MoonBall4,Perceptual,3270,0.963667763,0.847985702,55,3270.757735,-1.233333289,0.78,58,0.799567927
31,Female,7/9/24,10:12,19,,MoonBall4_Adjusted_VA,0.723726539,MoonBall4,Adjusted,3270,0.963667763,0.847985702,55,3270.757735,-1.233333289,0.72,57,0.751012504
32,Non biry,7/9/24,11:00,31,,Lamp1a_Perceptual_VA,0.551732873,Lamp1a,Perceptual,6670,0.349099442,3.426440531,40.64,6675.897986,2.408610726,0.52,54,1.580446162
32,Non biry,7/9/24,11:00,31,,Lamp1a_Adjusted_VA,0.452332752,Lamp1a,Adjusted,6670,0.349099442,3.426440531,40.64,6675.897986,2.408610726,0.3,38,1.295713193
32,Non biry,7/9/24,11:00,31,,Lamp2a_Perceptual_VA,2.015754671,Lamp2a,Perceptual,2250,1.034860968,10.06479905,40.64,2267.424511,7.107715309,1.9,54,1.94785071
32,Non biry,7/9/24,11:00,31,,Lamp2a_Adjusted_VA,1.145877395,Lamp2a,Adjusted,2250,1.034860968,10.06479905,40.64,2267.424511,7.107715309,0.96,48,1.107276659
32,Non biry,7/9/24,11:00,31,,Lamp3a_Perceptual_VA,0.551732873,Lamp3a,Perceptual,4890,0.476173226,4.668910694,40.64,4898.041845,3.283701469,0.52,54,1.158681005
32,Non biry,7/9/24,11:00,31,,Lamp3a_Adjusted_VA,0.562142761,Lamp3a,Adjusted,4890,0.476173226,4.668910694,40.64,4898.041845,3.283701469,0.52,53,1.180542563
32,Non biry,7/9/24,11:00,31,,Lamp4a_Perceptual_VA,0.827591315,Lamp4a,Perceptual,3230,0.720888471,7.048329014,40.64,3242.16192,4.96429063,0.78,54,1.148015745
32,Non biry,7/9/24,11:00,31,,Lamp4a_Adjusted_VA,0.677124059,Lamp4a,Adjusted,3230,0.720888471,7.048329014,40.64,3242.16192,4.96429063,0.65,55,0.939291008
32,Non biry,7/9/24,11:00,31,,Stick1_Perceptual_VA,3.521520416,Stick1,Perceptual,6670,2.225236077,3.252482698,14,6675.074895,2.234346997,3.32,54,1.582537894
32,Non biry,7/9/24,11:00,31,,Stick1_Adjusted_VA,2.291525676,Stick1,Adjusted,6670,2.225236077,3.252482698,14,6675.074895,2.234346997,1.66,41.5,1.029789917
32,Non biry,7/9/24,11:00,31,,Stick2_Perceptual_VA,7.300623346,Stick2,Perceptual,2250,6.590143026,9.562390245,14,2264.999969,6.597640879,6.89,54,1.107809545
32,Non biry,7/9/24,11:00,31,,Stick2_Adjusted_VA,7.347896956,Stick2,Adjusted,2250,6.590143026,9.562390245,14,2264.999969,6.597640879,6.1,47.5,1.114982926
32,Non biry,7/9/24,11:00,31,,Stick3_Perceptual_VA,5.481355953,Stick3,Perceptual,4890,3.034911994,4.432321769,14,4896.919936,3.046339606,5.17,54,1.806100461
32,Non biry,7/9/24,11:00,31,,Stick3_Adjusted_VA,3.392253927,Stick3,Adjusted,4890,3.034911994,4.432321769,14,4896.919936,3.046339606,3.05,51.5,1.117743754
32,Non biry,7/9/24,11:00,31,,Stick4_Perceptual_VA,5.481355953,Stick4,Perceptual,3230,4.593263035,6.693039622,14,3240.466765,4.606351308,5.17,54,1.193346845
32,Non biry,7/9/24,11:00,31,,Stick4_Adjusted_VA,5.055812321,Stick4,Adjusted,3230,4.593263035,6.693039622,14,3240.466765,4.606351308,4.15,47,1.100701676
33,Male,7/10/24,10:29,24,,MoonBall1_Perceptual_VA,1.23138428,MoonBall1,Perceptual,6060,0.520007631,0.457600126,55,6060.40891,-0.665584395,1.44,67,2.368011942
33,Male,7/10/24,10:29,24,,MoonBall1_Adjusted_VA,0.375550824,MoonBall1,Adjusted,6060,0.520007631,0.457600126,55,6060.40891,-0.665584395,0.39,59.5,0.722202525
33,Male,7/10/24,10:29,24,,MoonBall2_Perceptual_VA,1.838438161,MoonBall2,Perceptual,2080,1.514944365,1.332988165,55,2081.191044,-1.938501769,2.15,67,1.2135351
33,Male,7/10/24,10:29,24,,MoonBall2_Adjusted_VA,0.959804288,MoonBall2,Adjusted,2080,1.514944365,1.332988165,55,2081.191044,-1.938501769,0.98,58.5,0.633557449
33,Male,7/10/24,10:29,24,,MoonBall3_Perceptual_VA,1.393843503,MoonBall3,Perceptual,4720,0.667633944,0.587503927,55,4720.524988,-0.854517755,1.63,67,2.087736124
33,Male,7/10/24,10:29,24,,MoonBall3_Adjusted_VA,0.690195639,MoonBall3,Adjusted,4720,0.667633944,0.587503927,55,4720.524988,-0.854517755,0.78,64.75,1.03379351
33,Male,7/10/24,10:29,24,,MoonBall4_Perceptual_VA,1.624696813,MoonBall4,Perceptual,3270,0.963667763,0.847985702,55,3270.757735,-1.233333289,1.9,67,1.685951191
33,Male,7/10/24,10:29,24,,MoonBall4_Adjusted_VA,0.839739904,MoonBall4,Adjusted,3270,0.963667763,0.847985702,55,3270.757735,-1.233333289,0.96,65.5,0.871399809
34,Female,7/10/24,11:04,19,,MoonBall1_Perceptual_VA,0.572953021,MoonBall1,Perceptual,6060,0.520007631,0.457600126,55,6060.40891,-0.665584395,0.52,52,1.101816563
34,Female,7/10/24,11:04,19,,MoonBall1_Adjusted_VA,0.312521659,MoonBall1,Adjusted,6060,0.520007631,0.457600126,55,6060.40891,-0.665584395,0.3,55,0.600994371
34,Female,7/10/24,11:04,19,,MoonBall2_Perceptual_VA,1.057738196,MoonBall2,Perceptual,2080,1.514944365,1.332988165,55,2081.191044,-1.938501769,0.96,52,0.698202667
34,Female,7/10/24,11:04,19,,MoonBall2_Adjusted_VA,1.044349851,MoonBall2,Adjusted,2080,1.514944365,1.332988165,55,2081.191044,-1.938501769,0.72,39.5,0.689365151
34,Female,7/10/24,11:04,19,,MoonBall3_Perceptual_VA,0.716187919,MoonBall3,Perceptual,4720,0.667633944,0.587503927,55,4720.524988,-0.854517755,0.65,52,1.072725443
34,Female,7/10/24,11:04,19,,MoonBall3_Adjusted_VA,0.458363792,MoonBall3,Adjusted,4720,0.667633944,0.587503927,55,4720.524988,-0.854517755,0.3,37.5,0.686549561
34,Female,7/10/24,11:04,19,,MoonBall4_Perceptual_VA,0.859420579,MoonBall4,Perceptual,3270,0.963667763,0.847985702,55,3270.757735,-1.233333289,0.78,52,0.891822484
34,Female,7/10/24,11:04,19,,MoonBall4_Adjusted_VA,0.69287075,MoonBall4,Adjusted,3270,0.963667763,0.847985702,55,3270.757735,-1.233333289,0.52,43,0.718993388
35,Female,7/15/24,11:48,22,,MoonBall1_Perceptual_VA,0.711248819,MoonBall1,Perceptual,6060,0.520007631,0.457600126,55,6060.40891,-0.665584395,0.72,58,1.367766119
35,Female,7/15/24,11:48,22,,MoonBall1_Adjusted_VA,0.337033025,MoonBall1,Adjusted,6060,0.520007631,0.457600126,55,6060.40891,-0.665584395,0.3,51,0.648130922
35,Female,7/15/24,11:48,22,,MoonBall2_Perceptual_VA,1.610103009,MoonBall2,Perceptual,2080,1.514944365,1.332988165,55,2081.191044,-1.938501769,1.63,58,1.062813293
35,Female,7/15/24,11:48,22,,MoonBall2_Adjusted_VA,1.068006907,MoonBall2,Adjusted,2080,1.514944365,1.332988165,55,2081.191044,-1.938501769,0.96,51.5,0.704980943
35,Female,7/15/24,11:48,22,,MoonBall3_Perceptual_VA,0.770517836,MoonBall3,Perceptual,4720,0.667633944,0.587503927,55,4720.524988,-0.854517755,0.78,58,1.154102248
35,Female,7/15/24,11:48,22,,MoonBall3_Adjusted_VA,0.504976483,MoonBall3,Adjusted,4720,0.667633944,0.587503927,55,4720.524988,-0.854517755,0.52,59,0.756367299
35,Female,7/15/24,11:48,22,,MoonBall4_Perceptual_VA,1.205142653,MoonBall4,Perceptual,3270,0.963667763,0.847985702,55,3270.757735,-1.233333289,1.22,58,1.250578985
35,Female,7/15/24,11:48,22,,MoonBall4_Adjusted_VA,0.660040081,MoonBall4,Adjusted,3270,0.963667763,0.847985702,55,3270.757735,-1.233333289,0.72,62.5,0.684924935
36,Female,7/16/24,10:41,29,,MoonBall1_Perceptual_VA,0.572953021,MoonBall1,Perceptual,6060,0.520007631,0.457600126,55,6060.40891,-0.665584395,0.72,72,1.101816563
36,Female,7/16/24,10:41,29,,MoonBall1_Adjusted_VA,0.377773002,MoonBall1,Adjusted,6060,0.520007631,0.457600126,55,6060.40891,-0.665584395,0.3,45.5,0.726475881
36,Female,7/16/24,10:41,29,,MoonBall2_Perceptual_VA,2.148339997,MoonBall2,Perceptual,2080,1.514944365,1.332988165,55,2081.191044,-1.938501769,2.7,72,1.418098279
36,Female,7/16/24,10:41,29,,MoonBall2_Adjusted_VA,1.105572697,MoonBall2,Adjusted,2080,1.514944365,1.332988165,55,2081.191044,-1.938501769,0.96,49.75,0.729777755
36,Female,7/16/24,10:41,29,,MoonBall3_Perceptual_VA,0.763932409,MoonBall3,Perceptual,4720,0.667633944,0.587503927,55,4720.524988,-0.854517755,0.96,72,1.14423842
36,Female,7/16/24,10:41,29,,MoonBall3_Adjusted_VA,0.465585033,MoonBall3,Adjusted,4720,0.667633944,0.587503927,55,4720.524988,-0.854517755,0.49,60.3,0.69736573
36,Female,7/16/24,10:41,29,,MoonBall4_Perceptual_VA,1.511884227,MoonBall4,Perceptual,3270,0.963667763,0.847985702,55,3270.757735,-1.233333289,1.9,72,1.568885341
36,Female,7/16/24,10:41,29,,MoonBall4_Adjusted_VA,0.687541104,MoonBall4,Adjusted,3270,0.963667763,0.847985702,55,3270.757735,-1.233333289,0.72,60,0.713462803
37,Male,7/16/24,13:46,20,,MoonBall1_Perceptual_VA,0.943673859,MoonBall1,Perceptual,6060,0.520007631,0.457600126,55,6060.40891,-0.665584395,0.98,59.5,1.814730791
37,Male,7/16/24,13:46,20,,MoonBall1_Adjusted_VA,0.438142061,MoonBall1,Adjusted,6060,0.520007631,0.457600126,55,6060.40891,-0.665584395,0.39,51,0.842568523
37,Male,7/16/24,13:46,20,,MoonBall2_Perceptual_VA,2.599530536,MoonBall2,Perceptual,2080,1.514944365,1.332988165,55,2081.191044,-1.938501769,2.7,59.5,1.715924753
37,Male,7/16/24,13:46,20,,MoonBall2_Adjusted_VA,1.242633085,MoonBall2,Adjusted,2080,1.514944365,1.332988165,55,2081.191044,-1.938501769,1.22,56.25,0.82024998
37,Male,7/16/24,13:46,20,,MoonBall3_Perceptual_VA,1.174763062,MoonBall3,Perceptual,4720,0.667633944,0.587503927,55,4720.524988,-0.854517755,1.22,59.5,1.759591572
37,Male,7/16/24,13:46,20,,MoonBall3_Adjusted_VA,0.568579405,MoonBall3,Adjusted,4720,0.667633944,0.587503927,55,4720.524988,-0.854517755,0.65,65.5,0.851633459
37,Male,7/16/24,13:46,20,,MoonBall4_Perceptual_VA,1.569517319,MoonBall4,Perceptual,3270,0.963667763,0.847985702,55,3270.757735,-1.233333289,1.63,59.5,1.628691318
37,Male,7/16/24,13:46,20,,MoonBall4_Adjusted_VA,0.726115012,MoonBall4,Adjusted,3270,0.963667763,0.847985702,55,3270.757735,-1.233333289,0.96,75.75,0.753491026
38,Male,7/18/24,14:33,21,,MoonBall1_Perceptual_VA,0.769164667,MoonBall1,Perceptual,6060,0.520007631,0.457600126,55,6060.40891,-0.665584395,0.98,73,1.479141115
38,Male,7/18/24,14:33,21,,MoonBall1_Adjusted_VA,0.496898336,MoonBall1,Adjusted,6060,0.520007631,0.457600126,55,6060.40891,-0.665584395,0.49,56.5,0.955559701
38,Male,7/18/24,14:33,21,,MoonBall2_Perceptual_VA,1.687356474,MoonBall2,Perceptual,2080,1.514944365,1.332988165,55,2081.191044,-1.938501769,2.15,73,1.113807551
38,Male,7/18/24,14:33,21,,MoonBall2_Adjusted_VA,1.18206047,MoonBall2,Adjusted,2080,1.514944365,1.332988165,55,2081.191044,-1.938501769,0.98,47.5,0.780266587
38,Male,7/18/24,14:33,21,,MoonBall3_Perceptual_VA,0.957523618,MoonBall3,Perceptual,4720,0.667633944,0.587503927,55,4720.524988,-0.854517755,1.22,73,1.434204516
38,Male,7/18/24,14:33,21,,MoonBall3_Adjusted_VA,0.513682858,MoonBall3,Adjusted,4720,0.667633944,0.587503927,55,4720.524988,-0.854517755,0.52,58,0.769407941
38,Male,7/18/24,14:33,21,,MoonBall4_Perceptual_VA,1.279290968,MoonBall4,Perceptual,3270,0.963667763,0.847985702,55,3270.757735,-1.233333289,1.63,73,1.327522842
38,Male,7/18/24,14:33,21,,MoonBall4_Adjusted_VA,0.703781828,MoonBall4,Adjusted,3270,0.963667763,0.847985702,55,3270.757735,-1.233333289,0.78,63.5,0.730315836
39,Male,7/17/24,10:53,21,,MoonBall1_Perceptual_VA,2.134301817,MoonBall1,Perceptual,6060,0.520007631,0.457600126,55,6060.40891,-0.665584395,1.9,51,4.104366341
39,Male,7/17/24,10:53,21,,MoonBall1_Adjusted_VA,0.636613223,MoonBall1,Adjusted,6060,0.520007631,0.457600126,55,6060.40891,-0.665584395,0.3,27,1.224238233
39,Male,7/17/24,10:53,21,,MoonBall2_Perceptual_VA,3.706081262,MoonBall2,Perceptual,2080,1.514944365,1.332988165,55,2081.191044,-1.938501769,3.3,51,2.446348095
39,Male,7/17/24,10:53,21,,MoonBall2_Adjusted_VA,1.330020869,MoonBall2,Adjusted,2080,1.514944365,1.332988165,55,2081.191044,-1.938501769,0.65,28,0.877933803
39,Male,7/17/24,10:53,21,,MoonBall3_Perceptual_VA,2.134301817,MoonBall3,Perceptual,4720,0.667633944,0.587503927,55,4720.524988,-0.854517755,1.9,51,3.196814415
39,Male,7/17/24,10:53,21,,MoonBall3_Adjusted_VA,0.572953021,MoonBall3,Adjusted,4720,0.667633944,0.587503927,55,4720.524988,-0.854517755,0.3,30,0.858184377
39,Male,7/17/24,10:53,21,,MoonBall4_Perceptual_VA,3.032597801,MoonBall4,Perceptual,3270,0.963667763,0.847985702,55,3270.757735,-1.233333289,2.7,51,3.146932912
39,Male,7/17/24,10:53,21,,MoonBall4_Adjusted_VA,0.93103593,MoonBall4,Adjusted,3270,0.963667763,0.847985702,55,3270.757735,-1.233333289,0.65,40,0.96613788
40,Male,7/18/24,11:31,23,,MoonBall1_Perceptual_VA,0.91972829,MoonBall1,Perceptual,6060,0.520007631,0.457600126,55,6060.40891,-0.665584395,1.22,76,1.768682295
40,Male,7/18/24,11:31,23,,MoonBall1_Adjusted_VA,0.412369228,MoonBall1,Adjusted,6060,0.520007631,0.457600126,55,6060.40891,-0.665584395,0.52,72.25,0.79300611
40,Male,7/18/24,11:31,23,,MoonBall2_Perceptual_VA,2.035293909,MoonBall2,Perceptual,2080,1.514944365,1.332988165,55,2081.191044,-1.938501769,2.7,76,1.343477659
40,Male,7/18/24,11:31,23,,MoonBall2_Adjusted_VA,1.13018147,MoonBall2,Adjusted,2080,1.514944365,1.332988165,55,2081.191044,-1.938501769,1.44,73,0.746021765
40,Male,7/18/24,11:31,23,,MoonBall3_Perceptual_VA,1.085571767,MoonBall3,Perceptual,4720,0.667633944,0.587503927,55,4720.524988,-0.854517755,1.44,76,1.625998463
40,Male,7/18/24,11:31,23,,MoonBall3_Adjusted_VA,0.670772196,MoonBall3,Adjusted,4720,0.667633944,0.587503927,55,4720.524988,-0.854517755,0.72,61.5,1.004700558
40,Male,7/18/24,11:31,23,,MoonBall4_Perceptual_VA,1.432319891,MoonBall4,Perceptual,3270,0.963667763,0.847985702,55,3270.757735,-1.233333289,1.9,76,1.486321267
40,Male,7/18/24,11:31,23,,MoonBall4_Adjusted_VA,0.798035456,MoonBall4,Adjusted,3270,0.963667763,0.847985702,55,3270.757735,-1.233333289,0.78,56,0.828123017
41,Female,7/18/24,15:18,20,,MoonBall1_Perceptual_VA,0.743286175,MoonBall1,Perceptual,6060,0.520007631,0.457600126,55,6060.40891,-0.665584395,0.96,74,1.429375515
41,Female,7/18/24,15:18,20,,MoonBall1_Adjusted_VA,0.431919985,MoonBall1,Adjusted,6060,0.520007631,0.457600126,55,6060.40891,-0.665584395,0.49,65,0.830603167
41,Female,7/18/24,15:18,20,,MoonBall2_Perceptual_VA,1.664557589,MoonBall2,Perceptual,2080,1.514944365,1.332988165,55,2081.191044,-1.938501769,2.15,74,1.09875823
41,Female,7/18/24,15:18,20,,MoonBall2_Adjusted_VA,1.136561932,MoonBall2,Adjusted,2080,1.514944365,1.332988165,55,2081.191044,-1.938501769,1.22,61.5,0.750233447
41,Female,7/18/24,15:18,20,,MoonBall3_Perceptual_VA,0.9445847,MoonBall3,Perceptual,4720,0.667633944,0.587503927,55,4720.524988,-0.854517755,1.22,74,1.414824258
41,Female,7/18/24,15:18,20,,MoonBall3_Adjusted_VA,0.608031137,MoonBall3,Adjusted,4720,0.667633944,0.587503927,55,4720.524988,-0.854517755,0.65,61.25,0.91072532
41,Female,7/18/24,15:18,20,,MoonBall4_Perceptual_VA,1.471027043,MoonBall4,Perceptual,3270,0.963667763,0.847985702,55,3270.757735,-1.233333289,1.9,74,1.526487757
41,Female,7/18/24,15:18,20,,MoonBall4_Adjusted_VA,0.791411134,MoonBall4,Adjusted,3270,0.963667763,0.847985702,55,3270.757735,-1.233333289,0.96,69.5,0.821248945
42,Male,7/19/24,13:50,18,,MoonBall1_Perceptual_VA,0.9445847,MoonBall1,Perceptual,6060,0.520007631,0.457600126,55,6060.40891,-0.665584395,1.22,74,1.816482382
42,Male,7/19/24,13:50,18,,MoonBall1_Adjusted_VA,0.69331862,MoonBall1,Adjusted,6060,0.520007631,0.457600126,55,6060.40891,-0.665584395,0.72,59.5,1.333285473
42,Male,7/19/24,13:50,18,,MoonBall2_Perceptual_VA,1.471027043,MoonBall2,Perceptual,2080,1.514944365,1.332988165,55,2081.191044,-1.938501769,1.9,74,0.971010604
42,Male,7/19/24,13:50,18,,MoonBall2_Adjusted_VA,1.31882575,MoonBall2,Adjusted,2080,1.514944365,1.332988165,55,2081.191044,-1.938501769,1.22,53,0.870544015
42,Male,7/19/24,13:50,18,,MoonBall3_Perceptual_VA,1.114909718,MoonBall3,Perceptual,4720,0.667633944,0.587503927,55,4720.524988,-0.854517755,1.44,74,1.669941631
42,Male,7/19/24,13:50,18,,MoonBall3_Adjusted_VA,0.709367256,MoonBall3,Adjusted,4720,0.667633944,0.587503927,55,4720.524988,-0.854517755,0.78,63,1.062509273
42,Male,7/19/24,13:50,18,,MoonBall4_Perceptual_VA,1.26200466,MoonBall4,Perceptual,3270,0.963667763,0.847985702,55,3270.757735,-1.233333289,1.63,74,1.309584805
42,Male,7/19/24,13:50,18,,MoonBall4_Adjusted_VA,0.819692062,MoonBall4,Adjusted,3270,0.963667763,0.847985702,55,3270.757735,-1.233333289,0.98,68.5,0.850596121
43,Female,7/19/24,14:34,22,,MoonBall1_Perceptual_VA,0.89124971,MoonBall1,Perceptual,6060,0.520007631,0.457600126,55,6060.40891,-0.665584395,0.98,63,1.713916599
43,Female,7/19/24,14:34,22,,MoonBall1_Adjusted_VA,0.361866878,MoonBall1,Adjusted,6060,0.520007631,0.457600126,55,6060.40891,-0.665584395,0.3,47.5,0.695887631
43,Female,7/19/24,14:34,22,,MoonBall2_Perceptual_VA,1.955142418,MoonBall2,Perceptual,2080,1.514944365,1.332988165,55,2081.191044,-1.938501769,2.15,63,1.290570441
43,Female,7/19/24,14:34,22,,MoonBall2_Adjusted_VA,1.350678528,MoonBall2,Adjusted,2080,1.514944365,1.332988165,55,2081.191044,-1.938501769,1.22,51.75,0.891569723
43,Female,7/19/24,14:34,22,,MoonBall3_Perceptual_VA,1.309560805,MoonBall3,Perceptual,4720,0.667633944,0.587503927,55,4720.524988,-0.854517755,1.44,63,1.961495241
43,Female,7/19/24,14:34,22,,MoonBall3_Adjusted_VA,0.595870736,MoonBall3,Adjusted,4720,0.667633944,0.587503927,55,4720.524988,-0.854517755,0.65,62.5,0.892511145
43,Female,7/19/24,14:34,22,,MoonBall4_Perceptual_VA,1.727836999,MoonBall4,Perceptual,3270,0.963667763,0.847985702,55,3270.757735,-1.233333289,1.9,63,1.792979972
43,Female,7/19/24,14:34,22,,MoonBall4_Adjusted_VA,0.788055842,MoonBall4,Adjusted,3270,0.963667763,0.847985702,55,3270.757735,-1.233333289,0.98,71.25,0.817767152
44,Female,7/19/24,15:11,22,,MoonBall1_Perceptual_VA,0.677124059,MoonBall1,Perceptual,6060,0.520007631,0.457600126,55,6060.40891,-0.665584395,0.78,66,1.302142543
44,Female,7/19/24,15:11,22,,MoonBall1_Adjusted_VA,0.578859653,MoonBall1,Adjusted,6060,0.520007631,0.457600126,55,6060.40891,-0.665584395,0.49,48.5,1.113175305
44,Female,7/19/24,15:11,22,,MoonBall2_Perceptual_VA,1.414960213,MoonBall2,Perceptual,2080,1.514944365,1.332988165,55,2081.191044,-1.938501769,1.63,66,0.934001436
44,Female,7/19/24,15:11,22,,MoonBall2_Adjusted_VA,1.145877395,MoonBall2,Adjusted,2080,1.514944365,1.332988165,55,2081.191044,-1.938501769,0.98,49,0.756382493
44,Female,7/19/24,15:11,22,,MoonBall3_Perceptual_VA,0.625038669,MoonBall3,Perceptual,4720,0.667633944,0.587503927,55,4720.524988,-0.854517755,0.72,66,0.936199656
44,Female,7/19/24,15:11,22,,MoonBall3_Adjusted_VA,0.659147716,MoonBall3,Adjusted,4720,0.667633944,0.587503927,55,4720.524988,-0.854517755,0.65,56.5,0.9872891
44,Female,7/19/24,15:11,22,,MoonBall4_Perceptual_VA,0.833378464,MoonBall4,Perceptual,3270,0.963667763,0.847985702,55,3270.757735,-1.233333289,0.96,66,0.864798528
44,Female,7/19/24,15:11,22,,MoonBall4_Adjusted_VA,0.887142733,MoonBall4,Adjusted,3270,0.963667763,0.847985702,55,3270.757735,-1.233333289,0.96,62,0.92058982
45,Male,7/25/24,11:28,19,2,Lamp1a_Perceptual_VA,0.970821925,Lamp1a,Perceptual,6670,0.349099442,3.426440531,40.64,6675.897986,2.408610726,1.22,72,2.780932334
45,Male,7/25/24,11:28,19,2,Lamp1a_Adjusted_VA,0.524761415,Lamp1a,Adjusted,6670,0.349099442,3.426440531,40.64,6675.897986,2.408610726,0.49,53.5,1.503186062
45,Male,7/25/24,11:28,19,2,Lamp2a_Perceptual_VA,2.625596994,Lamp2a,Perceptual,2250,1.034860968,10.06479905,40.64,2267.424511,7.107715309,3.3,72,2.537149507
45,Male,7/25/24,11:28,19,2,Lamp2a_Adjusted_VA,1.31882575,Lamp2a,Adjusted,2250,1.034860968,10.06479905,40.64,2267.424511,7.107715309,1.22,53,1.274398968
45,Male,7/25/24,11:28,19,2,Lamp3a_Perceptual_VA,1.297057391,Lamp3a,Perceptual,4890,0.476173226,4.668910694,40.64,4898.041845,3.283701469,1.63,72,2.723919194
45,Male,7/25/24,11:28,19,2,Lamp3a_Adjusted_VA,0.496560314,Lamp3a,Adjusted,4890,0.476173226,4.668910694,40.64,4898.041845,3.283701469,0.52,60,1.042814436
45,Male,7/25/24,11:28,19,2,Lamp4a_Perceptual_VA,1.710788522,Lamp4a,Perceptual,3230,0.720888471,7.048329014,40.64,3242.16192,4.96429063,2.15,72,2.373166711
45,Male,7/25/24,11:28,19,2,Lamp4a_Adjusted_VA,0.770517836,Lamp4a,Adjusted,3230,0.720888471,7.048329014,40.64,3242.16192,4.96429063,0.78,58,1.06884472
45,Male,7/25/24,11:28,19,2,MoonBall1_Perceptual_VA,0.970821925,MoonBall1,Perceptual,6060,0.520007631,0.457600126,55,6060.40891,-0.665584395,1.22,72,1.866937845
45,Male,7/25/24,11:28,19,2,MoonBall1_Adjusted_VA,0.532222371,MoonBall1,Adjusted,6060,0.520007631,0.457600126,55,6060.40891,-0.665584395,0.49,52.75,1.023489541
45,Male,7/25/24,11:28,19,2,MoonBall2_Perceptual_VA,1.941504509,MoonBall2,Perceptual,2080,1.514944365,1.332988165,55,2081.191044,-1.938501769,2.44,72,1.28156819
45,Male,7/25/24,11:28,19,2,MoonBall2_Adjusted_VA,1.48650981,MoonBall2,Adjusted,2080,1.514944365,1.332988165,55,2081.191044,-1.938501769,1.44,55.5,0.981230627
45,Male,7/25/24,11:28,19,2,MoonBall3_Perceptual_VA,0.970821925,MoonBall3,Perceptual,4720,0.667633944,0.587503927,55,4720.524988,-0.854517755,1.22,72,1.454123077
45,Male,7/25/24,11:28,19,2,MoonBall3_Adjusted_VA,0.613035414,MoonBall3,Adjusted,4720,0.667633944,0.587503927,55,4720.524988,-0.854517755,0.65,60.75,0.918220859
45,Male,7/25/24,11:28,19,2,MoonBall4_Perceptual_VA,1.511884227,MoonBall4,Perceptual,3270,0.963667763,0.847985702,55,3270.757735,-1.233333289,1.9,72,1.568885341
45,Male,7/25/24,11:28,19,2,MoonBall4_Adjusted_VA,0.820940408,MoonBall4,Adjusted,3270,0.963667763,0.847985702,55,3270.757735,-1.233333289,0.96,67,0.851891533
46,Male,7/25/24,13:45,41,2,Lamp1a_Perceptual_VA,0.9445847,Lamp1a,Perceptual,6670,0.349099442,3.426440531,40.64,6675.897986,2.408610726,1.22,74,2.705775453
46,Male,7/25/24,13:45,41,2,Lamp1a_Adjusted_VA,0.732624576,Lamp1a,Adjusted,6670,0.349099442,3.426440531,40.64,6675.897986,2.408610726,0.39,30.5,2.098612854
46,Male,7/25/24,13:45,41,2,Lamp2a_Perceptual_VA,1.889041052,Lamp2a,Perceptual,2250,1.034860968,10.06479905,40.64,2267.424511,7.107715309,2.44,74,1.825405645
46,Male,7/25/24,13:45,41,2,Lamp2a_Adjusted_VA,1.517475181,Lamp2a,Adjusted,2250,1.034860968,10.06479905,40.64,2267.424511,7.107715309,0.98,37,1.466356571
46,Male,7/25/24,13:45,41,2,Lamp3a_Perceptual_VA,1.114909718,Lamp3a,Perceptual,4890,0.476173226,4.668910694,40.64,4898.041845,3.283701469,1.44,74,2.341395223
46,Male,7/25/24,13:45,41,2,Lamp3a_Adjusted_VA,0.689663093,Lamp3a,Adjusted,4890,0.476173226,4.668910694,40.64,4898.041845,3.283701469,0.65,54,1.448344961
46,Male,7/25/24,13:45,41,2,Lamp4a_Perceptual_VA,1.664557589,Lamp4a,Perceptual,3230,0.720888471,7.048329014,40.64,3242.16192,4.96429063,2.15,74,2.309036217
46,Male,7/25/24,13:45,41,2,Lamp4a_Adjusted_VA,0.932249743,Lamp4a,Adjusted,3230,0.720888471,7.048329014,40.64,3242.16192,4.96429063,0.96,59,1.293195523
46,Male,7/25/24,13:45,41,2,MoonBall1_Perceptual_VA,1.114909718,MoonBall1,Perceptual,6060,0.520007631,0.457600126,55,6060.40891,-0.665584395,1.44,74,2.144025687
46,Male,7/25/24,13:45,41,2,MoonBall1_Adjusted_VA,0.69828367,MoonBall1,Adjusted,6060,0.520007631,0.457600126,55,6060.40891,-0.665584395,0.39,32,1.342833505
46,Male,7/25/24,13:45,41,2,MoonBall2_Perceptual_VA,2.090289812,MoonBall2,Perceptual,2080,1.514944365,1.332988165,55,2081.191044,-1.938501769,2.7,74,1.379779918
46,Male,7/25/24,13:45,41,2,MoonBall2_Adjusted_VA,1.341498429,MoonBall2,Adjusted,2080,1.514944365,1.332988165,55,2081.191044,-1.938501769,0.96,41,0.885510029
46,Male,7/25/24,13:45,41,2,MoonBall3_Perceptual_VA,1.26200466,MoonBall3,Perceptual,4720,0.667633944,0.587503927,55,4720.524988,-0.854517755,1.63,74,1.890264374
46,Male,7/25/24,13:45,41,2,MoonBall3_Adjusted_VA,0.653365844,MoonBall3,Adjusted,4720,0.667633944,0.587503927,55,4720.524988,-0.854517755,0.65,57,0.978628857
46,Male,7/25/24,13:45,41,2,MoonBall4_Perceptual_VA,1.471027043,MoonBall4,Perceptual,3270,0.963667763,0.847985702,55,3270.757735,-1.233333289,1.9,74,1.526487757
46,Male,7/25/24,13:45,41,2,MoonBall4_Adjusted_VA,0.877324482,MoonBall4,Adjusted,3270,0.963667763,0.847985702,55,3270.757735,-1.233333289,0.98,64,0.910401401
47,Male,7/26/24,14:42,33,2,Lamp1a_Perceptual_VA,1.84495889,Lamp1a,Perceptual,6670,0.349099442,3.426440531,40.64,6675.897986,2.408610726,1.9,59,5.284909312
47,Male,7/26/24,14:42,33,2,Lamp2a_Perceptual_VA,2.369182741,Lamp2a,Perceptual,2250,1.034860968,10.06479905,40.64,2267.424511,7.107715309,2.44,59,2.289372983
47,Male,7/26/24,14:42,33,2,Lamp3a_Perceptual_VA,1.84495889,Lamp3a,Perceptual,4890,0.476173226,4.668910694,40.64,4898.041845,3.283701469,1.9,59,3.874554023
47,Male,7/26/24,14:42,33,2,Lamp4a_Perceptual_VA,1.582816629,Lamp4a,Perceptual,3230,0.720888471,7.048329014,40.64,3242.16192,4.96429063,1.63,59,2.195647027
47,Male,7/26/24,14:42,33,2,MoonBall1_Perceptual_VA,1.398336054,MoonBall1,Perceptual,6060,0.520007631,0.457600126,55,6060.40891,-0.665584395,1.44,59,2.689068336
47,Male,7/26/24,14:42,33,2,MoonBall1_Adjusted_VA,0.737460248,MoonBall1,Adjusted,6060,0.520007631,0.457600126,55,6060.40891,-0.665584395,0.65,50.5,1.418171974
47,Male,7/26/24,14:42,33,2,MoonBall2_Perceptual_VA,2.369182741,MoonBall2,Perceptual,2080,1.514944365,1.332988165,55,2081.191044,-1.938501769,2.44,59,1.56387442
47,Male,7/26/24,14:42,33,2,MoonBall2_Adjusted_VA,1.45618934,MoonBall2,Adjusted,2080,1.514944365,1.332988165,55,2081.191044,-1.938501769,1.22,48,0.961216381
47,Male,7/26/24,14:42,33,2,MoonBall3_Perceptual_VA,1.582816629,MoonBall3,Perceptual,4720,0.667633944,0.587503927,55,4720.524988,-0.854517755,1.63,59,2.370785132
47,Male,7/26/24,14:42,33,2,MoonBall3_Adjusted_VA,0.959348778,MoonBall3,Adjusted,4720,0.667633944,0.587503927,55,4720.524988,-0.854517755,0.72,43,1.43693829
47,Male,7/26/24,14:42,33,2,MoonBall4_Perceptual_VA,1.84495889,MoonBall4,Perceptual,3270,0.963667763,0.847985702,55,3270.757735,-1.233333289,1.9,59,1.914517597
47,Male,7/26/24,14:42,33,2,MoonBall4_Adjusted_VA,1.588553936,MoonBall4,Adjusted,3270,0.963667763,0.847985702,55,3270.757735,-1.233333289,1.22,44,1.648445654
48,Female,7/26/24,15:10,18,2,Lamp1a_Perceptual_VA,0.98218931,Lamp1a,Perceptual,6670,0.349099442,3.426440531,40.64,6675.897986,2.408610726,0.96,56,2.813494359
48,Female,7/26/24,15:10,18,2,Lamp1a_Adjusted_VA,0.496560314,Lamp1a,Adjusted,6670,0.349099442,3.426440531,40.64,6675.897986,2.408610726,0.39,45,1.422403634
48,Female,7/26/24,15:10,18,2,Lamp2a_Perceptual_VA,2.496064123,Lamp2a,Perceptual,2250,1.034860968,10.06479905,40.64,2267.424511,7.107715309,2.44,56,2.41198016
48,Female,7/26/24,15:10,18,2,Lamp2a_Adjusted_VA,1.403676388,Lamp2a,Adjusted,2250,1.034860968,10.06479905,40.64,2267.424511,7.107715309,0.98,40,1.356391275
48,Female,7/26/24,15:10,18,2,Lamp3a_Perceptual_VA,1.002650554,Lamp3a,Perceptual,4890,0.476173226,4.668910694,40.64,4898.041845,3.283701469,0.98,56,2.105642438
48,Female,7/26/24,15:10,18,2,Lamp3a_Adjusted_VA,0.771848569,Lamp3a,Adjusted,4890,0.476173226,4.668910694,40.64,4898.041845,3.283701469,0.65,48.25,1.620940713
48,Female,7/26/24,15:10,18,2,Lamp4a_Perceptual_VA,1.47323887,Lamp4a,Perceptual,3230,0.720888471,7.048329014,40.64,3242.16192,4.96429063,1.44,56,2.043643266
48,Female,7/26/24,15:10,18,2,Lamp4a_Adjusted_VA,0.86776415,Lamp4a,Adjusted,3230,0.720888471,7.048329014,40.64,3242.16192,4.96429063,0.78,51.5,1.203742583
48,Female,7/26/24,15:10,18,2,MoonBall1_Perceptual_VA,0.98218931,MoonBall1,Perceptual,6060,0.520007631,0.457600126,55,6060.40891,-0.665584395,0.96,56,1.888797879
48,Female,7/26/24,15:10,18,2,MoonBall1_Adjusted_VA,0.538438303,MoonBall1,Adjusted,6060,0.520007631,0.457600126,55,6060.40891,-0.665584395,0.39,41.5,1.03544308
48,Female,7/26/24,15:10,18,2,MoonBall2_Perceptual_VA,2.761940129,MoonBall2,Perceptual,2080,1.514944365,1.332988165,55,2081.191044,-1.938501769,2.7,56,1.823129741
48,Female,7/26/24,15:10,18,2,MoonBall2_Adjusted_VA,1.369443679,MoonBall2,Adjusted,2080,1.514944365,1.332988165,55,2081.191044,-1.938501769,0.98,41,0.903956416
48,Female,7/26/24,15:10,18,2,MoonBall3_Perceptual_VA,1.248180116,MoonBall3,Perceptual,4720,0.667633944,0.587503927,55,4720.524988,-0.854517755,1.22,56,1.869557603
48,Female,7/26/24,15:10,18,2,MoonBall3_Adjusted_VA,0.520412236,MoonBall3,Adjusted,4720,0.667633944,0.587503927,55,4720.524988,-0.854517755,0.52,57.25,0.779487383
48,Female,7/26/24,15:10,18,2,MoonBall4_Perceptual_VA,1.943777497,MoonBall4,Perceptual,3270,0.963667763,0.847985702,55,3270.757735,-1.233333289,1.9,56,2.017061867
48,Female,7/26/24,15:10,18,2,MoonBall4_Adjusted_VA,0.75109358,MoonBall4,Adjusted,3270,0.963667763,0.847985702,55,3270.757735,-1.233333289,0.78,59.5,0.779411337
49,Female,7/30/24,11:38,22,2,Lamp1a_Perceptual_VA,1.212839393,Lamp1a,Perceptual,6670,0.349099442,3.426440531,40.64,6675.897986,2.408610726,1.63,77,3.474194595
49,Female,7/30/24,11:38,22,2,Lamp1a_Adjusted_VA,0.399736375,Lamp1a,Adjusted,6670,0.349099442,3.426440531,40.64,6675.897986,2.408610726,0.3,43,1.14505017
49,Female,7/30/24,11:38,22,2,Lamp2a_Perceptual_VA,2.827010255,Lamp2a,Perceptual,2250,1.034860968,10.06479905,40.64,2267.424511,7.107715309,3.8,77,2.731777836
49,Female,7/30/24,11:38,22,2,Lamp2a_Adjusted_VA,1.207479263,Lamp2a,Adjusted,2250,1.034860968,10.06479905,40.64,2267.424511,7.107715309,0.98,46.5,1.166803368
49,Female,7/30/24,11:38,22,2,Lamp3a_Perceptual_VA,1.413720234,Lamp3a,Perceptual,4890,0.476173226,4.668910694,40.64,4898.041845,3.283701469,1.9,77,2.968920039
49,Female,7/30/24,11:38,22,2,Lamp3a_Adjusted_VA,0.500733037,Lamp3a,Adjusted,4890,0.476173226,4.668910694,40.64,4898.041845,3.283701469,0.52,59.5,1.051577471
49,Female,7/30/24,11:38,22,2,Lamp4a_Perceptual_VA,2.455157664,Lamp4a,Perceptual,3230,0.720888471,7.048329014,40.64,3242.16192,4.96429063,3.3,77,3.405738561
49,Female,7/30/24,11:38,22,2,Lamp4a_Adjusted_VA,0.757458595,Lamp4a,Adjusted,3230,0.720888471,7.048329014,40.64,3242.16192,4.96429063,0.78,59,1.05072924
49,Female,7/30/24,11:38,22,2,MoonBall1_Perceptual_VA,1.413720234,MoonBall1,Perceptual,6060,0.520007631,0.457600126,55,6060.40891,-0.665584395,1.9,77,2.718652862
49,Female,7/30/24,11:38,22,2,MoonBall1_Adjusted_VA,0.386262219,MoonBall1,Adjusted,6060,0.520007631,0.457600126,55,6060.40891,-0.665584395,0.3,44.5,0.74280106
49,Female,7/30/24,11:38,22,2,MoonBall2_Perceptual_VA,3.496189627,MoonBall2,Perceptual,2080,1.514944365,1.332988165,55,2081.191044,-1.938501769,4.7,77,2.307800674
49,Female,7/30/24,11:38,22,2,MoonBall2_Adjusted_VA,1.12296133,MoonBall2,Adjusted,2080,1.514944365,1.332988165,55,2081.191044,-1.938501769,0.98,50,0.741255821
49,Female,7/30/24,11:38,22,2,MoonBall3_Perceptual_VA,1.815454614,MoonBall3,Perceptual,4720,0.667633944,0.587503927,55,4720.524988,-0.854517755,2.44,77,2.719236536
49,Female,7/30/24,11:38,22,2,MoonBall3_Adjusted_VA,0.488420081,MoonBall3,Adjusted,4720,0.667633944,0.587503927,55,4720.524988,-0.854517755,0.52,61,0.731568676
49,Female,7/30/24,11:38,22,2,MoonBall4_Perceptual_VA,2.455157664,MoonBall4,Perceptual,3270,0.963667763,0.847985702,55,3270.757735,-1.233333289,3.3,77,2.547722107
49,Female,7/30/24,11:38,22,2,MoonBall4_Adjusted_VA,0.69828367,MoonBall4,Adjusted,3270,0.963667763,0.847985702,55,3270.757735,-1.233333289,0.78,64,0.724610386
50,Female,7/31/24,11:48,24,2,Lamp1a_Perceptual_VA,0.9445847,Lamp1a,Perceptual,6670,0.349099442,3.426440531,40.64,6675.897986,2.408610726,1.22,74,2.705775453
50,Female,7/31/24,11:48,24,2,Lamp1a_Adjusted_VA,0.475430336,Lamp1a,Adjusted,6670,0.349099442,3.426440531,40.64,6675.897986,2.408610726,0.39,47,1.36187653
50,Female,7/31/24,11:48,24,2,Lamp2a_Perceptual_VA,1.664557589,Lamp2a,Perceptual,2250,1.034860968,10.06479905,40.64,2267.424511,7.107715309,2.15,74,1.60848427
50,Female,7/31/24,11:48,24,2,Lamp2a_Adjusted_VA,1.145877395,Lamp2a,Adjusted,2250,1.034860968,10.06479905,40.64,2267.424511,7.107715309,0.96,48,1.107276659
50,Female,7/31/24,11:48,24,2,Lamp3a_Perceptual_VA,1.26200466,Lamp3a,Perceptual,4890,0.476173226,4.668910694,40.64,4898.041845,3.283701469,1.63,74,2.650305791
50,Female,7/31/24,11:48,24,2,Lamp3a_Adjusted_VA,0.572953021,Lamp3a,Adjusted,4890,0.476173226,4.668910694,40.64,4898.041845,3.283701469,0.52,52,1.20324493
50,Female,7/31/24,11:48,24,2,Lamp4a_Perceptual_VA,1.114909718,Lamp4a,Perceptual,3230,0.720888471,7.048329014,40.64,3242.16192,4.96429063,1.44,74,1.546577262
50,Female,7/31/24,11:48,24,2,Lamp4a_Adjusted_VA,0.578515577,Lamp4a,Adjusted,3230,0.720888471,7.048329014,40.64,3242.16192,4.96429063,0.52,51.5,0.802503578
50,Female,7/31/24,11:48,24,2,MoonBall1_Perceptual_VA,0.9445847,MoonBall1,Perceptual,6060,0.520007631,0.457600126,55,6060.40891,-0.665584395,1.22,74,1.816482382
50,Female,7/31/24,11:48,24,2,MoonBall1_Adjusted_VA,0.607019878,MoonBall1,Adjusted,6060,0.520007631,0.457600126,55,6060.40891,-0.665584395,0.49,46.25,1.167328789
50,Female,7/31/24,11:48,24,2,MoonBall2_Perceptual_VA,1.664557589,MoonBall2,Perceptual,2080,1.514944365,1.332988165,55,2081.191044,-1.938501769,2.15,74,1.09875823
50,Female,7/31/24,11:48,24,2,MoonBall2_Adjusted_VA,1.22060305,MoonBall2,Adjusted,2080,1.514944365,1.332988165,55,2081.191044,-1.938501769,0.98,46,0.805708169
50,Female,7/31/24,11:48,24,2,MoonBall3_Perceptual_VA,1.26200466,MoonBall3,Perceptual,4720,0.667633944,0.587503927,55,4720.524988,-0.854517755,1.63,74,1.890264374
50,Female,7/31/24,11:48,24,2,MoonBall3_Adjusted_VA,0.556889174,MoonBall3,Adjusted,4720,0.667633944,0.587503927,55,4720.524988,-0.854517755,0.52,53.5,0.834123517
50,Female,7/31/24,11:48,24,2,MoonBall4_Perceptual_VA,1.471027043,MoonBall4,Perceptual,3270,0.963667763,0.847985702,55,3270.757735,-1.233333289,1.9,74,1.526487757
50,Female,7/31/24,11:48,24,2,MoonBall4_Adjusted_VA,0.767210992,MoonBall4,Adjusted,3270,0.963667763,0.847985702,55,3270.757735,-1.233333289,0.78,58.25,0.796136408
51,Female,7/31/24,13:53,64,2,Lamp1a_Perceptual_VA,1.849188391,Lamp1a,Perceptual,6670,0.349099442,3.426440531,40.64,6675.897986,2.408610726,1.63,50.5,5.297024773
51,Female,7/31/24,13:53,64,2,Lamp1a_Adjusted_VA,0.69828367,Lamp1a,Adjusted,6670,0.349099442,3.426440531,40.64,6675.897986,2.408610726,0.39,32,2.000242871
51,Female,7/31/24,13:53,64,2,Lamp2a_Perceptual_VA,2.76781216,Lamp2a,Perceptual,2250,1.034860968,10.06479905,40.64,2267.424511,7.107715309,2.44,50.5,2.674573925
51,Female,7/31/24,13:53,64,2,Lamp2a_Adjusted_VA,1.651352264,Lamp2a,Adjusted,2250,1.034860968,10.06479905,40.64,2267.424511,7.107715309,0.98,34,1.595723789
51,Female,7/31/24,13:53,64,2,Lamp3a_Perceptual_VA,2.155428558,Lamp3a,Perceptual,4890,0.476173226,4.668910694,40.64,4898.041845,3.283701469,1.9,50.5,4.526563945
51,Female,7/31/24,13:53,64,2,Lamp3a_Adjusted_VA,0.818497216,Lamp3a,Adjusted,4890,0.476173226,4.668910694,40.64,4898.041845,3.283701469,0.65,45.5,1.71890642
51,Female,7/31/24,13:53,64,2,Lamp4a_Perceptual_VA,2.438956913,Lamp4a,Perceptual,3230,0.720888471,7.048329014,40.64,3242.16192,4.96429063,2.15,50.5,3.383265249
51,Female,7/31/24,13:53,64,2,Lamp4a_Adjusted_VA,1.207479263,Lamp4a,Adjusted,3230,0.720888471,7.048329014,40.64,3242.16192,4.96429063,0.98,46.5,1.674987618
51,Female,7/31/24,13:53,64,2,MoonBall1_Perceptual_VA,2.155428558,MoonBall1,Perceptual,6060,0.520007631,0.457600126,55,6060.40891,-0.665584395,1.9,50.5,4.144994094
51,Female,7/31/24,13:53,64,2,MoonBall1_Adjusted_VA,0.794488745,MoonBall1,Adjusted,6060,0.520007631,0.457600126,55,6060.40891,-0.665584395,0.52,37.5,1.527840552
51,Female,7/31/24,13:53,64,2,MoonBall2_Perceptual_VA,4.309332999,MoonBall2,Perceptual,2080,1.514944365,1.332988165,55,2081.191044,-1.938501769,3.8,50.5,2.844548683
51,Female,7/31/24,13:53,64,2,MoonBall2_Adjusted_VA,2.025900526,MoonBall2,Adjusted,2080,1.514944365,1.332988165,55,2081.191044,-1.938501769,1.22,34.5,1.337277178
51,Female,7/31/24,13:53,64,2,MoonBall3_Perceptual_VA,2.76781216,MoonBall3,Perceptual,4720,0.667633944,0.587503927,55,4720.524988,-0.854517755,2.44,50.5,4.145703172
51,Female,7/31/24,13:53,64,2,MoonBall3_Adjusted_VA,1.519494654,MoonBall3,Adjusted,4720,0.667633944,0.587503927,55,4720.524988,-0.854517755,1.22,46,2.275939782
51,Female,7/31/24,13:53,64,2,MoonBall4_Perceptual_VA,3.742749173,MoonBall4,Perceptual,3270,0.963667763,0.847985702,55,3270.757735,-1.233333289,3.3,50.5,3.883858437
51,Female,7/31/24,13:53,64,2,MoonBall4_Adjusted_VA,1.384107953,MoonBall4,Adjusted,3270,0.963667763,0.847985702,55,3270.757735,-1.233333289,1.22,50.5,1.436291641
52,Female,8/1/24,11:48,19,2,Lamp1a_Perceptual_VA,0.779847182,Lamp1a,Perceptual,6670,0.349099442,3.426440531,40.64,6675.897986,2.408610726,0.98,72,2.233882638
52,Female,8/1/24,11:48,19,2,Lamp1a_Adjusted_VA,0.480542431,Lamp1a,Adjusted,6670,0.349099442,3.426440531,40.64,6675.897986,2.408610726,0.52,62,1.376520192
52,Female,8/1/24,11:48,19,2,Lamp2a_Perceptual_VA,1.297057391,Lamp2a,Perceptual,2250,1.034860968,10.06479905,40.64,2267.424511,7.107715309,1.63,72,1.253363912
52,Female,8/1/24,11:48,19,2,Lamp2a_Adjusted_VA,1.226283906,Lamp2a,Adjusted,2250,1.034860968,10.06479905,40.64,2267.424511,7.107715309,1.22,57,1.184974547
52,Female,8/1/24,11:48,19,2,Lamp3a_Perceptual_VA,0.763932409,Lamp3a,Perceptual,4890,0.476173226,4.668910694,40.64,4898.041845,3.283701469,0.96,72,1.604316176
52,Female,8/1/24,11:48,19,2,Lamp3a_Adjusted_VA,0.559503635,Lamp3a,Adjusted,4890,0.476173226,4.668910694,40.64,4898.041845,3.283701469,0.52,53.25,1.175000198
52,Female,8/1/24,11:48,19,2,Lamp4a_Perceptual_VA,0.970821925,Lamp4a,Perceptual,3230,0.720888471,7.048329014,40.64,3242.16192,4.96429063,1.22,72,1.346701971
52,Female,8/1/24,11:48,19,2,Lamp4a_Adjusted_VA,0.843205687,Lamp4a,Adjusted,3230,0.720888471,7.048329014,40.64,3242.16192,4.96429063,0.78,53,1.169675645
52,Female,8/1/24,11:48,19,2,MoonBall1_Perceptual_VA,0.763932409,MoonBall1,Perceptual,6060,0.520007631,0.457600126,55,6060.40891,-0.665584395,0.96,72,1.469079229
52,Female,8/1/24,11:48,19,2,MoonBall1_Adjusted_VA,0.500733037,MoonBall1,Adjusted,6060,0.520007631,0.457600126,55,6060.40891,-0.665584395,0.52,59.5,0.962934018
52,Female,8/1/24,11:48,19,2,MoonBall2_Perceptual_VA,1.297057391,MoonBall2,Perceptual,2080,1.514944365,1.332988165,55,2081.191044,-1.938501769,1.63,72,0.856174933
52,Female,8/1/24,11:48,19,2,MoonBall2_Adjusted_VA,1.237135137,MoonBall2,Adjusted,2080,1.514944365,1.332988165,55,2081.191044,-1.938501769,1.22,56.5,0.816620838
52,Female,8/1/24,11:48,19,2,MoonBall3_Perceptual_VA,0.779847182,MoonBall3,Perceptual,4720,0.667633944,0.587503927,55,4720.524988,-0.854517755,0.98,72,1.168075992
52,Female,8/1/24,11:48,19,2,MoonBall3_Adjusted_VA,0.589971131,MoonBall3,Adjusted,4720,0.667633944,0.587503927,55,4720.524988,-0.854517755,0.52,50.5,0.883674558
52,Female,8/1/24,11:48,19,2,MoonBall4_Perceptual_VA,1.145877395,MoonBall4,Perceptual,3270,0.963667763,0.847985702,55,3270.757735,-1.233333289,1.44,72,1.189079306
52,Female,8/1/24,11:48,19,2,MoonBall4_Adjusted_VA,0.876271312,MoonBall4,Adjusted,3270,0.963667763,0.847985702,55,3270.757735,-1.233333289,0.78,51,0.909308525
53,Female,8/2/24,14:41,22,2,Lamp1a_Perceptual_VA,1.413720234,Lamp1a,Perceptual,6670,0.349099442,3.426440531,40.64,6675.897986,2.408610726,1.9,77,4.049620438
53,Female,8/2/24,14:41,22,2,Lamp1a_Adjusted_VA,0.417668319,Lamp1a,Adjusted,6670,0.349099442,3.426440531,40.64,6675.897986,2.408610726,0.39,53.5,1.196416462
53,Female,8/2/24,14:41,22,2,Lamp2a_Perceptual_VA,1.815454614,Lamp2a,Perceptual,2250,1.034860968,10.06479905,40.64,2267.424511,7.107715309,2.44,77,1.754298085
53,Female,8/2/24,14:41,22,2,Lamp2a_Adjusted_VA,1.270872456,Lamp2a,Adjusted,2250,1.034860968,10.06479905,40.64,2267.424511,7.107715309,1.22,55,1.228061059
53,Female,8/2/24,14:41,22,2,Lamp3a_Perceptual_VA,1.413720234,Lamp3a,Perceptual,4890,0.476173226,4.668910694,40.64,4898.041845,3.283701469,1.9,77,2.968920039
53,Female,8/2/24,14:41,22,2,Lamp3a_Adjusted_VA,0.591141688,Lamp3a,Adjusted,4890,0.476173226,4.668910694,40.64,4898.041845,3.283701469,0.65,63,1.241442515
53,Female,8/2/24,14:41,22,2,Lamp4a_Perceptual_VA,1.815454614,Lamp4a,Perceptual,3230,0.720888471,7.048329014,40.64,3242.16192,4.96429063,2.44,77,2.51835712
53,Female,8/2/24,14:41,22,2,Lamp4a_Adjusted_VA,0.859420579,Lamp4a,Adjusted,3230,0.720888471,7.048329014,40.64,3242.16192,4.96429063,0.96,64,1.192168571
53,Female,8/2/24,14:41,22,2,MoonBall1_Perceptual_VA,1.815454614,MoonBall1,Perceptual,6060,0.520007631,0.457600126,55,6060.40891,-0.665584395,2.44,77,3.491207642
53,Female,8/2/24,14:41,22,2,MoonBall1_Adjusted_VA,0.595870736,MoonBall1,Adjusted,6060,0.520007631,0.457600126,55,6060.40891,-0.665584395,0.52,50,1.145888447
53,Female,8/2/24,14:41,22,2,MoonBall2_Perceptual_VA,2.455157664,MoonBall2,Perceptual,2080,1.514944365,1.332988165,55,2081.191044,-1.938501769,3.3,77,1.620625629
53,Female,8/2/24,14:41,22,2,MoonBall2_Adjusted_VA,1.357234609,MoonBall2,Adjusted,2080,1.514944365,1.332988165,55,2081.191044,-1.938501769,1.22,51.5,0.895897328
53,Female,8/2/24,14:41,22,2,MoonBall3_Perceptual_VA,1.413720234,MoonBall3,Perceptual,4720,0.667633944,0.587503927,55,4720.524988,-0.854517755,1.9,77,2.117508024
53,Female,8/2/24,14:41,22,2,MoonBall3_Adjusted_VA,0.631218305,MoonBall3,Adjusted,4720,0.667633944,0.587503927,55,4720.524988,-0.854517755,0.65,59,0.945455681
53,Female,8/2/24,14:41,22,2,MoonBall4_Perceptual_VA,1.815454614,MoonBall4,Perceptual,3270,0.963667763,0.847985702,55,3270.757735,-1.233333289,2.44,77,1.88390095
53,Female,8/2/24,14:41,22,2,MoonBall4_Adjusted_VA,0.912986599,MoonBall4,Adjusted,3270,0.963667763,0.847985702,55,3270.757735,-1.233333289,0.98,61.5,0.947408052
54,Female,8/2/24,15:16,23,2,Lamp1a_Perceptual_VA,0.822348836,Lamp1a,Perceptual,6670,0.349099442,3.426440531,40.64,6675.897986,2.408610726,1.22,85,2.355629192
54,Female,8/2/24,15:16,23,2,Lamp1a_Adjusted_VA,0.524761415,Lamp1a,Adjusted,6670,0.349099442,3.426440531,40.64,6675.897986,2.408610726,0.49,53.5,1.503186062
54,Female,8/2/24,15:16,23,2,Lamp2a_Perceptual_VA,2.69577456,Lamp2a,Perceptual,2250,1.034860968,10.06479905,40.64,2267.424511,7.107715309,4,85,2.604963028
54,Female,8/2/24,15:16,23,2,Lamp2a_Adjusted_VA,1.33138487,Lamp2a,Adjusted,2250,1.034860968,10.06479905,40.64,2267.424511,7.107715309,1.22,52.5,1.286535014
54,Female,8/2/24,15:16,23,2,Lamp3a_Perceptual_VA,1.280675866,Lamp3a,Perceptual,4890,0.476173226,4.668910694,40.64,4898.041845,3.283701469,1.9,85,2.689516746
54,Female,8/2/24,15:16,23,2,Lamp3a_Adjusted_VA,0.642101154,Lamp3a,Adjusted,4890,0.476173226,4.668910694,40.64,4898.041845,3.283701469,0.65,58,1.34846127
54,Female,8/2/24,15:16,23,2,Lamp4a_Perceptual_VA,2.224145044,Lamp4a,Perceptual,3230,0.720888471,7.048329014,40.64,3242.16192,4.96429063,3.3,85,3.085283138
54,Female,8/2/24,15:16,23,2,Lamp4a_Adjusted_VA,0.940217334,Lamp4a,Adjusted,3230,0.720888471,7.048329014,40.64,3242.16192,4.96429063,0.96,58.5,1.304247982
54,Female,8/2/24,15:16,23,2,MoonBall1_Perceptual_VA,0.822348836,MoonBall1,Perceptual,6060,0.520007631,0.457600126,55,6060.40891,-0.665584395,1.22,85,1.581416862
54,Female,8/2/24,15:16,23,2,MoonBall1_Adjusted_VA,0.524761415,MoonBall1,Adjusted,6060,0.520007631,0.457600126,55,6060.40891,-0.665584395,0.49,53.5,1.009141759
54,Female,8/2/24,15:16,23,2,MoonBall2_Perceptual_VA,2.224145044,MoonBall2,Perceptual,2080,1.514944365,1.332988165,55,2081.191044,-1.938501769,3.3,85,1.468136451
54,Female,8/2/24,15:16,23,2,MoonBall2_Adjusted_VA,1.571442866,MoonBall2,Adjusted,2080,1.514944365,1.332988165,55,2081.191044,-1.938501769,1.44,52.5,1.037294109
54,Female,8/2/24,15:16,23,2,MoonBall3_Perceptual_VA,1.280675866,MoonBall3,Perceptual,4720,0.667633944,0.587503927,55,4720.524988,-0.854517755,1.9,85,1.918230607
54,Female,8/2/24,15:16,23,2,MoonBall3_Adjusted_VA,0.777217787,MoonBall3,Adjusted,4720,0.667633944,0.587503927,55,4720.524988,-0.854517755,0.78,57.5,1.164137613
54,Female,8/2/24,15:16,23,2,MoonBall4_Perceptual_VA,1.819830578,MoonBall4,Perceptual,3270,0.963667763,0.847985702,55,3270.757735,-1.233333289,2.7,85,1.888441896
54,Female,8/2/24,15:16,23,2,MoonBall4_Adjusted_VA,1.118378106,MoonBall4,Adjusted,3270,0.963667763,0.847985702,55,3270.757735,-1.233333289,1.22,62.5,1.160543237
55,Female,8/9/24,15:23,23,2,Lamp1a_Perceptual_VA,0.931990796,Lamp1a,Perceptual,6670,0.349099442,3.426440531,40.64,6675.897986,2.408610726,1.22,75,2.669700049
55,Female,8/9/24,15:23,23,2,Lamp1a_Adjusted_VA,0.504976483,Lamp1a,Adjusted,6670,0.349099442,3.426440531,40.64,6675.897986,2.408610726,0.52,59,1.44651186
55,Female,8/9/24,15:23,23,2,Lamp2a_Perceptual_VA,1.245179264,Lamp2a,Perceptual,2250,1.034860968,10.06479905,40.64,2267.424511,7.107715309,1.63,75,1.203233384
55,Female,8/9/24,15:23,23,2,Lamp2a_Adjusted_VA,1.306501348,Lamp2a,Adjusted,2250,1.034860968,10.06479905,40.64,2267.424511,7.107715309,1.22,53.5,1.262489734
55,Female,8/9/24,15:23,23,2,Lamp3a_Perceptual_VA,0.931990796,Lamp3a,Perceptual,4890,0.476173226,4.668910694,40.64,4898.041845,3.283701469,1.22,75,1.957251573
55,Female,8/9/24,15:23,23,2,Lamp3a_Adjusted_VA,0.630550363,Lamp3a,Adjusted,4890,0.476173226,4.668910694,40.64,4898.041845,3.283701469,0.52,47.25,1.324203731
55,Female,8/9/24,15:23,23,2,Lamp4a_Perceptual_VA,1.245179264,Lamp4a,Perceptual,3230,0.720888471,7.048329014,40.64,3242.16192,4.96429063,1.63,75,1.727284197
55,Female,8/9/24,15:23,23,2,Lamp4a_Adjusted_VA,0.927012614,Lamp4a,Adjusted,3230,0.720888471,7.048329014,40.64,3242.16192,4.96429063,0.72,44.5,1.285930697
55,Female,8/9/24,15:23,23,2,MoonBall1_Perceptual_VA,1.245179264,MoonBall1,Perceptual,6060,0.520007631,0.457600126,55,6060.40891,-0.665584395,1.63,75,2.39454037
55,Female,8/9/24,15:23,23,2,MoonBall1_Adjusted_VA,0.481970239,MoonBall1,Adjusted,6060,0.520007631,0.457600126,55,6060.40891,-0.665584395,0.49,58.25,0.926852243
55,Female,8/9/24,15:23,23,2,MoonBall2_Perceptual_VA,1.86385831,MoonBall2,Perceptual,2080,1.514944365,1.332988165,55,2081.191044,-1.938501769,2.44,75,1.230314692
55,Female,8/9/24,15:23,23,2,MoonBall2_Adjusted_VA,1.226283906,MoonBall2,Adjusted,2080,1.514944365,1.332988165,55,2081.191044,-1.938501769,1.22,57,0.809458046
55,Female,8/9/24,15:23,23,2,MoonBall3_Perceptual_VA,1.100045174,MoonBall3,Perceptual,4720,0.667633944,0.587503927,55,4720.524988,-0.854517755,1.44,75,1.647677119
55,Female,8/9/24,15:23,23,2,MoonBall3_Adjusted_VA,0.589971131,MoonBall3,Adjusted,4720,0.667633944,0.587503927,55,4720.524988,-0.854517755,0.52,50.5,0.883674558
55,Female,8/9/24,15:23,23,2,MoonBall4_Perceptual_VA,1.45141546,MoonBall4,Perceptual,3270,0.963667763,0.847985702,55,3270.757735,-1.233333289,1.9,75,1.506136779
55,Female,8/9/24,15:23,23,2,MoonBall4_Adjusted_VA,0.889054602,MoonBall4,Adjusted,3270,0.963667763,0.847985702,55,3270.757735,-1.233333289,0.72,46.4,0.92257377
56,Male,8/13/24,12:09,19,2,Lamp1a_Perceptual_VA,0.901685461,Lamp1a,Perceptual,6670,0.349099442,3.426440531,40.64,6675.897986,2.408610726,0.96,61,2.582890012
56,Male,8/13/24,12:09,19,2,Lamp1a_Adjusted_VA,0.460726466,Lamp1a,Adjusted,6670,0.349099442,3.426440531,40.64,6675.897986,2.408610726,0.39,48.5,1.319757098
56,Male,8/13/24,12:09,19,2,Lamp2a_Perceptual_VA,1.530927281,Lamp2a,Perceptual,2250,1.034860968,10.06479905,40.64,2267.424511,7.107715309,1.63,61,1.479355516
56,Male,8/13/24,12:09,19,2,Lamp2a_Adjusted_VA,1.157689765,Lamp2a,Adjusted,2250,1.034860968,10.06479905,40.64,2267.424511,7.107715309,0.98,48.5,1.11869111
56,Male,8/13/24,12:09,19,2,Lamp3a_Perceptual_VA,1.145877395,Lamp3a,Perceptual,4890,0.476173226,4.668910694,40.64,4898.041845,3.283701469,1.22,61,2.406429702
56,Male,8/13/24,12:09,19,2,Lamp3a_Adjusted_VA,0.510449932,Lamp3a,Adjusted,4890,0.476173226,4.668910694,40.64,4898.041845,3.283701469,0.49,55,1.07198369
56,Male,8/13/24,12:09,19,2,Lamp4a_Perceptual_VA,1.530927281,Lamp4a,Perceptual,3230,0.720888471,7.048329014,40.64,3242.16192,4.96429063,1.63,61,2.123667311
56,Male,8/13/24,12:09,19,2,Lamp4a_Adjusted_VA,0.816254834,Lamp4a,Adjusted,3230,0.720888471,7.048329014,40.64,3242.16192,4.96429063,0.78,54.75,1.132290037
56,Male,8/13/24,12:09,19,2,MoonBall1_Perceptual_VA,0.901685461,MoonBall1,Perceptual,6060,0.520007631,0.457600126,55,6060.40891,-0.665584395,0.96,61,1.733985056
56,Male,8/13/24,12:09,19,2,MoonBall1_Adjusted_VA,0.485765656,MoonBall1,Adjusted,6060,0.520007631,0.457600126,55,6060.40891,-0.665584395,0.39,46,0.934151014
56,Male,8/13/24,12:09,19,2,MoonBall2_Perceptual_VA,1.784478379,MoonBall2,Perceptual,2080,1.514944365,1.332988165,55,2081.191044,-1.938501769,1.9,61,1.177916774
56,Male,8/13/24,12:09,19,2,MoonBall2_Adjusted_VA,1.384107953,MoonBall2,Adjusted,2080,1.514944365,1.332988165,55,2081.191044,-1.938501769,1.22,50.5,0.91363616
56,Male,8/13/24,12:09,19,2,MoonBall3_Perceptual_VA,1.3524933,MoonBall3,Perceptual,4720,0.667633944,0.587503927,55,4720.524988,-0.854517755,1.44,61,2.025800683
56,Male,8/13/24,12:09,19,2,MoonBall3_Adjusted_VA,0.501334872,MoonBall3,Adjusted,4720,0.667633944,0.587503927,55,4720.524988,-0.854517755,0.49,56,0.750912797
56,Male,8/13/24,12:09,19,2,MoonBall4_Perceptual_VA,1.530927281,MoonBall4,Perceptual,3270,0.963667763,0.847985702,55,3270.757735,-1.233333289,1.63,61,1.588646357
56,Male,8/13/24,12:09,19,2,MoonBall4_Adjusted_VA,0.928076632,MoonBall4,Adjusted,3270,0.963667763,0.847985702,55,3270.757735,-1.233333289,0.98,60.5,0.96306701
57,Female,8/15/24,11:11,46,2,Lamp1a_Perceptual_VA,1.150592624,Lamp1a,Perceptual,6670,0.349099442,3.426440531,40.64,6675.897986,2.408610726,1.22,60.75,3.295887895
57,Female,8/15/24,11:11,46,2,Lamp1a_Adjusted_VA,0.461440025,Lamp1a,Adjusted,6670,0.349099442,3.426440531,40.64,6675.897986,2.408610726,0.3,37.25,1.321801098
57,Female,8/15/24,11:11,46,2,Lamp2a_Perceptual_VA,2.027540257,Lamp2a,Perceptual,2250,1.034860968,10.06479905,40.64,2267.424511,7.107715309,2.15,60.75,1.95923928
57,Female,8/15/24,11:11,46,2,Lamp2a_Adjusted_VA,1.064033895,Lamp2a,Adjusted,2250,1.034860968,10.06479905,40.64,2267.424511,7.107715309,0.78,42,1.02819019
57,Female,8/15/24,11:11,46,2,Lamp3a_Perceptual_VA,1.358058596,Lamp3a,Perceptual,4890,0.476173226,4.668910694,40.64,4898.041845,3.283701469,1.44,60.75,2.852026366
57,Female,8/15/24,11:11,46,2,Lamp3a_Adjusted_VA,0.549190364,Lamp3a,Adjusted,4890,0.476173226,4.668910694,40.64,4898.041845,3.283701469,0.52,54.25,1.153341543
57,Female,8/15/24,11:11,46,2,Lamp4a_Perceptual_VA,2.300953294,Lamp4a,Perceptual,3230,0.720888471,7.048329014,40.64,3242.16192,4.96429063,2.44,60.75,3.191829785
57,Female,8/15/24,11:11,46,2,Lamp4a_Adjusted_VA,0.79097342,Lamp4a,Adjusted,3230,0.720888471,7.048329014,40.64,3242.16192,4.96429063,0.78,56.5,1.097220239
57,Female,8/15/24,11:11,46,2,MoonBall1_Perceptual_VA,0.490430015,MoonBall1,Perceptual,6060,0.520007631,0.457600126,55,6060.40891,-0.665584395,0.52,60.75,0.943120805
57,Female,8/15/24,11:11,46,2,MoonBall1_Adjusted_VA,0.440734592,MoonBall1,Adjusted,6060,0.520007631,0.457600126,55,6060.40891,-0.665584395,0.3,39,0.847554086
57,Female,8/15/24,11:11,46,2,MoonBall2_Perceptual_VA,2.300953294,MoonBall2,Perceptual,2080,1.514944365,1.332988165,55,2081.191044,-1.938501769,2.44,60.75,1.518836828
57,Female,8/15/24,11:11,46,2,MoonBall2_Adjusted_VA,1.027345073,MoonBall2,Adjusted,2080,1.514944365,1.332988165,55,2081.191044,-1.938501769,0.78,43.5,0.678140463
57,Female,8/15/24,11:11,46,2,MoonBall3_Perceptual_VA,0.905395947,MoonBall3,Perceptual,4720,0.667633944,0.587503927,55,4720.524988,-0.854517755,0.96,60.75,1.356126294
57,Female,8/15/24,11:11,46,2,MoonBall3_Adjusted_VA,0.541701517,MoonBall3,Adjusted,4720,0.667633944,0.587503927,55,4720.524988,-0.854517755,0.52,55,0.811375038
57,Female,8/15/24,11:11,46,2,MoonBall4_Perceptual_VA,1.358058596,MoonBall4,Perceptual,3270,0.963667763,0.847985702,55,3270.757735,-1.233333289,1.44,60.75,1.40926017
57,Female,8/15/24,11:11,46,2,MoonBall4_Adjusted_VA,0.738679157,MoonBall4,Adjusted,3270,0.963667763,0.847985702,55,3270.757735,-1.233333289,0.78,60.5,0.766528865
58,Male,8/30/24,16:21,26,2,Lamp1a_Perceptual_VA,1.502181336,Lamp1a,Perceptual,6670,0.349099442,3.426440531,40.64,6675.897986,2.408610726,2.15,82,4.303018443
58,Male,8/30/24,16:21,26,2,Lamp1a_Adjusted_VA,0.502139573,Lamp1a,Adjusted,6670,0.349099442,3.426440531,40.64,6675.897986,2.408610726,0.39,44.5,1.438385494
58,Male,8/30/24,16:21,26,2,Lamp2a_Perceptual_VA,2.654695251,Lamp2a,Perceptual,2250,1.034860968,10.06479905,40.64,2267.424511,7.107715309,3.8,82,2.565267542
58,Male,8/30/24,16:21,26,2,Lamp2a_Adjusted_VA,1.111156048,Lamp2a,Adjusted,2250,1.034860968,10.06479905,40.64,2267.424511,7.107715309,0.96,49.5,1.073724957
58,Male,8/30/24,16:21,26,2,Lamp3a_Perceptual_VA,1.88639793,Lamp3a,Perceptual,4890,0.476173226,4.668910694,40.64,4898.041845,3.283701469,2.7,82,3.961579159
58,Male,8/30/24,16:21,26,2,Lamp3a_Adjusted_VA,0.507125291,Lamp3a,Adjusted,4890,0.476173226,4.668910694,40.64,4898.041845,3.283701469,0.52,58.75,1.06500169
58,Male,8/30/24,16:21,26,2,Lamp4a_Perceptual_VA,2.654695251,Lamp4a,Perceptual,3230,0.720888471,7.048329014,40.64,3242.16192,4.96429063,3.8,82,3.682532538
58,Male,8/30/24,16:21,26,2,MoonBall1_Perceptual_VA,1.502181336,MoonBall1,Perceptual,6060,0.520007631,0.457600126,55,6060.40891,-0.665584395,2.15,82,2.88876787
58,Male,8/30/24,16:21,26,2,MoonBall1_Adjusted_VA,0.584889337,MoonBall1,Adjusted,6060,0.520007631,0.457600126,55,6060.40891,-0.665584395,0.49,48,1.12477068
58,Male,8/30/24,16:21,26,2,MoonBall2_Perceptual_VA,2.654695251,MoonBall2,Perceptual,2080,1.514944365,1.332988165,55,2081.191044,-1.938501769,3.8,82,1.752338444
58,Male,8/30/24,16:21,26,2,MoonBall2_Adjusted_VA,1.145877395,MoonBall2,Adjusted,2080,1.514944365,1.332988165,55,2081.191044,-1.938501769,0.98,49,0.756382493
58,Male,8/30/24,16:21,26,2,MoonBall3_Perceptual_VA,1.88639793,MoonBall3,Perceptual,4720,0.667633944,0.587503927,55,4720.524988,-0.854517755,2.7,82,2.825497334
58,Male,8/30/24,16:21,26,2,MoonBall3_Adjusted_VA,0.625914056,MoonBall3,Adjusted,4720,0.667633944,0.587503927,55,4720.524988,-0.854517755,0.65,59.5,0.937510834
58,Male,8/30/24,16:21,26,2,MoonBall4_Perceptual_VA,2.305494635,MoonBall4,Perceptual,3270,0.963667763,0.847985702,55,3270.757735,-1.233333289,3.3,82,2.392416477
58,Male,8/30/24,16:21,26,2,MoonBall4_Adjusted_VA,0.774691695,MoonBall4,Adjusted,3270,0.963667763,0.847985702,55,3270.757735,-1.233333289,0.96,71,0.80389915
59,Female,11/1/24,16:23,20,2,Lamp1a_Perceptual_VA,0.714327739,Lamp1a,Perceptual,6670,0.349099442,3.426440531,40.64,6675.897986,2.408610726,0.96,77,2.046201321
59,Female,11/1/24,16:23,20,2,Lamp1a_Adjusted_VA,0.395420007,Lamp1a,Adjusted,6670,0.349099442,3.426440531,40.64,6675.897986,2.408610726,0.49,71,1.132685878
59,Female,11/1/24,16:23,20,2,Lamp2a_Perceptual_VA,1.212839393,Lamp2a,Perceptual,2250,1.034860968,10.06479905,40.64,2267.424511,7.107715309,1.63,77,1.171982934
59,Female,11/1/24,16:23,20,2,Lamp2a_Adjusted_VA,1.063100313,Lamp2a,Adjusted,2250,1.034860968,10.06479905,40.64,2267.424511,7.107715309,1.22,65.75,1.027288057
59,Female,11/1/24,16:23,20,2,Lamp3a_Perceptual_VA,0.729209169,Lamp3a,Perceptual,4890,0.476173226,4.668910694,40.64,4898.041845,3.283701469,0.98,77,1.531394729
59,Female,11/1/24,16:23,20,2,Lamp3a_Adjusted_VA,0.496560314,Lamp3a,Adjusted,4890,0.476173226,4.668910694,40.64,4898.041845,3.283701469,0.52,60,1.042814436
59,Female,11/1/24,16:23,20,2,Lamp4a_Perceptual_VA,1.07147426,Lamp4a,Perceptual,3230,0.720888471,7.048329014,40.64,3242.16192,4.96429063,1.44,77,1.486324588
59,Female,11/1/24,16:23,20,2,Lamp4a_Adjusted_VA,0.859420579,Lamp4a,Adjusted,3230,0.720888471,7.048329014,40.64,3242.16192,4.96429063,0.96,64,1.192168571
60,Male,11/1/24,16:27,18,2,Lamp1a_Perceptual_VA,0.774691695,Lamp1a,Perceptual,6670,0.349099442,3.426440531,40.64,6675.897986,2.408610726,0.96,71,2.219114679
60,Male,11/1/24,16:27,18,2,Lamp1a_Adjusted_VA,0.417668319,Lamp1a,Adjusted,6670,0.349099442,3.426440531,40.64,6675.897986,2.408610726,0.39,53.5,1.196416462
60,Male,11/1/24,16:27,18,2,Lamp2a_Perceptual_VA,1.533175848,Lamp2a,Perceptual,2250,1.034860968,10.06479905,40.64,2267.424511,7.107715309,1.9,71,1.481528336
60,Male,11/1/24,16:27,18,2,Lamp2a_Adjusted_VA,1.33138487,Lamp2a,Adjusted,2250,1.034860968,10.06479905,40.64,2267.424511,7.107715309,1.22,52.5,1.286535014
60,Male,11/1/24,16:27,18,2,Lamp3a_Perceptual_VA,0.774691695,Lamp3a,Perceptual,4890,0.476173226,4.668910694,40.64,4898.041845,3.283701469,0.96,71,1.626911494
60,Male,11/1/24,16:27,18,2,Lamp3a_Adjusted_VA,0.625914056,Lamp3a,Adjusted,4890,0.476173226,4.668910694,40.64,4898.041845,3.283701469,0.65,59.5,1.314467133
60,Male,11/1/24,16:27,18,2,Lamp4a_Perceptual_VA,0.984494805,Lamp4a,Perceptual,3230,0.720888471,7.048329014,40.64,3242.16192,4.96429063,1.22,71,1.365668678
60,Male,11/1/24,16:27,18,2,Lamp4a_Adjusted_VA,0.909137095,Lamp4a,Adjusted,3230,0.720888471,7.048329014,40.64,3242.16192,4.96429063,0.96,60.5,1.261134186
31453,Non biry,11/8/24,14:39,21,2,Lamp1a_Perceptual_VA,0.774691695,Lamp1a,Perceptual,6670,0.349099442,3.426440531,40.64,6675.897986,2.408610726,0.96,71,2.219114679
31453,Non biry,11/8/24,14:39,21,2,Lamp1a_Adjusted_VA,0.417668319,Lamp1a,Adjusted,6670,0.349099442,3.426440531,40.64,6675.897986,2.408610726,0.39,53.5,1.196416462
31453,Non biry,11/8/24,14:39,21,2,Lamp2a_Perceptual_VA,1.315324211,Lamp2a,Perceptual,2250,1.034860968,10.06479905,40.64,2267.424511,7.107715309,1.63,71,1.271015385
31453,Non biry,11/8/24,14:39,21,2,Lamp2a_Adjusted_VA,1.259424081,Lamp2a,Adjusted,2250,1.034860968,10.06479905,40.64,2267.424511,7.107715309,1.22,55.5,1.216998341
31453,Non biry,11/8/24,14:39,21,2,Lamp3a_Perceptual_VA,0.984494805,Lamp3a,Perceptual,4890,0.476173226,4.668910694,40.64,4898.041845,3.283701469,1.22,71,2.067513986
31453,Non biry,11/8/24,14:39,21,2,Lamp3a_Adjusted_VA,0.654801782,Lamp3a,Adjusted,4890,0.476173226,4.668910694,40.64,4898.041845,3.283701469,0.72,63,1.375133555
31453,Non biry,11/8/24,14:39,21,2,Lamp4a_Perceptual_VA,1.162015415,Lamp4a,Perceptual,3230,0.720888471,7.048329014,40.64,3242.16192,4.96429063,1.44,71,1.611921208
31453,Non biry,11/8/24,14:39,21,2,Lamp4a_Adjusted_VA,0.877324482,Lamp4a,Adjusted,3230,0.720888471,7.048329014,40.64,3242.16192,4.96429063,0.98,64,1.217004456
31453,Non biry,11/8/24,14:39,21,2,MoonBall1_Perceptual_VA,0.790830598,MoonBall1,Perceptual,6060,0.520007631,0.457600126,55,6060.40891,-0.665584395,0.98,71,1.520805757
31453,Non biry,11/8/24,14:39,21,2,MoonBall1_Adjusted_VA,0.475843569,MoonBall1,Adjusted,6060,0.520007631,0.457600126,55,6060.40891,-0.665584395,0.49,59,0.915070359
31453,Non biry,11/8/24,14:39,21,2,MoonBall2_Perceptual_VA,1.533175848,MoonBall2,Perceptual,2080,1.514944365,1.332988165,55,2081.191044,-1.938501769,1.9,71,1.012034424
31453,Non biry,11/8/24,14:39,21,2,MoonBall2_Adjusted_VA,1.226283906,MoonBall2,Adjusted,2080,1.514944365,1.332988165,55,2081.191044,-1.938501769,1.22,57,0.809458046
31453,Non biry,11/8/24,14:39,21,2,MoonBall3_Perceptual_VA,0.984494805,MoonBall3,Perceptual,4720,0.667633944,0.587503927,55,4720.524988,-0.854517755,1.22,71,1.474602683
31453,Non biry,11/8/24,14:39,21,2,MoonBall3_Adjusted_VA,0.522694714,MoonBall3,Adjusted,4720,0.667633944,0.587503927,55,4720.524988,-0.854517755,0.52,57,0.78290614
31453,Non biry,11/8/24,14:39,21,2,MoonBall4_Perceptual_VA,1.162015415,MoonBall4,Perceptual,3270,0.963667763,0.847985702,55,3270.757735,-1.233333289,1.44,71,1.205825762
31453,Non biry,11/8/24,14:39,21,2,MoonBall4_Adjusted_VA,0.732624576,MoonBall4,Adjusted,3270,0.963667763,0.847985702,55,3270.757735,-1.233333289,0.78,61,0.760246014
31849,Female,11/8/24,15:10,18,2,Lamp1a_Perceptual_VA,0.724504719,Lamp1a,Perceptual,6670,0.349099442,3.426440531,40.64,6675.897986,2.408610726,0.98,77.5,2.075353417
31849,Female,11/8/24,15:10,18,2,Lamp1a_Adjusted_VA,0.610318837,Lamp1a,Adjusted,6670,0.349099442,3.426440531,40.64,6675.897986,2.408610726,0.49,46,1.748266437
31849,Female,11/8/24,15:10,18,2,Lamp2a_Perceptual_VA,1.803743945,Lamp2a,Perceptual,2250,1.034860968,10.06479905,40.64,2267.424511,7.107715309,2.44,77.5,1.742981908
31849,Female,11/8/24,15:10,18,2,Lamp2a_Adjusted_VA,1.426474292,Lamp2a,Adjusted,2250,1.034860968,10.06479905,40.64,2267.424511,7.107715309,1.22,49,1.378421196
31849,Female,11/8/24,15:10,18,2,Lamp3a_Perceptual_VA,0.901927839,Lamp3a,Perceptual,4890,0.476173226,4.668910694,40.64,4898.041845,3.283701469,1.22,77.5,1.894117076
31849,Female,11/8/24,15:10,18,2,Lamp3a_Adjusted_VA,0.696108385,Lamp3a,Adjusted,4890,0.476173226,4.668910694,40.64,4898.041845,3.283701469,0.65,53.5,1.461880564
31849,Female,11/8/24,15:10,18,2,Lamp4a_Perceptual_VA,1.404600375,Lamp4a,Perceptual,3230,0.720888471,7.048329014,40.64,3242.16192,4.96429063,1.9,77.5,1.948429515
31849,Female,11/8/24,15:10,18,2,Lamp4a_Adjusted_VA,1.030244973,Lamp4a,Adjusted,3230,0.720888471,7.048329014,40.64,3242.16192,4.96429063,0.98,54.5,1.429132264
31849,Female,11/8/24,15:10,18,2,MoonBall1_Perceptual_VA,0.480542431,MoonBall1,Perceptual,6060,0.520007631,0.457600126,55,6060.40891,-0.665584395,0.65,77.5,0.924106498
31849,Female,11/8/24,15:10,18,2,MoonBall1_Adjusted_VA,0.599869796,MoonBall1,Adjusted,6060,0.520007631,0.457600126,55,6060.40891,-0.665584395,0.39,37.25,1.153578833
31849,Female,11/8/24,15:10,18,2,MoonBall2_Perceptual_VA,1.995909169,MoonBall2,Perceptual,2080,1.514944365,1.332988165,55,2081.191044,-1.938501769,2.7,77.5,1.317480176
31849,Female,11/8/24,15:10,18,2,MoonBall2_Adjusted_VA,1.754546125,MoonBall2,Adjusted,2080,1.514944365,1.332988165,55,2081.191044,-1.938501769,0.98,32,1.158158785
31849,Female,11/8/24,15:10,18,2,MoonBall3_Perceptual_VA,0.724504719,MoonBall3,Perceptual,4720,0.667633944,0.587503927,55,4720.524988,-0.854517755,0.98,77.5,1.08518257
31849,Female,11/8/24,15:10,18,2,MoonBall3_Adjusted_VA,0.744834644,MoonBall3,Adjusted,4720,0.667633944,0.587503927,55,4720.524988,-0.854517755,0.65,50,1.115633275
31849,Female,11/8/24,15:10,18,2,MoonBall4_Perceptual_VA,1.404600375,MoonBall4,Perceptual,3270,0.963667763,0.847985702,55,3270.757735,-1.233333289,1.9,77.5,1.457556669
31849,Female,11/8/24,15:10,18,2,MoonBall4_Adjusted_VA,1.011682974,MoonBall4,Adjusted,3270,0.963667763,0.847985702,55,3270.757735,-1.233333289,0.98,55.5,1.049825482
31624,Female,11/8/24,15:45,21,2,Lamp1a_Perceptual_VA,0.940770936,Lamp1a,Perceptual,6670,0.349099442,3.426440531,40.64,6675.897986,2.408610726,1.22,74.3,2.694850876
31624,Female,11/8/24,15:45,21,2,Lamp1a_Adjusted_VA,0.570044678,Lamp1a,Adjusted,6670,0.349099442,3.426440531,40.64,6675.897986,2.408610726,0.49,49.25,1.632900571
31624,Female,11/8/24,15:45,21,2,Lamp2a_Perceptual_VA,1.465088147,Lamp2a,Perceptual,2250,1.034860968,10.06479905,40.64,2267.424511,7.107715309,1.9,74.3,1.41573428
31624,Female,11/8/24,15:45,21,2,Lamp2a_Adjusted_VA,1.22060305,Lamp2a,Adjusted,2250,1.034860968,10.06479905,40.64,2267.424511,7.107715309,0.98,46,1.17948506
31624,Female,11/8/24,15:45,21,2,Lamp3a_Perceptual_VA,1.110408346,Lamp3a,Perceptual,4890,0.476173226,4.668910694,40.64,4898.041845,3.283701469,1.44,74.3,2.331941999
31624,Female,11/8/24,15:45,21,2,Lamp3a_Adjusted_VA,0.730131026,Lamp3a,Adjusted,4890,0.476173226,4.668910694,40.64,4898.041845,3.283701469,0.72,56.5,1.5333307
31624,Female,11/8/24,15:45,21,2,Lamp4a_Perceptual_VA,1.256909492,Lamp4a,Perceptual,3230,0.720888471,7.048329014,40.64,3242.16192,4.96429063,1.63,74.3,1.743556101
31624,Female,11/8/24,15:45,21,2,Lamp4a_Adjusted_VA,0.932249743,Lamp4a,Adjusted,3230,0.720888471,7.048329014,40.64,3242.16192,4.96429063,0.96,59,1.293195523
31624,Female,11/8/24,15:45,21,2,MoonBall1_Perceptual_VA,0.940770936,MoonBall1,Perceptual,6060,0.520007631,0.457600126,55,6060.40891,-0.665584395,1.22,74.3,1.809148329
31624,Female,11/8/24,15:45,21,2,MoonBall1_Adjusted_VA,0.502139573,MoonBall1,Adjusted,6060,0.520007631,0.457600126,55,6060.40891,-0.665584395,0.39,44.5,0.965638854
31624,Female,11/8/24,15:45,21,2,MoonBall2_Perceptual_VA,1.256909492,MoonBall2,Perceptual,2080,1.514944365,1.332988165,55,2081.191044,-1.938501769,1.63,74.3,0.829673697
31624,Female,11/8/24,15:45,21,2,MoonBall2_Adjusted_VA,1.170256088,MoonBall2,Adjusted,2080,1.514944365,1.332988165,55,2081.191044,-1.938501769,0.96,47,0.77247463
31624,Female,11/8/24,15:45,21,2,MoonBall3_Perceptual_VA,1.110408346,MoonBall3,Perceptual,4720,0.667633944,0.587503927,55,4720.524988,-0.854517755,1.44,74.3,1.663199355
31624,Female,11/8/24,15:45,21,2,MoonBall3_Adjusted_VA,0.665032832,MoonBall3,Adjusted,4720,0.667633944,0.587503927,55,4720.524988,-0.854517755,0.65,56,0.996103984
31624,Female,11/8/24,15:45,21,2,MoonBall4_Perceptual_VA,1.465088147,MoonBall4,Perceptual,3270,0.963667763,0.847985702,55,3270.757735,-1.233333289,1.9,74.3,1.520324953
31624,Female,11/8/24,15:45,21,2,MoonBall4_Adjusted_VA,0.69828367,MoonBall4,Adjusted,3270,0.963667763,0.847985702,55,3270.757735,-1.233333289,0.78,64,0.724610386
61,Male,2/17/25,15:29,18,,Lamp1a_Perceptual_VA,0.75692406,Lamp1a,Perceptual,6670,0.349099442,3.426440531,40.64,6675.897986,2.408610726,0.72,54.5,2.168219051
61,Male,2/17/25,15:29,18,,Lamp1a_Adjusted_VA,0.429716332,Lamp1a,Adjusted,6670,0.349099442,3.426440531,40.64,6675.897986,2.408610726,0.3,40,1.230928156
61,Male,2/17/25,15:29,18,,Lamp2a_Perceptual_VA,1.624102038,Lamp2a,Perceptual,2250,1.034860968,10.06479905,40.64,2267.424511,7.107715309,1.63,57.5,1.569391531
61,Male,2/17/25,15:29,18,,Lamp2a_Adjusted_VA,1.242204966,Lamp2a,Adjusted,2250,1.034860968,10.06479905,40.64,2267.424511,7.107715309,0.98,45.2,1.20035928
61,Male,2/17/25,15:29,18,,Lamp3a_Perceptual_VA,0.975223766,Lamp3a,Perceptual,4890,0.476173226,4.668910694,40.64,4898.041845,3.283701469,0.96,56.4,2.048044098
61,Male,2/17/25,15:29,18,,Lamp3a_Adjusted_VA,0.678357407,Lamp3a,Adjusted,4890,0.476173226,4.668910694,40.64,4898.041845,3.283701469,0.65,54.9,1.42460216
61,Male,2/17/25,15:29,18,,Lamp4a_Perceptual_VA,1.205142653,Lamp4a,Perceptual,3230,0.720888471,7.048329014,40.64,3242.16192,4.96429063,1.22,58,1.671746326
61,Male,2/17/25,15:29,18,,Lamp4a_Adjusted_VA,0.895587136,Lamp4a,Adjusted,3230,0.720888471,7.048329014,40.64,3242.16192,4.96429063,0.78,49.9,1.242337992
62,Female,2/17/25,15:27,35,,Lamp1a_Perceptual_VA,1.235297658,Lamp1a,Perceptual,6670,0.349099442,3.426440531,40.64,6675.897986,2.408610726,1.63,75.6,3.538526593
62,Female,2/17/25,15:27,35,,Lamp1a_Adjusted_VA,0.425461754,Lamp1a,Adjusted,6670,0.349099442,3.426440531,40.64,6675.897986,2.408610726,0.3,40.4,1.218740861
62,Female,2/17/25,15:27,35,,Lamp2a_Perceptual_VA,2.775904354,Lamp2a,Perceptual,2250,1.034860968,10.06479905,40.64,2267.424511,7.107715309,3.3,68.1,2.68239352
62,Female,2/17/25,15:27,35,,Lamp2a_Adjusted_VA,1.108915955,Lamp2a,Adjusted,2250,1.034860968,10.06479905,40.64,2267.424511,7.107715309,0.78,40.3,1.071560325
62,Female,2/17/25,15:27,35,,Lamp3a_Perceptual_VA,1.501458637,Lamp3a,Perceptual,4890,0.476173226,4.668910694,40.64,4898.041845,3.283701469,1.9,72.5,3.15317736
62,Female,2/17/25,15:27,35,,Lamp3a_Adjusted_VA,0.484711947,Lamp3a,Adjusted,4890,0.476173226,4.668910694,40.64,4898.041845,3.283701469,0.39,46.1,1.017931962
62,Female,2/17/25,15:27,35,,Lamp4a_Perceptual_VA,1.838438161,Lamp4a,Perceptual,3230,0.720888471,7.048329014,40.64,3242.16192,4.96429063,2.15,67,2.550239371
62,Female,2/17/25,15:27,35,,Lamp4a_Adjusted_VA,0.823929533,Lamp4a,Adjusted,3230,0.720888471,7.048329014,40.64,3242.16192,4.96429063,0.65,45.2,1.142936205
63,Male,3/5/25,13:43,22,,Lamp1a_Perceptual_VA,0.564272056,Lamp1a,Perceptual,6670,0.349099442,3.426440531,40.64,6675.897986,2.408610726,0.65,66,1.616364818
63,Male,3/5/25,13:43,22,,Lamp1a_Adjusted_VA,0.360407747,Lamp1a,Adjusted,6670,0.349099442,3.426440531,40.64,6675.897986,2.408610726,0.39,62,1.032392792
63,Male,3/5/25,13:43,22,,Lamp2a_Perceptual_VA,1.313731015,Lamp2a,Perceptual,2250,1.034860968,10.06479905,40.64,2267.424511,7.107715309,1.44,62.8,1.269475858
63,Male,3/5/25,13:43,22,,Lamp2a_Adjusted_VA,1.234949555,Lamp2a,Adjusted,2250,1.034860968,10.06479905,40.64,2267.424511,7.107715309,1.22,56.6,1.193348279
63,Male,3/5/25,13:43,22,,Lamp3a_Perceptual_VA,0.644570721,Lamp3a,Perceptual,4890,0.476173226,4.668910694,40.64,4898.041845,3.283701469,0.72,64,1.35364755
63,Male,3/5/25,13:43,22,,Lamp3a_Adjusted_VA,0.454171484,Lamp3a,Adjusted,4890,0.476173226,4.668910694,40.64,4898.041845,3.283701469,0.52,65.6,0.953794667
63,Male,3/5/25,13:43,22,,Lamp4a_Perceptual_VA,1.043267458,Lamp4a,Perceptual,3230,0.720888471,7.048329014,40.64,3242.16192,4.96429063,1.22,67,1.447196758
63,Male,3/5/25,13:43,22,,Lamp4a_Adjusted_VA,1.010101742,Lamp4a,Adjusted,3230,0.720888471,7.048329014,40.64,3242.16192,4.96429063,1.22,69.2,1.401190035
64,Female,3/5/25,14:04,25,,Lamp1a_Perceptual_VA,0.716462068,Lamp1a,Perceptual,6670,0.349099442,3.426440531,40.64,6675.897986,2.408610726,0.98,78.37,2.052315136
64,Female,3/5/25,14:04,25,,Lamp1a_Adjusted_VA,0.519655833,Lamp1a,Adjusted,6670,0.349099442,3.426440531,40.64,6675.897986,2.408610726,0.39,43,1.488561055
64,Female,3/5/25,14:04,25,,Lamp2a_Perceptual_VA,2.222402421,Lamp2a,Perceptual,2250,1.034860968,10.06479905,40.64,2267.424511,7.107715309,2.7,69.6,2.147537196
64,Female,3/5/25,14:04,25,,Lamp2a_Adjusted_VA,1.831062194,Lamp2a,Adjusted,2250,1.034860968,10.06479905,40.64,2267.424511,7.107715309,1.63,51,1.769379898
64,Female,3/5/25,14:04,25,,Lamp3a_Perceptual_VA,0.931990796,Lamp3a,Perceptual,4890,0.476173226,4.668910694,40.64,4898.041845,3.283701469,1.22,75,1.957251573
64,Female,3/5/25,14:04,25,,Lamp3a_Adjusted_VA,0.846399532,Lamp3a,Adjusted,4890,0.476173226,4.668910694,40.64,4898.041845,3.283701469,0.78,52.8,1.777503407
64,Female,3/5/25,14:04,25,,Lamp4a_Perceptual_VA,1.461155452,Lamp4a,Perceptual,3230,0.720888471,7.048329014,40.64,3242.16192,4.96429063,1.9,74.5,2.026881425
64,Female,3/5/25,14:04,25,,Lamp4a_Adjusted_VA,1.601952382,Lamp4a,Adjusted,3230,0.720888471,7.048329014,40.64,3242.16192,4.96429063,1.44,51.5,2.222191707
65,Male,3/5/25,14:31,21,,Lamp1a_Perceptual_VA,0.772338565,Lamp1a,Perceptual,6670,0.349099442,3.426440531,40.64,6675.897986,2.408610726,0.98,72.7,2.212374106
65,Male,3/5/25,14:31,21,,Lamp1a_Adjusted_VA,0.555850218,Lamp1a,Adjusted,6670,0.349099442,3.426440531,40.64,6675.897986,2.408610726,0.52,53.6,1.592240352
65,Male,3/5/25,14:31,21,,Lamp2a_Perceptual_VA,1.811406843,Lamp2a,Perceptual,2250,1.034860968,10.06479905,40.64,2267.424511,7.107715309,2.15,68,1.75038667
65,Male,3/5/25,14:31,21,,Lamp2a_Adjusted_VA,1.296806437,Lamp2a,Adjusted,2250,1.034860968,10.06479905,40.64,2267.424511,7.107715309,1.22,53.9,1.253121411
65,Male,3/5/25,14:31,21,,Lamp3a_Perceptual_VA,0.813752465,Lamp3a,Perceptual,4890,0.476173226,4.668910694,40.64,4898.041845,3.283701469,0.98,69,1.708942081
65,Male,3/5/25,14:31,21,,Lamp3a_Adjusted_VA,0.545669966,Lamp3a,Adjusted,4890,0.476173226,4.668910694,40.64,4898.041845,3.283701469,0.52,54.6,1.14594844
65,Male,3/5/25,14:31,21,,Lamp4a_Perceptual_VA,1.200915603,Lamp4a,Perceptual,3230,0.720888471,7.048329014,40.64,3242.16192,4.96429063,1.44,68.7,1.665882659
65,Male,3/5/25,14:31,21,,Lamp4a_Adjusted_VA,0.840035855,Lamp4a,Adjusted,3230,0.720888471,7.048329014,40.64,3242.16192,4.96429063,0.78,53.2,1.165278526
66,Female,3/6/25,14:30,27,,Lamp1a_Perceptual_VA,1.180300497,Lamp1a,Perceptual,6670,0.349099442,3.426440531,40.64,6675.897986,2.408610726,1.44,69.9,3.380986494
66,Female,3/6/25,14:30,27,,Lamp1a_Adjusted_VA,0.442042397,Lamp1a,Adjusted,6670,0.349099442,3.426440531,40.64,6675.897986,2.408610726,0.52,67.4,1.266236334
66,Female,3/6/25,14:30,27,,Lamp2a_Perceptual_VA,2.319002783,Lamp2a,Perceptual,2250,1.034860968,10.06479905,40.64,2267.424511,7.107715309,2.7,66.7,2.240883418
66,Female,3/6/25,14:30,27,,Lamp2a_Adjusted_VA,1.121968175,Lamp2a,Adjusted,2250,1.034860968,10.06479905,40.64,2267.424511,7.107715309,1.22,62.3,1.08417286
66,Female,3/6/25,14:30,27,,Lamp3a_Perceptual_VA,1.306126939,Lamp3a,Perceptual,4890,0.476173226,4.668910694,40.64,4898.041845,3.283701469,1.63,71.5,2.742965936
66,Female,3/6/25,14:30,27,,Lamp3a_Adjusted_VA,0.625914056,Lamp3a,Adjusted,4890,0.476173226,4.668910694,40.64,4898.041845,3.283701469,0.65,59.5,1.314467133
66,Female,3/6/25,14:30,27,,Lamp4a_Perceptual_VA,1.511884227,Lamp4a,Perceptual,3230,0.720888471,7.048329014,40.64,3242.16192,4.96429063,1.9,72,2.097251222
66,Female,3/6/25,14:30,27,,Lamp4a_Adjusted_VA,0.885626908,Lamp4a,Adjusted,3230,0.720888471,7.048329014,40.64,3242.16192,4.96429063,0.98,63.4,1.228521392
67,Female,3/7/25,13:43,57,,Lamp1a_Perceptual_VA,2.190931359,Lamp1a,Perceptual,6670,0.349099442,3.426440531,40.64,6675.897986,2.408610726,2.7,70.6,6.275952058
67,Female,3/7/25,13:43,57,,Lamp1a_Adjusted_VA,0.338052786,Lamp1a,Adjusted,6670,0.349099442,3.426440531,40.64,6675.897986,2.408610726,0.39,66.1,0.968356709
67,Female,3/7/25,13:43,57,,Lamp2a_Perceptual_VA,4.053882739,Lamp2a,Perceptual,2250,1.034860968,10.06479905,40.64,2267.424511,7.107715309,4.7,66.4,3.917321133
67,Female,3/7/25,13:43,57,,Lamp2a_Adjusted_VA,1.125581368,Lamp2a,Adjusted,2250,1.034860968,10.06479905,40.64,2267.424511,7.107715309,1.22,62.1,1.087664336
67,Female,3/7/25,13:43,57,,Lamp3a_Perceptual_VA,2.747672021,Lamp3a,Perceptual,4890,0.476173226,4.668910694,40.64,4898.041845,3.283701469,3.3,68.8,5.770320271
67,Female,3/7/25,13:43,57,,Lamp3a_Adjusted_VA,0.541701517,Lamp3a,Adjusted,4890,0.476173226,4.668910694,40.64,4898.041845,3.283701469,0.52,55,1.137614395
67,Female,3/7/25,13:43,57,,Lamp4a_Perceptual_VA,3.168391218,Lamp4a,Perceptual,3230,0.720888471,7.048329014,40.64,3242.16192,4.96429063,3.8,68.7,4.395119834
67,Female,3/7/25,13:43,57,,Lamp4a_Adjusted_VA,0.838459859,Lamp4a,Adjusted,3230,0.720888471,7.048329014,40.64,3242.16192,4.96429063,0.78,53.3,1.16309234
68,Female,3/7/25,14:27,30,,Lamp1a_Perceptual_VA,1.014806465,Lamp1a,Perceptual,6670,0.349099442,3.426440531,40.64,6675.897986,2.408610726,1.44,81.3,2.906926635
68,Female,3/7/25,14:27,30,,Lamp1a_Adjusted_VA,0.486029799,Lamp1a,Adjusted,6670,0.349099442,3.426440531,40.64,6675.897986,2.408610726,0.52,61.3,1.392238833
68,Female,3/7/25,14:27,30,,Lamp2a_Perceptual_VA,1.357317829,Lamp2a,Perceptual,2250,1.034860968,10.06479905,40.64,2267.424511,7.107715309,1.9,80.2,1.31159438
68,Female,3/7/25,14:27,30,,Lamp2a_Adjusted_VA,1.182713518,Lamp2a,Adjusted,2250,1.034860968,10.06479905,40.64,2267.424511,7.107715309,1.22,59.1,1.142871898
68,Female,3/7/25,14:27,30,,Lamp3a_Perceptual_VA,0.698011016,Lamp3a,Perceptual,4890,0.476173226,4.668910694,40.64,4898.041845,3.283701469,0.96,78.8,1.465876234
68,Female,3/7/25,14:27,30,,Lamp3a_Adjusted_VA,0.651081397,Lamp3a,Adjusted,4890,0.476173226,4.668910694,40.64,4898.041845,3.283701469,0.65,57.2,1.367320465
68,Female,3/7/25,14:27,30,,Lamp4a_Perceptual_VA,0.896146487,Lamp4a,Perceptual,3230,0.720888471,7.048329014,40.64,3242.16192,4.96429063,1.22,78,1.243113912
68,Female,3/7/25,14:27,30,,Lamp4a_Adjusted_VA,0.951603528,Lamp4a,Adjusted,3230,0.720888471,7.048329014,40.64,3242.16192,4.96429063,0.96,57.8,1.320042651
69,Male,3/7/25,14:39,26,,Lamp1a_Perceptual_VA,1.137975314,Lamp1a,Perceptual,6670,0.349099442,3.426440531,40.64,6675.897986,2.408610726,1.44,72.5,3.259745443
69,Male,3/7/25,14:39,26,,Lamp1a_Adjusted_VA,0.677124059,Lamp1a,Adjusted,6670,0.349099442,3.426440531,40.64,6675.897986,2.408610726,0.65,55,1.939630884
69,Male,3/7/25,14:39,26,,Lamp2a_Perceptual_VA,1.463119157,Lamp2a,Perceptual,2250,1.034860968,10.06479905,40.64,2267.424511,7.107715309,1.9,74.4,1.413831618
69,Male,3/7/25,14:39,26,,Lamp2a_Adjusted_VA,1.226283906,Lamp2a,Adjusted,2250,1.034860968,10.06479905,40.64,2267.424511,7.107715309,1.22,57,1.184974547
69,Male,3/7/25,14:39,26,,Lamp3a_Perceptual_VA,0.952305747,Lamp3a,Perceptual,4890,0.476173226,4.668910694,40.64,4898.041845,3.283701469,1.22,73.4,1.999914514
69,Male,3/7/25,14:39,26,,Lamp3a_Adjusted_VA,0.620698208,Lamp3a,Adjusted,4890,0.476173226,4.668910694,40.64,4898.041845,3.283701469,0.65,60,1.303513455
69,Male,3/7/25,14:39,26,,Lamp4a_Perceptual_VA,1.225571649,Lamp4a,Perceptual,3230,0.720888471,7.048329014,40.64,3242.16192,4.96429063,1.63,76.2,1.700084962
69,Male,3/7/25,14:39,26,,Lamp4a_Adjusted_VA,0.959804288,Lamp4a,Adjusted,3230,0.720888471,7.048329014,40.64,3242.16192,4.96429063,0.98,58.5,1.331418557
70,Male,3/7/25,14:59,65,,Lamp1a_Perceptual_VA,1.430126673,Lamp1a,Perceptual,6670,0.349099442,3.426440531,40.64,6675.897986,2.408610726,1.63,65.3,4.096616903
70,Male,3/7/25,14:59,65,,Lamp1a_Adjusted_VA,0.764973158,Lamp1a,Adjusted,6670,0.349099442,3.426440531,40.64,6675.897986,2.408610726,0.49,36.7,2.1912758
70,Male,3/7/25,14:59,65,,Lamp2a_Perceptual_VA,1.113405211,Lamp2a,Perceptual,2250,1.034860968,10.06479905,40.64,2267.424511,7.107715309,1.44,74.1,1.075898353
70,Male,3/7/25,14:59,65,,Lamp2a_Adjusted_VA,0.737460248,Lamp2a,Adjusted,2250,1.034860968,10.06479905,40.64,2267.424511,7.107715309,0.65,50.5,0.712617705
70,Male,3/7/25,14:59,65,,Lamp3a_Perceptual_VA,0.755537792,Lamp3a,Perceptual,4890,0.476173226,4.668910694,40.64,4898.041845,3.283701469,0.96,72.8,1.586686841
70,Male,3/7/25,14:59,65,,Lamp3a_Adjusted_VA,0.671023982,Lamp3a,Adjusted,4890,0.476173226,4.668910694,40.64,4898.041845,3.283701469,0.65,55.5,1.40920141
70,Male,3/7/25,14:59,65,,Lamp4a_Perceptual_VA,1.463119157,Lamp4a,Perceptual,3230,0.720888471,7.048329014,40.64,3242.16192,4.96429063,1.9,74.4,2.029605432
70,Male,3/7/25,14:59,65,,Lamp4a_Adjusted_VA,1.344778075,Lamp4a,Adjusted,3230,0.720888471,7.048329014,40.64,3242.16192,4.96429063,0.96,40.9,1.86544539
71,Female,3/7/25,15:41,21,,Lamp1a_Perceptual_VA,0.618122746,Lamp1a,Perceptual,6670,0.349099442,3.426440531,40.64,6675.897986,2.408610726,0.78,72.3,1.770620839
71,Female,3/7/25,15:41,21,,Lamp1a_Adjusted_VA,0.532028416,Lamp1a,Adjusted,6670,0.349099442,3.426440531,40.64,6675.897986,2.408610726,0.39,42,1.524002482
71,Female,3/7/25,15:41,21,,Lamp2a_Perceptual_VA,1.533175848,Lamp2a,Perceptual,2250,1.034860968,10.06479905,40.64,2267.424511,7.107715309,1.9,71,1.481528336
71,Female,3/7/25,15:41,21,,Lamp2a_Adjusted_VA,1.204888297,Lamp2a,Adjusted,2250,1.034860968,10.06479905,40.64,2267.424511,7.107715309,0.98,46.6,1.164299683
71,Female,3/7/25,15:41,21,,Lamp3a_Perceptual_VA,0.977610561,Lamp3a,Perceptual,4890,0.476173226,4.668910694,40.64,4898.041845,3.283701469,1.22,71.5,2.05305655
71,Female,3/7/25,15:41,21,,Lamp3a_Adjusted_VA,0.557932021,Lamp3a,Adjusted,4890,0.476173226,4.668910694,40.64,4898.041845,3.283701469,0.52,53.4,1.171699688
71,Female,3/7/25,15:41,21,,Lamp4a_Perceptual_VA,1.137975314,Lamp4a,Perceptual,3230,0.720888471,7.048329014,40.64,3242.16192,4.96429063,1.44,72.5,1.578573329
71,Female,3/7/25,15:41,21,,Lamp4a_Adjusted_VA,0.802333532,Lamp4a,Adjusted,3230,0.720888471,7.048329014,40.64,3242.16192,4.96429063,0.78,55.7,1.112978725
72,Female,3/7/25,15:58,27,,Lamp1a_Perceptual_VA,0.833378464,Lamp1a,Perceptual,6670,0.349099442,3.426440531,40.64,6675.897986,2.408610726,0.96,66,2.387223708
72,Female,3/7/25,15:58,27,,Lamp1a_Adjusted_VA,0.517030229,Lamp1a,Adjusted,6670,0.349099442,3.426440531,40.64,6675.897986,2.408610726,0.49,54.3,1.481039978
72,Female,3/7/25,15:58,27,,Lamp2a_Perceptual_VA,1.289100657,Lamp2a,Perceptual,2250,1.034860968,10.06479905,40.64,2267.424511,7.107715309,1.44,64,1.245675213
72,Female,3/7/25,15:58,27,,Lamp2a_Adjusted_VA,1.061821894,Lamp2a,Adjusted,2250,1.034860968,10.06479905,40.64,2267.424511,7.107715309,0.96,51.8,1.026052703
72,Female,3/7/25,15:58,27,,Lamp3a_Perceptual_VA,0.926545219,Lamp3a,Perceptual,4890,0.476173226,4.668910694,40.64,4898.041845,3.283701469,0.98,60.6,1.945815446
72,Female,3/7/25,15:58,27,,Lamp3a_Adjusted_VA,0.689663093,Lamp3a,Adjusted,4890,0.476173226,4.668910694,40.64,4898.041845,3.283701469,0.52,43.2,1.448344961
72,Female,3/7/25,15:58,27,,Lamp4a_Perceptual_VA,1.035539973,Lamp4a,Perceptual,3230,0.720888471,7.048329014,40.64,3242.16192,4.96429063,1.22,67.5,1.436477368
72,Female,3/7/25,15:58,27,,Lamp4a_Adjusted_VA,1.039088931,Lamp4a,Adjusted,3230,0.720888471,7.048329014,40.64,3242.16192,4.96429063,0.72,39.7,1.441400401
73,Female,4/2/25,16:40,20,,Lamp1a_Perceptual_VA,1.00614393,Lamp1a,Perceptual,6670,0.349099442,3.426440531,40.64,6675.897986,2.408610726,1.44,82,2.882112688
73,Female,4/2/25,16:40,20,,Lamp1a_Adjusted_VA,0.584187201,Lamp1a,Adjusted,6670,0.349099442,3.426440531,40.64,6675.897986,2.408610726,0.39,38.25,1.673412017
73,Female,4/2/25,16:40,20,,Lamp2a_Perceptual_VA,2.773012243,Lamp2a,Perceptual,2250,1.034860968,10.06479905,40.64,2267.424511,7.107715309,3.8,78.5,2.679598834
73,Female,4/2/25,16:40,20,,Lamp2a_Adjusted_VA,1.403676388,Lamp2a,Adjusted,2250,1.034860968,10.06479905,40.64,2267.424511,7.107715309,0.98,40,1.356391275
73,Female,4/2/25,16:40,20,,Lamp3a_Perceptual_VA,1.182136805,Lamp3a,Perceptual,4890,0.476173226,4.668910694,40.64,4898.041845,3.283701469,1.63,79,2.482577221
73,Female,4/2/25,16:40,20,,Lamp3a_Adjusted_VA,0.633904286,Lamp3a,Adjusted,4890,0.476173226,4.668910694,40.64,4898.041845,3.283701469,0.52,47,1.331247224
73,Female,4/2/25,16:40,20,,Lamp4a_Perceptual_VA,1.995909169,Lamp4a,Perceptual,3230,0.720888471,7.048329014,40.64,3242.16192,4.96429063,2.7,77.5,2.768679552
73,Female,4/2/25,16:40,20,,Lamp4a_Adjusted_VA,0.961067961,Lamp4a,Adjusted,3230,0.720888471,7.048329014,40.64,3242.16192,4.96429063,0.78,46.5,1.333171495
74,Male,4/2/25,14:30,63,,Lamp1a_Perceptual_VA,0.768129715,Lamp1a,Perceptual,6670,0.349099442,3.426440531,40.64,6675.897986,2.408610726,1.22,91,2.200317798
74,Male,4/2/25,14:30,63,,Lamp1a_Adjusted_VA,0.551732873,Lamp1a,Adjusted,6670,0.349099442,3.426440531,40.64,6675.897986,2.408610726,0.39,40.5,1.580446162
74,Male,4/2/25,14:30,63,,Lamp2a_Adjusted_VA,1.386348751,Lamp2a,Adjusted,2250,1.034860968,10.06479905,40.64,2267.424511,7.107715309,0.98,40.5,1.339647348
74,Male,4/2/25,14:30,63,,Lamp3a_Perceptual_VA,0.932249743,Lamp3a,Perceptual,4890,0.476173226,4.668910694,40.64,4898.041845,3.283701469,1.44,88.5,1.957795381
74,Male,4/2/25,14:30,63,,Lamp3a_Adjusted_VA,0.647684523,Lamp3a,Adjusted,4890,0.476173226,4.668910694,40.64,4898.041845,3.283701469,0.65,57.5,1.360186771
74,Male,4/2/25,14:30,63,,Lamp4a_Perceptual_VA,1.440695151,Lamp4a,Perceptual,3230,0.720888471,7.048329014,40.64,3242.16192,4.96429063,2.15,85.5,1.998499363
74,Male,4/2/25,14:30,63,,Lamp4a_Adjusted_VA,0.920469775,Lamp4a,Adjusted,3230,0.720888471,7.048329014,40.64,3242.16192,4.96429063,0.98,61,1.27685462
75,Male,4/2/25,15:33,61,,Lamp1a_Perceptual_VA,0.411514879,Lamp1a,Perceptual,6670,0.349099442,3.426440531,40.64,6675.897986,2.408610726,0.52,72.4,1.178789853
75,Male,4/2/25,15:33,61,,Lamp1a_Adjusted_VA,0.337033025,Lamp1a,Adjusted,6670,0.349099442,3.426440531,40.64,6675.897986,2.408610726,0.3,51,0.96543559
75,Male,4/2/25,15:33,61,,Lamp2a_Perceptual_VA,0.9614747,Lamp2a,Perceptual,2250,1.034860968,10.06479905,40.64,2267.424511,7.107715309,1.22,72.7,0.929085867
75,Male,4/2/25,15:33,61,,Lamp2a_Adjusted_VA,1.035947126,Lamp2a,Adjusted,2250,1.034860968,10.06479905,40.64,2267.424511,7.107715309,0.98,54.2,1.001049569
75,Male,4/2/25,15:33,61,,Lamp3a_Perceptual_VA,0.503270503,Lamp3a,Perceptual,4890,0.476173226,4.668910694,40.64,4898.041845,3.283701469,0.65,74,1.056906343
75,Male,4/2/25,15:33,61,,Lamp3a_Adjusted_VA,0.557932021,Lamp3a,Adjusted,4890,0.476173226,4.668910694,40.64,4898.041845,3.283701469,0.52,53.4,1.171699688
75,Male,4/2/25,15:33,61,,Lamp4a_Perceptual_VA,0.728519302,Lamp4a,Perceptual,3230,0.720888471,7.048329014,40.64,3242.16192,4.96429063,0.96,75.5,1.010585314
75,Male,4/2/25,15:33,61,,Lamp4a_Adjusted_VA,0.777217787,Lamp4a,Adjusted,3230,0.720888471,7.048329014,40.64,3242.16192,4.96429063,0.78,57.5,1.078138738
76,Female,4/4/25,13:03,21,,Lamp1a_Perceptual_VA,1.197291309,Lamp1a,Perceptual,6670,0.349099442,3.426440531,40.64,6675.897986,2.408610726,1.63,78,3.429656901
76,Female,4/4/25,13:03,21,,Lamp1a_Adjusted_VA,0.651461028,Lamp1a,Adjusted,6670,0.349099442,3.426440531,40.64,6675.897986,2.408610726,0.39,34.3,1.866118792
76,Female,4/4/25,13:03,21,,Lamp2a_Perceptual_VA,1.424821609,Lamp2a,Perceptual,2250,1.034860968,10.06479905,40.64,2267.424511,7.107715309,1.9,76.4,1.376824185
76,Female,4/4/25,13:03,21,,Lamp2a_Adjusted_VA,0.713899838,Lamp2a,Adjusted,2250,1.034860968,10.06479905,40.64,2267.424511,7.107715309,0.39,31.3,0.689850965
76,Female,4/4/25,13:03,21,,Lamp3a_Perceptual_VA,1.642366547,Lamp3a,Perceptual,4890,0.476173226,4.668910694,40.64,4898.041845,3.283701469,2.15,75,3.449094691
76,Female,4/4/25,13:03,21,,Lamp3a_Adjusted_VA,0.711060214,Lamp3a,Adjusted,4890,0.476173226,4.668910694,40.64,4898.041845,3.283701469,0.52,41.9,1.493280542
76,Female,4/4/25,13:03,21,,Lamp4a_Perceptual_VA,2.554658749,Lamp4a,Perceptual,3230,0.720888471,7.048329014,40.64,3242.16192,4.96429063,3.3,74,3.54376419
76,Female,4/4/25,13:03,21,,Lamp4a_Adjusted_VA,0.985220609,Lamp4a,Adjusted,3230,0.720888471,7.048329014,40.64,3242.16192,4.96429063,0.65,37.8,1.366675497
77,Female,4/4/25,13:30,18,,Lamp1a_Perceptual_VA,0.613877479,Lamp1a,Perceptual,6670,0.349099442,3.426440531,40.64,6675.897986,2.408610726,0.72,67.2,1.758460216
77,Female,4/4/25,13:30,18,,Lamp1a_Adjusted_VA,0.404439117,Lamp1a,Adjusted,6670,0.349099442,3.426440531,40.64,6675.897986,2.408610726,0.3,42.5,1.158521238
77,Female,4/4/25,13:30,18,,Lamp2a_Perceptual_VA,0.681252767,Lamp2a,Perceptual,2250,1.034860968,10.06479905,40.64,2267.424511,7.107715309,0.78,65.6,0.658303664
77,Female,4/4/25,13:30,18,,Lamp2a_Adjusted_VA,0.847067964,Lamp2a,Adjusted,2250,1.034860968,10.06479905,40.64,2267.424511,7.107715309,0.72,48.7,0.818533108
77,Female,4/4/25,13:30,18,,Lamp3a_Perceptual_VA,0.848169766,Lamp3a,Perceptual,4890,0.476173226,4.668910694,40.64,4898.041845,3.283701469,0.98,66.2,1.781221033
77,Female,4/4/25,13:30,18,,Lamp3a_Adjusted_VA,0.542688208,Lamp3a,Adjusted,4890,0.476173226,4.668910694,40.64,4898.041845,3.283701469,0.52,54.9,1.139686521
77,Female,4/4/25,13:30,18,,Lamp4a_Perceptual_VA,1.242510378,Lamp4a,Perceptual,3230,0.720888471,7.048329014,40.64,3242.16192,4.96429063,1.44,66.4,1.723581979
77,Female,4/4/25,13:30,18,,Lamp4a_Adjusted_VA,0.98218931,Lamp4a,Adjusted,3230,0.720888471,7.048329014,40.64,3242.16192,4.96429063,0.96,56,1.362470547
78,Female,4/10/25,13:12,24,,Lamp1a_Perceptual_VA,0.377135415,Lamp1a,Perceptual,6670,0.349099442,3.426440531,40.64,6675.897986,2.408610726,0.52,79,1.080309419
78,Female,4/10/25,13:12,24,,Lamp1a_Adjusted_VA,0.506694068,Lamp1a,Adjusted,6670,0.349099442,3.426440531,40.64,6675.897986,2.408610726,0.52,58.8,1.451431905
78,Female,4/10/25,13:12,24,,Lamp2a_Perceptual_VA,1.551365238,Lamp2a,Perceptual,2250,1.034860968,10.06479905,40.64,2267.424511,7.107715309,2.15,79.4,1.499104987
78,Female,4/10/25,13:12,24,,Lamp2a_Adjusted_VA,1.47323887,Lamp2a,Adjusted,2250,1.034860968,10.06479905,40.64,2267.424511,7.107715309,1.44,56,1.423610432
78,Female,4/10/25,13:12,24,,Lamp3a_Perceptual_VA,1.00983827,Lamp3a,Perceptual,4890,0.476173226,4.668910694,40.64,4898.041845,3.283701469,1.44,81.7,2.12073719
78,Female,4/10/25,13:12,24,,Lamp3a_Adjusted_VA,0.613877479,Lamp3a,Adjusted,4890,0.476173226,4.668910694,40.64,4898.041845,3.283701469,0.72,67.2,1.289189407
78,Female,4/10/25,13:12,24,,Lamp4a_Perceptual_VA,1.347239669,Lamp4a,Perceptual,3230,0.720888471,7.048329014,40.64,3242.16192,4.96429063,1.9,80.8,1.868860056
78,Female,4/10/25,13:12,24,,Lamp4a_Adjusted_VA,1.017452898,Lamp4a,Adjusted,3230,0.720888471,7.048329014,40.64,3242.16192,4.96429063,1.22,68.7,1.41138739
79,Female,4/10/25,13:30,18,,Lamp1a_Perceptual_VA,1.208132733,Lamp1a,Perceptual,6670,0.349099442,3.426440531,40.64,6675.897986,2.408610726,1.63,77.3,3.460712305
79,Female,4/10/25,13:30,18,,Lamp1a_Adjusted_VA,0.623881213,Lamp1a,Adjusted,6670,0.349099442,3.426440531,40.64,6675.897986,2.408610726,0.49,45,1.787116043
79,Female,4/10/25,13:30,18,,Lamp2a_Perceptual_VA,1.8915968,Lamp2a,Perceptual,2250,1.034860968,10.06479905,40.64,2267.424511,7.107715309,2.44,73.9,1.827875299
79,Female,4/10/25,13:30,18,,Lamp2a_Adjusted_VA,1.449938829,Lamp2a,Adjusted,2250,1.034860968,10.06479905,40.64,2267.424511,7.107715309,1.44,56.9,1.401095291
79,Female,4/10/25,13:30,18,,Lamp3a_Perceptual_VA,1.200368954,Lamp3a,Perceptual,4890,0.476173226,4.668910694,40.64,4898.041845,3.283701469,1.63,77.8,2.520866121
79,Female,4/10/25,13:30,18,,Lamp3a_Adjusted_VA,0.769633227,Lamp3a,Adjusted,4890,0.476173226,4.668910694,40.64,4898.041845,3.283701469,0.72,53.6,1.616288326
79,Female,4/10/25,13:30,18,,Lamp4a_Perceptual_VA,1.813100332,Lamp4a,Perceptual,3230,0.720888471,7.048329014,40.64,3242.16192,4.96429063,2.44,77.1,2.515091314
79,Female,4/10/25,13:30,18,,Lamp4a_Adjusted_VA,0.968356321,Lamp4a,Adjusted,3230,0.720888471,7.048329014,40.64,3242.16192,4.96429063,0.96,56.8,1.343281742
80,Female,4/10/25,14:00,21,,Lamp1a_Perceptual_VA,0.502421829,Lamp1a,Perceptual,6670,0.349099442,3.426440531,40.64,6675.897986,2.408610726,0.52,59.3,1.439194019
80,Female,4/10/25,14:00,21,,Lamp1a_Adjusted_VA,0.494089896,Lamp1a,Adjusted,6670,0.349099442,3.426440531,40.64,6675.897986,2.408610726,0.52,60.3,1.415327087
80,Female,4/10/25,14:00,21,,Lamp2a_Perceptual_VA,1.733338826,Lamp2a,Perceptual,2250,1.034860968,10.06479905,40.64,2267.424511,7.107715309,1.9,62.8,1.674948501
80,Female,4/10/25,14:00,21,,Lamp2a_Adjusted_VA,1.132016883,Lamp2a,Adjusted,2250,1.034860968,10.06479905,40.64,2267.424511,7.107715309,0.98,49.6,1.09388306
80,Female,4/10/25,14:00,21,,Lamp3a_Perceptual_VA,0.748577425,Lamp3a,Perceptual,4890,0.476173226,4.668910694,40.64,4898.041845,3.283701469,0.78,59.7,1.572069541
80,Female,4/10/25,14:00,21,,Lamp3a_Adjusted_VA,0.721739617,Lamp3a,Adjusted,4890,0.476173226,4.668910694,40.64,4898.041845,3.283701469,0.65,51.6,1.515708101
80,Female,4/10/25,14:00,21,,Lamp4a_Perceptual_VA,1.201001573,Lamp4a,Perceptual,3230,0.720888471,7.048329014,40.64,3242.16192,4.96429063,1.22,58.2,1.666001915
80,Female,4/10/25,14:00,21,,Lamp4a_Adjusted_VA,0.901003771,Lamp4a,Adjusted,3230,0.720888471,7.048329014,40.64,3242.16192,4.96429063,0.78,49.6,1.249851825
81,Female,4/11/25,13:30,18,,Lamp1a_Perceptual_VA,1.357317829,Lamp1a,Perceptual,6670,0.349099442,3.426440531,40.64,6675.897986,2.408610726,1.9,80.2,3.888054999
81,Female,4/11/25,13:30,18,,Lamp1a_Adjusted_VA,0.809600805,Lamp1a,Adjusted,6670,0.349099442,3.426440531,40.64,6675.897986,2.408610726,0.39,27.6,2.319112288
81,Female,4/11/25,13:30,18,,Lamp2a_Perceptual_VA,1.608065792,Lamp2a,Perceptual,2250,1.034860968,10.06479905,40.64,2267.424511,7.107715309,2.15,76.6,1.553895492
81,Female,4/11/25,13:30,18,,Lamp2a_Adjusted_VA,1.594214483,Lamp2a,Adjusted,2250,1.034860968,10.06479905,40.64,2267.424511,7.107715309,0.96,34.5,1.540510786
81,Female,4/11/25,13:30,18,,Lamp3a_Perceptual_VA,0.900765609,Lamp3a,Perceptual,4890,0.476173226,4.668910694,40.64,4898.041845,3.283701469,1.22,77.6,1.891676305
81,Female,4/11/25,13:30,18,,Lamp3a_Adjusted_VA,0.964178066,Lamp3a,Adjusted,4890,0.476173226,4.668910694,40.64,4898.041845,3.283701469,0.52,30.9,2.024847288
81,Female,4/11/25,13:30,18,,Lamp4a_Perceptual_VA,1.074264394,Lamp4a,Perceptual,3230,0.720888471,7.048329014,40.64,3242.16192,4.96429063,1.44,76.8,1.490194998
81,Female,4/11/25,13:30,18,,Lamp4a_Adjusted_VA,0.951856872,Lamp4a,Adjusted,3230,0.720888471,7.048329014,40.64,3242.16192,4.96429063,0.52,31.3,1.320394084
82,Male,4/11/25,14:00,31,,Lamp1a_Perceptual_VA,0.554195927,Lamp1a,Perceptual,6670,0.349099442,3.426440531,40.64,6675.897986,2.408610726,0.65,67.2,1.587501615
82,Male,4/11/25,14:00,31,,Lamp1a_Adjusted_VA,0.383939354,Lamp1a,Adjusted,6670,0.349099442,3.426440531,40.64,6675.897986,2.408610726,0.39,58.2,1.099799393
82,Male,4/11/25,14:00,31,,Lamp2a_Perceptual_VA,1.155505967,Lamp2a,Perceptual,2250,1.034860968,10.06479905,40.64,2267.424511,7.107715309,1.44,71.4,1.116580877
82,Male,4/11/25,14:00,31,,Lamp2a_Adjusted_VA,1.221996526,Lamp2a,Adjusted,2250,1.034860968,10.06479905,40.64,2267.424511,7.107715309,1.22,57.2,1.180831594
82,Male,4/11/25,14:00,31,,Lamp3a_Perceptual_VA,0.642101154,Lamp3a,Perceptual,4890,0.476173226,4.668910694,40.64,4898.041845,3.283701469,0.78,69.6,1.34846127
82,Male,4/11/25,14:00,31,,Lamp3a_Adjusted_VA,0.588482148,Lamp3a,Adjusted,4890,0.476173226,4.668910694,40.64,4898.041845,3.283701469,0.72,70.1,1.23585728
82,Male,4/11/25,14:00,31,,Lamp4a_Perceptual_VA,1.062292532,Lamp4a,Perceptual,3230,0.720888471,7.048329014,40.64,3242.16192,4.96429063,1.22,65.8,1.473587905
82,Male,4/11/25,14:00,31,,Lamp4a_Adjusted_VA,0.854082761,Lamp4a,Adjusted,3230,0.720888471,7.048329014,40.64,3242.16192,4.96429063,0.96,64.4,1.184764073
83,Male,4/14/25,14:20,25,,Lamp1a_Perceptual_VA,1.111904759,Lamp1a,Perceptual,6670,0.349099442,3.426440531,40.64,6675.897986,2.408610726,1.44,74.2,3.185065991
83,Male,4/14/25,14:20,25,,Lamp1a_Adjusted_VA,0.639345412,Lamp1a,Adjusted,6670,0.349099442,3.426440531,40.64,6675.897986,2.408610726,0.52,46.6,1.831413447
83,Male,4/14/25,14:20,25,,Lamp2a_Perceptual_VA,2.291525676,Lamp2a,Perceptual,2250,1.034860968,10.06479905,40.64,2267.424511,7.107715309,2.7,67.5,2.214331922
83,Male,4/14/25,14:20,25,,Lamp2a_Adjusted_VA,1.346775193,Lamp2a,Adjusted,2250,1.034860968,10.06479905,40.64,2267.424511,7.107715309,1.22,51.9,1.30140689
83,Male,4/14/25,14:20,25,,Lamp3a_Perceptual_VA,1.509787543,Lamp3a,Perceptual,4890,0.476173226,4.668910694,40.64,4898.041845,3.283701469,1.9,72.1,3.170668697
83,Male,4/14/25,14:20,25,,Lamp3a_Adjusted_VA,0.635632329,Lamp3a,Adjusted,4890,0.476173226,4.668910694,40.64,4898.041845,3.283701469,0.72,64.9,1.334876246
83,Male,4/14/25,14:20,25,,Lamp4a_Perceptual_VA,1.962988229,Lamp4a,Perceptual,3230,0.720888471,7.048329014,40.64,3242.16192,4.96429063,2.7,78.8,2.723012376
83,Male,4/14/25,14:20,25,,Lamp4a_Adjusted_VA,0.846199208,Lamp4a,Adjusted,3230,0.720888471,7.048329014,40.64,3242.16192,4.96429063,0.96,65,1.173828188
84,Female,4/14/25,14:52,58,,Lamp1a_Perceptual_VA,1.876365198,Lamp1a,Perceptual,6670,0.349099442,3.426440531,40.64,6675.897986,2.408610726,2.44,74.5,5.374873099
84,Female,4/14/25,14:52,58,,Lamp1a_Adjusted_VA,0.669683305,Lamp1a,Adjusted,6670,0.349099442,3.426440531,40.64,6675.897986,2.408610726,0.72,61.6,1.918316747
84,Female,4/14/25,14:52,58,,Lamp2a_Perceptual_VA,2.130589229,Lamp2a,Perceptual,2250,1.034860968,10.06479905,40.64,2267.424511,7.107715309,2.7,72.6,2.05881688
84,Female,4/14/25,14:52,58,,Lamp2a_Adjusted_VA,1.232771682,Lamp2a,Adjusted,2250,1.034860968,10.06479905,40.64,2267.424511,7.107715309,1.22,56.7,1.191243771
84,Female,4/14/25,14:52,58,,Lamp3a_Perceptual_VA,1.678162389,Lamp3a,Perceptual,4890,0.476173226,4.668910694,40.64,4898.041845,3.283701469,2.15,73.4,3.524268682
84,Female,4/14/25,14:52,58,,Lamp3a_Adjusted_VA,0.950844305,Lamp3a,Adjusted,4890,0.476173226,4.668910694,40.64,4898.041845,3.283701469,0.78,47,1.996845376
84,Female,4/14/25,14:52,58,,Lamp4a_Perceptual_VA,1.91753982,Lamp4a,Perceptual,3230,0.720888471,7.048329014,40.64,3242.16192,4.96429063,2.44,72.9,2.659967382
84,Female,4/14/25,14:52,58,,Lamp4a_Adjusted_VA,1.177773265,Lamp4a,Adjusted,3230,0.720888471,7.048329014,40.64,3242.16192,4.96429063,0.96,46.7,1.633780137
85,Male,4/14/25,15:08,23,,Lamp1a_Perceptual_VA,0.5436785,Lamp1a,Perceptual,6670,0.349099442,3.426440531,40.64,6675.897986,2.408610726,0.78,82.2,1.557374304
85,Male,4/14/25,15:08,23,,Lamp1a_Adjusted_VA,0.440734592,Lamp1a,Adjusted,6670,0.349099442,3.426440531,40.64,6675.897986,2.408610726,0.52,67.6,1.262490109
85,Male,4/14/25,15:08,23,,Lamp2a_Perceptual_VA,1.388477723,Lamp2a,Perceptual,2250,1.034860968,10.06479905,40.64,2267.424511,7.107715309,1.9,78.4,1.341704602
85,Male,4/14/25,15:08,23,,Lamp2a_Adjusted_VA,1.375032709,Lamp2a,Adjusted,2250,1.034860968,10.06479905,40.64,2267.424511,7.107715309,1.44,60,1.328712505
85,Male,4/14/25,15:08,23,,Lamp3a_Perceptual_VA,0.718057812,Lamp3a,Perceptual,4890,0.476173226,4.668910694,40.64,4898.041845,3.283701469,0.96,76.6,1.507976031
85,Male,4/14/25,15:08,23,,Lamp3a_Adjusted_VA,0.712079872,Lamp3a,Adjusted,4890,0.476173226,4.668910694,40.64,4898.041845,3.283701469,0.65,52.3,1.495421903
85,Male,4/14/25,15:08,23,,Lamp4a_Perceptual_VA,1.01856481,Lamp4a,Perceptual,3230,0.720888471,7.048329014,40.64,3242.16192,4.96429063,1.44,81,1.412929809
85,Male,4/14/25,15:08,23,,Lamp4a_Adjusted_VA,0.770517836,Lamp4a,Adjusted,3230,0.720888471,7.048329014,40.64,3242.16192,4.96429063,0.78,58,1.06884472
86,Female,4/14/25,15:25,20,,Lamp1a_Perceptual_VA,2.864192368,Lamp1a,Perceptual,6670,0.349099442,3.426440531,40.64,6675.897986,2.408610726,3.3,66,8.204517185
86,Female,4/14/25,15:25,20,,Lamp1a_Adjusted_VA,3.367745779,Lamp1a,Adjusted,6670,0.349099442,3.426440531,40.64,6675.897986,2.408610726,2.44,41.5,9.646952636
86,Female,4/14/25,15:25,20,,Lamp2a_Perceptual_VA,2.284039017,Lamp2a,Perceptual,2250,1.034860968,10.06479905,40.64,2267.424511,7.107715309,2.44,61.2,2.207097463
86,Female,4/14/25,15:25,20,,Lamp2a_Adjusted_VA,2.864192368,Lamp2a,Adjusted,2250,1.034860968,10.06479905,40.64,2267.424511,7.107715309,2.15,43,2.767707409
86,Female,4/14/25,15:25,20,,Lamp3a_Perceptual_VA,2.287776222,Lamp3a,Perceptual,4890,0.476173226,4.668910694,40.64,4898.041845,3.283701469,2.44,61.1,4.804504108
86,Female,4/14/25,15:25,20,,Lamp3a_Adjusted_VA,2.11769626,Lamp3a,Adjusted,4890,0.476173226,4.668910694,40.64,4898.041845,3.283701469,1.9,51.4,4.447323249
86,Female,4/14/25,15:25,20,,Lamp4a_Perceptual_VA,2.10550535,Lamp4a,Perceptual,3230,0.720888471,7.048329014,40.64,3242.16192,4.96429063,2.15,58.5,2.920708867
86,Female,4/14/25,15:25,20,,Lamp4a_Adjusted_VA,2.529074415,Lamp4a,Adjusted,3230,0.720888471,7.048329014,40.64,3242.16192,4.96429063,2.15,48.7,3.508274187
87,Female,4/14/25,15:45,21,,Lamp1a_Perceptual_VA,1.656840107,Lamp1a,Perceptual,6670,0.349099442,3.426440531,40.64,6675.897986,2.408610726,1.9,65.7,4.746040551
87,Female,4/14/25,15:45,21,,Lamp1a_Adjusted_VA,0.521835277,Lamp1a,Adjusted,6670,0.349099442,3.426440531,40.64,6675.897986,2.408610726,0.49,53.8,1.4948041
87,Female,4/14/25,15:45,21,,Lamp2a_Perceptual_VA,2.474792843,Lamp2a,Perceptual,2250,1.034860968,10.06479905,40.64,2267.424511,7.107715309,2.7,62.5,2.391425438
87,Female,4/14/25,15:45,21,,Lamp2a_Adjusted_VA,1.395157627,Lamp2a,Adjusted,2250,1.034860968,10.06479905,40.64,2267.424511,7.107715309,1.22,50.1,1.348159483
87,Female,4/14/25,15:45,21,,Lamp3a_Perceptual_VA,1.955142418,Lamp3a,Perceptual,4890,0.476173226,4.668910694,40.64,4898.041845,3.283701469,2.15,63,4.105947814
87,Female,4/14/25,15:45,21,,Lamp3a_Adjusted_VA,0.669817132,Lamp3a,Adjusted,4890,0.476173226,4.668910694,40.64,4898.041845,3.283701469,0.65,55.6,1.406666933
87,Female,4/14/25,15:45,21,,Lamp4a_Perceptual_VA,2.250945579,Lamp4a,Perceptual,3230,0.720888471,7.048329014,40.64,3242.16192,4.96429063,2.44,62.1,3.122460227
87,Female,4/14/25,15:45,21,,Lamp4a_Adjusted_VA,0.77107175,Lamp4a,Adjusted,3230,0.720888471,7.048329014,40.64,3242.16192,4.96429063,0.72,53.5,1.069613097
88,Female,4/17/25,13:00,20,,Lamp1a_Perceptual_VA,1.227719726,Lamp1a,Perceptual,6670,0.349099442,3.426440531,40.64,6675.897986,2.408610726,1.44,67.2,3.516819507
88,Female,4/17/25,13:00,20,,Lamp1a_Adjusted_VA,0.570623982,Lamp1a,Adjusted,6670,0.349099442,3.426440531,40.64,6675.897986,2.408610726,0.49,49.2,1.634559996
88,Female,4/17/25,13:00,20,,Lamp2a_Perceptual_VA,3.098852125,Lamp2a,Perceptual,2250,1.034860968,10.06479905,40.64,2267.424511,7.107715309,3.3,61,2.994462272
88,Female,4/17/25,13:00,20,,Lamp2a_Adjusted_VA,1.122493654,Lamp2a,Adjusted,2250,1.034860968,10.06479905,40.64,2267.424511,7.107715309,0.96,49,1.084680637
88,Female,4/17/25,13:00,20,,Lamp3a_Perceptual_VA,1.98028397,Lamp3a,Perceptual,4890,0.476173226,4.668910694,40.64,4898.041845,3.283701469,2.15,62.2,4.158746985
88,Female,4/17/25,13:00,20,,Lamp3a_Adjusted_VA,0.597064844,Lamp3a,Adjusted,4890,0.476173226,4.668910694,40.64,4898.041845,3.283701469,0.52,49.9,1.253881594
88,Female,4/17/25,13:00,20,,Lamp4a_Perceptual_VA,2.208284291,Lamp4a,Perceptual,3230,0.720888471,7.048329014,40.64,3242.16192,4.96429063,2.44,63.3,3.063281463
88,Female,4/17/25,13:00,20,,Lamp4a_Adjusted_VA,0.828358287,Lamp4a,Adjusted,3230,0.720888471,7.048329014,40.64,3242.16192,4.96429063,0.72,49.8,1.14907967
89,Female,4/17/25,13:20,35,,Lamp1a_Perceptual_VA,1.031296187,Lamp1a,Perceptual,6670,0.349099442,3.426440531,40.64,6675.897986,2.408610726,1.44,80,2.954161662
89,Female,4/17/25,13:20,35,,Lamp1a_Adjusted_VA,0.499892892,Lamp1a,Adjusted,6670,0.349099442,3.426440531,40.64,6675.897986,2.408610726,0.39,44.7,1.431949846
89,Female,4/17/25,13:20,35,,Lamp2a_Perceptual_VA,2.08185174,Lamp2a,Perceptual,2250,1.034860968,10.06479905,40.64,2267.424511,7.107715309,2.7,74.3,2.011721193
89,Female,4/17/25,13:20,35,,Lamp2a_Adjusted_VA,1.073579753,Lamp2a,Adjusted,2250,1.034860968,10.06479905,40.64,2267.424511,7.107715309,0.98,52.3,1.03741448
89,Female,4/17/25,13:20,35,,Lamp3a_Perceptual_VA,1.188152338,Lamp3a,Perceptual,4890,0.476173226,4.668910694,40.64,4898.041845,3.283701469,1.63,78.6,2.495210298
89,Female,4/17/25,13:20,35,,Lamp3a_Adjusted_VA,0.548684671,Lamp3a,Adjusted,4890,0.476173226,4.668910694,40.64,4898.041845,3.283701469,0.52,54.3,1.152279551
89,Female,4/17/25,13:20,35,,Lamp4a_Perceptual_VA,1.899305704,Lamp4a,Perceptual,3230,0.720888471,7.048329014,40.64,3242.16192,4.96429063,2.44,73.6,2.634673435
89,Female,4/17/25,13:20,35,,Lamp4a_Adjusted_VA,0.966411923,Lamp4a,Adjusted,3230,0.720888471,7.048329014,40.64,3242.16192,4.96429063,0.98,58.1,1.340584517
90,Female,4/17/25,13:45,19,,Lamp1a_Perceptual_VA,1.100766944,Lamp1a,Perceptual,6670,0.349099442,3.426440531,40.64,6675.897986,2.408610726,1.22,63.5,3.153161572
90,Female,4/17/25,13:45,19,,Lamp1a_Adjusted_VA,0.530713256,Lamp1a,Adjusted,6670,0.349099442,3.426440531,40.64,6675.897986,2.408610726,0.49,52.9,1.520235189
90,Female,4/17/25,13:45,19,,Lamp2a_Perceptual_VA,1.62227583,Lamp2a,Perceptual,2250,1.034860968,10.06479905,40.64,2267.424511,7.107715309,1.9,67.1,1.567626842
90,Female,4/17/25,13:45,19,,Lamp2a_Adjusted_VA,0.874556562,Lamp2a,Adjusted,2250,1.034860968,10.06479905,40.64,2267.424511,7.107715309,0.78,51.1,0.845095708
90,Female,4/17/25,13:45,19,,Lamp3a_Perceptual_VA,1.39592677,Lamp3a,Perceptual,4890,0.476173226,4.668910694,40.64,4898.041845,3.283701469,1.63,66.9,2.931552411
90,Female,4/17/25,13:45,19,,Lamp3a_Adjusted_VA,0.730131026,Lamp3a,Adjusted,4890,0.476173226,4.668910694,40.64,4898.041845,3.283701469,0.72,56.5,1.5333307
90,Female,4/17/25,13:45,19,,Lamp4a_Perceptual_VA,1.952044535,Lamp4a,Perceptual,3230,0.720888471,7.048329014,40.64,3242.16192,4.96429063,2.15,63.1,2.707831535
90,Female,4/17/25,13:45,19,,Lamp4a_Adjusted_VA,0.958234604,Lamp4a,Adjusted,3230,0.720888471,7.048329014,40.64,3242.16192,4.96429063,0.96,57.4,1.329241127
91,Male,4/17/25,14:10,18,,Lamp1a_Perceptual_VA,0.414953692,Lamp1a,Perceptual,6670,0.349099442,3.426440531,40.64,6675.897986,2.408610726,0.52,71.8,1.188640379
91,Male,4/17/25,14:10,18,,Lamp1a_Adjusted_VA,0.401604287,Lamp1a,Adjusted,6670,0.349099442,3.426440531,40.64,6675.897986,2.408610726,0.3,42.8,1.150400828
91,Male,4/17/25,14:10,18,,Lamp2a_Perceptual_VA,2.278029828,Lamp2a,Perceptual,2250,1.034860968,10.06479905,40.64,2267.424511,7.107715309,2.7,67.9,2.201290704
91,Male,4/17/25,14:10,18,,Lamp2a_Adjusted_VA,1.35621358,Lamp2a,Adjusted,2250,1.034860968,10.06479905,40.64,2267.424511,7.107715309,0.98,41.4,1.310527329
91,Male,4/17/25,14:10,18,,Lamp3a_Perceptual_VA,0.647684523,Lamp3a,Perceptual,4890,0.476173226,4.668910694,40.64,4898.041845,3.283701469,0.78,69,1.360186771
91,Male,4/17/25,14:10,18,,Lamp3a_Adjusted_VA,0.545140197,Lamp3a,Adjusted,4890,0.476173226,4.668910694,40.64,4898.041845,3.283701469,0.49,51.5,1.144835886
91,Male,4/17/25,14:10,18,,Lamp4a_Perceptual_VA,1.15875155,Lamp4a,Perceptual,3230,0.720888471,7.048329014,40.64,3242.16192,4.96429063,1.44,71.2,1.607393648
91,Male,4/17/25,14:10,18,,Lamp4a_Adjusted_VA,1.020454441,Lamp4a,Adjusted,3230,0.720888471,7.048329014,40.64,3242.16192,4.96429063,0.96,53.9,1.415551062
92,Female,4/17/25,14:33,21,,Lamp1a_Perceptual_VA,0.417159108,Lamp1a,Perceptual,6670,0.349099442,3.426440531,40.64,6675.897986,2.408610726,0.49,67.3,1.194957819
92,Female,4/17/25,14:33,21,,Lamp1a_Adjusted_VA,0.352950298,Lamp1a,Adjusted,6670,0.349099442,3.426440531,40.64,6675.897986,2.408610726,0.3,48.7,1.011030828
92,Female,4/17/25,14:33,21,,Lamp2a_Perceptual_VA,1.213277051,Lamp2a,Perceptual,2250,1.034860968,10.06479905,40.64,2267.424511,7.107715309,1.44,68,1.172405848
92,Female,4/17/25,14:33,21,,Lamp2a_Adjusted_VA,0.883198085,Lamp2a,Adjusted,2250,1.034860968,10.06479905,40.64,2267.424511,7.107715309,0.78,50.6,0.853446127
92,Female,4/17/25,14:33,21,,Lamp3a_Perceptual_VA,0.560872881,Lamp3a,Perceptual,4890,0.476173226,4.668910694,40.64,4898.041845,3.283701469,0.65,66.4,1.177875718
92,Female,4/17/25,14:33,21,,Lamp3a_Adjusted_VA,0.447800406,Lamp3a,Adjusted,4890,0.476173226,4.668910694,40.64,4898.041845,3.283701469,0.39,49.9,0.940414919
92,Female,4/17/25,14:33,21,,Lamp4a_Perceptual_VA,0.844343575,Lamp4a,Perceptual,3230,0.720888471,7.048329014,40.64,3242.16192,4.96429063,0.98,66.5,1.171254097
92,Female,4/17/25,14:33,21,,Lamp4a_Adjusted_VA,0.717567821,Lamp4a,Adjusted,3230,0.720888471,7.048329014,40.64,3242.16192,4.96429063,0.65,51.9,0.99539367
6000,Female,5/30/25,13:00,24,3,Lamp5_Perceptual_VA,1.970488619,Lamp5,Perceptual,1690,1.377744544,13.29553454,40.64,1713.129859,9.425813237,2.7,78.5,1.430227851
6000,Female,5/30/25,13:00,24,3,Lamp5_Adjusted_VA,1.403561353,Lamp5,Adjusted,1690,1.377744544,13.29553454,40.64,1713.129859,9.425813237,1.22,49.8,1.018738459
6000,Female,5/30/25,13:00,24,3,Lamp6_Perceptual_VA,1.798187074,Lamp6,Perceptual,2980,0.78136389,7.632925576,40.64,2993.177895,5.378409429,2.15,68.5,2.301343967
6000,Female,5/30/25,13:00,24,3,Lamp6_Adjusted_VA,0.772515661,Lamp6,Adjusted,2980,0.78136389,7.632925576,40.64,2993.177895,5.378409429,0.72,53.4,0.988675918
6000,Female,5/30/25,13:00,24,3,Lamp7_Perceptual_VA,1.205015202,Lamp7,Perceptual,6110,0.381095236,3.739630304,40.64,6116.438009,2.629070427,1.63,77.5,3.161979175
6000,Female,5/30/25,13:00,24,3,Lamp7_Adjusted_VA,0.381970449,Lamp7,Adjusted,6110,0.381095236,3.739630304,40.64,6116.438009,2.629070427,0.39,58.5,1.002296571
6000,Female,5/30/25,13:00,24,3,Stick7_Perceptual_VA,6.164361649,Stick7,Perceptual,6110,2.714805543,3.549852188,14,6115.539621,2.438894746,7.7,71.5,2.270645743
6000,Female,5/30/25,13:00,24,3,Stick7_Adjusted_VA,3.457531984,Stick7,Adjusted,6110,2.714805543,3.549852188,14,6115.539621,2.438894746,3.32,55,1.273583662
6000,Female,5/30/25,13:00,24,3,Stick8_Perceptual_VA,2.291525676,Stick8,Perceptual,10700,1.550425564,2.028814472,14,10703.16425,1.393244359,3.32,83,1.477997866
6000,Female,5/30/25,13:00,24,3,Stick8_Adjusted_VA,1.639732799,Stick8,Adjusted,10700,1.550425564,2.028814472,14,10703.16425,1.393244359,1.66,58,1.057601755
6000,Female,5/30/25,13:00,24,3,Stick9_Perceptual_VA,1.778591809,Stick9,Perceptual,15100,1.098679308,1.43793593,14,15102.24238,0.987362758,2.08,67,1.618845278
6000,Female,5/30/25,13:00,24,3,Stick9_Adjusted_VA,0.563560501,Stick9,Adjusted,15100,1.098679308,1.43793593,14,15102.24238,0.987362758,0.6,61,0.512943583
6000,Female,5/30/25,13:00,24,3,BlueBall_Perceptual_VA,1.212839393,BlueBall,Perceptual,1520,0.852070543,1.933092975,22.605,1521.497917,-2.54262031,1.63,77,1.423402561
6000,Female,5/30/25,13:00,24,3,BlueBall_Adjusted_VA,0.832214568,BlueBall,Adjusted,1520,0.852070543,1.933092975,22.605,1521.497917,-2.54262031,0.78,53.7,0.976696794
6001,Male,5/30/25,14:00,28,3,Lamp5_Perceptual_VA,1.295920715,Lamp5,Perceptual,1690,1.377744544,13.29553454,40.64,1713.129859,9.425813237,1.9,84,0.940610305
6001,Male,5/30/25,14:00,28,3,Lamp5_Adjusted_VA,1.516564438,Lamp5,Adjusted,1690,1.377744544,13.29553454,40.64,1713.129859,9.425813237,1.44,54.4,1.100758805
6001,Male,5/30/25,14:00,28,3,Lamp6_Perceptual_VA,0.970634698,Lamp6,Perceptual,2980,0.78136389,7.632925576,40.64,2993.177895,5.378409429,1.44,85,1.242231322
6001,Male,5/30/25,14:00,28,3,Lamp6_Adjusted_VA,0.887142733,Lamp6,Adjusted,2980,0.78136389,7.632925576,40.64,2993.177895,5.378409429,0.72,46.5,1.135377184
6001,Male,5/30/25,14:00,28,3,Lamp7_Perceptual_VA,0.488197771,Lamp7,Perceptual,6110,0.381095236,3.739630304,40.64,6116.438009,2.629070427,0.72,84.5,1.281038765
6001,Male,5/30/25,14:00,28,3,Lamp7_Adjusted_VA,0.468453449,Lamp7,Adjusted,6110,0.381095236,3.739630304,40.64,6116.438009,2.629070427,0.39,47.7,1.229229349
6001,Male,5/30/25,14:00,28,3,Stick7_Perceptual_VA,2.361181015,Stick7,Perceptual,6110,2.714805543,3.549852188,14,6115.539621,2.438894746,3.05,74,0.869742225
6001,Male,5/30/25,14:00,28,3,Stick7_Adjusted_VA,2.508551231,Stick7,Adjusted,6110,2.714805543,3.549852188,14,6115.539621,2.438894746,2.08,47.5,0.924026119
6001,Male,5/30/25,14:00,28,3,Stick8_Perceptual_VA,1.293972128,Stick8,Perceptual,10700,1.550425564,2.028814472,14,10703.16425,1.393244359,1.66,73.5,0.834591584
6001,Male,5/30/25,14:00,28,3,Stick8_Adjusted_VA,1.513385427,Stick8,Adjusted,10700,1.550425564,2.028814472,14,10703.16425,1.393244359,1.4,53,0.976109697
6001,Male,5/30/25,14:00,28,3,Stick9_Perceptual_VA,1.04852095,Stick9,Perceptual,15100,1.098679308,1.43793593,14,15102.24238,0.987362758,1.4,76.5,0.954346681
6001,Male,5/30/25,14:00,28,3,Stick9_Adjusted_VA,0.939629724,Stick9,Adjusted,15100,1.098679308,1.43793593,14,15102.24238,0.987362758,0.82,50,0.855235661
6001,Male,5/30/25,14:00,28,3,BlueBall_Perceptual_VA,0.970634698,BlueBall,Perceptual,1520,0.852070543,1.933092975,22.605,1521.497917,-2.54262031,1.44,85,1.139148284
6001,Male,5/30/25,14:00,28,3,BlueBall_Adjusted_VA,0.935810261,BlueBall,Adjusted,1520,0.852070543,1.933092975,22.605,1521.497917,-2.54262031,0.98,60,1.098277917
6002,Male,5/30/25,14:30,23,3,Lamp5_Perceptual_VA,4.141121936,Lamp5,Perceptual,1690,1.377744544,13.29553454,40.64,1713.129859,9.425813237,4.7,65,3.00572552
6002,Male,5/30/25,14:30,23,3,Lamp5_Adjusted_VA,2.236543197,Lamp5,Adjusted,1690,1.377744544,13.29553454,40.64,1713.129859,9.425813237,2.44,62.5,1.623336639
6002,Male,5/30/25,14:30,23,3,Lamp6_Perceptual_VA,2.416807291,Lamp6,Perceptual,2980,0.78136389,7.632925576,40.64,2993.177895,5.378409429,2.7,64,3.093062429
6002,Male,5/30/25,14:30,23,3,Lamp6_Adjusted_VA,1.447395347,Lamp6,Adjusted,2980,0.78136389,7.632925576,40.64,2993.177895,5.378409429,1.44,57,1.852396004
6002,Male,5/30/25,14:30,23,3,Lamp7_Perceptual_VA,1.866288396,Lamp7,Perceptual,6110,0.381095236,3.739630304,40.64,6116.438009,2.629070427,2.15,66,4.897170622
6002,Male,5/30/25,14:30,23,3,Lamp7_Adjusted_VA,0.763932409,Lamp7,Adjusted,6110,0.381095236,3.739630304,40.64,6116.438009,2.629070427,0.78,58.5,2.004570869
6002,Male,5/30/25,14:30,23,3,Stick7_Perceptual_VA,6.021442919,Stick7,Perceptual,6110,2.714805543,3.549852188,14,6115.539621,2.438894746,6.89,65.5,2.218001556
6002,Male,5/30/25,14:30,23,3,Stick7_Adjusted_VA,3.378641239,Stick7,Adjusted,6110,2.714805543,3.549852188,14,6115.539621,2.438894746,4.07,69,1.244524215
6002,Male,5/30/25,14:30,23,3,Stick8_Perceptual_VA,5.456875414,Stick8,Perceptual,10700,1.550425564,2.028814472,14,10703.16425,1.393244359,6.1,64,3.51959845
6002,Male,5/30/25,14:30,23,3,Stick8_Adjusted_VA,1.987248109,Stick8,Adjusted,10700,1.550425564,2.028814472,14,10703.16425,1.393244359,2.22,64,1.281743642
6002,Male,5/30/25,14:30,23,3,Stick9_Perceptual_VA,4.55481788,Stick9,Perceptual,15100,1.098679308,1.43793593,14,15102.24238,0.987362758,5.17,65,4.145721001
6002,Male,5/30/25,14:30,23,3,Stick9_Adjusted_VA,1.314927387,Stick9,Adjusted,15100,1.098679308,1.43793593,14,15102.24238,0.987362758,1.4,61,1.196825477
6002,Male,5/30/25,14:30,23,3,BlueBall_Perceptual_VA,2.643951319,BlueBall,Perceptual,1520,0.852070543,1.933092975,22.605,1521.497917,-2.54262031,3.3,71.5,3.10297233
6002,Male,5/30/25,14:30,23,3,BlueBall_Adjusted_VA,1.414960213,BlueBall,Adjusted,1520,0.852070543,1.933092975,22.605,1521.497917,-2.54262031,1.63,66,1.66061393
6003,Female,5/30/25,15:00,28,3,Lamp5_Perceptual_VA,1.413720234,Lamp5,Perceptual,1690,1.377744544,13.29553454,40.64,1713.129859,9.425813237,1.9,77,1.026112017
6003,Female,5/30/25,15:00,28,3,Lamp5_Adjusted_VA,1.462791506,Lamp5,Adjusted,1690,1.377744544,13.29553454,40.64,1713.129859,9.425813237,1.44,56.4,1.061729123
6003,Female,5/30/25,15:00,28,3,Lamp6_Perceptual_VA,0.907784269,Lamp6,Perceptual,2980,0.78136389,7.632925576,40.64,2993.177895,5.378409429,1.22,77,1.1617945
6003,Female,5/30/25,15:00,28,3,Lamp6_Adjusted_VA,0.856127902,Lamp6,Adjusted,2980,0.78136389,7.632925576,40.64,2993.177895,5.378409429,0.78,52.2,1.095683987
6003,Female,5/30/25,15:00,28,3,Lamp7_Perceptual_VA,0.53574884,Lamp7,Perceptual,6110,0.381095236,3.739630304,40.64,6116.438009,2.629070427,0.72,77,1.405813531
6003,Female,5/30/25,15:00,28,3,Lamp7_Adjusted_VA,0.527720554,Lamp7,Adjusted,6110,0.381095236,3.739630304,40.64,6116.438009,2.629070427,0.49,53.2,1.384747181
6003,Female,5/30/25,15:00,28,3,Stick7_Perceptual_VA,3.532120698,Stick7,Perceptual,6110,2.714805543,3.549852188,14,6115.539621,2.438894746,4.07,66,1.301058452
6003,Female,5/30/25,15:00,28,3,Stick7_Adjusted_VA,2.291525676,Stick7,Adjusted,6110,2.714805543,3.549852188,14,6115.539621,2.438894746,2.08,52,0.844084646
6003,Female,5/30/25,15:00,28,3,Stick8_Perceptual_VA,1.861948955,Stick8,Perceptual,10700,1.550425564,2.028814472,14,10703.16425,1.393244359,2.08,64,1.200927667
6003,Female,5/30/25,15:00,28,3,Stick8_Adjusted_VA,1.458359284,Stick8,Adjusted,10700,1.550425564,2.028814472,14,10703.16425,1.393244359,1.4,55,0.940618703
6003,Female,5/30/25,15:00,28,3,Stick9_Perceptual_VA,0.72840165,Stick9,Perceptual,15100,1.098679308,1.43793593,14,15102.24238,0.987362758,0.82,64.5,0.662979311
6003,Female,5/30/25,15:00,28,3,Stick9_Adjusted_VA,0.886445321,Stick9,Adjusted,15100,1.098679308,1.43793593,14,15102.24238,0.987362758,0.82,53,0.806828085
6003,Female,5/30/25,15:00,28,3,BlueBall_Perceptual_VA,1.212839393,BlueBall,Perceptual,1520,0.852070543,1.933092975,22.605,1521.497917,-2.54262031,1.63,77,1.423402561
6003,Female,5/30/25,15:00,28,3,BlueBall_Adjusted_VA,0.898379417,BlueBall,Adjusted,1520,0.852070543,1.933092975,22.605,1521.497917,-2.54262031,0.98,62.5,1.054348638
6004,Female,7/7/25,14:30,24,3,Lamp5_Perceptual_VA,3.473647425,Lamp5,Perceptual,1690,1.377744544,13.29553454,40.64,1713.129859,9.425813237,4.7,77.5,2.521256527
6004,Female,7/7/25,14:30,24,3,Lamp5_Adjusted_VA,1.547859372,Lamp5,Adjusted,1690,1.377744544,13.29553454,40.64,1713.129859,9.425813237,1.44,53.3,1.123473418
6004,Female,7/7/25,14:30,24,3,Lamp6_Perceptual_VA,3.613434932,Lamp6,Perceptual,2980,0.78136389,7.632925576,40.64,2993.177895,5.378409429,4.7,74.5,4.624522554
6004,Female,7/7/25,14:30,24,3,Lamp6_Adjusted_VA,1.144002107,Lamp6,Adjusted,2980,0.78136389,7.632925576,40.64,2993.177895,5.378409429,1.22,61.1,1.464109261
6004,Female,7/7/25,14:30,24,3,Lamp7_Perceptual_VA,2.423690731,Lamp7,Perceptual,6110,0.381095236,3.739630304,40.64,6116.438009,2.629070427,3.3,78,6.359803271
6004,Female,7/7/25,14:30,24,3,Lamp7_Adjusted_VA,0.633904286,Lamp7,Adjusted,6110,0.381095236,3.739630304,40.64,6116.438009,2.629070427,0.52,47,1.663374992
6004,Female,7/7/25,14:30,24,3,Stick7_Perceptual_VA,10.28159586,Stick7,Perceptual,6110,2.714805543,3.549852188,14,6115.539621,2.438894746,13,72.25,3.787231054
6004,Female,7/7/25,14:30,24,3,Stick7_Adjusted_VA,2.705808295,Stick7,Adjusted,6110,2.714805543,3.549852188,14,6115.539621,2.438894746,2.22,47,0.996685859
6004,Female,7/7/25,14:30,24,3,Stick8_Perceptual_VA,8.98516296,Stick8,Perceptual,10700,1.550425564,2.028814472,14,10703.16425,1.393244359,11,70,5.795288188
6004,Female,7/7/25,14:30,24,3,Stick8_Adjusted_VA,1.630257714,Stick8,Adjusted,10700,1.550425564,2.028814472,14,10703.16425,1.393244359,1.4,49.2,1.051490475
6004,Female,7/7/25,14:30,24,3,Stick9_Perceptual_VA,6.207688062,Stick9,Perceptual,15100,1.098679308,1.43793593,14,15102.24238,0.987362758,7.7,71,5.650136503
6004,Female,7/7/25,14:30,24,3,Stick9_Adjusted_VA,1.164508276,Stick9,Adjusted,15100,1.098679308,1.43793593,14,15102.24238,0.987362758,1,49.2,1.059916454
6004,Female,7/7/25,14:30,24,3,Stick10_Perceptual_VA,14.53390881,Stick10,Perceptual,2318,7.147990637,9.286830611,14,2332.562723,6.405727666,19,74.5,2.033285933
6004,Female,7/7/25,14:30,24,3,Stick10_Adjusted_VA,7.294394904,Stick10,Adjusted,2318,7.147990637,9.286830611,14,2332.562723,6.405727666,7.7,60.4,1.020481877
6004,Female,7/7/25,14:30,24,3,BlueBall_Perceptual_VA,3.589361172,BlueBall,Perceptual,1520,0.852070543,1.933092975,22.605,1521.497917,-2.54262031,4.7,75,4.21251644
6004,Female,7/7/25,14:30,24,3,BlueBall_Adjusted_VA,1.000863389,BlueBall,Adjusted,1520,0.852070543,1.933092975,22.605,1521.497917,-2.54262031,0.98,56.1,1.174625031
6005,Female,7/8/25,10:30,28,3,Lamp5_Perceptual_VA,1.299250189,Lamp5,Perceptual,1690,1.377744544,13.29553454,40.64,1713.129859,9.425813237,1.44,63.5,0.943026917
6005,Female,7/8/25,10:30,28,3,Lamp5_Adjusted_VA,1.308797724,Lamp5,Adjusted,1690,1.377744544,13.29553454,40.64,1713.129859,9.425813237,0.98,42.9,0.949956746
6005,Female,7/8/25,10:30,28,3,Lamp6_Perceptual_VA,1.099036285,Lamp6,Perceptual,2980,0.78136389,7.632925576,40.64,2993.177895,5.378409429,1.22,63.6,1.406561397
6005,Female,7/8/25,10:30,28,3,Lamp6_Adjusted_VA,0.838774585,Lamp6,Adjusted,2980,0.78136389,7.632925576,40.64,2993.177895,5.378409429,0.65,44.4,1.073474978
6005,Female,7/8/25,10:30,28,3,Lamp7_Perceptual_VA,0.727851906,Lamp7,Perceptual,6110,0.381095236,3.739630304,40.64,6116.438009,2.629070427,0.78,61.4,1.90989505
6005,Female,7/8/25,10:30,28,3,Lamp7_Adjusted_VA,0.421608551,Lamp7,Adjusted,6110,0.381095236,3.739630304,40.64,6116.438009,2.629070427,0.39,53,1.106307585
6005,Female,7/8/25,10:30,28,3,Stick7_Perceptual_VA,7.233823768,Stick7,Perceptual,6110,2.714805543,3.549852188,14,6115.539621,2.438894746,6.89,54.5,2.664582657
6005,Female,7/8/25,10:30,28,3,Stick7_Adjusted_VA,2.591138511,Stick7,Adjusted,6110,2.714805543,3.549852188,14,6115.539621,2.438894746,1.66,36.7,0.954447186
6005,Female,7/8/25,10:30,28,3,Stick8_Perceptual_VA,5.049078291,Stick8,Perceptual,10700,1.550425564,2.028814472,14,10703.16425,1.393244359,4.7,53.3,3.256575747
6005,Female,7/8/25,10:30,28,3,Stick8_Adjusted_VA,1.480428729,Stick8,Adjusted,10700,1.550425564,2.028814472,14,10703.16425,1.393244359,1,38.7,0.954853147
6005,Female,7/8/25,10:30,28,3,Stick9_Perceptual_VA,3.561062733,Stick9,Perceptual,15100,1.098679308,1.43793593,14,15102.24238,0.987362758,3.32,53.4,3.241221262
6005,Female,7/8/25,10:30,28,3,Stick9_Adjusted_VA,1.065333007,Stick9,Adjusted,15100,1.098679308,1.43793593,14,15102.24238,0.987362758,0.82,44.1,0.969648741
6005,Female,7/8/25,10:30,28,3,Stick10_Perceptual_VA,10.83404423,Stick10,Perceptual,2318,7.147990637,9.286830611,14,2332.562723,6.405727666,11,58,1.515676891
6005,Female,7/8/25,10:30,28,3,Stick10_Adjusted_VA,7.077569844,Stick10,Adjusted,2318,7.147990637,9.286830611,14,2332.562723,6.405727666,5.17,41.8,0.99014817
6005,Female,7/8/25,10:30,28,3,BlueBall_Perceptual_VA,1.132878018,BlueBall,Perceptual,1520,0.852070543,1.933092975,22.605,1521.497917,-2.54262031,1.22,61.7,1.329558951
6005,Female,7/8/25,10:30,28,3,BlueBall_Adjusted_VA,0.794841997,BlueBall,Adjusted,1520,0.852070543,1.933092975,22.605,1521.497917,-2.54262031,0.72,51.9,0.932835906
6006,Male,7/8/25,11:30,21,3,Lamp5_Perceptual_VA,2.011328707,Lamp5,Perceptual,1690,1.377744544,13.29553454,40.64,1713.129859,9.425813237,2.44,69.5,1.459870565
6006,Male,7/8/25,11:30,21,3,Lamp5_Adjusted_VA,1.370539568,Lamp5,Adjusted,1690,1.377744544,13.29553454,40.64,1713.129859,9.425813237,1.22,51,0.994770455
6006,Male,7/8/25,11:30,21,3,Lamp6_Perceptual_VA,1.48305045,Lamp6,Perceptual,2980,0.78136389,7.632925576,40.64,2993.177895,5.378409429,1.9,73.4,1.898027883
6006,Male,7/8/25,11:30,21,3,Lamp6_Adjusted_VA,1.00614393,Lamp6,Adjusted,2980,0.78136389,7.632925576,40.64,2993.177895,5.378409429,0.72,41,1.287676514
6006,Male,7/8/25,11:30,21,3,Lamp7_Perceptual_VA,1.127093742,Lamp7,Perceptual,6110,0.381095236,3.739630304,40.64,6116.438009,2.629070427,1.44,73.2,2.957512017
6006,Male,7/8/25,11:30,21,3,Lamp7_Adjusted_VA,0.472414956,Lamp7,Adjusted,6110,0.381095236,3.739630304,40.64,6116.438009,2.629070427,0.39,47.3,1.239624406
6006,Male,7/8/25,11:30,21,3,Stick7_Perceptual_VA,6.577505649,Stick7,Perceptual,6110,2.714805543,3.549852188,14,6115.539621,2.438894746,7.7,67,2.422827545
6006,Male,7/8/25,11:30,21,3,Stick7_Adjusted_VA,2.723183839,Stick7,Adjusted,6110,2.714805543,3.549852188,14,6115.539621,2.438894746,2.22,46.7,1.003086149
6006,Male,7/8/25,11:30,21,3,Stick8_Perceptual_VA,5.473955636,Stick8,Perceptual,10700,1.550425564,2.028814472,14,10703.16425,1.393244359,6.1,63.8,3.530614924
6006,Male,7/8/25,11:30,21,3,Stick8_Adjusted_VA,1.620378685,Stick8,Adjusted,10700,1.550425564,2.028814472,14,10703.16425,1.393244359,1.4,49.5,1.045118658
6006,Male,7/8/25,11:30,21,3,Stick9_Perceptual_VA,3.018698156,Stick9,Perceptual,15100,1.098679308,1.43793593,14,15102.24238,0.987362758,3.32,63,2.747569864
6006,Male,7/8/25,11:30,21,3,Stick9_Adjusted_VA,1.145877395,Stick9,Adjusted,15100,1.098679308,1.43793593,14,15102.24238,0.987362758,1,50,1.04295893
6006,Male,7/8/25,11:30,21,3,Stick10_Perceptual_VA,11.56254819,Stick10,Perceptual,2318,7.147990637,9.286830611,14,2332.562723,6.405727666,13,64.2,1.617594199
6006,Male,7/8/25,11:30,21,3,Stick10_Adjusted_VA,7.003131885,Stick10,Adjusted,2318,7.147990637,9.286830611,14,2332.562723,6.405727666,6.89,56.3,0.979734339
6006,Male,7/8/25,11:30,21,3,BlueBall_Perceptual_VA,1.463119157,BlueBall,Perceptual,1520,0.852070543,1.933092975,22.605,1521.497917,-2.54262031,1.9,74.4,1.717133832
6006,Male,7/8/25,11:30,21,3,BlueBall_Adjusted_VA,0.772515661,BlueBall,Adjusted,1520,0.852070543,1.933092975,22.605,1521.497917,-2.54262031,0.72,53.4,0.906633456
6007,Female,7/8/25,13:30,18,3,Lamp5_Perceptual_VA,2.011328707,Lamp5,Perceptual,1690,1.377744544,13.29553454,40.64,1713.129859,9.425813237,2.44,69.5,1.459870565
6007,Female,7/8/25,13:30,18,3,Lamp5_Adjusted_VA,1.285085104,Lamp5,Adjusted,1690,1.377744544,13.29553454,40.64,1713.129859,9.425813237,0.96,42.8,0.932745558
6007,Female,7/8/25,13:30,18,3,Lamp6_Perceptual_VA,0.807898325,Lamp6,Perceptual,2980,0.78136389,7.632925576,40.64,2993.177895,5.378409429,0.98,69.5,1.033959127
6007,Female,7/8/25,13:30,18,3,Lamp6_Adjusted_VA,0.758315424,Lamp6,Adjusted,2980,0.78136389,7.632925576,40.64,2993.177895,5.378409429,0.72,54.4,0.970502264
6007,Female,7/8/25,13:30,18,3,Lamp7_Perceptual_VA,0.662077196,Lamp7,Perceptual,6110,0.381095236,3.739630304,40.64,6116.438009,2.629070427,0.78,67.5,1.737301159
6007,Female,7/8/25,13:30,18,3,Lamp7_Adjusted_VA,0.475843569,Lamp7,Adjusted,6110,0.381095236,3.739630304,40.64,6116.438009,2.629070427,0.49,59,1.248621142
6007,Female,7/8/25,13:30,18,3,Stick7_Perceptual_VA,4.813738505,Stick7,Perceptual,6110,2.714805543,3.549852188,14,6115.539621,2.438894746,5.17,61.5,1.773143022
6007,Female,7/8/25,13:30,18,3,Stick7_Adjusted_VA,2.721774658,Stick7,Adjusted,6110,2.714805543,3.549852188,14,6115.539621,2.438894746,2.77,58.3,1.002567077
6007,Female,7/8/25,13:30,18,3,Stick8_Perceptual_VA,3.898058003,Stick8,Perceptual,10700,1.550425564,2.028814472,14,10703.16425,1.393244359,4.07,59.8,2.514185842
6007,Female,7/8/25,13:30,18,3,Stick8_Adjusted_VA,1.611944415,Stick8,Adjusted,10700,1.550425564,2.028814472,14,10703.16425,1.393244359,1.66,59,1.039678687
6007,Female,7/8/25,13:30,18,3,Stick9_Perceptual_VA,2.563535254,Stick9,Perceptual,15100,1.098679308,1.43793593,14,15102.24238,0.987362758,2.77,61.9,2.333288009
6007,Female,7/8/25,13:30,18,3,Stick9_Adjusted_VA,1.32142563,Stick9,Adjusted,15100,1.098679308,1.43793593,14,15102.24238,0.987362758,1.4,60.7,1.202740072
6007,Female,7/8/25,13:30,18,3,Stick10_Perceptual_VA,9.793122325,Stick10,Perceptual,2318,7.147990637,9.286830611,14,2332.562723,6.405727666,11,64.2,1.370052484
6007,Female,7/8/25,13:30,18,3,Stick10_Adjusted_VA,7.111509531,Stick10,Adjusted,2318,7.147990637,9.286830611,14,2332.562723,6.405727666,5.17,41.6,0.994896313
6007,Female,7/8/25,13:30,18,3,BlueBall_Perceptual_VA,0.532028416,BlueBall,Perceptual,1520,0.852070543,1.933092975,22.605,1521.497917,-2.54262031,0.65,70,0.624394799
6007,Female,7/8/25,13:30,18,3,BlueBall_Adjusted_VA,0.597064844,BlueBall,Adjusted,1520,0.852070543,1.933092975,22.605,1521.497917,-2.54262031,0.52,49.9,0.700722316
6008,Female,7/8/25,14:30,19,3,Lamp5_Perceptual_VA,2.341411156,Lamp5,Perceptual,1690,1.377744544,13.29553454,40.64,1713.129859,9.425813237,2.44,59.7,1.699452316
6008,Female,7/8/25,14:30,19,3,Lamp5_Adjusted_VA,1.632153106,Lamp5,Adjusted,1690,1.377744544,13.29553454,40.64,1713.129859,9.425813237,0.98,34.4,1.184655829
6008,Female,7/8/25,14:30,19,3,Lamp6_Perceptual_VA,1.375032709,Lamp6,Perceptual,2980,0.78136389,7.632925576,40.64,2993.177895,5.378409429,1.44,60,1.759785328
6008,Female,7/8/25,14:30,19,3,Lamp6_Adjusted_VA,1.064033895,Lamp6,Adjusted,2980,0.78136389,7.632925576,40.64,2993.177895,5.378409429,0.65,35,1.361764869
6008,Female,7/8/25,14:30,19,3,Lamp7_Perceptual_VA,0.943442634,Lamp7,Perceptual,6110,0.381095236,3.739630304,40.64,6116.438009,2.629070427,0.96,58.3,2.47560857
6008,Female,7/8/25,14:30,19,3,Lamp7_Adjusted_VA,0.516055495,Lamp7,Adjusted,6110,0.381095236,3.739630304,40.64,6116.438009,2.629070427,0.39,43.3,1.354137879
6008,Female,7/8/25,14:30,19,3,Stick7_Perceptual_VA,5.542848734,Stick7,Perceptual,6110,2.714805543,3.549852188,14,6115.539621,2.438894746,5.17,53.4,2.041711145
6008,Female,7/8/25,14:30,19,3,Stick7_Adjusted_VA,2.745447416,Stick7,Adjusted,6110,2.714805543,3.549852188,14,6115.539621,2.438894746,2.08,43.4,1.011286949
6008,Female,7/8/25,14:30,19,3,Stick8_Perceptual_VA,2.381616397,Stick8,Perceptual,10700,1.550425564,2.028814472,14,10703.16425,1.393244359,2.22,53.4,1.536104958
6008,Female,7/8/25,14:30,19,3,Stick8_Adjusted_VA,1.610618657,Stick8,Adjusted,10700,1.550425564,2.028814472,14,10703.16425,1.393244359,1.4,49.8,1.038823594
6008,Female,7/8/25,14:30,19,3,Stick9_Perceptual_VA,1.533638661,Stick9,Perceptual,15100,1.098679308,1.43793593,14,15102.24238,0.987362758,1.4,52.3,1.395892915
6008,Female,7/8/25,14:30,19,3,Stick9_Adjusted_VA,0.964711073,Stick9,Adjusted,15100,1.098679308,1.43793593,14,15102.24238,0.987362758,0.82,48.7,0.878064296
6008,Female,7/8/25,14:30,19,3,Stick10_Perceptual_VA,10.27564462,Stick10,Perceptual,2318,7.147990637,9.286830611,14,2332.562723,6.405727666,10.34,57.5,1.43755709
6008,Female,7/8/25,14:30,19,3,Stick10_Adjusted_VA,7.036401931,Stick10,Adjusted,2318,7.147990637,9.286830611,14,2332.562723,6.405727666,3.32,27,0.984388801
6008,Female,7/8/25,14:30,19,3,BlueBall_Perceptual_VA,1.067157714,BlueBall,Perceptual,1520,0.852070543,1.933092975,22.605,1521.497917,-2.54262031,1.22,65.5,1.25242883
6008,Female,7/8/25,14:30,19,3,BlueBall_Adjusted_VA,0.987833797,BlueBall,Adjusted,1520,0.852070543,1.933092975,22.605,1521.497917,-2.54262031,0.65,37.7,1.15933335
6009,Female,7/9/25,10:30,29,3,Lamp5_Perceptual_VA,2.556577466,Lamp5,Perceptual,1690,1.377744544,13.29553454,40.64,1713.129859,9.425813237,2.7,60.5,1.855625178
6009,Female,7/9/25,10:30,29,3,Lamp5_Adjusted_VA,1.287254341,Lamp5,Adjusted,1690,1.377744544,13.29553454,40.64,1713.129859,9.425813237,1.22,54.3,0.934320043
6009,Female,7/9/25,10:30,29,3,Lamp6_Perceptual_VA,1.687660622,Lamp6,Perceptual,2980,0.78136389,7.632925576,40.64,2993.177895,5.378409429,1.9,64.5,2.15989073
6009,Female,7/9/25,10:30,29,3,Lamp6_Adjusted_VA,0.811364582,Lamp6,Adjusted,2980,0.78136389,7.632925576,40.64,2993.177895,5.378409429,0.65,45.9,1.038395289
6009,Female,7/9/25,10:30,29,3,Lamp7_Perceptual_VA,1.320036368,Lamp7,Perceptual,6110,0.381095236,3.739630304,40.64,6116.438009,2.629070427,1.44,62.5,3.463796557
6009,Female,7/9/25,10:30,29,3,Lamp7_Adjusted_VA,0.449602401,Lamp7,Adjusted,6110,0.381095236,3.739630304,40.64,6116.438009,2.629070427,0.39,49.7,1.179763897
6009,Female,7/9/25,10:30,29,3,Stick7_Perceptual_VA,7.168233937,Stick7,Perceptual,6110,2.714805543,3.549852188,14,6115.539621,2.438894746,6.89,55,2.64042261
6009,Female,7/9/25,10:30,29,3,Stick7_Adjusted_VA,2.508408551,Stick7,Adjusted,6110,2.714805543,3.549852188,14,6115.539621,2.438894746,2.22,50.7,0.923973563
6009,Female,7/9/25,10:30,29,3,Stick8_Perceptual_VA,3.377742326,Stick8,Perceptual,10700,1.550425564,2.028814472,14,10703.16425,1.393244359,3.32,56.3,2.178590449
6009,Female,7/9/25,10:30,29,3,Stick8_Adjusted_VA,1.557459263,Stick8,Adjusted,10700,1.550425564,2.028814472,14,10703.16425,1.393244359,1.4,51.5,1.004536624
6009,Female,7/9/25,10:30,29,3,Stick9_Perceptual_VA,2.823437565,Stick9,Perceptual,15100,1.098679308,1.43793593,14,15102.24238,0.987362758,2.77,56.2,2.569846856
6009,Female,7/9/25,10:30,29,3,Stick9_Adjusted_VA,1.130057636,Stick9,Adjusted,15100,1.098679308,1.43793593,14,15102.24238,0.987362758,1,50.7,1.028560043
6009,Female,7/9/25,10:30,29,3,Stick10_Perceptual_VA,10.54935267,Stick10,Perceptual,2318,7.147990637,9.286830611,14,2332.562723,6.405727666,10.34,56,1.475848698
6009,Female,7/9/25,10:30,29,3,Stick10_Adjusted_VA,7.270385652,Stick10,Adjusted,2318,7.147990637,9.286830611,14,2332.562723,6.405727666,7.7,60.6,1.017122996
6009,Female,7/9/25,10:30,29,3,BlueBall_Perceptual_VA,1.518482181,BlueBall,Perceptual,1520,0.852070543,1.933092975,22.605,1521.497917,-2.54262031,1.63,61.5,1.782108527
6009,Female,7/9/25,10:30,29,3,BlueBall_Adjusted_VA,0.954907555,BlueBall,Adjusted,1520,0.852070543,1.933092975,22.605,1521.497917,-2.54262031,0.96,57.6,1.120690725
6010,Female,7/9/25,11:30,28,3,Lamp5_Perceptual_VA,1.620759362,Lamp5,Perceptual,1690,1.377744544,13.29553454,40.64,1713.129859,9.425813237,2.15,76,1.176385977
6010,Female,7/9/25,11:30,28,3,Lamp5_Adjusted_VA,1.559561973,Lamp5,Adjusted,1690,1.377744544,13.29553454,40.64,1713.129859,9.425813237,1.44,52.9,1.131967446
6010,Female,7/9/25,11:30,28,3,Lamp6_Perceptual_VA,0.901927839,Lamp6,Perceptual,2980,0.78136389,7.632925576,40.64,2993.177895,5.378409429,1.22,77.5,1.154299362
6010,Female,7/9/25,11:30,28,3,Lamp6_Adjusted_VA,0.934931305,Lamp6,Adjusted,2980,0.78136389,7.632925576,40.64,2993.177895,5.378409429,0.78,47.8,1.19653764
6010,Female,7/9/25,11:30,28,3,Lamp7_Perceptual_VA,0.733975112,Lamp7,Perceptual,6110,0.381095236,3.739630304,40.64,6116.438009,2.629070427,0.98,76.5,1.925962441
6010,Female,7/9/25,11:30,28,3,Lamp7_Adjusted_VA,0.533740094,Lamp7,Adjusted,6110,0.381095236,3.739630304,40.64,6116.438009,2.629070427,0.49,52.6,1.400542549
6010,Female,7/9/25,11:30,28,3,Stick7_Perceptual_VA,2.899106731,Stick7,Perceptual,6110,2.714805543,3.549852188,14,6115.539621,2.438894746,3.32,65.6,1.067887436
6010,Female,7/9/25,11:30,28,3,Stick7_Adjusted_VA,2.853893786,Stick7,Adjusted,6110,2.714805543,3.549852188,14,6115.539621,2.438894746,2.77,55.6,1.051233225
6010,Female,7/9/25,11:30,28,3,Stick8_Perceptual_VA,2.655332048,Stick8,Perceptual,10700,1.550425564,2.028814472,14,10703.16425,1.393244359,3.05,65.8,1.71264723
6010,Female,7/9/25,11:30,28,3,Stick8_Adjusted_VA,1.748228214,Stick8,Adjusted,10700,1.550425564,2.028814472,14,10703.16425,1.393244359,1.66,54.4,1.127579584
6010,Female,7/9/25,11:30,28,3,Stick9_Perceptual_VA,2.389853893,Stick9,Perceptual,15100,1.098679308,1.43793593,14,15102.24238,0.987362758,2.77,66.4,2.175206064
6010,Female,7/9/25,11:30,28,3,Stick9_Adjusted_VA,1.143590367,Stick9,Adjusted,15100,1.098679308,1.43793593,14,15102.24238,0.987362758,1,50.1,1.040877314
6010,Female,7/9/25,11:30,28,3,Stick10_Perceptual_VA,7.800987485,Stick10,Perceptual,2318,7.147990637,9.286830611,14,2332.562723,6.405727666,9,66,1.091353904
6010,Female,7/9/25,11:30,28,3,Stick10_Adjusted_VA,7.083848444,Stick10,Adjusted,2318,7.147990637,9.286830611,14,2332.562723,6.405727666,7.7,62.2,0.991026542
6010,Female,7/9/25,11:30,28,3,BlueBall_Perceptual_VA,1.186642723,BlueBall,Perceptual,1520,0.852070543,1.933092975,22.605,1521.497917,-2.54262031,1.63,78.7,1.392657841
6010,Female,7/9/25,11:30,28,3,BlueBall_Adjusted_VA,0.990272772,BlueBall,Adjusted,1520,0.852070543,1.933092975,22.605,1521.497917,-2.54262031,0.98,56.7,1.162195759
6011,Female,7/9/25,13:30,24,3,Lamp5_Perceptual_VA,1.01856481,Lamp5,Perceptual,1690,1.377744544,13.29553454,40.64,1713.129859,9.425813237,1.44,81,0.739298743
6011,Female,7/9/25,13:30,24,3,Lamp5_Adjusted_VA,1.420676212,Lamp5,Adjusted,1690,1.377744544,13.29553454,40.64,1713.129859,9.425813237,1.22,49.2,1.031160833
6011,Female,7/9/25,13:30,24,3,Lamp6_Perceptual_VA,0.697505223,Lamp6,Perceptual,2980,0.78136389,7.632925576,40.64,2993.177895,5.378409429,0.98,80.5,0.892676552
6011,Female,7/9/25,13:30,24,3,Lamp6_Adjusted_VA,0.79097342,Lamp6,Adjusted,2980,0.78136389,7.632925576,40.64,2993.177895,5.378409429,0.78,56.5,1.012298406
6011,Female,7/9/25,13:30,24,3,Lamp7_Perceptual_VA,0.563560501,Lamp7,Perceptual,6110,0.381095236,3.739630304,40.64,6116.438009,2.629070427,0.78,79.3,1.478791774
6011,Female,7/9/25,13:30,24,3,Lamp7_Adjusted_VA,0.385263273,Lamp7,Adjusted,6110,0.381095236,3.739630304,40.64,6116.438009,2.629070427,0.39,58,1.010936994
6011,Female,7/9/25,13:30,24,3,Stick7_Perceptual_VA,2.426750033,Stick7,Perceptual,6110,2.714805543,3.549852188,14,6115.539621,2.438894746,3.05,72,0.893894607
6011,Female,7/9/25,13:30,24,3,Stick7_Adjusted_VA,2.857758652,Stick7,Adjusted,6110,2.714805543,3.549852188,14,6115.539621,2.438894746,2.22,44.5,1.05265685
6011,Female,7/9/25,13:30,24,3,Stick8_Perceptual_VA,1.680152122,Stick8,Perceptual,10700,1.550425564,2.028814472,14,10703.16425,1.393244359,2.22,75.7,1.08367158
6011,Female,7/9/25,13:30,24,3,Stick8_Adjusted_VA,1.801605617,Stick8,Adjusted,10700,1.550425564,2.028814472,14,10703.16425,1.393244359,1,31.8,1.162007167
6011,Female,7/9/25,13:30,24,3,Stick9_Perceptual_VA,1.30283419,Stick9,Perceptual,15100,1.098679308,1.43793593,14,15102.24238,0.987362758,1.66,73,1.185818446
6011,Female,7/9/25,13:30,24,3,Stick9_Adjusted_VA,0.987833797,Stick9,Adjusted,15100,1.098679308,1.43793593,14,15102.24238,0.987362758,1,58,0.899110223
6011,Female,7/9/25,13:30,24,3,Stick10_Perceptual_VA,6.629171641,Stick10,Perceptual,2318,7.147990637,9.286830611,14,2332.562723,6.405727666,9,77.7,0.927417505
6011,Female,7/9/25,13:30,24,3,Stick10_Adjusted_VA,7.892372148,Stick10,Adjusted,2318,7.147990637,9.286830611,14,2332.562723,6.405727666,4.07,29.5,1.104138568
6011,Female,7/9/25,13:30,24,3,BlueBall_Perceptual_VA,0.687260596,BlueBall,Perceptual,1520,0.852070543,1.933092975,22.605,1521.497917,-2.54262031,0.98,81.7,0.80657711
6011,Female,7/9/25,13:30,24,3,BlueBall_Adjusted_VA,0.859420579,BlueBall,Adjusted,1520,0.852070543,1.933092975,22.605,1521.497917,-2.54262031,0.78,52,1.008626088
6012,Male,7/9/25,14:30,23,3,Lamp5_Perceptual_VA,2.076264101,Lamp5,Perceptual,1690,1.377744544,13.29553454,40.64,1713.129859,9.425813237,2.7,74.5,1.507002231
6012,Male,7/9/25,14:30,23,3,Lamp5_Adjusted_VA,1.641225565,Lamp5,Adjusted,1690,1.377744544,13.29553454,40.64,1713.129859,9.425813237,1.63,56.9,1.191240838
6012,Male,7/9/25,14:30,23,3,Lamp6_Perceptual_VA,0.91972829,Lamp6,Perceptual,2980,0.78136389,7.632925576,40.64,2993.177895,5.378409429,1.22,76,1.177080617
6012,Male,7/9/25,14:30,23,3,Lamp6_Adjusted_VA,1.305754272,Lamp6,Adjusted,2980,0.78136389,7.632925576,40.64,2993.177895,5.378409429,0.98,43,1.671121853
6012,Male,7/9/25,14:30,23,3,Lamp7_Perceptual_VA,0.603922895,Lamp7,Perceptual,6110,0.381095236,3.739630304,40.64,6116.438009,2.629070427,0.78,74,1.584703343
6012,Male,7/9/25,14:30,23,3,Lamp7_Adjusted_VA,0.534756727,Lamp7,Adjusted,6110,0.381095236,3.739630304,40.64,6116.438009,2.629070427,0.49,52.5,1.40321021
6012,Male,7/9/25,14:30,23,3,Stick7_Perceptual_VA,2.894695966,Stick7,Perceptual,6110,2.714805543,3.549852188,14,6115.539621,2.438894746,3.32,65.7,1.066262728
6012,Male,7/9/25,14:30,23,3,Stick7_Adjusted_VA,2.717367253,Stick7,Adjusted,6110,2.714805543,3.549852188,14,6115.539621,2.438894746,2.22,46.8,1.000943607
6012,Male,7/9/25,14:30,23,3,Stick8_Perceptual_VA,2.631346556,Stick8,Perceptual,10700,1.550425564,2.028814472,14,10703.16425,1.393244359,3.05,66.4,1.697176966
6012,Male,7/9/25,14:30,23,3,Stick8_Adjusted_VA,1.630257714,Stick8,Adjusted,10700,1.550425564,2.028814472,14,10703.16425,1.393244359,1.4,49.2,1.051490475
6012,Male,7/9/25,14:30,23,3,Stick9_Perceptual_VA,1.800081851,Stick9,Perceptual,15100,1.098679308,1.43793593,14,15102.24238,0.987362758,2.08,66.2,1.638405164
6012,Male,7/9/25,14:30,23,3,Stick9_Adjusted_VA,1.049343919,Stick9,Adjusted,15100,1.098679308,1.43793593,14,15102.24238,0.987362758,1,54.6,0.955095733
6012,Male,7/9/25,14:30,23,3,Stick10_Perceptual_VA,9.599672228,Stick10,Perceptual,2318,7.147990637,9.286830611,14,2332.562723,6.405727666,11,65.5,1.34298892
6012,Male,7/9/25,14:30,23,3,Stick10_Adjusted_VA,7.175906582,Stick10,Adjusted,2318,7.147990637,9.286830611,14,2332.562723,6.405727666,7.7,61.4,1.003905426
6012,Male,7/9/25,14:30,23,3,BlueBall_Perceptual_VA,1.253535508,BlueBall,Perceptual,1520,0.852070543,1.933092975,22.605,1521.497917,-2.54262031,1.63,74.5,1.471163999
6012,Male,7/9/25,14:30,23,3,BlueBall_Adjusted_VA,1.178724884,BlueBall,Adjusted,1520,0.852070543,1.933092975,22.605,1521.497917,-2.54262031,1.22,59.3,1.383365372
6013,Male,7/10/25,10:30,25,3,Lamp5_Perceptual_VA,2.515020559,Lamp5,Perceptual,1690,1.377744544,13.29553454,40.64,1713.129859,9.425813237,2.7,61.5,1.82546218
6013,Male,7/10/25,10:30,25,3,Lamp5_Adjusted_VA,1.467996601,Lamp5,Adjusted,1690,1.377744544,13.29553454,40.64,1713.129859,9.425813237,1.44,56.2,1.065507105
6013,Male,7/10/25,10:30,25,3,Lamp6_Perceptual_VA,1.970780485,Lamp6,Perceptual,2980,0.78136389,7.632925576,40.64,2993.177895,5.378409429,2.15,62.5,2.522231333
6013,Male,7/10/25,10:30,25,3,Lamp6_Adjusted_VA,0.827591315,Lamp6,Adjusted,2980,0.78136389,7.632925576,40.64,2993.177895,5.378409429,0.78,54,1.05916248
6013,Male,7/10/25,10:30,25,3,Lamp7_Perceptual_VA,1.430126673,Lamp7,Perceptual,6110,0.381095236,3.739630304,40.64,6116.438009,2.629070427,1.63,65.3,3.75267528
6013,Male,7/10/25,10:30,25,3,Lamp7_Adjusted_VA,0.475843569,Lamp7,Adjusted,6110,0.381095236,3.739630304,40.64,6116.438009,2.629070427,0.49,59,1.248621142
6013,Male,7/10/25,10:30,25,3,Stick7_Perceptual_VA,7.083848444,Stick7,Perceptual,6110,2.714805543,3.549852188,14,6115.539621,2.438894746,7.7,62.2,2.60933917
6013,Male,7/10/25,10:30,25,3,Stick7_Adjusted_VA,2.99949075,Stick7,Adjusted,6110,2.714805543,3.549852188,14,6115.539621,2.438894746,2.77,52.9,1.104863941
6013,Male,7/10/25,10:30,25,3,Stick8_Perceptual_VA,5.753057005,Stick8,Perceptual,10700,1.550425564,2.028814472,14,10703.16425,1.393244359,6.1,60.7,3.710630898
6013,Male,7/10/25,10:30,25,3,Stick8_Adjusted_VA,1.757921123,Stick8,Adjusted,10700,1.550425564,2.028814472,14,10703.16425,1.393244359,1.66,54.1,1.133831358
6013,Male,7/10/25,10:30,25,3,Stick9_Perceptual_VA,2.926534889,Stick9,Perceptual,15100,1.098679308,1.43793593,14,15102.24238,0.987362758,3.05,59.7,2.66368436
6013,Male,7/10/25,10:30,25,3,Stick9_Adjusted_VA,1.354904616,Stick9,Adjusted,15100,1.098679308,1.43793593,14,15102.24238,0.987362758,1.4,59.2,1.2332121
6013,Male,7/10/25,10:30,25,3,Stick10_Perceptual_VA,11.78125283,Stick10,Perceptual,2318,7.147990637,9.286830611,14,2332.562723,6.405727666,13,63,1.64819086
6013,Male,7/10/25,10:30,25,3,Stick10_Adjusted_VA,7.674524235,Stick10,Adjusted,2318,7.147990637,9.286830611,14,2332.562723,6.405727666,7.7,57.4,1.073661764
6013,Male,7/10/25,10:30,25,3,BlueBall_Perceptual_VA,1.682444493,BlueBall,Perceptual,1520,0.852070543,1.933092975,22.605,1521.497917,-2.54262031,1.9,64.7,1.974536623
6013,Male,7/10/25,10:30,25,3,BlueBall_Adjusted_VA,1.000863389,BlueBall,Adjusted,1520,0.852070543,1.933092975,22.605,1521.497917,-2.54262031,0.98,56.1,1.174625031
6014,Female,7/10/25,14:30,26,3,Lamp5_Perceptual_VA,1.582195685,Lamp5,Perceptual,1690,1.377744544,13.29553454,40.64,1713.129859,9.425813237,1.9,68.8,1.148395537
6014,Female,7/10/25,14:30,26,3,Lamp5_Adjusted_VA,1.320036368,Lamp5,Adjusted,1690,1.377744544,13.29553454,40.64,1713.129859,9.425813237,1.44,62.5,0.958114023
6014,Female,7/10/25,14:30,26,3,Lamp6_Perceptual_VA,1.195694611,Lamp6,Perceptual,2980,0.78136389,7.632925576,40.64,2993.177895,5.378409429,1.44,69,1.530266021
6014,Female,7/10/25,14:30,26,3,Lamp6_Adjusted_VA,1.011075753,Lamp6,Adjusted,2980,0.78136389,7.632925576,40.64,2993.177895,5.378409429,0.96,54.4,1.293988327
6014,Female,7/10/25,14:30,26,3,Lamp7_Perceptual_VA,1.002856046,Lamp7,Perceptual,6110,0.381095236,3.739630304,40.64,6116.438009,2.629070427,1.22,69.7,2.631510316
6014,Female,7/10/25,14:30,26,3,Lamp7_Adjusted_VA,0.513682858,Lamp7,Adjusted,6110,0.381095236,3.739630304,40.64,6116.438009,2.629070427,0.52,58,1.347912042
6014,Female,7/10/25,14:30,26,3,Stick7_Perceptual_VA,4.759627239,Stick7,Perceptual,6110,2.714805543,3.549852188,14,6115.539621,2.438894746,5.17,62.2,1.75321111
6014,Female,7/10/25,14:30,26,3,Stick7_Adjusted_VA,2.622836249,Stick7,Adjusted,6110,2.714805543,3.549852188,14,6115.539621,2.438894746,2.77,60.5,0.966123064
6014,Female,7/10/25,14:30,26,3,Stick8_Perceptual_VA,3.778108912,Stick8,Perceptual,10700,1.550425564,2.028814472,14,10703.16425,1.393244359,4.07,61.7,2.436820572
6014,Female,7/10/25,14:30,26,3,Stick8_Adjusted_VA,1.780961347,Stick8,Adjusted,10700,1.550425564,2.028814472,14,10703.16425,1.393244359,1.66,53.4,1.148691938
6014,Female,7/10/25,14:30,26,3,Stick9_Perceptual_VA,2.601345007,Stick9,Perceptual,15100,1.098679308,1.43793593,14,15102.24238,0.987362758,2.77,61,2.36770183
6014,Female,7/10/25,14:30,26,3,Stick9_Adjusted_VA,1.234775042,Stick9,Adjusted,15100,1.098679308,1.43793593,14,15102.24238,0.987362758,1,46.4,1.123872119
6014,Female,7/10/25,14:30,26,3,Stick10_Perceptual_VA,8.107108464,Stick10,Perceptual,2318,7.147990637,9.286830611,14,2332.562723,6.405727666,9,63.5,1.134180062
6014,Female,7/10/25,14:30,26,3,Stick10_Adjusted_VA,8.028006472,Stick10,Adjusted,2318,7.147990637,9.286830611,14,2332.562723,6.405727666,4.07,29,1.123113737
6014,Female,7/10/25,14:30,26,3,BlueBall_Perceptual_VA,1.01597412,BlueBall,Perceptual,1520,0.852070543,1.933092975,22.605,1521.497917,-2.54262031,1.22,68.8,1.192359163
6014,Female,7/10/25,14:30,26,3,BlueBall_Adjusted_VA,1.034039408,BlueBall,Adjusted,1520,0.852070543,1.933092975,22.605,1521.497917,-2.54262031,0.98,54.3,1.213560798
6015,Male,7/10/25,15:30,19,3,Lamp5_Perceptual_VA,3.039095502,Lamp5,Perceptual,1690,1.377744544,13.29553454,40.64,1713.129859,9.425813237,3.3,62.2,2.20584833
6015,Male,7/10/25,15:30,19,3,Lamp5_Adjusted_VA,1.588199671,Lamp5,Adjusted,1690,1.377744544,13.29553454,40.64,1713.129859,9.425813237,1.63,58.8,1.152753373
6015,Male,7/10/25,15:30,19,3,Lamp6_Perceptual_VA,1.273187152,Lamp6,Perceptual,2980,0.78136389,7.632925576,40.64,2993.177895,5.378409429,1.44,64.8,1.629442016
6015,Male,7/10/25,15:30,19,3,Lamp6_Adjusted_VA,0.968356321,Lamp6,Adjusted,2980,0.78136389,7.632925576,40.64,2993.177895,5.378409429,0.96,56.8,1.239315425
6015,Male,7/10/25,15:30,19,3,Lamp7_Perceptual_VA,1.70885261,Lamp7,Perceptual,6110,0.381095236,3.739630304,40.64,6116.438009,2.629070427,1.9,63.7,4.484056598
6015,Male,7/10/25,15:30,19,3,Lamp7_Adjusted_VA,0.667416408,Lamp7,Adjusted,6110,0.381095236,3.739630304,40.64,6116.438009,2.629070427,0.65,55.8,1.751311337
6015,Male,7/10/25,15:30,19,3,Stick7_Perceptual_VA,6.021442919,Stick7,Perceptual,6110,2.714805543,3.549852188,14,6115.539621,2.438894746,6.89,65.5,2.218001556
6015,Male,7/10/25,15:30,19,3,Stick7_Adjusted_VA,2.649099085,Stick7,Adjusted,6110,2.714805543,3.549852188,14,6115.539621,2.438894746,2.77,59.9,0.975796993
6015,Male,7/10/25,15:30,19,3,Stick8_Perceptual_VA,4.418989992,Stick8,Perceptual,10700,1.550425564,2.028814472,14,10703.16425,1.393244359,5.17,67,2.850178747
6015,Male,7/10/25,15:30,19,3,Stick8_Adjusted_VA,1.653989373,Stick8,Adjusted,10700,1.550425564,2.028814472,14,10703.16425,1.393244359,1.66,57.5,1.066797021
6015,Male,7/10/25,15:30,19,3,Stick9_Perceptual_VA,3.929702074,Stick9,Perceptual,15100,1.098679308,1.43793593,14,15102.24238,0.987362758,4.7,68.5,3.576750783
6015,Male,7/10/25,15:30,19,3,Stick9_Adjusted_VA,1.556549006,Stick9,Adjusted,15100,1.098679308,1.43793593,14,15102.24238,0.987362758,1.66,61.1,1.416745537
6015,Male,7/10/25,15:30,19,3,Stick10_Perceptual_VA,11.35572659,Stick10,Perceptual,2318,7.147990637,9.286830611,14,2332.562723,6.405727666,10.34,52,1.58865997
6015,Male,7/10/25,15:30,19,3,Stick10_Adjusted_VA,7.73092234,Stick10,Adjusted,2318,7.147990637,9.286830611,14,2332.562723,6.405727666,9,66.6,1.081551828
6015,Male,7/10/25,15:30,19,3,BlueBall_Perceptual_VA,2.108385008,BlueBall,Perceptual,1520,0.852070543,1.933092975,22.605,1521.497917,-2.54262031,2.44,66.3,2.474425416
6015,Male,7/10/25,15:30,19,3,BlueBall_Adjusted_VA,0.861178019,BlueBall,Adjusted,1520,0.852070543,1.933092975,22.605,1521.497917,-2.54262031,0.98,65.2,1.01068864
6016,Female,7/11/25,14:30,24,3,Lamp5_Perceptual_VA,1.922814043,Lamp5,Perceptual,1690,1.377744544,13.29553454,40.64,1713.129859,9.425813237,2.44,72.7,1.395624502
6016,Female,7/11/25,14:30,24,3,Lamp5_Adjusted_VA,1.370464931,Lamp5,Adjusted,1690,1.377744544,13.29553454,40.64,1713.129859,9.425813237,1.44,60.2,0.994716282
6016,Female,7/11/25,14:30,24,3,Lamp6_Perceptual_VA,1.445633543,Lamp6,Perceptual,2980,0.78136389,7.632925576,40.64,2993.177895,5.378409429,1.9,75.3,1.850141224
6016,Female,7/11/25,14:30,24,3,Lamp6_Adjusted_VA,1.065431612,Lamp6,Adjusted,2980,0.78136389,7.632925576,40.64,2993.177895,5.378409429,0.98,52.7,1.363553685
6016,Female,7/11/25,14:30,24,3,Lamp7_Perceptual_VA,1.100045174,Lamp7,Perceptual,6110,0.381095236,3.739630304,40.64,6116.438009,2.629070427,1.44,75,2.886536143
6016,Female,7/11/25,14:30,24,3,Lamp7_Adjusted_VA,0.526730473,Lamp7,Adjusted,6110,0.381095236,3.739630304,40.64,6116.438009,2.629070427,0.49,53.3,1.382149193
6016,Female,7/11/25,14:30,24,3,Stick7_Perceptual_VA,7.506184824,Stick7,Perceptual,6110,2.714805543,3.549852188,14,6115.539621,2.438894746,9,68.6,2.76490699
6016,Female,7/11/25,14:30,24,3,Stick7_Adjusted_VA,2.662428691,Stick7,Adjusted,6110,2.714805543,3.549852188,14,6115.539621,2.438894746,2.77,59.6,0.98070696
6016,Female,7/11/25,14:30,24,3,Stick8_Perceptual_VA,4.35406784,Stick8,Perceptual,10700,1.550425564,2.028814472,14,10703.16425,1.393244359,5.17,68,2.808304984
6016,Female,7/11/25,14:30,24,3,Stick8_Adjusted_VA,1.56939022,Stick8,Adjusted,10700,1.550425564,2.028814472,14,10703.16425,1.393244359,1.66,60.6,1.012231903
6016,Female,7/11/25,14:30,24,3,Stick9_Perceptual_VA,2.838553423,Stick9,Perceptual,15100,1.098679308,1.43793593,14,15102.24238,0.987362758,3.32,67,2.583605064
6016,Female,7/11/25,14:30,24,3,Stick9_Adjusted_VA,0.930105865,Stick9,Adjusted,15100,1.098679308,1.43793593,14,15102.24238,0.987362758,1,61.6,0.8465672
6016,Female,7/11/25,14:30,24,3,Stick10_Perceptual_VA,12.23100713,Stick10,Perceptual,2318,7.147990637,9.286830611,14,2332.562723,6.405727666,15,70,1.711111242
6016,Female,7/11/25,14:30,24,3,Stick10_Adjusted_VA,7.172540693,Stick10,Adjusted,2318,7.147990637,9.286830611,14,2332.562723,6.405727666,9,71.8,1.00343454
6016,Female,7/11/25,14:30,24,3,BlueBall_Perceptual_VA,1.457243811,BlueBall,Perceptual,1520,0.852070543,1.933092975,22.605,1521.497917,-2.54262031,1.9,74.7,1.710238457
6016,Female,7/11/25,14:30,24,3,BlueBall_Adjusted_VA,0.861178019,BlueBall,Adjusted,1520,0.852070543,1.933092975,22.605,1521.497917,-2.54262031,0.98,65.2,1.01068864
5027,Female,7/11/25,15:30,19,3,Lamp5_Perceptual_VA,1.22076585,Lamp5,Perceptual,1690,1.377744544,13.29553454,40.64,1713.129859,9.425813237,1.63,76.5,0.886061103
5027,Female,7/11/25,15:30,19,3,Lamp5_Adjusted_VA,1.455052703,Lamp5,Adjusted,1690,1.377744544,13.29553454,40.64,1713.129859,9.425813237,1.44,56.7,1.056112114
5027,Female,7/11/25,15:30,19,3,Lamp6_Perceptual_VA,1.186642723,Lamp6,Perceptual,2980,0.78136389,7.632925576,40.64,2993.177895,5.378409429,1.63,78.7,1.518681293
5027,Female,7/11/25,15:30,19,3,Lamp6_Adjusted_VA,0.87284851,Lamp6,Adjusted,2980,0.78136389,7.632925576,40.64,2993.177895,5.378409429,0.78,51.2,1.117083245
5027,Female,7/11/25,15:30,19,3,Lamp7_Perceptual_VA,0.893854646,Lamp7,Perceptual,6110,0.381095236,3.739630304,40.64,6116.438009,2.629070427,1.22,78.2,2.345488896
5027,Female,7/11/25,15:30,19,3,Lamp7_Adjusted_VA,0.538762854,Lamp7,Adjusted,6110,0.381095236,3.739630304,40.64,6116.438009,2.629070427,0.52,55.3,1.413722351
5027,Female,7/11/25,15:30,19,3,Stick7_Perceptual_VA,8.721151633,Stick7,Perceptual,6110,2.714805543,3.549852188,14,6115.539621,2.438894746,10.34,67.8,3.212440631
5027,Female,7/11/25,15:30,19,3,Stick7_Adjusted_VA,2.675893092,Stick7,Adjusted,6110,2.714805543,3.549852188,14,6115.539621,2.438894746,2.77,59.3,0.985666579
5027,Female,7/11/25,15:30,19,3,Stick8_Perceptual_VA,5.843343622,Stick8,Perceptual,10700,1.550425564,2.028814472,14,10703.16425,1.393244359,6.89,67.5,3.76886434
5027,Female,7/11/25,15:30,19,3,Stick8_Adjusted_VA,1.37369265,Stick8,Adjusted,10700,1.550425564,2.028814472,14,10703.16425,1.393244359,0.82,34.2,0.886010062
5027,Female,7/11/25,15:30,19,3,Stick9_Perceptual_VA,5.174321258,Stick9,Perceptual,15100,1.098679308,1.43793593,14,15102.24238,0.987362758,6.1,67.5,4.70958288
5027,Female,7/11/25,15:30,19,3,Stick9_Adjusted_VA,0.98218931,Stick9,Adjusted,15100,1.098679308,1.43793593,14,15102.24238,0.987362758,0.6,35,0.893972703
5027,Female,7/11/25,15:30,19,3,Stick10_Perceptual_VA,10.61021921,Stick10,Perceptual,2318,7.147990637,9.286830611,14,2332.562723,6.405727666,13,70,1.484363894
5027,Female,7/11/25,15:30,19,3,Stick10_Adjusted_VA,6.697189629,Stick10,Adjusted,2318,7.147990637,9.286830611,14,2332.562723,6.405727666,7.7,65.8,0.936933184
5027,Female,7/11/25,15:30,19,3,BlueBall_Perceptual_VA,1.07008462,BlueBall,Perceptual,1520,0.852070543,1.933092975,22.605,1521.497917,-2.54262031,1.44,77.1,1.255863882
5027,Female,7/11/25,15:30,19,3,BlueBall_Adjusted_VA,0.968078071,BlueBall,Adjusted,1520,0.852070543,1.933092975,22.605,1521.497917,-2.54262031,0.98,58,1.136147797
6017,Female,7/14/25,13:30,19,3,Lamp5_Perceptual_VA,2.634946147,Lamp5,Perceptual,1690,1.377744544,13.29553454,40.64,1713.129859,9.425813237,2.7,58.7,1.912507045
6017,Female,7/14/25,13:30,19,3,Lamp5_Adjusted_VA,1.730087617,Lamp5,Adjusted,1690,1.377744544,13.29553454,40.64,1713.129859,9.425813237,1.22,40.4,1.255739044
6017,Female,7/14/25,13:30,19,3,Lamp6_Perceptual_VA,1.755701011,Lamp6,Perceptual,2980,0.78136389,7.632925576,40.64,2993.177895,5.378409429,1.9,62,2.246969733
6017,Female,7/14/25,13:30,19,3,Lamp6_Adjusted_VA,0.927172879,Lamp6,Adjusted,2980,0.78136389,7.632925576,40.64,2993.177895,5.378409429,0.78,48.2,1.186608303
6017,Female,7/14/25,13:30,19,3,Lamp7_Perceptual_VA,1.315826096,Lamp7,Perceptual,6110,0.381095236,3.739630304,40.64,6116.438009,2.629070427,1.44,62.7,3.452748737
6017,Female,7/14/25,13:30,19,3,Lamp7_Adjusted_VA,0.54833433,Lamp7,Adjusted,6110,0.381095236,3.739630304,40.64,6116.438009,2.629070427,0.49,51.2,1.438838057
6017,Female,7/14/25,13:30,19,3,Stick7_Perceptual_VA,4.439564528,Stick7,Perceptual,6110,2.714805543,3.549852188,14,6115.539621,2.438894746,4.07,52.5,1.635315848
6017,Female,7/14/25,13:30,19,3,Stick7_Adjusted_VA,2.146723866,Stick7,Adjusted,6110,2.714805543,3.549852188,14,6115.539621,2.438894746,1.66,44.3,0.790746826
6017,Female,7/14/25,13:30,19,3,Stick8_Perceptual_VA,3.60833232,Stick8,Perceptual,10700,1.550425564,2.028814472,14,10703.16425,1.393244359,3.32,52.7,2.327317353
6017,Female,7/14/25,13:30,19,3,Stick8_Adjusted_VA,1.10606178,Stick8,Adjusted,10700,1.550425564,2.028814472,14,10703.16425,1.393244359,1,51.8,0.713392377
6017,Female,7/14/25,13:30,19,3,Stick9_Perceptual_VA,2.377166056,Stick9,Perceptual,15100,1.098679308,1.43793593,14,15102.24238,0.987362758,2.22,53.5,2.163657802
6017,Female,7/14/25,13:30,19,3,Stick9_Adjusted_VA,0.680733927,Stick9,Adjusted,15100,1.098679308,1.43793593,14,15102.24238,0.987362758,0.6,50.5,0.619592926
6017,Female,7/14/25,13:30,19,3,Stick10_Perceptual_VA,7.327689422,Stick10,Perceptual,2318,7.147990637,9.286830611,14,2332.562723,6.405727666,6.89,53.8,1.025139762
6017,Female,7/14/25,13:30,19,3,Stick10_Adjusted_VA,5.24414758,Stick10,Adjusted,2318,7.147990637,9.286830611,14,2332.562723,6.405727666,3.05,33.3,0.733653393
6017,Female,7/14/25,13:30,19,3,BlueBall_Perceptual_VA,1.755701011,BlueBall,Perceptual,1520,0.852070543,1.933092975,22.605,1521.497917,-2.54262031,1.9,62,2.060511333
6017,Female,7/14/25,13:30,19,3,BlueBall_Adjusted_VA,0.968078071,BlueBall,Adjusted,1520,0.852070543,1.933092975,22.605,1521.497917,-2.54262031,0.98,58,1.136147797
6018,Male,7/14/25,15:30,17,3,Lamp5_Perceptual_VA,2.967563621,Lamp5,Perceptual,1690,1.377744544,13.29553454,40.64,1713.129859,9.425813237,3.3,63.7,2.153928777
6018,Male,7/14/25,15:30,17,3,Lamp5_Adjusted_VA,1.455052703,Lamp5,Adjusted,1690,1.377744544,13.29553454,40.64,1713.129859,9.425813237,1.44,56.7,1.056112114
6018,Male,7/14/25,15:30,17,3,Lamp6_Perceptual_VA,1.945878125,Lamp6,Perceptual,2980,0.78136389,7.632925576,40.64,2993.177895,5.378409429,2.15,63.3,2.490360958
6018,Male,7/14/25,15:30,17,3,Lamp6_Adjusted_VA,0.901003771,Lamp6,Adjusted,2980,0.78136389,7.632925576,40.64,2993.177895,5.378409429,0.78,49.6,1.153116727
6018,Male,7/14/25,15:30,17,3,Lamp7_Perceptual_VA,0.341149435,Lamp7,Perceptual,6110,0.381095236,3.739630304,40.64,6116.438009,2.629070427,0.39,65.5,0.895181578
6018,Male,7/14/25,15:30,17,3,Lamp7_Adjusted_VA,0.57178613,Lamp7,Adjusted,6110,0.381095236,3.739630304,40.64,6116.438009,2.629070427,0.49,49.1,1.500375955
6018,Male,7/14/25,15:30,17,3,Stick7_Perceptual_VA,5.868884253,Stick7,Perceptual,6110,2.714805543,3.549852188,14,6115.539621,2.438894746,6.1,59.5,2.161806494
6018,Male,7/14/25,15:30,17,3,Stick7_Adjusted_VA,3.223358568,Stick7,Adjusted,6110,2.714805543,3.549852188,14,6115.539621,2.438894746,3.05,54.2,1.187325765
6018,Male,7/14/25,15:30,17,3,Stick8_Perceptual_VA,3.092289627,Stick8,Perceptual,10700,1.550425564,2.028814472,14,10703.16425,1.393244359,3.32,61.5,1.994477966
6018,Male,7/14/25,15:30,17,3,Stick8_Adjusted_VA,2.279208904,Stick8,Adjusted,10700,1.550425564,2.028814472,14,10703.16425,1.393244359,2.22,55.8,1.470053743
6018,Male,7/14/25,15:30,17,3,Stick9_Perceptual_VA,1.963155881,Stick9,Perceptual,15100,1.098679308,1.43793593,14,15102.24238,0.987362758,2.08,60.7,1.786832488
6018,Male,7/14/25,15:30,17,3,Stick9_Adjusted_VA,1.350343071,Stick9,Adjusted,15100,1.098679308,1.43793593,14,15102.24238,0.987362758,1.4,59.4,1.229060255
6018,Male,7/14/25,15:30,17,3,Stick10_Perceptual_VA,16.88638186,Stick10,Perceptual,2318,7.147990637,9.286830611,14,2332.562723,6.405727666,19,64,2.362395632
6018,Male,7/14/25,15:30,17,3,Stick10_Adjusted_VA,7.777491967,Stick10,Adjusted,2318,7.147990637,9.286830611,14,2332.562723,6.405727666,9,66.2,1.088066894
6018,Male,7/14/25,15:30,17,3,BlueBall_Perceptual_VA,2.225861768,BlueBall,Perceptual,1520,0.852070543,1.933092975,22.605,1521.497917,-2.54262031,2.44,62.8,2.61229752
6018,Male,7/14/25,15:30,17,3,BlueBall_Adjusted_VA,0.897272825,BlueBall,Adjusted,1520,0.852070543,1.933092975,22.605,1521.497917,-2.54262031,0.96,61.3,1.053049929
6019,Male,7/15/25,10:30,25,3,Lamp5_Perceptual_VA,1.977197005,Lamp5,Perceptual,1690,1.377744544,13.29553454,40.64,1713.129859,9.425813237,2.44,70.7,1.435096958
6019,Male,7/15/25,10:30,25,3,Lamp5_Adjusted_VA,1.519494654,Lamp5,Adjusted,1690,1.377744544,13.29553454,40.64,1713.129859,9.425813237,1.22,46,1.102885626
6019,Male,7/15/25,10:30,25,3,Lamp6_Perceptual_VA,1.349534724,Lamp6,Perceptual,2980,0.78136389,7.632925576,40.64,2993.177895,5.378409429,1.63,69.2,1.727152664
6019,Male,7/15/25,10:30,25,3,Lamp6_Adjusted_VA,0.49514563,Lamp6,Adjusted,2980,0.78136389,7.632925576,40.64,2993.177895,5.378409429,0.49,56.7,0.633694027
6019,Male,7/15/25,10:30,25,3,Lamp7_Perceptual_VA,0.796439146,Lamp7,Perceptual,6110,0.381095236,3.739630304,40.64,6116.438009,2.629070427,0.98,70.5,2.089869066
6019,Male,7/15/25,10:30,25,3,Lamp7_Adjusted_VA,0.409253828,Lamp7,Adjusted,6110,0.381095236,3.739630304,40.64,6116.438009,2.629070427,0.39,54.6,1.073888595
6019,Male,7/15/25,10:30,25,3,Stick7_Perceptual_VA,5.948726386,Stick7,Perceptual,6110,2.714805543,3.549852188,14,6115.539621,2.438894746,6.1,58.7,2.191216384
6019,Male,7/15/25,10:30,25,3,Stick7_Adjusted_VA,2.971308867,Stick7,Adjusted,6110,2.714805543,3.549852188,14,6115.539621,2.438894746,3.05,58.8,1.094483129
6019,Male,7/15/25,10:30,25,3,Stick8_Perceptual_VA,3.747760001,Stick8,Perceptual,10700,1.550425564,2.028814472,14,10703.16425,1.393244359,4.07,62.2,2.417246005
6019,Male,7/15/25,10:30,25,3,Stick8_Adjusted_VA,1.579816745,Stick8,Adjusted,10700,1.550425564,2.028814472,14,10703.16425,1.393244359,1.66,60.2,1.018956847
6019,Male,7/15/25,10:30,25,3,Stick9_Perceptual_VA,2.897427611,Stick9,Perceptual,15100,1.098679308,1.43793593,14,15102.24238,0.987362758,3.05,60.3,2.63719139
6019,Male,7/15/25,10:30,25,3,Stick9_Adjusted_VA,1.010481383,Stick9,Adjusted,15100,1.098679308,1.43793593,14,15102.24238,0.987362758,1,56.7,0.919723686
6019,Male,7/15/25,10:30,25,3,Stick10_Perceptual_VA,11.59843526,Stick10,Perceptual,2318,7.147990637,9.286830611,14,2332.562723,6.405727666,13,64,1.622614781
6019,Male,7/15/25,10:30,25,3,Stick10_Adjusted_VA,8.201562828,Stick10,Adjusted,2318,7.147990637,9.286830611,14,2332.562723,6.405727666,7.7,53.7,1.147394176
6019,Male,7/15/25,10:30,25,3,BlueBall_Perceptual_VA,1.245179264,BlueBall,Perceptual,1520,0.852070543,1.933092975,22.605,1521.497917,-2.54262031,1.63,75,1.461357013
6019,Male,7/15/25,10:30,25,3,BlueBall_Adjusted_VA,1.0297121,BlueBall,Adjusted,1520,0.852070543,1.933092975,22.605,1521.497917,-2.54262031,0.78,43.4,1.208482218
6020,Male,7/15/25,11:30,21,3,Lamp5_Perceptual_VA,0.99855831,Lamp5,Perceptual,1690,1.377744544,13.29553454,40.64,1713.129859,9.425813237,1.22,70,0.724777546
6020,Male,7/15/25,11:30,21,3,Lamp5_Adjusted_VA,1.328853947,Lamp5,Adjusted,1690,1.377744544,13.29553454,40.64,1713.129859,9.425813237,1.22,52.6,0.964514033
6020,Male,7/15/25,11:30,21,3,Lamp6_Perceptual_VA,0.793695076,Lamp6,Perceptual,2980,0.78136389,7.632925576,40.64,2993.177895,5.378409429,0.96,69.3,1.015781617
6020,Male,7/15/25,11:30,21,3,Lamp6_Adjusted_VA,0.87284851,Lamp6,Adjusted,2980,0.78136389,7.632925576,40.64,2993.177895,5.378409429,0.78,51.2,1.117083245
6020,Male,7/15/25,11:30,21,3,Lamp7_Perceptual_VA,0.536628018,Lamp7,Perceptual,6110,0.381095236,3.739630304,40.64,6116.438009,2.629070427,0.65,69.4,1.408120508
6020,Male,7/15/25,11:30,21,3,Lamp7_Adjusted_VA,0.442820066,Lamp7,Adjusted,6110,0.381095236,3.739630304,40.64,6116.438009,2.629070427,0.49,63.4,1.161966942
6020,Male,7/15/25,11:30,21,3,Stick7_Perceptual_VA,4.292889542,Stick7,Perceptual,6110,2.714805543,3.549852188,14,6115.539621,2.438894746,4.7,62.7,1.581288042
6020,Male,7/15/25,11:30,21,3,Stick7_Adjusted_VA,2.337848944,Stick7,Adjusted,6110,2.714805543,3.549852188,14,6115.539621,2.438894746,2.22,54.4,0.861147846
6020,Male,7/15/25,11:30,21,3,Stick8_Perceptual_VA,2.547081397,Stick8,Perceptual,10700,1.550425564,2.028814472,14,10703.16425,1.393244359,2.77,62.3,1.64282727
6020,Male,7/15/25,11:30,21,3,Stick8_Adjusted_VA,1.378182538,Stick8,Adjusted,10700,1.550425564,2.028814472,14,10703.16425,1.393244359,1.4,58.2,0.888905969
6020,Male,7/15/25,11:30,21,3,Stick9_Perceptual_VA,1.277241553,Stick9,Perceptual,15100,1.098679308,1.43793593,14,15102.24238,0.987362758,1.4,62.8,1.162524445
6020,Male,7/15/25,11:30,21,3,Stick9_Adjusted_VA,0.883112952,Stick9,Adjusted,15100,1.098679308,1.43793593,14,15102.24238,0.987362758,0.82,53.2,0.803795017
6020,Male,7/15/25,11:30,21,3,Stick10_Perceptual_VA,9.026146753,Stick10,Perceptual,2318,7.147990637,9.286830611,14,2332.562723,6.405727666,10.34,65.5,1.262753019
6020,Male,7/15/25,11:30,21,3,Stick10_Adjusted_VA,7.043952168,Stick10,Adjusted,2318,7.147990637,9.286830611,14,2332.562723,6.405727666,5.17,42,0.985445075
6020,Male,7/15/25,11:30,21,3,BlueBall_Perceptual_VA,0.581022644,BlueBall,Perceptual,1520,0.852070543,1.933092975,22.605,1521.497917,-2.54262031,0.72,71,0.681895001
6020,Male,7/15/25,11:30,21,3,BlueBall_Adjusted_VA,0.904651408,BlueBall,Adjusted,1520,0.852070543,1.933092975,22.605,1521.497917,-2.54262031,0.78,49.4,1.061709521
6021,Female,7/15/25,13:30,25,3,Lamp5_Perceptual_VA,2.236543197,Lamp5,Perceptual,1690,1.377744544,13.29553454,40.64,1713.129859,9.425813237,2.44,62.5,1.623336639
6021,Female,7/15/25,13:30,25,3,Lamp5_Adjusted_VA,1.813287873,Lamp5,Adjusted,1690,1.377744544,13.29553454,40.64,1713.129859,9.425813237,1.63,51.5,1.316127783
6021,Female,7/15/25,13:30,25,3,Lamp6_Perceptual_VA,1.447862802,Lamp6,Perceptual,2980,0.78136389,7.632925576,40.64,2993.177895,5.378409429,1.63,64.5,1.852994259
6021,Female,7/15/25,13:30,25,3,Lamp6_Adjusted_VA,1.493523353,Lamp6,Adjusted,2980,0.78136389,7.632925576,40.64,2993.177895,5.378409429,1.22,46.8,1.911431245
6021,Female,7/15/25,13:30,25,3,Lamp7_Perceptual_VA,1.253839359,Lamp7,Perceptual,6110,0.381095236,3.739630304,40.64,6116.438009,2.629070427,1.44,65.8,3.290094547
6021,Female,7/15/25,13:30,25,3,Lamp7_Adjusted_VA,1.127470924,Lamp7,Adjusted,6110,0.381095236,3.739630304,40.64,6116.438009,2.629070427,0.98,49.8,2.95850175
6021,Female,7/15/25,13:30,25,3,Stick7_Perceptual_VA,7.595366137,Stick7,Perceptual,6110,2.714805543,3.549852188,14,6115.539621,2.438894746,7.7,58,2.797756973
6021,Female,7/15/25,13:30,25,3,Stick7_Adjusted_VA,4.356662715,Stick7,Adjusted,6110,2.714805543,3.549852188,14,6115.539621,2.438894746,4.07,53.5,1.604778923
6021,Female,7/15/25,13:30,25,3,Stick8_Perceptual_VA,6.125811603,Stick8,Perceptual,10700,1.550425564,2.028814472,14,10703.16425,1.393244359,6.1,57,3.951051726
6021,Female,7/15/25,13:30,25,3,Stick8_Adjusted_VA,3.401898069,Stick8,Adjusted,10700,1.550425564,2.028814472,14,10703.16425,1.393244359,3.32,55.9,2.194170521
6021,Female,7/15/25,13:30,25,3,Stick9_Perceptual_VA,6.179917733,Stick9,Perceptual,15100,1.098679308,1.43793593,14,15102.24238,0.987362758,6.1,56.5,5.624860402
6021,Female,7/15/25,13:30,25,3,Stick9_Adjusted_VA,2.299811071,Stick9,Adjusted,15100,1.098679308,1.43793593,14,15102.24238,0.987362758,2.22,55.3,2.093250555
6021,Female,7/15/25,13:30,25,3,Stick10_Perceptual_VA,10.56248126,Stick10,Perceptual,2318,7.147990637,9.286830611,14,2332.562723,6.405727666,11,59.5,1.47768538
6021,Female,7/15/25,13:30,25,3,Stick10_Adjusted_VA,8.62125165,Stick10,Adjusted,2318,7.147990637,9.286830611,14,2332.562723,6.405727666,9,59.7,1.206108414
6021,Female,7/15/25,13:30,25,3,BlueBall_Perceptual_VA,2.002819223,BlueBall,Perceptual,1520,0.852070543,1.933092975,22.605,1521.497917,-2.54262031,2.15,61.5,2.35053217
6021,Female,7/15/25,13:30,25,3,BlueBall_Adjusted_VA,1.243738544,BlueBall,Adjusted,1520,0.852070543,1.933092975,22.605,1521.497917,-2.54262031,1.22,56.2,1.459666167
6022,Female,7/15/25,14:15,53,3,Lamp5_Perceptual_VA,1.661898452,Lamp5,Perceptual,1690,1.377744544,13.29553454,40.64,1713.129859,9.425813237,1.9,65.5,1.206245714
6022,Female,7/15/25,14:15,53,3,Lamp5_Adjusted_VA,1.53633108,Lamp5,Adjusted,1690,1.377744544,13.29553454,40.64,1713.129859,9.425813237,1.44,53.7,1.115105907
6022,Female,7/15/25,14:15,53,3,Lamp6_Perceptual_VA,1.269269974,Lamp6,Perceptual,2980,0.78136389,7.632925576,40.64,2993.177895,5.378409429,1.44,65,1.624428759
6022,Female,7/15/25,14:15,53,3,Lamp6_Adjusted_VA,0.961067961,Lamp6,Adjusted,2980,0.78136389,7.632925576,40.64,2993.177895,5.378409429,0.78,46.5,1.229987683
6022,Female,7/15/25,14:15,53,3,Lamp7_Perceptual_VA,1.067157714,Lamp7,Perceptual,6110,0.381095236,3.739630304,40.64,6116.438009,2.629070427,1.22,65.5,2.800238921
6022,Female,7/15/25,14:15,53,3,Lamp7_Adjusted_VA,0.58077096,Lamp7,Adjusted,6110,0.381095236,3.739630304,40.64,6116.438009,2.629070427,0.52,51.3,1.523952294
6022,Female,7/15/25,14:15,53,3,Stick7_Perceptual_VA,5.979229618,Stick7,Perceptual,6110,2.714805543,3.549852188,14,6115.539621,2.438894746,6.1,58.4,2.202452265
6022,Female,7/15/25,14:15,53,3,Stick7_Adjusted_VA,5.0882215,Stick7,Adjusted,6110,2.714805543,3.549852188,14,6115.539621,2.438894746,4.07,45.8,1.874248973
6022,Female,7/15/25,14:15,53,3,Stick8_Perceptual_VA,4.958697879,Stick8,Perceptual,10700,1.550425564,2.028814472,14,10703.16425,1.393244359,5.17,59.7,3.198281809
6022,Female,7/15/25,14:15,53,3,Stick8_Adjusted_VA,2.5333846,Stick8,Adjusted,10700,1.550425564,2.028814472,14,10703.16425,1.393244359,2.22,50.2,1.633993052
6022,Female,7/15/25,14:15,53,3,Stick9_Perceptual_VA,3.185477168,Stick9,Perceptual,15100,1.098679308,1.43793593,14,15102.24238,0.987362758,3.32,59.7,2.899369402
6022,Female,7/15/25,14:15,53,3,Stick9_Adjusted_VA,1.623658365,Stick9,Adjusted,15100,1.098679308,1.43793593,14,15102.24238,0.987362758,1.4,49.4,1.477827382
6022,Female,7/15/25,14:15,53,3,Stick10_Perceptual_VA,9.457481733,Stick10,Perceptual,2318,7.147990637,9.286830611,14,2332.562723,6.405727666,10.34,62.5,1.323096548
6022,Female,7/15/25,14:15,53,3,Stick10_Adjusted_VA,7.246533724,Stick10,Adjusted,2318,7.147990637,9.286830611,14,2332.562723,6.405727666,7.7,60.8,1.013786124
6022,Female,7/15/25,14:15,53,3,BlueBall_Perceptual_VA,1.065531043,BlueBall,Perceptual,1520,0.852070543,1.933092975,22.605,1521.497917,-2.54262031,1.22,65.6,1.25051975
6022,Female,7/15/25,14:15,53,3,BlueBall_Adjusted_VA,0.98925507,BlueBall,Adjusted,1520,0.852070543,1.933092975,22.605,1521.497917,-2.54262031,0.96,55.6,1.161001373
6023,Female,7/15/25,15:00,25,3,Lamp5_Perceptual_VA,2.886047223,Lamp5,Perceptual,1690,1.377744544,13.29553454,40.64,1713.129859,9.425813237,3.3,65.5,2.094762222
6023,Female,7/15/25,15:00,25,3,Lamp5_Adjusted_VA,1.323820858,Lamp5,Adjusted,1690,1.377744544,13.29553454,40.64,1713.129859,9.425813237,1.22,52.8,0.960860897
6023,Female,7/15/25,15:00,25,3,Lamp6_Perceptual_VA,1.866288396,Lamp6,Perceptual,2980,0.78136389,7.632925576,40.64,2993.177895,5.378409429,2.15,66,2.388500954
6023,Female,7/15/25,15:00,25,3,Lamp6_Adjusted_VA,0.890974729,Lamp6,Adjusted,2980,0.78136389,7.632925576,40.64,2993.177895,5.378409429,0.72,46.3,1.140281424
6023,Female,7/15/25,15:00,25,3,Lamp7_Perceptual_VA,1.343709929,Lamp7,Perceptual,6110,0.381095236,3.739630304,40.64,6116.438009,2.629070427,1.63,69.5,3.52591636
6023,Female,7/15/25,15:00,25,3,Lamp7_Adjusted_VA,0.469437584,Lamp7,Adjusted,6110,0.381095236,3.739630304,40.64,6116.438009,2.629070427,0.39,47.6,1.231811734
6023,Female,7/15/25,15:00,25,3,Stick7_Perceptual_VA,8.008345881,Stick7,Perceptual,6110,2.714805543,3.549852188,14,6115.539621,2.438894746,7.7,55,2.949878271
6023,Female,7/15/25,15:00,25,3,Stick7_Adjusted_VA,2.770628401,Stick7,Adjusted,6110,2.714805543,3.549852188,14,6115.539621,2.438894746,2.22,45.9,1.020562378
6023,Female,7/15/25,15:00,25,3,Stick8_Perceptual_VA,6.262891274,Stick8,Perceptual,10700,1.550425564,2.028814472,14,10703.16425,1.393244359,6.1,55.75,4.039465949
6023,Female,7/15/25,15:00,25,3,Stick8_Adjusted_VA,1.782391607,Stick8,Adjusted,10700,1.550425564,2.028814472,14,10703.16425,1.393244359,1.4,45,1.149614434
6023,Female,7/15/25,15:00,25,3,Stick9_Perceptual_VA,4.162343863,Stick9,Perceptual,15100,1.098679308,1.43793593,14,15102.24238,0.987362758,4.07,56,3.788497548
6023,Female,7/15/25,15:00,25,3,Stick9_Adjusted_VA,1.221612132,Stick9,Adjusted,15100,1.098679308,1.43793593,14,15102.24238,0.987362758,1,46.9,1.111891453
6023,Female,7/15/25,15:00,25,3,Stick10_Perceptual_VA,13.66472335,Stick10,Perceptual,2318,7.147990637,9.286830611,14,2332.562723,6.405727666,13,54.25,1.911687361
6023,Female,7/15/25,15:00,25,3,Stick10_Adjusted_VA,7.56934121,Stick10,Adjusted,2318,7.147990637,9.286830611,14,2332.562723,6.405727666,7.7,58.2,1.058946716
6023,Female,7/15/25,15:00,25,3,BlueBall_Perceptual_VA,1.900843011,BlueBall,Perceptual,1520,0.852070543,1.933092975,22.605,1521.497917,-2.54262031,2.15,64.8,2.230851689
6023,Female,7/15/25,15:00,25,3,BlueBall_Adjusted_VA,0.975223766,BlueBall,Adjusted,1520,0.852070543,1.933092975,22.605,1521.497917,-2.54262031,0.96,56.4,1.144534069
6024,Female,7/16/25,13:30,19,3,Lamp5_Perceptual_VA,1.425760326,Lamp5,Perceptual,1690,1.377744544,13.29553454,40.64,1713.129859,9.425813237,1.63,65.5,1.034851005
6024,Female,7/16/25,13:30,19,3,Lamp5_Adjusted_VA,1.378478575,Lamp5,Adjusted,1690,1.377744544,13.29553454,40.64,1713.129859,9.425813237,0.96,39.9,1.000532777
6024,Female,7/16/25,13:30,19,3,Lamp6_Perceptual_VA,1.087072381,Lamp6,Perceptual,2980,0.78136389,7.632925576,40.64,2993.177895,5.378409429,1.22,64.3,1.391249833
6024,Female,7/16/25,13:30,19,3,Lamp6_Adjusted_VA,0.823929533,Lamp6,Adjusted,2980,0.78136389,7.632925576,40.64,2993.177895,5.378409429,0.65,45.2,1.054476082
6024,Female,7/16/25,13:30,19,3,Lamp7_Perceptual_VA,0.833378464,Lamp7,Perceptual,6110,0.381095236,3.739630304,40.64,6116.438009,2.629070427,0.96,66,2.186798427
6024,Female,7/16/25,13:30,19,3,Lamp7_Adjusted_VA,0.472414956,Lamp7,Adjusted,6110,0.381095236,3.739630304,40.64,6116.438009,2.629070427,0.39,47.3,1.239624406
6024,Female,7/16/25,13:30,19,3,Stick7_Perceptual_VA,8.693788349,Stick7,Perceptual,6110,2.714805543,3.549852188,14,6115.539621,2.438894746,9,59.2,3.202361352
6024,Female,7/16/25,13:30,19,3,Stick7_Adjusted_VA,2.67160601,Stick7,Adjusted,6110,2.714805543,3.549852188,14,6115.539621,2.438894746,2.08,44.6,0.98408743
6024,Female,7/16/25,13:30,19,3,Stick8_Perceptual_VA,7.530636026,Stick8,Perceptual,10700,1.550425564,2.028814472,14,10703.16425,1.393244359,7.7,58.5,4.85714129
6024,Female,7/16/25,13:30,19,3,Stick8_Adjusted_VA,1.439516723,Stick8,Adjusted,10700,1.550425564,2.028814472,14,10703.16425,1.393244359,1,39.8,0.928465549
6024,Female,7/16/25,13:30,19,3,Stick9_Perceptual_VA,5.969027207,Stick9,Perceptual,15100,1.098679308,1.43793593,14,15102.24238,0.987362758,6.1,58.5,5.432911282
6024,Female,7/16/25,13:30,19,3,Stick9_Adjusted_VA,1.113295284,Stick9,Adjusted,15100,1.098679308,1.43793593,14,15102.24238,0.987362758,0.82,42.2,1.013303224
6024,Female,7/16/25,13:30,19,3,Stick10_Perceptual_VA,10.47495213,Stick10,Perceptual,2318,7.147990637,9.286830611,14,2332.562723,6.405727666,11,60,1.465440103
6024,Female,7/16/25,13:30,19,3,Stick10_Adjusted_VA,7.76898314,Stick10,Adjusted,2318,7.147990637,9.286830611,14,2332.562723,6.405727666,7.7,56.7,1.086876513
6024,Female,7/16/25,13:30,19,3,BlueBall_Perceptual_VA,0.877324482,BlueBall,Perceptual,1520,0.852070543,1.933092975,22.605,1521.497917,-2.54262031,0.98,64,1.029638319
6024,Female,7/16/25,13:30,19,3,BlueBall_Adjusted_VA,0.895587136,BlueBall,Adjusted,1520,0.852070543,1.933092975,22.605,1521.497917,-2.54262031,0.78,49.9,1.051071584
6025,Female,7/16/25,14:15,20,3,Lamp5_Perceptual_VA,2.149589465,Lamp5,Perceptual,1690,1.377744544,13.29553454,40.64,1713.129859,9.425813237,2.15,57.3,1.560223536
6025,Female,7/16/25,14:15,20,3,Lamp5_Adjusted_VA,1.447145651,Lamp5,Adjusted,1690,1.377744544,13.29553454,40.64,1713.129859,9.425813237,1.22,48.3,1.050372986
6025,Female,7/16/25,14:15,20,3,Lamp6_Perceptual_VA,1.36366988,Lamp6,Perceptual,2980,0.78136389,7.632925576,40.64,2993.177895,5.378409429,1.44,60.5,1.745243026
6025,Female,7/16/25,14:15,20,3,Lamp6_Adjusted_VA,0.488954451,Lamp6,Adjusted,2980,0.78136389,7.632925576,40.64,2993.177895,5.378409429,0.39,45.7,0.625770473
6025,Female,7/16/25,14:15,20,3,Lamp7_Perceptual_VA,0.69331862,Lamp7,Perceptual,6110,0.381095236,3.739630304,40.64,6116.438009,2.629070427,0.72,59.5,1.819279155
6025,Female,7/16/25,14:15,20,3,Lamp7_Adjusted_VA,0.46167837,Lamp7,Adjusted,6110,0.381095236,3.739630304,40.64,6116.438009,2.629070427,0.39,48.4,1.211451432
6025,Female,7/16/25,14:15,20,3,Stick7_Perceptual_VA,5.095076603,Stick7,Perceptual,6110,2.714805543,3.549852188,14,6115.539621,2.438894746,5.17,58.1,1.876774053
6025,Female,7/16/25,14:15,20,3,Stick7_Adjusted_VA,2.51833965,Stick7,Adjusted,6110,2.714805543,3.549852188,14,6115.539621,2.438894746,2.22,50.5,0.927631689
6025,Female,7/16/25,14:15,20,3,Stick8_Perceptual_VA,4.577328634,Stick8,Perceptual,10700,1.550425564,2.028814472,14,10703.16425,1.393244359,4.7,58.8,2.95230467
6025,Female,7/16/25,14:15,20,3,Stick8_Adjusted_VA,2.231463615,Stick8,Adjusted,10700,1.550425564,2.028814472,14,10703.16425,1.393244359,2.08,53.4,1.439258786
6025,Female,7/16/25,14:15,20,3,Stick9_Perceptual_VA,2.75006653,Stick9,Perceptual,15100,1.098679308,1.43793593,14,15102.24238,0.987362758,2.77,57.7,2.503065736
6025,Female,7/16/25,14:15,20,3,Stick9_Adjusted_VA,1.569649206,Stick9,Adjusted,15100,1.098679308,1.43793593,14,15102.24238,0.987362758,1.4,51.1,1.428669126
6025,Female,7/16/25,14:15,20,3,Stick10_Perceptual_VA,10.01574508,Stick10,Perceptual,2318,7.147990637,9.286830611,14,2332.562723,6.405727666,10.34,59,1.401197286
6025,Female,7/16/25,14:15,20,3,Stick10_Adjusted_VA,6.604711872,Stick10,Adjusted,2318,7.147990637,9.286830611,14,2332.562723,6.405727666,5.17,44.8,0.923995597
6025,Female,7/16/25,14:15,20,3,BlueBall_Perceptual_VA,1.201001573,BlueBall,Perceptual,1520,0.852070543,1.933092975,22.605,1521.497917,-2.54262031,1.22,58.2,1.409509556
6025,Female,7/16/25,14:15,20,3,BlueBall_Adjusted_VA,0.848005545,BlueBall,Adjusted,1520,0.852070543,1.933092975,22.605,1521.497917,-2.54262031,0.78,52.7,0.99522927
6026,Female,7/17/25,11:00,34,3,Lamp5_Perceptual_VA,1.187093109,Lamp5,Perceptual,1690,1.377744544,13.29553454,40.64,1713.129859,9.425813237,1.44,69.5,0.86162062
6026,Female,7/17/25,11:00,34,3,Lamp5_Adjusted_VA,1.237135137,Lamp5,Adjusted,1690,1.377744544,13.29553454,40.64,1713.129859,9.425813237,1.22,56.5,0.897942323
6026,Female,7/17/25,11:00,34,3,Lamp6_Perceptual_VA,0.63843208,Lamp6,Perceptual,2980,0.78136389,7.632925576,40.64,2993.177895,5.378409429,0.78,70,0.81707395
6026,Female,7/17/25,11:00,34,3,Lamp6_Adjusted_VA,0.868466767,Lamp6,Adjusted,2980,0.78136389,7.632925576,40.64,2993.177895,5.378409429,0.72,47.5,1.111475431
6026,Female,7/17/25,11:00,34,3,Lamp7_Perceptual_VA,0.535855902,Lamp7,Perceptual,6110,0.381095236,3.739630304,40.64,6116.438009,2.629070427,0.65,69.5,1.406094465
6026,Female,7/17/25,11:00,34,3,Lamp7_Adjusted_VA,0.576482446,Lamp7,Adjusted,6110,0.381095236,3.739630304,40.64,6116.438009,2.629070427,0.49,48.7,1.512699165
6026,Female,7/17/25,11:00,34,3,Stick7_Perceptual_VA,6.210729129,Stick7,Perceptual,6110,2.714805543,3.549852188,14,6115.539621,2.438894746,6.89,63.5,2.287725228
6026,Female,7/17/25,11:00,34,3,Stick7_Adjusted_VA,3.069078514,Stick7,Adjusted,6110,2.714805543,3.549852188,14,6115.539621,2.438894746,2.77,51.7,1.130496629
6026,Female,7/17/25,11:00,34,3,Stick8_Perceptual_VA,4.500864045,Stick8,Perceptual,10700,1.550425564,2.028814472,14,10703.16425,1.393244359,4.7,59.8,2.902986217
6026,Female,7/17/25,11:00,34,3,Stick8_Adjusted_VA,2.282748212,Stick8,Adjusted,10700,1.550425564,2.028814472,14,10703.16425,1.393244359,2.08,52.2,1.47233654
6026,Female,7/17/25,11:00,34,3,Stick9_Perceptual_VA,2.588618459,Stick9,Perceptual,15100,1.098679308,1.43793593,14,15102.24238,0.987362758,2.77,61.3,2.356118333
6026,Female,7/17/25,11:00,34,3,Stick9_Adjusted_VA,1.54844033,Stick9,Adjusted,15100,1.098679308,1.43793593,14,15102.24238,0.987362758,1.4,51.8,1.409365152
6026,Female,7/17/25,11:00,34,3,Stick10_Perceptual_VA,12.77423405,Stick10,Perceptual,2318,7.147990637,9.286830611,14,2332.562723,6.405727666,15,67,1.787108392
6026,Female,7/17/25,11:00,34,3,Stick10_Adjusted_VA,8.107108464,Stick10,Adjusted,2318,7.147990637,9.286830611,14,2332.562723,6.405727666,9,63.5,1.134180062
6026,Female,7/17/25,11:00,34,3,BlueBall_Perceptual_VA,0.63843208,BlueBall,Perceptual,1520,0.852070543,1.933092975,22.605,1521.497917,-2.54262031,0.78,70,0.74927139
6026,Female,7/17/25,11:00,34,3,BlueBall_Adjusted_VA,0.765240474,BlueBall,Adjusted,1520,0.852070543,1.933092975,22.605,1521.497917,-2.54262031,0.78,58.4,0.898095211
6027,Female,7/17/25,11:30,21,3,Lamp5_Perceptual_VA,1.419249214,Lamp5,Perceptual,1690,1.377744544,13.29553454,40.64,1713.129859,9.425813237,1.9,76.7,1.030125084
6027,Female,7/17/25,11:30,21,3,Lamp5_Adjusted_VA,1.322151623,Lamp5,Adjusted,1690,1.377744544,13.29553454,40.64,1713.129859,9.425813237,1.44,62.4,0.959649326
6027,Female,7/17/25,11:30,21,3,Lamp6_Perceptual_VA,0.729209169,Lamp6,Perceptual,2980,0.78136389,7.632925576,40.64,2993.177895,5.378409429,0.98,77,0.933251687
6027,Female,7/17/25,11:30,21,3,Lamp6_Adjusted_VA,0.785758375,Lamp6,Adjusted,2980,0.78136389,7.632925576,40.64,2993.177895,5.378409429,0.72,52.5,1.005624121
6027,Female,7/17/25,11:30,21,3,Lamp7_Perceptual_VA,0.584187201,Lamp7,Perceptual,6110,0.381095236,3.739630304,40.64,6116.438009,2.629070427,0.78,76.5,1.532916565
6027,Female,7/17/25,11:30,21,3,Lamp7_Adjusted_VA,0.334410215,Lamp7,Adjusted,6110,0.381095236,3.739630304,40.64,6116.438009,2.629070427,0.3,51.4,0.877497757
6027,Female,7/17/25,11:30,21,3,Stick7_Perceptual_VA,6.607024257,Stick7,Perceptual,6110,2.714805543,3.549852188,14,6115.539621,2.438894746,7.7,66.7,2.433700739
6027,Female,7/17/25,11:30,21,3,Stick7_Adjusted_VA,2.239092291,Stick7,Adjusted,6110,2.714805543,3.549852188,14,6115.539621,2.438894746,2.22,56.8,0.824770782
6027,Female,7/17/25,11:30,21,3,Stick8_Perceptual_VA,2.94396495,Stick8,Perceptual,10700,1.550425564,2.028814472,14,10703.16425,1.393244359,3.32,64.6,1.898810892
6027,Female,7/17/25,11:30,21,3,Stick8_Adjusted_VA,1.385322686,Stick8,Adjusted,10700,1.550425564,2.028814472,14,10703.16425,1.393244359,1.4,57.9,0.893511251
6027,Female,7/17/25,11:30,21,3,Stick9_Perceptual_VA,1.838965902,Stick9,Perceptual,15100,1.098679308,1.43793593,14,15102.24238,0.987362758,2.08,64.8,1.673796794
6027,Female,7/17/25,11:30,21,3,Stick9_Adjusted_VA,0.582663923,Stick9,Adjusted,15100,1.098679308,1.43793593,14,15102.24238,0.987362758,0.6,59,0.530331206
6027,Female,7/17/25,11:30,21,3,Stick10_Perceptual_VA,8.851192932,Stick10,Perceptual,2318,7.147990637,9.286830611,14,2332.562723,6.405727666,10.34,66.8,1.238277074
6027,Female,7/17/25,11:30,21,3,Stick10_Adjusted_VA,6.528889149,Stick10,Adjusted,2318,7.147990637,9.286830611,14,2332.562723,6.405727666,7.7,67.5,0.913388039
6027,Female,7/17/25,11:30,21,3,BlueBall_Perceptual_VA,0.91972829,BlueBall,Perceptual,1520,0.852070543,1.933092975,22.605,1521.497917,-2.54262031,1.22,76,1.079403926
6027,Female,7/17/25,11:30,21,3,BlueBall_Adjusted_VA,0.680215877,BlueBall,Adjusted,1520,0.852070543,1.933092975,22.605,1521.497917,-2.54262031,0.78,65.7,0.798309344
6028,Female,7/17/25,13:30,49,3,Lamp5_Perceptual_VA,1.648961488,Lamp5,Perceptual,1690,1.377744544,13.29553454,40.64,1713.129859,9.425813237,2.15,74.7,1.196855756
6028,Female,7/17/25,13:30,49,3,Lamp5_Adjusted_VA,1.387630842,Lamp5,Adjusted,1690,1.377744544,13.29553454,40.64,1713.129859,9.425813237,1.63,67.3,1.007175712
6028,Female,7/17/25,13:30,49,3,Lamp6_Perceptual_VA,1.212839393,Lamp6,Perceptual,2980,0.78136389,7.632925576,40.64,2993.177895,5.378409429,1.63,77,1.552208144
6028,Female,7/17/25,13:30,49,3,Lamp6_Adjusted_VA,1.043267458,Lamp6,Adjusted,2980,0.78136389,7.632925576,40.64,2993.177895,5.378409429,1.22,67,1.335187704
6028,Female,7/17/25,13:30,49,3,Lamp7_Perceptual_VA,1.064561922,Lamp7,Perceptual,6110,0.381095236,3.739630304,40.64,6116.438009,2.629070427,1.44,77.5,2.793427521
6028,Female,7/17/25,13:30,49,3,Lamp7_Adjusted_VA,0.426843375,Lamp7,Adjusted,6110,0.381095236,3.739630304,40.64,6116.438009,2.629070427,0.52,69.8,1.120043847
6028,Female,7/17/25,13:30,49,3,Stick7_Perceptual_VA,6.164361649,Stick7,Perceptual,6110,2.714805543,3.549852188,14,6115.539621,2.438894746,7.7,71.5,2.270645743
6028,Female,7/17/25,13:30,49,3,Stick7_Adjusted_VA,2.745310452,Stick7,Adjusted,6110,2.714805543,3.549852188,14,6115.539621,2.438894746,2.77,57.8,1.011236499
6028,Female,7/17/25,13:30,49,3,Stick8_Perceptual_VA,4.968495187,Stick8,Perceptual,10700,1.550425564,2.028814472,14,10703.16425,1.393244359,6.1,70.3,3.204600918
6028,Female,7/17/25,13:30,49,3,Stick8_Adjusted_VA,1.879566778,Stick8,Adjusted,10700,1.550425564,2.028814472,14,10703.16425,1.393244359,2.08,63.4,1.212290884
6028,Female,7/17/25,13:30,49,3,Stick9_Perceptual_VA,1.162483183,Stick9,Perceptual,15100,1.098679308,1.43793593,14,15102.24238,0.987362758,1.4,69,1.058073247
6028,Female,7/17/25,13:30,49,3,Stick9_Adjusted_VA,0.85642321,Stick9,Adjusted,15100,1.098679308,1.43793593,14,15102.24238,0.987362758,1,66.9,0.779502448
6028,Female,7/17/25,13:30,49,3,Stick10_Perceptual_VA,11.57448593,Stick10,Perceptual,2318,7.147990637,9.286830611,14,2332.562723,6.405727666,15,74,1.619264282
6028,Female,7/17/25,13:30,49,3,Stick10_Adjusted_VA,7.294127264,Stick10,Adjusted,2318,7.147990637,9.286830611,14,2332.562723,6.405727666,9,70.6,1.020444435
6028,Female,7/17/25,13:30,49,3,BlueBall_Perceptual_VA,1.664557589,BlueBall,Perceptual,1520,0.852070543,1.933092975,22.605,1521.497917,-2.54262031,2.15,74,1.953544342
6028,Female,7/17/25,13:30,49,3,BlueBall_Adjusted_VA,1.013029421,BlueBall,Adjusted,1520,0.852070543,1.933092975,22.605,1521.497917,-2.54262031,1.22,69,1.18890323
6029,Male,7/17/25,14:15,22,3,Lamp5_Perceptual_VA,2.043358097,Lamp5,Perceptual,1690,1.377744544,13.29553454,40.64,1713.129859,9.425813237,2.7,75.7,1.483118264
6029,Male,7/17/25,14:15,22,3,Lamp5_Adjusted_VA,1.462791506,Lamp5,Adjusted,1690,1.377744544,13.29553454,40.64,1713.129859,9.425813237,1.44,56.4,1.061729123
6029,Male,7/17/25,14:15,22,3,Lamp6_Perceptual_VA,1.185136939,Lamp6,Perceptual,2980,0.78136389,7.632925576,40.64,2993.177895,5.378409429,1.63,78.8,1.51675417
6029,Male,7/17/25,14:15,22,3,Lamp6_Adjusted_VA,0.854082761,Lamp6,Adjusted,2980,0.78136389,7.632925576,40.64,2993.177895,5.378409429,0.72,48.3,1.093066588
6029,Male,7/17/25,14:15,22,3,Lamp7_Perceptual_VA,0.691865157,Lamp7,Perceptual,6110,0.381095236,3.739630304,40.64,6116.438009,2.629070427,0.96,79.5,1.815465245
6029,Male,7/17/25,14:15,22,3,Lamp7_Adjusted_VA,0.527720554,Lamp7,Adjusted,6110,0.381095236,3.739630304,40.64,6116.438009,2.629070427,0.49,53.2,1.384747181
6029,Male,7/17/25,14:15,22,3,Stick7_Perceptual_VA,5.236296238,Stick7,Perceptual,6110,2.714805543,3.549852188,14,6115.539621,2.438894746,6.1,66.7,1.928792378
6029,Male,7/17/25,14:15,22,3,Stick7_Adjusted_VA,2.329287758,Stick7,Adjusted,6110,2.714805543,3.549852188,14,6115.539621,2.438894746,2.22,54.6,0.857994328
6029,Male,7/17/25,14:15,22,3,Stick8_Perceptual_VA,3.495075072,Stick8,Perceptual,10700,1.550425564,2.028814472,14,10703.16425,1.393244359,4.07,66.7,2.254268216
6029,Male,7/17/25,14:15,22,3,Stick8_Adjusted_VA,1.458359284,Stick8,Adjusted,10700,1.550425564,2.028814472,14,10703.16425,1.393244359,1.4,55,0.940618703
6029,Male,7/17/25,14:15,22,3,Stick9_Perceptual_VA,1.947693439,Stick9,Perceptual,15100,1.098679308,1.43793593,14,15102.24238,0.987362758,2.22,65.3,1.772758825
6029,Male,7/17/25,14:15,22,3,Stick9_Adjusted_VA,0.852661926,Stick9,Adjusted,15100,1.098679308,1.43793593,14,15102.24238,0.987362758,0.82,55.1,0.776078988
6029,Male,7/17/25,14:15,22,3,Stick10_Perceptual_VA,8.721151633,Stick10,Perceptual,2318,7.147990637,9.286830611,14,2332.562723,6.405727666,10.34,67.8,1.220084367
6029,Male,7/17/25,14:15,22,3,Stick10_Adjusted_VA,7.650751554,Stick10,Adjusted,2318,7.147990637,9.286830611,14,2332.562723,6.405727666,9,67.3,1.070335979
6029,Male,7/17/25,14:15,22,3,BlueBall_Perceptual_VA,1.413720234,BlueBall,Perceptual,1520,0.852070543,1.933092975,22.605,1521.497917,-2.54262031,1.9,77,1.659158675
6029,Male,7/17/25,14:15,22,3,BlueBall_Adjusted_VA,0.901685461,BlueBall,Adjusted,1520,0.852070543,1.933092975,22.605,1521.497917,-2.54262031,0.96,61,1.05822865
6030,Male,7/17/25,15:00,33,3,Lamp5_Perceptual_VA,1.31882575,Lamp5,Perceptual,1690,1.377744544,13.29553454,40.64,1713.129859,9.425813237,1.22,53,0.957235327
6030,Male,7/17/25,15:00,33,3,Lamp5_Adjusted_VA,1.439818161,Lamp5,Adjusted,1690,1.377744544,13.29553454,40.64,1713.129859,9.425813237,1.44,57.3,1.045054518
6030,Male,7/17/25,15:00,33,3,Lamp6_Perceptual_VA,0.857771081,Lamp6,Perceptual,2980,0.78136389,7.632925576,40.64,2993.177895,5.378409429,0.78,52.1,1.097786949
6030,Male,7/17/25,15:00,33,3,Lamp6_Adjusted_VA,0.859420579,Lamp6,Adjusted,2980,0.78136389,7.632925576,40.64,2993.177895,5.378409429,0.72,48,1.099897999
6030,Male,7/17/25,15:00,33,3,Lamp7_Perceptual_VA,0.785758375,Lamp7,Perceptual,6110,0.381095236,3.739630304,40.64,6116.438009,2.629070427,0.72,52.5,2.061842552
6030,Male,7/17/25,15:00,33,3,Lamp7_Adjusted_VA,0.546200765,Lamp7,Adjusted,6110,0.381095236,3.739630304,40.64,6116.438009,2.629070427,0.49,51.4,1.433239551
6030,Male,7/17/25,15:00,33,3,Stick7_Perceptual_VA,3.616854926,Stick7,Perceptual,6110,2.714805543,3.549852188,14,6115.539621,2.438894746,3.05,48.3,1.332270348
6030,Male,7/17/25,15:00,33,3,Stick7_Adjusted_VA,2.508408551,Stick7,Adjusted,6110,2.714805543,3.549852188,14,6115.539621,2.438894746,2.22,50.7,0.923973563
6030,Male,7/17/25,15:00,33,3,Stick8_Perceptual_VA,2.579114661,Stick8,Perceptual,10700,1.550425564,2.028814472,14,10703.16425,1.393244359,2.08,46.2,1.663488219
6030,Male,7/17/25,15:00,33,3,Stick8_Adjusted_VA,1.477157426,Stick8,Adjusted,10700,1.550425564,2.028814472,14,10703.16425,1.393244359,1.4,54.3,0.952743208
6030,Male,7/17/25,15:00,33,3,Stick9_Perceptual_VA,1.960860013,Stick9,Perceptual,15100,1.098679308,1.43793593,14,15102.24238,0.987362758,1.66,48.5,1.784742826
6030,Male,7/17/25,15:00,33,3,Stick9_Adjusted_VA,0.894887316,Stick9,Adjusted,15100,1.098679308,1.43793593,14,15102.24238,0.987362758,0.82,52.5,0.814511851
6030,Male,7/17/25,15:00,33,3,Stick10_Perceptual_VA,9.486405274,Stick10,Perceptual,2318,7.147990637,9.286830611,14,2332.562723,6.405727666,7.7,46.4,1.327142935
6030,Male,7/17/25,15:00,33,3,Stick10_Adjusted_VA,6.191267181,Stick10,Adjusted,2318,7.147990637,9.286830611,14,2332.562723,6.405727666,6.89,63.7,0.866154909
6030,Male,7/17/25,15:00,33,3,BlueBall_Perceptual_VA,1.073579753,BlueBall,Perceptual,1520,0.852070543,1.933092975,22.605,1521.497917,-2.54262031,0.98,52.3,1.259965811
6030,Male,7/17/25,15:00,33,3,BlueBall_Adjusted_VA,0.885626908,BlueBall,Adjusted,1520,0.852070543,1.933092975,22.605,1521.497917,-2.54262031,0.98,63.4,1.039382144
6031,Female,7/18/25,14:15,23,3,Lamp5_Perceptual_VA,3.519026223,Lamp5,Perceptual,1690,1.377744544,13.29553454,40.64,1713.129859,9.425813237,4.7,76.5,2.554193546
6031,Female,7/18/25,14:15,23,3,Lamp5_Adjusted_VA,1.556619766,Lamp5,Adjusted,1690,1.377744544,13.29553454,40.64,1713.129859,9.425813237,1.44,53,1.129831921
6031,Female,7/18/25,14:15,23,3,Lamp6_Perceptual_VA,3.138709609,Lamp6,Perceptual,2980,0.78136389,7.632925576,40.64,2993.177895,5.378409429,4,73,4.016962711
6031,Female,7/18/25,14:15,23,3,Lamp6_Adjusted_VA,0.94083587,Lamp6,Adjusted,2980,0.78136389,7.632925576,40.64,2993.177895,5.378409429,0.78,47.5,1.204094382
6031,Female,7/18/25,14:15,23,3,Lamp7_Perceptual_VA,1.657837569,Lamp7,Perceptual,6110,0.381095236,3.739630304,40.64,6116.438009,2.629070427,2.15,74.3,4.350192315
6031,Female,7/18/25,14:15,23,3,Lamp7_Adjusted_VA,0.579641075,Lamp7,Adjusted,6110,0.381095236,3.739630304,40.64,6116.438009,2.629070427,0.52,51.4,1.520987457
6031,Female,7/18/25,14:15,23,3,Stick7_Perceptual_VA,7.335576111,Stick7,Perceptual,6110,2.714805543,3.549852188,14,6115.539621,2.438894746,9,70.2,2.702063185
6031,Female,7/18/25,14:15,23,3,Stick7_Adjusted_VA,2.833517168,Stick7,Adjusted,6110,2.714805543,3.549852188,14,6115.539621,2.438894746,2.77,56,1.043727487
6031,Female,7/18/25,14:15,23,3,Stick8_Perceptual_VA,5.651115245,Stick8,Perceptual,10700,1.550425564,2.028814472,14,10703.16425,1.393244359,6.89,69.8,3.644880073
6031,Female,7/18/25,14:15,23,3,Stick8_Adjusted_VA,1.524892708,Stick8,Adjusted,10700,1.550425564,2.028814472,14,10703.16425,1.393244359,1.4,52.6,0.983531711
6031,Female,7/18/25,14:15,23,3,Stick9_Perceptual_VA,4.199809035,Stick9,Perceptual,15100,1.098679308,1.43793593,14,15102.24238,0.987362758,5.17,70.5,3.822597737
6031,Female,7/18/25,14:15,23,3,Stick9_Adjusted_VA,0.972700016,Stick9,Adjusted,15100,1.098679308,1.43793593,14,15102.24238,0.987362758,0.82,48.3,0.885335702
6031,Female,7/18/25,14:15,23,3,Stick10_Perceptual_VA,10.31710356,Stick10,Perceptual,2318,7.147990637,9.286830611,14,2332.562723,6.405727666,13,72,1.443357173
6031,Female,7/18/25,14:15,23,3,Stick10_Adjusted_VA,7.15266875,Stick10,Adjusted,2318,7.147990637,9.286830611,14,2332.562723,6.405727666,9,72,1.000654466
6031,Female,7/18/25,14:15,23,3,BlueBall_Perceptual_VA,2.687457324,BlueBall,Perceptual,1520,0.852070543,1.933092975,22.605,1521.497917,-2.54262031,3.8,81,3.154031488
6031,Female,7/18/25,14:15,23,3,BlueBall_Adjusted_VA,1.253839359,BlueBall,Adjusted,1520,0.852070543,1.933092975,22.605,1521.497917,-2.54262031,1.44,65.8,1.471520603
6032,Female,7/18/25,15:00,32,3,Lamp5_Perceptual_VA,2.423690731,Lamp5,Perceptual,1690,1.377744544,13.29553454,40.64,1713.129859,9.425813237,3.3,78,1.759172803
6032,Female,7/18/25,15:00,32,3,Lamp5_Adjusted_VA,1.714234021,Lamp5,Adjusted,1690,1.377744544,13.29553454,40.64,1713.129859,9.425813237,1.9,63.5,1.244232124
6032,Female,7/18/25,15:00,32,3,Lamp6_Perceptual_VA,1.610167563,Lamp6,Perceptual,2980,0.78136389,7.632925576,40.64,2993.177895,5.378409429,2.15,76.5,2.060714071
6032,Female,7/18/25,15:00,32,3,Lamp6_Adjusted_VA,1.273187152,Lamp6,Adjusted,2980,0.78136389,7.632925576,40.64,2993.177895,5.378409429,1.22,54.9,1.629442016
6032,Female,7/18/25,15:00,32,3,Lamp7_Perceptual_VA,1.377933343,Lamp7,Perceptual,6110,0.381095236,3.739630304,40.64,6116.438009,2.629070427,1.9,79,3.615719146
6032,Female,7/18/25,15:00,32,3,Lamp7_Adjusted_VA,0.639894666,Lamp7,Adjusted,6110,0.381095236,3.739630304,40.64,6116.438009,2.629070427,0.65,58.2,1.679093846
6032,Female,7/18/25,15:00,32,3,Stick7_Perceptual_VA,7.356477444,Stick7,Perceptual,6110,2.714805543,3.549852188,14,6115.539621,2.438894746,9,70,2.709762201
6032,Female,7/18/25,15:00,32,3,Stick7_Adjusted_VA,3.31304849,Stick7,Adjusted,6110,2.714805543,3.549852188,14,6115.539621,2.438894746,3.32,57.4,1.220363093
6032,Female,7/18/25,15:00,32,3,Stick8_Perceptual_VA,6.164361649,Stick8,Perceptual,10700,1.550425564,2.028814472,14,10703.16425,1.393244359,7.7,71.5,3.975915897
6032,Female,7/18/25,15:00,32,3,Stick8_Adjusted_VA,1.982750882,Stick8,Adjusted,10700,1.550425564,2.028814472,14,10703.16425,1.393244359,2.08,60.1,1.278843001
6032,Female,7/18/25,15:00,32,3,Stick9_Perceptual_VA,4.266315596,Stick9,Perceptual,15100,1.098679308,1.43793593,14,15102.24238,0.987362758,5.17,69.4,3.883130925
6032,Female,7/18/25,15:00,32,3,Stick9_Adjusted_VA,0.930105865,Stick9,Adjusted,15100,1.098679308,1.43793593,14,15102.24238,0.987362758,1,61.6,0.8465672
6032,Female,7/18/25,15:00,32,3,Stick10_Perceptual_VA,11.60563933,Stick10,Perceptual,2318,7.147990637,9.286830611,14,2332.562723,6.405727666,15,73.8,1.623622626
6032,Female,7/18/25,15:00,32,3,Stick10_Adjusted_VA,8.344022511,Stick10,Adjusted,2318,7.147990637,9.286830611,14,2332.562723,6.405727666,11,75.4,1.167324208
6032,Female,7/18/25,15:00,32,3,BlueBall_Perceptual_VA,2.008866972,BlueBall,Perceptual,1520,0.852070543,1.933092975,22.605,1521.497917,-2.54262031,2.7,77,2.357629878
6032,Female,7/18/25,15:00,32,3,BlueBall_Adjusted_VA,1.183687059,BlueBall,Adjusted,1520,0.852070543,1.933092975,22.605,1521.497917,-2.54262031,1.44,69.7,1.389189038
6033,Female,7/22/25,14:30,20,3,Lamp5_Perceptual_VA,2.967563621,Lamp5,Perceptual,1690,1.377744544,13.29553454,40.64,1713.129859,9.425813237,3.3,63.7,2.153928777
6033,Female,7/22/25,14:30,20,3,Lamp5_Adjusted_VA,1.47323887,Lamp5,Adjusted,1690,1.377744544,13.29553454,40.64,1713.129859,9.425813237,1.44,56,1.069312069
6033,Female,7/22/25,14:30,20,3,Lamp6_Perceptual_VA,1.967632893,Lamp6,Perceptual,2980,0.78136389,7.632925576,40.64,2993.177895,5.378409429,2.15,62.6,2.518203002
6033,Female,7/22/25,14:30,20,3,Lamp6_Adjusted_VA,0.902823906,Lamp6,Adjusted,2980,0.78136389,7.632925576,40.64,2993.177895,5.378409429,0.78,49.5,1.155446159
6033,Female,7/22/25,14:30,20,3,Lamp7_Perceptual_VA,1.222263609,Lamp7,Perceptual,6110,0.381095236,3.739630304,40.64,6116.438009,2.629070427,1.44,67.5,3.207239272
6033,Female,7/22/25,14:30,20,3,Lamp7_Adjusted_VA,0.533740094,Lamp7,Adjusted,6110,0.381095236,3.739630304,40.64,6116.438009,2.629070427,0.49,52.6,1.400542549
6033,Female,7/22/25,14:30,20,3,Stick7_Perceptual_VA,5.762534515,Stick7,Perceptual,6110,2.714805543,3.549852188,14,6115.539621,2.438894746,6.1,60.6,2.122632514
6033,Female,7/22/25,14:30,20,3,Stick7_Adjusted_VA,2.932987991,Stick7,Adjusted,6110,2.714805543,3.549852188,14,6115.539621,2.438894746,2.77,54.1,1.080367615
6033,Female,7/22/25,14:30,20,3,Stick8_Perceptual_VA,4.992103931,Stick8,Perceptual,10700,1.550425564,2.028814472,14,10703.16425,1.393244359,5.17,59.3,3.219828185
6033,Female,7/22/25,14:30,20,3,Stick8_Adjusted_VA,1.767722107,Stick8,Adjusted,10700,1.550425564,2.028814472,14,10703.16425,1.393244359,1.66,53.8,1.140152838
6033,Female,7/22/25,14:30,20,3,Stick9_Perceptual_VA,4.390837829,Stick9,Perceptual,15100,1.098679308,1.43793593,14,15102.24238,0.987362758,4.7,61.3,3.996469031
6033,Female,7/22/25,14:30,20,3,Stick9_Adjusted_VA,1.061002633,Stick9,Adjusted,15100,1.098679308,1.43793593,14,15102.24238,0.987362758,1,54,0.965707305
6033,Female,7/22/25,14:30,20,3,Stick10_Perceptual_VA,8.521706592,Stick10,Perceptual,2318,7.147990637,9.286830611,14,2332.562723,6.405727666,9,60.4,1.192182115
6033,Female,7/22/25,14:30,20,3,Stick10_Adjusted_VA,7.367382293,Stick10,Adjusted,2318,7.147990637,9.286830611,14,2332.562723,6.405727666,7.7,59.8,1.030692773
6033,Female,7/22/25,14:30,20,3,BlueBall_Perceptual_VA,2.46690121,BlueBall,Perceptual,1520,0.852070543,1.933092975,22.605,1521.497917,-2.54262031,2.7,62.7,2.895184241
6033,Female,7/22/25,14:30,20,3,BlueBall_Adjusted_VA,0.929613115,BlueBall,Adjusted,1520,0.852070543,1.933092975,22.605,1521.497917,-2.54262031,0.98,60.4,1.091004873
6034,Male,7/22/25,15:30,20,3,Lamp5_Perceptual_VA,2.827010255,Lamp5,Perceptual,1690,1.377744544,13.29553454,40.64,1713.129859,9.425813237,3.8,77,2.051911776
6034,Male,7/22/25,15:30,20,3,Lamp5_Adjusted_VA,1.445621767,Lamp5,Adjusted,1690,1.377744544,13.29553454,40.64,1713.129859,9.425813237,1.63,64.6,1.049266914
6034,Male,7/22/25,15:30,20,3,Lamp6_Perceptual_VA,1.815454614,Lamp6,Perceptual,2980,0.78136389,7.632925576,40.64,2993.177895,5.378409429,2.44,77,2.323443197
6034,Male,7/22/25,15:30,20,3,Lamp6_Adjusted_VA,0.841617786,Lamp6,Adjusted,2980,0.78136389,7.632925576,40.64,2993.177895,5.378409429,0.78,53.1,1.077113746
6034,Male,7/22/25,15:30,20,3,Lamp7_Perceptual_VA,0.875933453,Lamp7,Perceptual,6110,0.381095236,3.739630304,40.64,6116.438009,2.629070427,1.22,79.8,2.298463401
6034,Male,7/22/25,15:30,20,3,Lamp7_Adjusted_VA,0.51894159,Lamp7,Adjusted,6110,0.381095236,3.739630304,40.64,6116.438009,2.629070427,0.49,54.1,1.361711039
6034,Male,7/22/25,15:30,20,3,Stick7_Perceptual_VA,7.10346671,Stick7,Perceptual,6110,2.714805543,3.549852188,14,6115.539621,2.438894746,9,72.5,2.616565569
6034,Male,7/22/25,15:30,20,3,Stick7_Adjusted_VA,2.833517168,Stick7,Adjusted,6110,2.714805543,3.549852188,14,6115.539621,2.438894746,2.77,56,1.043727487
6034,Male,7/22/25,15:30,20,3,Stick8_Perceptual_VA,4.513201227,Stick8,Perceptual,10700,1.550425564,2.028814472,14,10703.16425,1.393244359,5.17,65.6,2.910943505
6034,Male,7/22/25,15:30,20,3,Stick8_Adjusted_VA,1.510535691,Stick8,Adjusted,10700,1.550425564,2.028814472,14,10703.16425,1.393244359,1.4,53.1,0.974271662
6034,Male,7/22/25,15:30,20,3,Stick9_Perceptual_VA,3.505580028,Stick9,Perceptual,15100,1.098679308,1.43793593,14,15102.24238,0.987362758,4.07,66.5,3.190721809
6034,Male,7/22/25,15:30,20,3,Stick9_Adjusted_VA,1.183754988,Stick9,Adjusted,15100,1.098679308,1.43793593,14,15102.24238,0.987362758,1,48.4,1.077434498
6034,Male,7/22/25,15:30,20,3,Stick10_Perceptual_VA,11.73194228,Stick10,Perceptual,2318,7.147990637,9.286830611,14,2332.562723,6.405727666,15,73,1.641292341
6034,Male,7/22/25,15:30,20,3,Stick10_Adjusted_VA,6.538554932,Stick10,Adjusted,2318,7.147990637,9.286830611,14,2332.562723,6.405727666,7.7,67.4,0.914740277
6034,Male,7/22/25,15:30,20,3,BlueBall_Perceptual_VA,2.118917436,BlueBall,Perceptual,1520,0.852070543,1.933092975,22.605,1521.497917,-2.54262031,2.7,73,2.486786397
6034,Male,7/22/25,15:30,20,3,BlueBall_Adjusted_VA,0.843075838,BlueBall,Adjusted,1520,0.852070543,1.933092975,22.605,1521.497917,-2.54262031,0.98,66.6,0.989443708
6035,Female,7/24/25,13:30,24,3,Lamp5_Perceptual_VA,2.130877861,Lamp5,Perceptual,1690,1.377744544,13.29553454,40.64,1713.129859,9.425813237,2.44,65.6,1.546642206
6035,Female,7/24/25,13:30,24,3,Lamp5_Adjusted_VA,1.438213594,Lamp5,Adjusted,1690,1.377744544,13.29553454,40.64,1713.129859,9.425813237,1.22,48.6,1.043889885
6035,Female,7/24/25,13:30,24,3,Lamp6_Perceptual_VA,1.84670557,Lamp6,Perceptual,2980,0.78136389,7.632925576,40.64,2993.177895,5.378409429,2.15,66.7,2.36343859
6035,Female,7/24/25,13:30,24,3,Lamp6_Adjusted_VA,0.797465856,Lamp6,Adjusted,2980,0.78136389,7.632925576,40.64,2993.177895,5.378409429,0.65,46.7,1.020607512
6035,Female,7/24/25,13:30,24,3,Lamp7_Perceptual_VA,1.209719318,Lamp7,Perceptual,6110,0.381095236,3.739630304,40.64,6116.438009,2.629070427,1.44,68.2,3.174322852
6035,Female,7/24/25,13:30,24,3,Lamp7_Adjusted_VA,0.427251443,Lamp7,Adjusted,6110,0.381095236,3.739630304,40.64,6116.438009,2.629070427,0.39,52.3,1.121114624
6035,Female,7/24/25,13:30,24,3,Stick7_Perceptual_VA,6.994119479,Stick7,Perceptual,6110,2.714805543,3.549852188,14,6115.539621,2.438894746,7.7,63,2.576287461
6035,Female,7/24/25,13:30,24,3,Stick7_Adjusted_VA,1.764442993,Stick7,Adjusted,6110,2.714805543,3.549852188,14,6115.539621,2.438894746,1.66,53.9,0.649933472
6035,Female,7/24/25,13:30,24,3,Stick8_Perceptual_VA,2.464050426,Stick8,Perceptual,10700,1.550425564,2.028814472,14,10703.16425,1.393244359,2.77,64.4,1.589273605
6035,Female,7/24/25,13:30,24,3,Stick8_Adjusted_VA,1.093397723,Stick8,Adjusted,10700,1.550425564,2.028814472,14,10703.16425,1.393244359,1,52.4,0.705224261
6035,Female,7/24/25,13:30,24,3,Stick9a_Perceptual_VA,2.481886388,Stick9a,Perceptual,15188.5,1.092277937,1.429560885,14,15190.72931,0.981610744,3.05,70.4,2.272211406
6035,Female,7/24/25,13:30,24,3,Stick9a_Adjusted_VA,0.846516839,Stick9a,Adjusted,15188.5,1.092277937,1.429560885,14,15190.72931,0.981610744,0.82,55.5,0.775001316
6035,Female,7/24/25,13:30,24,3,Stick10_Perceptual_VA,13.57794915,Stick10,Perceptual,2318,7.147990637,9.286830611,14,2332.562723,6.405727666,15,63,1.899547697
6035,Female,7/24/25,13:30,24,3,Stick10_Adjusted_VA,6.81819753,Stick10,Adjusted,2318,7.147990637,9.286830611,14,2332.562723,6.405727666,6.1,51.2,0.953862124
6035,Female,7/24/25,13:30,24,3,BlueBall_Perceptual_VA,1.894995331,BlueBall,Perceptual,1520,0.852070543,1.933092975,22.605,1521.497917,-2.54262031,2.15,65,2.223988783
6035,Female,7/24/25,13:30,24,3,BlueBall_Adjusted_VA,0.811070086,BlueBall,Adjusted,1520,0.852070543,1.933092975,22.605,1521.497917,-2.54262031,0.78,55.1,0.951881381
6036,Female,7/25/25,13:30,22,3,Lamp5_Perceptual_VA,2.098796555,Lamp5,Perceptual,1690,1.377744544,13.29553454,40.64,1713.129859,9.425813237,2.7,73.7,1.523356825
6036,Female,7/25/25,13:30,22,3,Lamp5_Adjusted_VA,1.415123984,Lamp5,Adjusted,1690,1.377744544,13.29553454,40.64,1713.129859,9.425813237,1.44,58.3,1.027130893
6036,Female,7/25/25,13:30,22,3,Lamp6_Perceptual_VA,1.434206808,Lamp6,Perceptual,2980,0.78136389,7.632925576,40.64,2993.177895,5.378409429,1.9,75.9,1.835517135
6036,Female,7/25/25,13:30,22,3,Lamp6_Adjusted_VA,1.06387559,Lamp6,Adjusted,2980,0.78136389,7.632925576,40.64,2993.177895,5.378409429,0.96,51.7,1.361562268
6036,Female,7/25/25,13:30,22,3,Lamp7_Perceptual_VA,0.729209169,Lamp7,Perceptual,6110,0.381095236,3.739630304,40.64,6116.438009,2.629070427,0.98,77,1.91345653
6036,Female,7/25/25,13:30,22,3,Lamp7_Adjusted_VA,0.516353617,Lamp7,Adjusted,6110,0.381095236,3.739630304,40.64,6116.438009,2.629070427,0.52,57.7,1.354920155
6036,Female,7/25/25,13:30,22,3,Stick7_Perceptual_VA,7.837887778,Stick7,Perceptual,6110,2.714805543,3.549852188,14,6115.539621,2.438894746,7.7,56.2,2.887089942
6036,Female,7/25/25,13:30,22,3,Stick7_Adjusted_VA,2.231237816,Stick7,Adjusted,6110,2.714805543,3.549852188,14,6115.539621,2.438894746,2.22,57,0.821877582
6036,Female,7/25/25,13:30,22,3,Stick8_Perceptual_VA,6.234987211,Stick8,Perceptual,10700,1.550425564,2.028814472,14,10703.16425,1.393244359,6.1,56,4.021468269
6036,Female,7/25/25,13:30,22,3,Stick8_Adjusted_VA,1.310630614,Stick8,Adjusted,10700,1.550425564,2.028814472,14,10703.16425,1.393244359,1.4,61.2,0.845336044
6036,Female,7/25/25,13:30,22,3,Stick9a_Perceptual_VA,3.359178989,Stick9a,Perceptual,15188.5,1.092277937,1.429560885,14,15190.72931,0.981610744,4.07,69.4,3.075388483
6036,Female,7/25/25,13:30,22,3,Stick9a_Adjusted_VA,0.95650165,Stick9a,Adjusted,15188.5,1.092277937,1.429560885,14,15190.72931,0.981610744,1,59.9,0.875694379
6036,Female,7/25/25,13:30,22,3,Stick10_Perceptual_VA,14.36853478,Stick10,Perceptual,2318,7.147990637,9.286830611,14,2332.562723,6.405727666,15,59.5,2.010150197
6036,Female,7/25/25,13:30,22,3,Stick10_Adjusted_VA,6.6268508,Stick10,Adjusted,2318,7.147990637,9.286830611,14,2332.562723,6.405727666,7.7,66.5,0.92709282
6036,Female,7/25/25,13:30,22,3,BlueBall_Perceptual_VA,1.914913542,BlueBall,Perceptual,1520,0.852070543,1.933092975,22.605,1521.497917,-2.54262031,2.44,73,2.24736503
6036,Female,7/25/25,13:30,22,3,BlueBall_Adjusted_VA,0.98852942,BlueBall,Adjusted,1520,0.852070543,1.933092975,22.605,1521.497917,-2.54262031,0.98,56.8,1.160149741
6037,Male,7/28/25,14:15,21,3,Lamp5_Perceptual_VA,1.694442578,Lamp5,Perceptual,1690,1.377744544,13.29553454,40.64,1713.129859,9.425813237,2.44,82.5,1.229867021
6037,Male,7/28/25,14:15,21,3,Lamp5_Adjusted_VA,1.43731003,Lamp5,Adjusted,1690,1.377744544,13.29553454,40.64,1713.129859,9.425813237,1.44,57.4,1.043234057
6037,Male,7/28/25,14:15,21,3,Lamp6_Perceptual_VA,1.288253193,Lamp6,Perceptual,2980,0.78136389,7.632925576,40.64,2993.177895,5.378409429,1.9,84.5,1.648723738
6037,Male,7/28/25,14:15,21,3,Lamp6_Adjusted_VA,0.985709528,Lamp6,Adjusted,2980,0.78136389,7.632925576,40.64,2993.177895,5.378409429,0.96,55.8,1.261524293
6037,Male,7/28/25,14:15,21,3,Lamp7_Perceptual_VA,1.090996481,Lamp7,Perceptual,6110,0.381095236,3.739630304,40.64,6116.438009,2.629070427,1.63,85.6,2.862792227
6037,Male,7/28/25,14:15,21,3,Lamp7_Adjusted_VA,0.542688208,Lamp7,Adjusted,6110,0.381095236,3.739630304,40.64,6116.438009,2.629070427,0.52,54.9,1.424022543
6037,Male,7/28/25,14:15,21,3,Stick7_Perceptual_VA,5.89289476,Stick7,Perceptual,6110,2.714805543,3.549852188,14,6115.539621,2.438894746,7.7,74.8,2.170650776
6037,Male,7/28/25,14:15,21,3,Stick7_Adjusted_VA,2.558862937,Stick7,Adjusted,6110,2.714805543,3.549852188,14,6115.539621,2.438894746,2.22,49.7,0.942558462
6037,Male,7/28/25,14:15,21,3,Stick8_Perceptual_VA,4.651295476,Stick8,Perceptual,10700,1.550425564,2.028814472,14,10703.16425,1.393244359,6.1,75.1,3.000012115
6037,Male,7/28/25,14:15,21,3,Stick8_Adjusted_VA,1.677322774,Stick8,Adjusted,10700,1.550425564,2.028814472,14,10703.16425,1.393244359,1.66,56.7,1.081846696
6037,Male,7/28/25,14:15,21,3,Stick9a_Perceptual_VA,2.881886982,Stick9a,Perceptual,15188.5,1.092277937,1.429560885,14,15190.72931,0.981610744,4.07,80.9,2.638419109
6037,Male,7/28/25,14:15,21,3,Stick9a_Adjusted_VA,1.136783729,Stick9a,Adjusted,15188.5,1.092277937,1.429560885,14,15190.72931,0.981610744,1,50.4,1.040745849
6037,Male,7/28/25,14:15,21,3,Stick10_Perceptual_VA,9.906514956,Stick10,Perceptual,2318,7.147990637,9.286830611,14,2332.562723,6.405727666,13,75,1.385916051
6037,Male,7/28/25,14:15,21,3,Stick10_Adjusted_VA,7.379688903,Stick10,Adjusted,2318,7.147990637,9.286830611,14,2332.562723,6.405727666,7.7,59.7,1.032414461
6037,Male,7/28/25,14:15,21,3,BlueBall_Perceptual_VA,1.118432995,BlueBall,Perceptual,1520,0.852070543,1.933092975,22.605,1521.497917,-2.54262031,1.63,83.5,1.312606102
6037,Male,7/28/25,14:15,21,3,BlueBall_Adjusted_VA,0.90416584,BlueBall,Adjusted,1520,0.852070543,1.933092975,22.605,1521.497917,-2.54262031,0.98,62.1,1.061139652
6038,Male,7/28/25,15:04,20,3,Lamp5_Perceptual_VA,2.91792095,Lamp5,Perceptual,1690,1.377744544,13.29553454,40.64,1713.129859,9.425813237,3.8,74.6,2.117896937
6038,Male,7/28/25,15:04,20,3,Lamp5_Adjusted_VA,1.541031197,Lamp5,Adjusted,1690,1.377744544,13.29553454,40.64,1713.129859,9.425813237,1.63,60.6,1.118517365
6038,Male,7/28/25,15:04,20,3,Lamp6_Perceptual_VA,1.86385831,Lamp6,Perceptual,2980,0.78136389,7.632925576,40.64,2993.177895,5.378409429,2.44,75,2.385390897
6038,Male,7/28/25,15:04,20,3,Lamp6_Adjusted_VA,0.810229844,Lamp6,Adjusted,2980,0.78136389,7.632925576,40.64,2993.177895,5.378409429,0.98,69.3,1.036943036
6038,Male,7/28/25,15:04,20,3,Lamp7_Perceptual_VA,1.195758397,Lamp7,Perceptual,6110,0.381095236,3.739630304,40.64,6116.438009,2.629070427,1.63,78.1,3.137689172
6038,Male,7/28/25,15:04,20,3,Lamp7_Adjusted_VA,0.466254162,Lamp7,Adjusted,6110,0.381095236,3.739630304,40.64,6116.438009,2.629070427,0.52,63.9,1.223458383
6038,Male,7/28/25,15:04,20,3,Stick7_Perceptual_VA,7.10346671,Stick7,Perceptual,6110,2.714805543,3.549852188,14,6115.539621,2.438894746,9,72.5,2.616565569
6038,Male,7/28/25,15:04,20,3,Stick7_Adjusted_VA,1.845945253,Stick7,Adjusted,6110,2.714805543,3.549852188,14,6115.539621,2.438894746,2.22,68.9,0.679954871
6038,Male,7/28/25,15:04,20,3,Stick8_Perceptual_VA,1.832648212,Stick8,Perceptual,10700,1.550425564,2.028814472,14,10703.16425,1.393244359,2.22,69.4,1.18202915
6038,Male,7/28/25,15:04,20,3,Stick8_Adjusted_VA,1.186556575,Stick8,Adjusted,10700,1.550425564,2.028814472,14,10703.16425,1.393244359,1.4,67.6,0.765310249
6038,Male,7/28/25,15:04,20,3,Stick9a_Perceptual_VA,3.451393962,Stick9a,Perceptual,15188.5,1.092277937,1.429560885,14,15190.72931,0.981610744,4.7,78,3.159812941
6038,Male,7/28/25,15:04,20,3,Stick9a_Adjusted_VA,1.382360178,Stick9a,Adjusted,15188.5,1.092277937,1.429560885,14,15190.72931,0.981610744,1.66,68.8,1.265575483
6038,Male,7/28/25,15:04,20,3,Stick10_Perceptual_VA,8.712447172,Stick10,Perceptual,2318,7.147990637,9.286830611,14,2332.562723,6.405727666,11,72.2,1.218866618
6038,Male,7/28/25,15:04,20,3,Stick10_Adjusted_VA,5.8200613,Stick10,Adjusted,2318,7.147990637,9.286830611,14,2332.562723,6.405727666,6.1,60,0.814223409
6038,Male,7/28/25,15:04,20,3,BlueBall_Perceptual_VA,1.390250828,BlueBall,Perceptual,1520,0.852070543,1.933092975,22.605,1521.497917,-2.54262031,1.9,78.3,1.631614705
6038,Male,7/28/25,15:04,20,3,BlueBall_Adjusted_VA,0.892903168,BlueBall,Adjusted,1520,0.852070543,1.933092975,22.605,1521.497917,-2.54262031,0.96,61.6,1.047921648
6039,Female,7/30/25,14:15,19,3,Lamp5_Perceptual_VA,2.089479936,Lamp5,Perceptual,1690,1.377744544,13.29553454,40.64,1713.129859,9.425813237,2.44,66.9,1.5165946
6039,Female,7/30/25,14:15,19,3,Lamp5_Adjusted_VA,1.386586483,Lamp5,Adjusted,1690,1.377744544,13.29553454,40.64,1713.129859,9.425813237,1.44,59.5,1.006417691
6039,Female,7/30/25,14:15,19,3,Lamp6_Perceptual_VA,1.443716461,Lamp6,Perceptual,2980,0.78136389,7.632925576,40.64,2993.177895,5.378409429,1.9,75.4,1.847687715
6039,Female,7/30/25,14:15,19,3,Lamp6_Adjusted_VA,0.811070086,Lamp6,Adjusted,2980,0.78136389,7.632925576,40.64,2993.177895,5.378409429,0.78,55.1,1.038018389
6039,Female,7/30/25,14:15,19,3,Lamp7_Perceptual_VA,0.728519302,Lamp7,Perceptual,6110,0.381095236,3.739630304,40.64,6116.438009,2.629070427,0.96,75.5,1.911646308
6039,Female,7/30/25,14:15,19,3,Lamp7_Adjusted_VA,0.404073443,Lamp7,Adjusted,6110,0.381095236,3.739630304,40.64,6116.438009,2.629070427,0.39,55.3,1.060295182
6039,Female,7/30/25,14:15,19,3,Stick7_Perceptual_VA,7.572224071,Stick7,Perceptual,6110,2.714805543,3.549852188,14,6115.539621,2.438894746,9,68,2.789232581
6039,Female,7/30/25,14:15,19,3,Stick7_Adjusted_VA,3.31304849,Stick7,Adjusted,6110,2.714805543,3.549852188,14,6115.539621,2.438894746,3.32,57.4,1.220363093
6039,Female,7/30/25,14:15,19,3,Stick8_Perceptual_VA,5.267843413,Stick8,Perceptual,10700,1.550425564,2.028814472,14,10703.16425,1.393244359,6.1,66.3,3.397675795
6039,Female,7/30/25,14:15,19,3,Stick8_Adjusted_VA,1.493023736,Stick8,Adjusted,10700,1.550425564,2.028814472,14,10703.16425,1.393244359,1.66,63.7,0.962976728
6039,Female,7/30/25,14:15,19,3,Stick9a_Perceptual_VA,2.56192098,Stick9a,Perceptual,15188.5,1.092277937,1.429560885,14,15190.72931,0.981610744,3.05,68.2,2.345484507
6039,Female,7/30/25,14:15,19,3,Stick9a_Adjusted_VA,1.310630614,Stick9a,Adjusted,15188.5,1.092277937,1.429560885,14,15190.72931,0.981610744,1.4,61.2,1.199905783
6039,Female,7/30/25,14:15,19,3,Stick10_Perceptual_VA,10.7630941,Stick10,Perceptual,2318,7.147990637,9.286830611,14,2332.562723,6.405727666,13,69,1.505751008
6039,Female,7/30/25,14:15,19,3,Stick10_Adjusted_VA,7.793473531,Stick10,Adjusted,2318,7.147990637,9.286830611,14,2332.562723,6.405727666,10.34,75.9,1.090302706
6039,Female,7/30/25,14:15,19,3,BlueBall_Perceptual_VA,0.960154055,BlueBall,Perceptual,1520,0.852070543,1.933092975,22.605,1521.497917,-2.54262031,1.22,72.8,1.126848079
6039,Female,7/30/25,14:15,19,3,BlueBall_Adjusted_VA,0.959804288,BlueBall,Adjusted,1520,0.852070543,1.933092975,22.605,1521.497917,-2.54262031,0.98,58.5,1.126437588
6040,Female,7/31/25,10:30,19,3,Lamp5_Perceptual_VA,1.232771682,Lamp5,Perceptual,1690,1.377744544,13.29553454,40.64,1713.129859,9.425813237,1.22,56.7,0.894775223
6040,Female,7/31/25,10:30,19,3,Lamp5_Adjusted_VA,1.344185479,Lamp5,Adjusted,1690,1.377744544,13.29553454,40.64,1713.129859,9.425813237,1.22,52,0.975642026
6040,Female,7/31/25,10:30,19,3,Lamp6_Perceptual_VA,0.993777987,Lamp6,Perceptual,2980,0.78136389,7.632925576,40.64,2993.177895,5.378409429,0.98,56.5,1.271850414
6040,Female,7/31/25,10:30,19,3,Lamp6_Adjusted_VA,0.806096155,Lamp6,Adjusted,2980,0.78136389,7.632925576,40.64,2993.177895,5.378409429,0.65,46.2,1.031652686
6040,Female,7/31/25,10:30,19,3,Lamp7_Perceptual_VA,0.501576011,Lamp7,Perceptual,6110,0.381095236,3.739630304,40.64,6116.438009,2.629070427,0.52,59.4,1.316143482
6040,Female,7/31/25,10:30,19,3,Lamp7_Adjusted_VA,0.348654783,Lamp7,Adjusted,6110,0.381095236,3.739630304,40.64,6116.438009,2.629070427,0.3,49.3,0.914875731
6040,Female,7/31/25,10:30,19,3,Stick7_Perceptual_VA,2.64945759,Stick7,Perceptual,6110,2.714805543,3.549852188,14,6115.539621,2.438894746,2.22,48,0.975929048
6040,Female,7/31/25,10:30,19,3,Stick7_Adjusted_VA,2.543514817,Stick7,Adjusted,6110,2.714805543,3.549852188,14,6115.539621,2.438894746,2.22,50,0.936904974
6040,Female,7/31/25,10:30,19,3,Stick8_Perceptual_VA,1.594610608,Stick8,Perceptual,10700,1.550425564,2.028814472,14,10703.16425,1.393244359,1.4,50.3,1.028498655
6040,Female,7/31/25,10:30,19,3,Stick8_Adjusted_VA,1.591447105,Stick8,Adjusted,10700,1.550425564,2.028814472,14,10703.16425,1.393244359,1.4,50.4,1.026458246
6040,Female,7/31/25,10:30,19,3,Stick9a_Perceptual_VA,1.13453282,Stick9a,Perceptual,15188.5,1.092277937,1.429560885,14,15190.72931,0.981610744,1,50.5,1.038685101
6040,Female,7/31/25,10:30,19,3,Stick9a_Adjusted_VA,1.047425664,Stick9a,Adjusted,15188.5,1.092277937,1.429560885,14,15190.72931,0.981610744,1,54.7,0.958936941
6040,Female,7/31/25,10:30,19,3,Stick10_Perceptual_VA,7.10907848,Stick10,Perceptual,2318,7.147990637,9.286830611,14,2332.562723,6.405727666,6.1,49.1,0.994556211
6040,Female,7/31/25,10:30,19,3,Stick10_Adjusted_VA,7.116611195,Stick10,Adjusted,2318,7.147990637,9.286830611,14,2332.562723,6.405727666,6.89,55.4,0.995610033
6040,Female,7/31/25,10:30,19,3,BlueBall_Perceptual_VA,0.827591315,BlueBall,Perceptual,1520,0.852070543,1.933092975,22.605,1521.497917,-2.54262031,0.78,54,0.97127089
6040,Female,7/31/25,10:30,19,3,BlueBall_Adjusted_VA,0.856127902,BlueBall,Adjusted,1520,0.852070543,1.933092975,22.605,1521.497917,-2.54262031,0.78,52.2,1.004761764
6041,Female,7/31/25,11:15,19,3,Lamp5_Perceptual_VA,1.714234021,Lamp5,Perceptual,1690,1.377744544,13.29553454,40.64,1713.129859,9.425813237,1.9,63.5,1.244232124
6041,Female,7/31/25,11:15,19,3,Lamp5_Adjusted_VA,1.412066927,Lamp5,Adjusted,1690,1.377744544,13.29553454,40.64,1713.129859,9.425813237,1.22,49.5,1.024912008
6041,Female,7/31/25,11:15,19,3,Lamp6_Perceptual_VA,1.309560805,Lamp6,Perceptual,2980,0.78136389,7.632925576,40.64,2993.177895,5.378409429,1.44,63,1.675993505
6041,Female,7/31/25,11:15,19,3,Lamp6_Adjusted_VA,0.844480328,Lamp6,Adjusted,2980,0.78136389,7.632925576,40.64,2993.177895,5.378409429,0.65,44.1,1.080777266
6041,Female,7/31/25,11:15,19,3,Lamp7_Perceptual_VA,1.109502646,Lamp7,Perceptual,6110,0.381095236,3.739630304,40.64,6116.438009,2.629070427,1.22,63,2.911352701
6041,Female,7/31/25,11:15,19,3,Lamp7_Adjusted_VA,0.374480886,Lamp7,Adjusted,6110,0.381095236,3.739630304,40.64,6116.438009,2.629070427,0.3,45.9,0.982643838
6041,Female,7/31/25,11:15,19,3,Stick7_Perceptual_VA,6.104433251,Stick7,Perceptual,6110,2.714805543,3.549852188,14,6115.539621,2.438894746,6.1,57.2,2.248571087
6041,Female,7/31/25,11:15,19,3,Stick7_Adjusted_VA,2.426831032,Stick7,Adjusted,6110,2.714805543,3.549852188,14,6115.539621,2.438894746,2.08,49.1,0.893924443
6041,Female,7/31/25,11:15,19,3,Stick8_Perceptual_VA,4.755045649,Stick8,Perceptual,10700,1.550425564,2.028814472,14,10703.16425,1.393244359,4.7,56.6,3.066929337
6041,Female,7/31/25,11:15,19,3,Stick8_Adjusted_VA,1.626951348,Stick8,Adjusted,10700,1.550425564,2.028814472,14,10703.16425,1.393244359,1.4,49.3,1.049357921
6041,Female,7/31/25,11:15,19,3,Stick9a_Perceptual_VA,3.051380685,Stick9a,Perceptual,15188.5,1.092277937,1.429560885,14,15190.72931,0.981610744,2.77,52,2.793593627
6041,Female,7/31/25,11:15,19,3,Stick9a_Adjusted_VA,0.662371577,Stick9a,Adjusted,15188.5,1.092277937,1.429560885,14,15190.72931,0.981610744,0.6,51.9,0.606413033
6041,Female,7/31/25,11:15,19,3,Stick10_Perceptual_VA,6.798356216,Stick10,Perceptual,2318,7.147990637,9.286830611,14,2332.562723,6.405727666,6.89,58,0.951086335
6041,Female,7/31/25,11:15,19,3,Stick10_Adjusted_VA,7.796399326,Stick10,Adjusted,2318,7.147990637,9.286830611,14,2332.562723,6.405727666,7.7,56.5,1.090712023
6041,Female,7/31/25,11:15,19,3,BlueBall_Perceptual_VA,0.897272825,BlueBall,Perceptual,1520,0.852070543,1.933092975,22.605,1521.497917,-2.54262031,0.96,61.3,1.053049929
6041,Female,7/31/25,11:15,19,3,BlueBall_Adjusted_VA,0.848005545,BlueBall,Adjusted,1520,0.852070543,1.933092975,22.605,1521.497917,-2.54262031,0.78,52.7,0.99522927
6042,,7/31/25,14:30,,3,Lamp5_Perceptual_VA,1.960561861,Lamp5,Perceptual,1690,1.377744544,13.29553454,40.64,1713.129859,9.425813237,2.44,71.3,1.423022773
6042,,7/31/25,14:30,,3,Lamp5_Adjusted_VA,1.506237773,Lamp5,Adjusted,1690,1.377744544,13.29553454,40.64,1713.129859,9.425813237,1.63,62,1.093263464
6042,,7/31/25,14:30,,3,Lamp6_Perceptual_VA,1.279290968,Lamp6,Perceptual,2980,0.78136389,7.632925576,40.64,2993.177895,5.378409429,1.63,73,1.637253762
6042,,7/31/25,14:30,,3,Lamp6_Adjusted_VA,0.802333532,Lamp6,Adjusted,2980,0.78136389,7.632925576,40.64,2993.177895,5.378409429,0.78,55.7,1.026837229
6042,,7/31/25,14:30,,3,Lamp7_Perceptual_VA,1.09858049,Lamp7,Perceptual,6110,0.381095236,3.739630304,40.64,6116.438009,2.629070427,1.44,75.1,2.882692789
6042,,7/31/25,14:30,,3,Lamp7_Adjusted_VA,0.5436785,Lamp7,Adjusted,6110,0.381095236,3.739630304,40.64,6116.438009,2.629070427,0.52,54.8,1.426621085
6042,,7/31/25,14:30,,3,Stick7_Perceptual_VA,3.845558072,Stick7,Perceptual,6110,2.714805543,3.549852188,14,6115.539621,2.438894746,4.7,70,1.416513268
6042,,7/31/25,14:30,,3,Stick7_Adjusted_VA,2.211840587,Stick7,Adjusted,6110,2.714805543,3.549852188,14,6115.539621,2.438894746,2.22,57.5,0.814732603
6042,,7/31/25,14:30,,3,Stick8_Perceptual_VA,2.273473999,Stick8,Perceptual,10700,1.550425564,2.028814472,14,10703.16425,1.393244359,2.77,69.8,1.466354819
6042,,7/31/25,14:30,,3,Stick8_Adjusted_VA,1.639732799,Stick8,Adjusted,10700,1.550425564,2.028814472,14,10703.16425,1.393244359,1.66,58,1.057601755
6042,,7/31/25,14:30,,3,Stick9a_Perceptual_VA,1.673520887,Stick9a,Perceptual,15188.5,1.092277937,1.429560885,14,15190.72931,0.981610744,2.22,76,1.532138323
6042,,7/31/25,14:30,,3,Stick9a_Adjusted_VA,1.093397723,Stick9a,Adjusted,15188.5,1.092277937,1.429560885,14,15190.72931,0.981610744,1,52.4,1.001025184
6042,,7/31/25,14:30,,3,Stick10_Perceptual_VA,7.732534361,Stick10,Perceptual,2318,7.147990637,9.286830611,14,2332.562723,6.405727666,10.34,76.5,1.081777349
6042,,7/31/25,14:30,,3,Stick10_Adjusted_VA,8.197168053,Stick10,Adjusted,2318,7.147990637,9.286830611,14,2332.562723,6.405727666,9,62.8,1.14677935
6042,,7/31/25,14:30,,3,BlueBall_Perceptual_VA,1.289891935,BlueBall,Perceptual,1520,0.852070543,1.933092975,22.605,1521.497917,-2.54262031,1.63,72.4,1.513832329
6042,,7/31/25,14:30,,3,BlueBall_Adjusted_VA,0.841811902,BlueBall,Adjusted,1520,0.852070543,1.933092975,22.605,1521.497917,-2.54262031,0.98,66.7,0.987960338
6043,Female,7/31/25,15:10,19,3,Lamp5_Perceptual_VA,2.981846825,Lamp5,Perceptual,1690,1.377744544,13.29553454,40.64,1713.129859,9.425813237,3.8,73,2.164295868
6043,Female,7/31/25,15:10,19,3,Lamp5_Adjusted_VA,1.66759871,Lamp5,Adjusted,1690,1.377744544,13.29553454,40.64,1713.129859,9.425813237,1.63,56,1.210383098
6043,Female,7/31/25,15:10,19,3,Lamp6_Perceptual_VA,1.90188932,Lamp6,Perceptual,2980,0.78136389,7.632925576,40.64,2993.177895,5.378409429,2.44,73.5,2.434063494
6043,Female,7/31/25,15:10,19,3,Lamp6_Adjusted_VA,1.047542907,Lamp6,Adjusted,2980,0.78136389,7.632925576,40.64,2993.177895,5.378409429,0.98,53.6,1.340659481
6043,Female,7/31/25,15:10,19,3,Lamp7_Perceptual_VA,0.732061278,Lamp7,Perceptual,6110,0.381095236,3.739630304,40.64,6116.438009,2.629070427,0.98,76.7,1.920940511
6043,Female,7/31/25,15:10,19,3,Lamp7_Adjusted_VA,0.669817132,Lamp7,Adjusted,6110,0.381095236,3.739630304,40.64,6116.438009,2.629070427,0.65,55.6,1.757610874
6043,Female,7/31/25,15:10,19,3,Stick7_Perceptual_VA,7.054936101,Stick7,Perceptual,6110,2.714805543,3.549852188,14,6115.539621,2.438894746,9,73,2.598689294
6043,Female,7/31/25,15:10,19,3,Stick7_Adjusted_VA,2.906140695,Stick7,Adjusted,6110,2.714805543,3.549852188,14,6115.539621,2.438894746,2.77,54.6,1.0704784
6043,Female,7/31/25,15:10,19,3,Stick8_Perceptual_VA,3.589361172,Stick8,Perceptual,10700,1.550425564,2.028814472,14,10703.16425,1.393244359,4.7,75,2.315081262
6043,Female,7/31/25,15:10,19,3,Stick8_Adjusted_VA,1.680285817,Stick8,Adjusted,10700,1.550425564,2.028814472,14,10703.16425,1.393244359,1.66,56.6,1.083757812
6043,Female,7/31/25,15:10,19,3,Stick9a_Perceptual_VA,2.290024421,Stick9a,Perceptual,15188.5,1.092277937,1.429560885,14,15190.72931,0.981610744,3.05,76.3,2.096558342
6043,Female,7/31/25,15:10,19,3,Stick9a_Adjusted_VA,1.055141073,Stick9a,Adjusted,15188.5,1.092277937,1.429560885,14,15190.72931,0.981610744,1,54.3,0.966000536
6043,Female,7/31/25,15:10,19,3,Stick10_Perceptual_VA,10.03970728,Stick10,Perceptual,2318,7.147990637,9.286830611,14,2332.562723,6.405727666,13,74,1.404549585
6043,Female,7/31/25,15:10,19,3,Stick10_Adjusted_VA,7.270385652,Stick10,Adjusted,2318,7.147990637,9.286830611,14,2332.562723,6.405727666,7.7,60.6,1.017122996
6043,Female,7/31/25,15:10,19,3,BlueBall_Perceptual_VA,1.137975314,BlueBall,Perceptual,1520,0.852070543,1.933092975,22.605,1521.497917,-2.54262031,1.44,72.5,1.335541198
6043,Female,7/31/25,15:10,19,3,BlueBall_Adjusted_VA,1.155346817,BlueBall,Adjusted,1520,0.852070543,1.933092975,22.605,1521.497917,-2.54262031,1.22,60.5,1.355928598
7001,Male,9/26/25,14:00,82,3,Lamp5_Perceptual_VA,0.852758651,Lamp5,Perceptual,1690,1.377744544,13.29553454,40.64,1713.129859,9.425813237,0.96,64.5,0.61895266
7001,Male,9/26/25,14:00,82,3,Lamp5_Adjusted_VA,1.519494654,Lamp5,Adjusted,1690,1.377744544,13.29553454,40.64,1713.129859,9.425813237,1.22,46,1.102885626
7001,Male,9/26/25,14:00,82,3,Lamp6_Perceptual_VA,0.581905259,Lamp6,Perceptual,2980,0.78136389,7.632925576,40.64,2993.177895,5.378409429,0.65,64,0.744730165
7001,Male,9/26/25,14:00,82,3,Lamp6_Adjusted_VA,0.809600805,Lamp6,Adjusted,2980,0.78136389,7.632925576,40.64,2993.177895,5.378409429,0.65,46,1.036137983
7001,Male,9/26/25,14:00,82,3,Lamp7_Perceptual_VA,0.425375803,Lamp7,Perceptual,6110,0.381095236,3.739630304,40.64,6116.438009,2.629070427,0.49,66,1.116192916
7001,Male,9/26/25,14:00,82,3,Lamp7_Adjusted_VA,0.390651529,Lamp7,Adjusted,6110,0.381095236,3.739630304,40.64,6116.438009,2.629070427,0.3,44,1.025075864
7001,Male,9/26/25,14:00,82,3,Stick7_Perceptual_VA,4.600776961,Stick7,Perceptual,6110,2.714805543,3.549852188,14,6115.539621,2.438894746,4.7,58.5,1.694698529
7001,Male,9/26/25,14:00,82,3,Stick7_Adjusted_VA,2.407226069,Stick7,Adjusted,6110,2.714805543,3.549852188,14,6115.539621,2.438894746,2.08,49.5,0.886702945
7001,Male,9/26/25,14:00,82,3,Stick8_Perceptual_VA,2.712472926,Stick8,Perceptual,10700,1.550425564,2.028814472,14,10703.16425,1.393244359,2.77,58.5,1.749502194
7001,Male,9/26/25,14:00,82,3,Stick8_Adjusted_VA,1.259197217,Stick8,Adjusted,10700,1.550425564,2.028814472,14,10703.16425,1.393244359,1,45.5,0.812162316
7001,Male,9/26/25,14:00,82,3,Stick9a_Perceptual_VA,2.399585626,Stick9a,Perceptual,15188.5,1.092277937,1.429560885,14,15190.72931,0.981610744,2.22,53,2.196863585
7001,Male,9/26/25,14:00,82,3,Stick9a_Adjusted_VA,0.968689074,Stick9a,Adjusted,15188.5,1.092277937,1.429560885,14,15190.72931,0.981610744,0.82,48.5,0.886852183
7001,Male,9/26/25,14:00,82,3,Stick10_Perceptual_VA,4.561828682,Stick10,Perceptual,2318,7.147990637,9.286830611,14,2332.562723,6.405727666,4.7,59,0.63819735
7001,Male,9/26/25,14:00,82,3,Stick10_Adjusted_VA,7.634740314,Stick10,Adjusted,2318,7.147990637,9.286830611,14,2332.562723,6.405727666,7.7,57.7,1.068096015
7001,Male,9/26/25,14:00,82,3,BlueBall_Perceptual_VA,0.634654453,BlueBall,Perceptual,1520,0.852070543,1.933092975,22.605,1521.497917,-2.54262031,0.72,65,0.744837922
7001,Male,9/26/25,14:00,82,3,BlueBall_Adjusted_VA,0.75004313,BlueBall,Adjusted,1520,0.852070543,1.933092975,22.605,1521.497917,-2.54262031,0.72,55,0.880259429
1034,Female,9/26/25,,20,3,Lamp5_Perceptual_VA,2.455157664,Lamp5,Perceptual,1690,1.377744544,13.29553454,40.64,1713.129859,9.425813237,2.7,63,1.782012257
1034,Female,9/26/25,,20,3,Lamp5_Adjusted_VA,1.270872456,Lamp5,Adjusted,1690,1.377744544,13.29553454,40.64,1713.129859,9.425813237,1.22,55,0.922429678
1034,Female,9/26/25,,20,3,Lamp6_Perceptual_VA,1.955142418,Lamp6,Perceptual,2980,0.78136389,7.632925576,40.64,2993.177895,5.378409429,2.15,63,2.502217524
1034,Female,9/26/25,,20,3,Lamp6_Adjusted_VA,0.827591315,Lamp6,Adjusted,2980,0.78136389,7.632925576,40.64,2993.177895,5.378409429,0.65,45,1.05916248
1034,Female,9/26/25,,20,3,Lamp7_Perceptual_VA,1.178614473,Lamp7,Perceptual,6110,0.381095236,3.739630304,40.64,6116.438009,2.629070427,1.44,70,3.09270324
1034,Female,9/26/25,,20,3,Lamp7_Adjusted_VA,0.429716332,Lamp7,Adjusted,6110,0.381095236,3.739630304,40.64,6116.438009,2.629070427,0.39,52,1.127582533
1034,Female,9/26/25,,20,3,Stick7_Perceptual_VA,7.049931911,Stick7,Perceptual,6110,2.714805543,3.549852188,14,6115.539621,2.438894746,7.7,62.5,2.596845999
1034,Female,9/26/25,,20,3,Stick7_Adjusted_VA,2.543514817,Stick7,Adjusted,6110,2.714805543,3.549852188,14,6115.539621,2.438894746,2.22,50,0.936904974
1034,Female,9/26/25,,20,3,Stick8_Perceptual_VA,5.632624672,Stick8,Perceptual,10700,1.550425564,2.028814472,14,10703.16425,1.393244359,6.1,62,3.632953946
1034,Female,9/26/25,,20,3,Stick8_Adjusted_VA,1.49924326,Stick8,Adjusted,10700,1.550425564,2.028814472,14,10703.16425,1.393244359,1.4,53.5,0.966988222
1034,Female,9/26/25,,20,3,BlueBall_Perceptual_VA,1.240642087,BlueBall,Perceptual,1520,0.852070543,1.933092975,22.605,1521.497917,-2.54262031,1.44,66.5,1.456032129
1034,Female,9/26/25,,20,3,BlueBall_Adjusted_VA,1.01856481,BlueBall,Adjusted,1520,0.852070543,1.933092975,22.605,1521.497917,-2.54262031,0.96,54,1.195399627
5051,Female,5/23/25,,,3,Lamp5_Perceptual_VA,1.544048124,Lamp5,Perceptual,1690,1.377744544,13.29553454,40.64,1713.129859,9.425813237,1.9,70.5,1.120707123
5051,Female,5/23/25,,,3,Lamp5_Adjusted_VA,1.384107953,Lamp5,Adjusted,1690,1.377744544,13.29553454,40.64,1713.129859,9.425813237,1.22,50.5,1.004618714
5051,Female,5/23/25,,,3,Lamp6_Perceptual_VA,1.020423407,Lamp6,Perceptual,2980,0.78136389,7.632925576,40.64,2993.177895,5.378409429,1.22,68.5,1.30595158
5051,Female,5/23/25,,,3,Lamp6_Adjusted_VA,0.851235923,Lamp6,Adjusted,2980,0.78136389,7.632925576,40.64,2993.177895,5.378409429,0.65,43.75,1.089423167
5051,Female,5/23/25,,,3,Lamp7_Perceptual_VA,0.827112679,Lamp7,Perceptual,6110,0.381095236,3.739630304,40.64,6116.438009,2.629070427,0.96,66.5,2.170356907
5051,Female,5/23/25,,,3,Lamp7_Adjusted_VA,0.371646996,Lamp7,Adjusted,6110,0.381095236,3.739630304,40.64,6116.438009,2.629070427,0.3,46.25,0.975207667
5051,Female,5/23/25,,,3,Stick7_Perceptual_VA,14.2500327,Stick7,Perceptual,6110,2.714805543,3.549852188,14,6115.539621,2.438894746,15,60,5.249006779
5051,Female,5/23/25,,,3,Stick7_Adjusted_VA,3.430527425,Stick7,Adjusted,6110,2.714805543,3.549852188,14,6115.539621,2.438894746,2.77,46.25,1.263636518
5051,Female,5/23/25,,,3,Stick8_Perceptual_VA,8.76012091,Stick8,Perceptual,10700,1.550425564,2.028814472,14,10703.16425,1.393244359,9,58.75,5.65013962
5051,Female,5/23/25,,,3,Stick8_Adjusted_VA,1.878381891,Stick8,Adjusted,10700,1.550425564,2.028814472,14,10703.16425,1.393244359,1,30.5,1.211526651
7002,Female,5/30/25,15:20,17,3,Lamp5_Perceptual_VA,3.70780195,Lamp5,Perceptual,1690,1.377744544,13.29553454,40.64,1713.129859,9.425813237,3.8,58.7,2.691211492
7002,Female,5/30/25,15:20,17,3,Lamp5_Adjusted_VA,1.83253705,Lamp5,Adjusted,1690,1.377744544,13.29553454,40.64,1713.129859,9.425813237,1.9,59.4,1.330099297
7002,Female,5/30/25,15:20,17,3,Lamp6_Perceptual_VA,2.603905345,Lamp6,Perceptual,2980,0.78136389,7.632925576,40.64,2993.177895,5.378409429,2.7,59.4,3.332513031
7002,Female,5/30/25,15:20,17,3,Lamp6_Adjusted_VA,1.284888263,Lamp6,Adjusted,2980,0.78136389,7.632925576,40.64,2993.177895,5.378409429,1.22,54.4,1.644417256
7002,Female,5/30/25,15:20,17,3,Lamp7_Perceptual_VA,2.369182741,Lamp7,Perceptual,6110,0.381095236,3.739630304,40.64,6116.438009,2.629070427,2.44,59,6.216773432
7002,Female,5/30/25,15:20,17,3,Lamp7_Adjusted_VA,0.846399532,Lamp7,Adjusted,6110,0.381095236,3.739630304,40.64,6116.438009,2.629070427,0.78,52.8,2.220965919
7002,Female,5/30/25,15:20,17,3,Stick7_Perceptual_VA,10.93774254,Stick7,Perceptual,6110,2.714805543,3.549852188,14,6115.539621,2.438894746,10.34,54,4.028923017
7002,Female,5/30/25,15:20,17,3,Stick7_Adjusted_VA,5.411315539,Stick7,Adjusted,6110,2.714805543,3.549852188,14,6115.539621,2.438894746,5.17,54.7,1.993260826
7002,Female,5/30/25,15:20,17,3,Stick8_Perceptual_VA,8.309508485,Stick8,Perceptual,10700,1.550425564,2.028814472,14,10703.16425,1.393244359,7.7,53,5.359501724
7002,Female,5/30/25,15:20,17,3,Stick8_Adjusted_VA,2.239092291,Stick8,Adjusted,10700,1.550425564,2.028814472,14,10703.16425,1.393244359,2.22,56.8,1.444179161
7002,Female,5/30/25,15:20,17,3,Stick9a_Perceptual_VA,6.61205091,Stick9a,Perceptual,15188.5,1.092277937,1.429560885,14,15190.72931,0.981610744,6.1,52.8,6.053450943
7002,Female,5/30/25,15:20,17,3,Stick9a_Adjusted_VA,1.490884113,Stick9a,Adjusted,15188.5,1.092277937,1.429560885,14,15190.72931,0.981610744,1.4,53.8,1.364931088
7002,Female,5/30/25,15:20,17,3,Stick10_Perceptual_VA,13.31223287,Stick10,Perceptual,2318,7.147990637,9.286830611,14,2332.562723,6.405727666,13,55.7,1.862374134
7002,Female,5/30/25,15:20,17,3,Stick10_Adjusted_VA,8.824875959,Stick10,Adjusted,2318,7.147990637,9.286830611,14,2332.562723,6.405727666,10.34,67,1.234595344
7002,Female,5/30/25,15:20,17,3,BlueBall_Perceptual_VA,3.150473851,BlueBall,Perceptual,1520,0.852070543,1.933092975,22.605,1521.497917,-2.54262031,3.3,60,3.697433125
7002,Female,5/30/25,15:20,17,3,BlueBall_Adjusted_VA,1.113035872,BlueBall,Adjusted,1520,0.852070543,1.933092975,22.605,1521.497917,-2.54262031,1.22,62.8,1.306271976
7003,Male,10/6/25,15:00,18,3,Lamp5_Perceptual_VA,1.964495338,Lamp5,Perceptual,1690,1.377744544,13.29553454,40.64,1713.129859,9.425813237,2.15,62.7,1.425877784
7003,Male,10/6/25,15:00,18,3,Lamp5_Adjusted_VA,1.406385137,Lamp5,Adjusted,1690,1.377744544,13.29553454,40.64,1713.129859,9.425813237,1.22,49.7,1.020788029
7003,Male,10/6/25,15:00,18,3,Lamp6_Perceptual_VA,1.070426001,Lamp6,Perceptual,2980,0.78136389,7.632925576,40.64,2993.177895,5.378409429,1.22,65.3,1.369945572
7003,Male,10/6/25,15:00,18,3,Lamp6_Adjusted_VA,0.785758375,Lamp6,Adjusted,2980,0.78136389,7.632925576,40.64,2993.177895,5.378409429,0.72,52.5,1.005624121
7003,Male,10/6/25,15:00,18,3,Lamp7_Perceptual_VA,0.69287075,Lamp7,Perceptual,6110,0.381095236,3.739630304,40.64,6116.438009,2.629070427,0.78,64.5,1.818103938
7003,Male,10/6/25,15:00,18,3,Lamp7_Adjusted_VA,0.433888296,Lamp7,Adjusted,6110,0.381095236,3.739630304,40.64,6116.438009,2.629070427,0.39,51.5,1.138529832
7003,Male,10/6/25,15:00,18,3,Stick7_Perceptual_VA,4.684401227,Stick7,Perceptual,6110,2.714805543,3.549852188,14,6115.539621,2.438894746,5.17,63.2,1.72550157
7003,Male,10/6/25,15:00,18,3,Stick7_Adjusted_VA,2.885914569,Stick7,Adjusted,6110,2.714805543,3.549852188,14,6115.539621,2.438894746,3.32,65.9,1.063028096
7003,Male,10/6/25,15:00,18,3,Stick8_Perceptual_VA,2.994939745,Stick8,Perceptual,10700,1.550425564,2.028814472,14,10703.16425,1.393244359,3.32,63.5,1.93168883
7003,Male,10/6/25,15:00,18,3,Stick8_Adjusted_VA,1.666668781,Stick8,Adjusted,10700,1.550425564,2.028814472,14,10703.16425,1.393244359,2.08,71.5,1.074975038
7003,Male,10/6/25,15:00,18,3,Stick9a_Perceptual_VA,2.08496056,Stick9a,Perceptual,15188.5,1.092277937,1.429560885,14,15190.72931,0.981610744,2.22,61,1.908818707
7003,Male,10/6/25,15:00,18,3,Stick9a_Adjusted_VA,1.181314429,Stick9a,Adjusted,15188.5,1.092277937,1.429560885,14,15190.72931,0.981610744,1.4,67.9,1.081514502
7003,Male,10/6/25,15:00,18,3,Stick10_Perceptual_VA,9.353198352,Stick10,Perceptual,2318,7.147990637,9.286830611,14,2332.562723,6.405727666,10.34,63.2,1.308507359
7003,Male,10/6/25,15:00,18,3,Stick10_Adjusted_VA,7.572224071,Stick10,Adjusted,2318,7.147990637,9.286830611,14,2332.562723,6.405727666,9,68,1.059350027
7003,Male,10/6/25,15:00,18,3,BlueBall_Perceptual_VA,1.423587134,BlueBall,Perceptual,1520,0.852070543,1.933092975,22.605,1521.497917,-2.54262031,1.63,65.6,1.670738586
7003,Male,10/6/25,15:00,18,3,BlueBall_Adjusted_VA,0.863827697,BlueBall,Adjusted,1520,0.852070543,1.933092975,22.605,1521.497917,-2.54262031,0.98,65,1.013798334
7004,Female,10/8/25,14:19,18,3,Lamp5_Perceptual_VA,1.5590377,Lamp5,Perceptual,1690,1.377744544,13.29553454,40.64,1713.129859,9.425813237,1.63,59.9,1.131586916
7004,Female,10/8/25,14:19,18,3,Lamp5_Adjusted_VA,1.563680365,Lamp5,Adjusted,1690,1.377744544,13.29553454,40.64,1713.129859,9.425813237,1.22,44.7,1.134956674
7004,Female,10/8/25,14:19,18,3,Lamp6_Perceptual_VA,1.159178552,Lamp6,Perceptual,2980,0.78136389,7.632925576,40.64,2993.177895,5.378409429,1.22,60.3,1.483532279
7004,Female,10/8/25,14:19,18,3,Lamp6_Adjusted_VA,0.904651408,Lamp6,Adjusted,2980,0.78136389,7.632925576,40.64,2993.177895,5.378409429,0.72,45.6,1.157785022
7004,Female,10/8/25,14:19,18,3,Lamp7_Perceptual_VA,0.753626707,Lamp7,Perceptual,6110,0.381095236,3.739630304,40.64,6116.438009,2.629070427,0.78,59.3,1.97752854
7004,Female,10/8/25,14:19,18,3,Lamp7_Adjusted_VA,0.545004525,Lamp7,Adjusted,6110,0.381095236,3.739630304,40.64,6116.438009,2.629070427,0.39,41,1.430100596
7004,Female,10/8/25,14:19,18,3,Stick7_Perceptual_VA,10.70560272,Stick7,Perceptual,6110,2.714805543,3.549852188,14,6115.539621,2.438894746,11,58.7,3.943414196
7004,Female,10/8/25,14:19,18,3,Stick7_Adjusted_VA,2.600711467,Stick7,Adjusted,6110,2.714805543,3.549852188,14,6115.539621,2.438894746,2.22,48.9,0.957973389
7004,Female,10/8/25,14:19,18,3,Stick8_Perceptual_VA,7.233823768,Stick8,Perceptual,10700,1.550425564,2.028814472,14,10703.16425,1.393244359,6.89,54.5,4.665702072
7004,Female,10/8/25,14:19,18,3,Stick8_Adjusted_VA,1.513385427,Stick8,Adjusted,10700,1.550425564,2.028814472,14,10703.16425,1.393244359,1.4,53,0.976109697
7004,Female,10/8/25,14:19,18,3,Stick9a_Perceptual_VA,5.323849326,Stick9a,Perceptual,15188.5,1.092277937,1.429560885,14,15190.72931,0.981610744,5.17,55.6,4.874079338
7004,Female,10/8/25,14:19,18,3,Stick9a_Adjusted_VA,1.061002633,Stick9a,Adjusted,15188.5,1.092277937,1.429560885,14,15190.72931,0.981610744,1,54,0.971366899
7004,Female,10/8/25,14:19,18,3,Stick10_Perceptual_VA,14.03629257,Stick10,Perceptual,2318,7.147990637,9.286830611,14,2332.562723,6.405727666,13,52.8,1.963669692
7004,Female,10/8/25,14:19,18,3,Stick10_Adjusted_VA,7.083848444,Stick10,Adjusted,2318,7.147990637,9.286830611,14,2332.562723,6.405727666,7.7,62.2,0.991026542
7004,Female,10/8/25,14:19,18,3,BlueBall_Perceptual_VA,1.196888854,BlueBall,Perceptual,1520,0.852070543,1.933092975,22.605,1521.497917,-2.54262031,1.22,58.4,1.40468282
7004,Female,10/8/25,14:19,18,3,BlueBall_Adjusted_VA,0.963268875,BlueBall,Adjusted,1520,0.852070543,1.933092975,22.605,1521.497917,-2.54262031,0.96,57.1,1.130503668
7007,Female,11/6/25,,21,3,Lamp5_Perceptual_VA,2.354289772,Lamp5,Perceptual,1690,1.377744544,13.29553454,40.64,1713.129859,9.425813237,2.7,65.7,1.708799924
7007,Female,11/6/25,,21,3,Lamp5_Adjusted_VA,1.592675864,Lamp5,Adjusted,1690,1.377744544,13.29553454,40.64,1713.129859,9.425813237,1.44,51.8,1.156002301
7007,Female,11/6/25,,21,3,Lamp6_Perceptual_VA,1.863465463,Lamp6,Perceptual,2980,0.78136389,7.632925576,40.64,2993.177895,5.378409429,2.15,66.1,2.384888125
7007,Female,11/6/25,,21,3,Lamp6_Adjusted_VA,0.90863649,Lamp6,Adjusted,2980,0.78136389,7.632925576,40.64,2993.177895,5.378409429,0.72,45.4,1.162885183
7007,Female,11/6/25,,21,3,Lamp7_Perceptual_VA,1.339854585,Lamp7,Perceptual,6110,0.381095236,3.739630304,40.64,6116.438009,2.629070427,1.63,69.7,3.515799876
7007,Female,11/6/25,,21,3,Lamp7_Adjusted_VA,0.595870736,Lamp7,Adjusted,6110,0.381095236,3.739630304,40.64,6116.438009,2.629070427,0.52,50,1.563574349
7007,Female,11/6/25,,21,3,Stick7_Perceptual_VA,4.597208762,Stick7,Perceptual,6110,2.714805543,3.549852188,14,6115.539621,2.438894746,5.17,64.4,1.693384181
7007,Female,11/6/25,,21,3,Stick7_Adjusted_VA,2.705808295,Stick7,Adjusted,6110,2.714805543,3.549852188,14,6115.539621,2.438894746,2.22,47,0.996685859
7007,Female,11/6/25,,21,3,Stick8_Perceptual_VA,3.747760001,Stick8,Perceptual,10700,1.550425564,2.028814472,14,10703.16425,1.393244359,4.07,62.2,2.417246005
7007,Female,11/6/25,,21,3,Stick8_Adjusted_VA,1.323169355,Stick8,Adjusted,10700,1.550425564,2.028814472,14,10703.16425,1.393244359,1,43.3,0.853423335
7007,Female,11/6/25,,21,3,Stick9a_Perceptual_VA,3.196179111,Stick9a,Perceptual,15188.5,1.092277937,1.429560885,14,15190.72931,0.981610744,3.32,59.5,2.926159177
7007,Female,11/6/25,,21,3,Stick9a_Adjusted_VA,1.053390489,Stick9a,Adjusted,15188.5,1.092277937,1.429560885,14,15190.72931,0.981610744,0.82,44.6,0.964397845
7007,Female,11/6/25,,21,3,Stick10_Perceptual_VA,12.46896019,Stick10,Perceptual,2318,7.147990637,9.286830611,14,2332.562723,6.405727666,13,59.5,1.744400745
7007,Female,11/6/25,,21,3,Stick10_Adjusted_VA,7.728806557,Stick10,Adjusted,2318,7.147990637,9.286830611,14,2332.562723,6.405727666,6.89,51,1.081255831
7007,Female,11/6/25,,21,3,BlueBall_Perceptual_VA,2.163855805,BlueBall,Perceptual,1520,0.852070543,1.933092975,22.605,1521.497917,-2.54262031,2.44,64.6,2.539526594
7007,Female,11/6/25,,21,3,BlueBall_Adjusted_VA,1.019026929,BlueBall,Adjusted,1520,0.852070543,1.933092975,22.605,1521.497917,-2.54262031,0.98,55.1,1.195941976
7008,Male,11/6/25,14:15,21,3,Lamp5_Perceptual_VA,1.916780378,Lamp5,Perceptual,1690,1.377744544,13.29553454,40.64,1713.129859,9.425813237,2.7,80.7,1.391245123
7008,Male,11/6/25,14:15,21,3,Lamp5_Adjusted_VA,1.470661307,Lamp5,Adjusted,1690,1.377744544,13.29553454,40.64,1713.129859,9.425813237,1.63,63.5,1.067441213
7008,Male,11/6/25,14:15,21,3,Lamp6_Perceptual_VA,1.291309289,Lamp6,Perceptual,2980,0.78136389,7.632925576,40.64,2993.177895,5.378409429,1.9,84.3,1.65263497
7008,Male,11/6/25,14:15,21,3,Lamp6_Adjusted_VA,0.854491007,Lamp6,Adjusted,2980,0.78136389,7.632925576,40.64,2993.177895,5.378409429,0.78,52.3,1.093589067
7008,Male,11/6/25,14:15,21,3,Lamp7_Perceptual_VA,0.959348778,Lamp7,Perceptual,6110,0.381095236,3.739630304,40.64,6116.438009,2.629070427,1.44,86,2.517346548
7008,Male,11/6/25,14:15,21,3,Lamp7_Adjusted_VA,0.525460256,Lamp7,Adjusted,6110,0.381095236,3.739630304,40.64,6116.438009,2.629070427,0.52,56.7,1.378816122
7008,Male,11/6/25,14:15,21,3,Stick7_Perceptual_VA,5.680619218,Stick7,Perceptual,6110,2.714805543,3.549852188,14,6115.539621,2.438894746,7.7,77.6,2.092458973
7008,Male,11/6/25,14:15,21,3,Stick7_Adjusted_VA,2.848772211,Stick7,Adjusted,6110,2.714805543,3.549852188,14,6115.539621,2.438894746,2.77,55.7,1.04934669
7008,Male,11/6/25,14:15,21,3,Stick8_Perceptual_VA,3.68763286,Stick8,Perceptual,10700,1.550425564,2.028814472,14,10703.16425,1.393244359,4.7,73,2.378464948
7008,Male,11/6/25,14:15,21,3,Stick8_Adjusted_VA,1.482617659,Stick8,Adjusted,10700,1.550425564,2.028814472,14,10703.16425,1.393244359,1.4,54.1,0.956264972
7008,Male,11/6/25,14:15,21,3,Stick9a_Perceptual_VA,3.087912259,Stick9a,Perceptual,15188.5,1.092277937,1.429560885,14,15190.72931,0.981610744,4.07,75.5,2.827038937
7008,Male,11/6/25,14:15,21,3,Stick9a_Adjusted_VA,1.427223195,Stick9a,Adjusted,15188.5,1.092277937,1.429560885,14,15190.72931,0.981610744,1.4,56.2,1.306648378
7008,Male,11/6/25,14:15,21,3,Stick10_Perceptual_VA,11.18415171,Stick10,Perceptual,2318,7.147990637,9.286830611,14,2332.562723,6.405727666,15,76.6,1.564656738
7008,Male,11/6/25,14:15,21,3,Stick10_Adjusted_VA,5.618966896,Stick10,Adjusted,2318,7.147990637,9.286830611,14,2332.562723,6.405727666,6.89,70.2,0.786090411
7008,Male,11/6/25,14:15,21,3,BlueBall_Perceptual_VA,1.268735813,BlueBall,Perceptual,1520,0.852070543,1.933092975,22.605,1521.497917,-2.54262031,1.9,85.8,1.489003256
7008,Male,11/6/25,14:15,21,3,BlueBall_Adjusted_VA,1.01597412,BlueBall,Adjusted,1520,0.852070543,1.933092975,22.605,1521.497917,-2.54262031,1.22,68.8,1.192359163
7011,Female,11/25/25,09:00,22,3,Lamp5_Perceptual_VA,2.291525676,Lamp5,Perceptual,1690,1.377744544,13.29553454,40.64,1713.129859,9.425813237,2.7,67.5,1.663244239
7011,Female,11/25/25,09:00,22,3,Lamp5_Adjusted_VA,2.170948719,Lamp5,Adjusted,1690,1.377744544,13.29553454,40.64,1713.129859,9.425813237,0.72,19,1.575726595
7011,Female,11/25/25,09:00,22,3,Lamp6_Perceptual_VA,2.040685006,Lamp6,Perceptual,2980,0.78136389,7.632925576,40.64,2993.177895,5.378409429,2.44,68.5,2.611696078
7011,Female,11/25/25,09:00,22,3,Lamp6_Adjusted_VA,1.702377912,Lamp6,Adjusted,2980,0.78136389,7.632925576,40.64,2993.177895,5.378409429,0.52,17.5,2.178726115
7011,Female,11/25/25,09:00,22,3,Lamp7_Perceptual_VA,1.45141546,Lamp7,Perceptual,6110,0.381095236,3.739630304,40.64,6116.438009,2.629070427,1.9,75,3.808537398
7011,Female,11/25/25,09:00,22,3,Lamp7_Adjusted_VA,1.006521592,Lamp7,Adjusted,6110,0.381095236,3.739630304,40.64,6116.438009,2.629070427,0.39,22.2,2.641128768
7011,Female,11/25/25,09:00,22,3,Stick7_Perceptual_VA,1.611944415,Stick7,Perceptual,6110,2.714805543,3.549852188,14,6115.539621,2.438894746,1.66,59,0.593760544
7011,Female,11/25/25,09:00,22,3,Stick7_Adjusted_VA,4.028466484,Stick7,Adjusted,6110,2.714805543,3.549852188,14,6115.539621,2.438894746,1.66,23.6,1.483887675
7011,Female,11/25/25,09:00,22,3,Stick8_Perceptual_VA,1.304237847,Stick8,Perceptual,10700,1.550425564,2.028814472,14,10703.16425,1.393244359,1.4,61.5,0.841212811
7011,Female,11/25/25,09:00,22,3,Stick8_Adjusted_VA,2.407031619,Stick8,Adjusted,10700,1.550425564,2.028814472,14,10703.16425,1.393244359,1,23.8,1.552497375
7011,Female,11/25/25,09:00,22,3,Stick9a_Perceptual_VA,0.711847498,Stick9a,Perceptual,15188.5,1.092277937,1.429560885,14,15190.72931,0.981610744,0.82,66,0.651709124
7011,Female,11/25/25,09:00,22,3,Stick9a_Adjusted_VA,2.148339997,Stick9a,Adjusted,15188.5,1.092277937,1.429560885,14,15190.72931,0.981610744,0.6,16,1.966843715
7011,Female,11/25/25,09:00,22,3,Stick10_Perceptual_VA,5.800758618,Stick10,Perceptual,2318,7.147990637,9.286830611,14,2332.562723,6.405727666,6.1,60.2,0.811522974
7011,Female,11/25/25,09:00,22,3,Stick10_Adjusted_VA,8.912594605,Stick10,Adjusted,2318,7.147990637,9.286830611,14,2332.562723,6.405727666,3.32,21.3,1.246867135
7011,Female,11/25/25,09:00,22,3,BlueBall_Perceptual_VA,1.838438161,BlueBall,Perceptual,1520,0.852070543,1.933092975,22.605,1521.497917,-2.54262031,2.15,67,2.157612625
7011,Female,11/25/25,09:00,22,3,BlueBall_Adjusted_VA,1.58605306,BlueBall,Adjusted,1520,0.852070543,1.933092975,22.605,1521.497917,-2.54262031,0.49,17.7,1.861410504
7012,Female,11/25/25,10:00,18,3,Lamp5_Perceptual_VA,1.596113503,Lamp5,Perceptual,1690,1.377744544,13.29553454,40.64,1713.129859,9.425813237,1.9,68.2,1.158497422
7012,Female,11/25/25,10:00,18,3,Lamp5_Adjusted_VA,1.611337588,Lamp5,Adjusted,1690,1.377744544,13.29553454,40.64,1713.129859,9.425813237,1.44,51.2,1.169547428
7012,Female,11/25/25,10:00,18,3,Lamp6_Perceptual_VA,1.412819795,Lamp6,Perceptual,2980,0.78136389,7.632925576,40.64,2993.177895,5.378409429,1.63,66.1,1.808145747
7012,Female,11/25/25,10:00,18,3,Lamp6_Adjusted_VA,0.775868491,Lamp6,Adjusted,2980,0.78136389,7.632925576,40.64,2993.177895,5.378409429,0.78,57.6,0.992966915
7012,Female,11/25/25,10:00,18,3,Lamp7_Perceptual_VA,1.005741815,Lamp7,Perceptual,6110,0.381095236,3.739630304,40.64,6116.438009,2.629070427,1.22,69.5,2.63908262
7012,Female,11/25/25,10:00,18,3,Lamp7_Adjusted_VA,0.417668319,Lamp7,Adjusted,6110,0.381095236,3.739630304,40.64,6116.438009,2.629070427,0.39,53.5,1.095968353
7012,Female,11/25/25,10:00,18,3,Stick7_Perceptual_VA,6.42271094,Stick7,Perceptual,6110,2.714805543,3.549852188,14,6115.539621,2.438894746,6.89,61.4,2.365808835
7012,Female,11/25/25,10:00,18,3,Stick7_Adjusted_VA,2.271071007,Stick7,Adjusted,6110,2.714805543,3.549852188,14,6115.539621,2.438894746,2.22,56,0.836550158
7012,Female,11/25/25,10:00,18,3,Stick8_Perceptual_VA,3.821432305,Stick8,Perceptual,10700,1.550425564,2.028814472,14,10703.16425,1.393244359,4.07,61,2.464763477
7012,Female,11/25/25,10:00,18,3,Stick8_Adjusted_VA,1.745020952,Stick8,Adjusted,10700,1.550425564,2.028814472,14,10703.16425,1.393244359,1.66,54.5,1.125510951
7012,Female,11/25/25,10:00,18,3,Stick9a_Perceptual_VA,1.824887389,Stick9a,Perceptual,15188.5,1.092277937,1.429560885,14,15190.72931,0.981610744,2.08,65.3,1.670717065
7012,Female,11/25/25,10:00,18,3,Stick9a_Adjusted_VA,1.062970986,Stick9a,Adjusted,15188.5,1.092277937,1.429560885,14,15190.72931,0.981610744,1,53.9,0.973168961
7012,Female,11/25/25,10:00,18,3,Stick10_Perceptual_VA,12.04706166,Stick10,Perceptual,2318,7.147990637,9.286830611,14,2332.562723,6.405727666,13,61.6,1.68537737
7012,Female,11/25/25,10:00,18,3,Stick10_Adjusted_VA,7.271562744,Stick10,Adjusted,2318,7.147990637,9.286830611,14,2332.562723,6.405727666,6.1,48,1.017287671
7012,Female,11/25/25,10:00,18,3,BlueBall_Perceptual_VA,1.195694611,BlueBall,Perceptual,1520,0.852070543,1.933092975,22.605,1521.497917,-2.54262031,1.44,69,1.403281243
7012,Female,11/25/25,10:00,18,3,BlueBall_Adjusted_VA,0.859420579,BlueBall,Adjusted,1520,0.852070543,1.933092975,22.605,1521.497917,-2.54262031,0.78,52,1.008626088
7013,Male,11/25/25,11:00,19,3,Lamp5_Perceptual_VA,2.462974234,Lamp5,Perceptual,1690,1.377744544,13.29553454,40.64,1713.129859,9.425813237,2.7,62.8,1.78768571
7013,Male,11/25/25,11:00,19,3,Lamp5_Adjusted_VA,1.532821971,Lamp5,Adjusted,1690,1.377744544,13.29553454,40.64,1713.129859,9.425813237,1.22,45.6,1.112558912
7013,Male,11/25/25,11:00,19,3,Lamp6_Perceptual_VA,2.002819223,Lamp6,Perceptual,2980,0.78136389,7.632925576,40.64,2993.177895,5.378409429,2.15,61.5,2.56323494
7013,Male,11/25/25,11:00,19,3,Lamp6_Adjusted_VA,0.861076433,Lamp6,Adjusted,2980,0.78136389,7.632925576,40.64,2993.177895,5.378409429,0.78,51.9,1.102017183
7013,Male,11/25/25,11:00,19,3,Lamp7_Perceptual_VA,1.238779406,Lamp7,Perceptual,6110,0.381095236,3.739630304,40.64,6116.438009,2.629070427,1.44,66.6,3.250576989
7013,Male,11/25/25,11:00,19,3,Lamp7_Adjusted_VA,0.428891548,Lamp7,Adjusted,6110,0.381095236,3.739630304,40.64,6116.438009,2.629070427,0.39,52.1,1.125418287
7013,Male,11/25/25,11:00,19,3,Stick7_Perceptual_VA,10.18752951,Stick7,Perceptual,6110,2.714805543,3.549852188,14,6115.539621,2.438894746,10.34,58,3.752581666
7013,Male,11/25/25,11:00,19,3,Stick7_Adjusted_VA,2.758152923,Stick7,Adjusted,6110,2.714805543,3.549852188,14,6115.539621,2.438894746,2.08,43.2,1.01596703
7013,Male,11/25/25,11:00,19,3,Stick8_Perceptual_VA,6.810070161,Stick8,Perceptual,10700,1.550425564,2.028814472,14,10703.16425,1.393244359,6.89,57.9,4.392387688
7013,Male,11/25/25,11:00,19,3,Stick8_Adjusted_VA,1.688595479,Stick8,Adjusted,10700,1.550425564,2.028814472,14,10703.16425,1.393244359,1.4,47.5,1.089117413
7013,Male,11/25/25,11:00,19,3,Stick9a_Perceptual_VA,4.485876513,Stick9a,Perceptual,15188.5,1.092277937,1.429560885,14,15190.72931,0.981610744,4.7,60,4.10690023
7013,Male,11/25/25,11:00,19,3,Stick9a_Adjusted_VA,1.164508276,Stick9a,Adjusted,15188.5,1.092277937,1.429560885,14,15190.72931,0.981610744,1,49.2,1.066128167
7013,Male,11/25/25,11:00,19,3,Stick10_Perceptual_VA,13.47202243,Stick10,Perceptual,2318,7.147990637,9.286830611,14,2332.562723,6.405727666,15,63.5,1.884728606
7013,Male,11/25/25,11:00,19,3,Stick10_Adjusted_VA,7.103821328,Stick10,Adjusted,2318,7.147990637,9.286830611,14,2332.562723,6.405727666,6.89,55.5,0.993820738
7013,Male,11/25/25,11:00,19,3,BlueBall_Perceptual_VA,1.666987776,BlueBall,Perceptual,1520,0.852070543,1.933092975,22.605,1521.497917,-2.54262031,1.9,65.3,1.956396438
7013,Male,11/25/25,11:00,19,3,BlueBall_Adjusted_VA,0.896785197,BlueBall,Adjusted,1520,0.852070543,1.933092975,22.605,1521.497917,-2.54262031,0.72,46,1.052477643
7014,Female,11/25/25,14:00,25,3,Lamp5_Perceptual_VA,4.179669765,Lamp5,Perceptual,1690,1.377744544,13.29553454,40.64,1713.129859,9.425813237,4.7,64.4,3.033704458
7014,Female,11/25/25,14:00,25,3,Lamp5_Adjusted_VA,1.610512639,Lamp5,Adjusted,1690,1.377744544,13.29553454,40.64,1713.129859,9.425813237,1.22,43.4,1.16894866
7014,Female,11/25/25,14:00,25,3,Lamp6_Perceptual_VA,3.348645898,Lamp6,Perceptual,2980,0.78136389,7.632925576,40.64,2993.177895,5.378409429,3.8,65,4.285641993
7014,Female,11/25/25,14:00,25,3,Lamp6_Adjusted_VA,1.527796922,Lamp6,Adjusted,2980,0.78136389,7.632925576,40.64,2993.177895,5.378409429,0.72,27,1.955295019
7014,Female,11/25/25,14:00,25,3,Lamp7_Perceptual_VA,0.624093092,Lamp7,Perceptual,6110,0.381095236,3.739630304,40.64,6116.438009,2.629070427,0.72,66.1,1.637630262
7014,Female,11/25/25,14:00,25,3,Lamp7_Adjusted_VA,0.935810261,Lamp7,Adjusted,6110,0.381095236,3.739630304,40.64,6116.438009,2.629070427,0.49,30,2.455581103
7014,Female,11/25/25,14:00,25,3,Stick7_Perceptual_VA,9.412506103,Stick7,Perceptual,6110,2.714805543,3.549852188,14,6115.539621,2.438894746,10.34,62.8,3.467101401
7014,Female,11/25/25,14:00,25,3,Stick7_Adjusted_VA,3.656873272,Stick7,Adjusted,6110,2.714805543,3.549852188,14,6115.539621,2.438894746,1.66,26,1.347011126
7014,Female,11/25/25,14:00,25,3,Stick8_Perceptual_VA,1.516833158,Stick8,Perceptual,10700,1.550425564,2.028814472,14,10703.16425,1.393244359,1.66,62.7,0.978333428
7014,Female,11/25/25,14:00,25,3,Stick8_Adjusted_VA,1.968733406,Stick8,Adjusted,10700,1.550425564,2.028814472,14,10703.16425,1.393244359,1,29.1,1.269801951
7014,Female,11/25/25,14:00,25,3,Stick9a_Perceptual_VA,4.103278339,Stick9a,Perceptual,15188.5,1.092277937,1.429560885,14,15190.72931,0.981610744,4.7,65.6,3.756624754
7014,Female,11/25/25,14:00,25,3,Stick9a_Adjusted_VA,1.55561765,Stick9a,Adjusted,15188.5,1.092277937,1.429560885,14,15190.72931,0.981610744,0.82,30.2,1.424195799
7014,Female,11/25/25,14:00,25,3,Stick10_Perceptual_VA,9.385725011,Stick10,Perceptual,2318,7.147990637,9.286830611,14,2332.562723,6.405727666,11,67,1.313057821
7014,Female,11/25/25,14:00,25,3,Stick10_Adjusted_VA,8.102066082,Stick10,Adjusted,2318,7.147990637,9.286830611,14,2332.562723,6.405727666,5.17,36.5,1.133474636
7014,Female,11/25/25,14:00,25,3,BlueBall_Perceptual_VA,1.414960213,BlueBall,Perceptual,1520,0.852070543,1.933092975,22.605,1521.497917,-2.54262031,1.63,66,1.66061393
7014,Female,11/25/25,14:00,25,3,BlueBall_Adjusted_VA,1.117232299,BlueBall,Adjusted,1520,0.852070543,1.933092975,22.605,1521.497917,-2.54262031,0.78,40,1.311196952
1032,Male,11/26/25,09:00,,3,Lamp5_Perceptual_VA,1.500021999,Lamp5,Perceptual,1690,1.377744544,13.29553454,40.64,1713.129859,9.425813237,1.44,55,1.088751906
1032,Male,11/26/25,09:00,,3,Lamp5_Adjusted_VA,1.502753966,Lamp5,Adjusted,1690,1.377744544,13.29553454,40.64,1713.129859,9.425813237,1.44,54.9,1.090734833
1032,Male,11/26/25,09:00,,3,Lamp6_Perceptual_VA,1.294405148,Lamp6,Perceptual,2980,0.78136389,7.632925576,40.64,2993.177895,5.378409429,1.22,54,1.656597092
1032,Male,11/26/25,09:00,,3,Lamp6_Adjusted_VA,0.877705415,Lamp6,Adjusted,2980,0.78136389,7.632925576,40.64,2993.177895,5.378409429,0.72,47,1.123299178
1032,Male,11/26/25,09:00,,3,Lamp7_Perceptual_VA,0.763932409,Lamp7,Perceptual,6110,0.381095236,3.739630304,40.64,6116.438009,2.629070427,0.72,54,2.004570869
1032,Male,11/26/25,09:00,,3,Lamp7_Adjusted_VA,0.561494145,Lamp7,Adjusted,6110,0.381095236,3.739630304,40.64,6116.438009,2.629070427,0.49,50,1.473369624
1032,Male,11/26/25,09:00,,3,Stick7_Perceptual_VA,6.230047706,Stick7,Perceptual,6110,2.714805543,3.549852188,14,6115.539621,2.438894746,5.17,47.5,2.294841235
1032,Male,11/26/25,09:00,,3,Stick7_Adjusted_VA,2.764607635,Stick7,Adjusted,6110,2.714805543,3.549852188,14,6115.539621,2.438894746,2.22,46,1.018344626
1032,Male,11/26/25,09:00,,3,Stick8_Perceptual_VA,1.925142626,Stick8,Perceptual,10700,1.550425564,2.028814472,14,10703.16425,1.393244359,1.66,49.4,1.241686586
1032,Male,11/26/25,09:00,,3,Stick8_Adjusted_VA,1.636910923,Stick8,Adjusted,10700,1.550425564,2.028814472,14,10703.16425,1.393244359,1.4,49,1.05578169
1032,Male,11/26/25,09:00,,3,Stick9a_Perceptual_VA,3.253355167,Stick9a,Perceptual,15188.5,1.092277937,1.429560885,14,15190.72931,0.981610744,3.05,53.7,2.97850488
1032,Male,11/26/25,09:00,,3,Stick9a_Adjusted_VA,1.157451131,Stick9a,Adjusted,15188.5,1.092277937,1.429560885,14,15190.72931,0.981610744,1,49.5,1.059667225
1032,Male,11/26/25,09:00,,3,Stick10_Perceptual_VA,8.043253135,Stick10,Perceptual,2318,7.147990637,9.286830611,14,2332.562723,6.405727666,6.89,49,1.125246736
1032,Male,11/26/25,09:00,,3,Stick10_Adjusted_VA,6.798356216,Stick10,Adjusted,2318,7.147990637,9.286830611,14,2332.562723,6.405727666,6.89,58,0.951086335
1032,Male,11/26/25,09:00,,3,BlueBall_Perceptual_VA,1.697914289,BlueBall,Perceptual,1520,0.852070543,1.933092975,22.605,1521.497917,-2.54262031,1.63,55,1.992692157
1032,Male,11/26/25,09:00,,3,BlueBall_Adjusted_VA,0.96495874,BlueBall,Adjusted,1520,0.852070543,1.933092975,22.605,1521.497917,-2.54262031,0.96,57,1.132486914
7015,Female,11/26/25,10:30,19,3,Lamp5_Perceptual_VA,2.818014493,Lamp5,Perceptual,1690,1.377744544,13.29553454,40.64,1713.129859,9.425813237,2.44,49.6,2.045382436
7015,Female,11/26/25,10:30,19,3,Lamp5_Adjusted_VA,1.601952382,Lamp5,Adjusted,1690,1.377744544,13.29553454,40.64,1713.129859,9.425813237,1.44,51.5,1.162735421
7015,Female,11/26/25,10:30,19,3,Lamp6_Perceptual_VA,1.64671144,Lamp6,Perceptual,2980,0.78136389,7.632925576,40.64,2993.177895,5.378409429,1.44,50.1,2.107483416
7015,Female,11/26/25,10:30,19,3,Lamp6_Adjusted_VA,0.950844305,Lamp6,Adjusted,2980,0.78136389,7.632925576,40.64,2993.177895,5.378409429,0.78,47,1.216903312
7015,Female,11/26/25,10:30,19,3,Lamp7_Perceptual_VA,0.788763092,Lamp7,Perceptual,6110,0.381095236,3.739630304,40.64,6116.438009,2.629070427,0.72,52.3,2.069726979
7015,Female,11/26/25,10:30,19,3,Lamp7_Adjusted_VA,0.578515577,Lamp7,Adjusted,6110,0.381095236,3.739630304,40.64,6116.438009,2.629070427,0.52,51.5,1.518034134
7015,Female,11/26/25,10:30,19,3,Stick7_Perceptual_VA,4.282284469,Stick7,Perceptual,6110,2.714805543,3.549852188,14,6115.539621,2.438894746,3.32,44.4,1.577381658
7015,Female,11/26/25,10:30,19,3,Stick7_Adjusted_VA,3.111182563,Stick7,Adjusted,6110,2.714805543,3.549852188,14,6115.539621,2.438894746,2.77,51,1.146005677
7015,Female,11/26/25,10:30,19,3,Stick8_Perceptual_VA,2.137077911,Stick8,Perceptual,10700,1.550425564,2.028814472,14,10703.16425,1.393244359,1.66,44.5,1.378381497
7015,Female,11/26/25,10:30,19,3,Stick8_Adjusted_VA,1.791021641,Stick8,Adjusted,10700,1.550425564,2.028814472,14,10703.16425,1.393244359,1.66,53.1,1.155180669
7015,Female,11/26/25,10:30,19,3,Stick9a_Perceptual_VA,1.771013431,Stick9a,Perceptual,15188.5,1.092277937,1.429560885,14,15190.72931,0.981610744,1.66,53.7,1.621394491
7015,Female,11/26/25,10:30,19,3,Stick9a_Adjusted_VA,1.48536294,Stick9a,Adjusted,15188.5,1.092277937,1.429560885,14,15190.72931,0.981610744,1.4,54,1.359876355
7015,Female,11/26/25,10:30,19,3,Stick10_Perceptual_VA,6.513577621,Stick10,Perceptual,2318,7.147990637,9.286830611,14,2332.562723,6.405727666,6.1,53.6,0.911245964
7015,Female,11/26/25,10:30,19,3,Stick10_Adjusted_VA,8.289247482,Stick10,Adjusted,2318,7.147990637,9.286830611,14,2332.562723,6.405727666,9,62.1,1.159661212
7015,Female,11/26/25,10:30,19,3,BlueBall_Perceptual_VA,1.860237382,BlueBall,Perceptual,1520,0.852070543,1.933092975,22.605,1521.497917,-2.54262031,1.63,50.2,2.183196446
7015,Female,11/26/25,10:30,19,3,BlueBall_Adjusted_VA,0.961447711,BlueBall,Adjusted,1520,0.852070543,1.933092975,22.605,1521.497917,-2.54262031,0.98,58.4,1.128366329
7016,Male,11/26/25,13:09,18,3,Lamp5_Perceptual_VA,3.471409178,Lamp5,Perceptual,1690,1.377744544,13.29553454,40.64,1713.129859,9.425813237,4,66,2.519631954
7016,Male,11/26/25,13:09,18,3,Lamp5_Adjusted_VA,2.159585194,Lamp5,Adjusted,1690,1.377744544,13.29553454,40.64,1713.129859,9.425813237,1.44,38.2,1.567478676
7016,Male,11/26/25,13:09,18,3,Lamp6_Perceptual_VA,2.25808147,Lamp6,Perceptual,2980,0.78136389,7.632925576,40.64,2993.177895,5.378409429,2.7,68.5,2.889922992
7016,Male,11/26/25,13:09,18,3,Lamp6_Adjusted_VA,2.199887638,Lamp6,Adjusted,2980,0.78136389,7.632925576,40.64,2993.177895,5.378409429,1.44,37.5,2.815445743
7016,Male,11/26/25,13:09,18,3,Lamp7_Perceptual_VA,0.581022644,Lamp7,Perceptual,6110,0.381095236,3.739630304,40.64,6116.438009,2.629070427,0.72,71,1.524612717
7016,Male,11/26/25,13:09,18,3,Lamp7_Adjusted_VA,1.204556926,Lamp7,Adjusted,6110,0.381095236,3.739630304,40.64,6116.438009,2.629070427,0.78,37.1,3.160776653
7016,Male,11/26/25,13:09,18,3,Stick7_Perceptual_VA,9.777965841,Stick7,Perceptual,6110,2.714805543,3.549852188,14,6115.539621,2.438894746,11,64.3,3.601718682
7016,Male,11/26/25,13:09,18,3,Stick7_Adjusted_VA,2.893111373,Stick7,Adjusted,6110,2.714805543,3.549852188,14,6115.539621,2.438894746,1,19.8,1.065679043
7016,Male,11/26/25,13:09,18,3,Stick8_Perceptual_VA,1.533956659,Stick8,Perceptual,10700,1.550425564,2.028814472,14,10703.16425,1.393244359,1.66,62,0.989377816
7016,Male,11/26/25,13:09,18,3,Stick8_Adjusted_VA,1.61997963,Stick8,Adjusted,10700,1.550425564,2.028814472,14,10703.16425,1.393244359,0.82,29,1.044861274
7016,Male,11/26/25,13:09,18,3,Stick9a_Perceptual_VA,5.307815603,Stick9a,Perceptual,15188.5,1.092277937,1.429560885,14,15190.72931,0.981610744,6.1,65.8,4.859400178
7016,Male,11/26/25,13:09,18,3,Stick9a_Adjusted_VA,1.494587754,Stick9a,Adjusted,15188.5,1.092277937,1.429560885,14,15190.72931,0.981610744,0.6,23,1.368321837
7016,Male,11/26/25,13:09,18,3,Stick10_Perceptual_VA,11.66845021,Stick10,Perceptual,2318,7.147990637,9.286830611,14,2332.562723,6.405727666,15,73.4,1.632409835
7016,Male,11/26/25,13:09,18,3,Stick10_Adjusted_VA,7.088779024,Stick10,Adjusted,2318,7.147990637,9.286830611,14,2332.562723,6.405727666,3.32,26.8,0.991716328
7016,Male,11/26/25,13:09,18,3,BlueBall_Perceptual_VA,1.373347782,BlueBall,Perceptual,1520,0.852070543,1.933092975,22.605,1521.497917,-2.54262031,1.63,68,1.611777091
7016,Male,11/26/25,13:09,18,3,BlueBall_Adjusted_VA,1.641796557,BlueBall,Adjusted,1520,0.852070543,1.933092975,22.605,1521.497917,-2.54262031,0.96,33.5,1.926831728
7017,Female,11/26/25,14:06,21,3,Lamp5_Perceptual_VA,2.261381902,Lamp5,Perceptual,1690,1.377744544,13.29553454,40.64,1713.129859,9.425813237,2.7,68.4,1.641365166
7017,Female,11/26/25,14:06,21,3,Lamp5_Adjusted_VA,1.586550972,Lamp5,Adjusted,1690,1.377744544,13.29553454,40.64,1713.129859,9.425813237,1.44,52,1.151556708
7017,Female,11/26/25,14:06,21,3,Lamp6_Perceptual_VA,1.838438161,Lamp6,Perceptual,2980,0.78136389,7.632925576,40.64,2993.177895,5.378409429,2.15,67,2.352857849
7017,Female,11/26/25,14:06,21,3,Lamp6_Adjusted_VA,0.875841995,Lamp6,Adjusted,2980,0.78136389,7.632925576,40.64,2993.177895,5.378409429,0.96,62.8,1.120914347
7017,Female,11/26/25,14:06,21,3,Lamp7_Perceptual_VA,0.6031079,Lamp7,Perceptual,6110,0.381095236,3.739630304,40.64,6116.438009,2.629070427,0.72,68.4,1.582564782
7017,Female,11/26/25,14:06,21,3,Lamp7_Adjusted_VA,0.501334872,Lamp7,Adjusted,6110,0.381095236,3.739630304,40.64,6116.438009,2.629070427,0.49,56,1.315510728
7017,Female,11/26/25,14:06,21,3,Stick7_Perceptual_VA,2.123239967,Stick7,Perceptual,6110,2.714805543,3.549852188,14,6115.539621,2.438894746,2.22,59.9,0.78209652
7017,Female,11/26/25,14:06,21,3,Stick7_Adjusted_VA,3.307289869,Stick7,Adjusted,6110,2.714805543,3.549852188,14,6115.539621,2.438894746,3.32,57.5,1.218241902
7017,Female,11/26/25,14:06,21,3,Stick8_Perceptual_VA,1.577197148,Stick8,Perceptual,10700,1.550425564,2.028814472,14,10703.16425,1.393244359,1.66,60.3,1.017267249
7017,Female,11/26/25,14:06,21,3,Stick8_Adjusted_VA,1.797791881,Stick8,Adjusted,10700,1.550425564,2.028814472,14,10703.16425,1.393244359,1.66,52.9,1.159547367
7017,Female,11/26/25,14:06,21,3,Stick9a_Perceptual_VA,0.675999916,Stick9a,Perceptual,15188.5,1.092277937,1.429560885,14,15190.72931,0.981610744,0.82,69.5,0.618890022
7017,Female,11/26/25,14:06,21,3,Stick9a_Adjusted_VA,1.037938634,Stick9a,Adjusted,15188.5,1.092277937,1.429560885,14,15190.72931,0.981610744,1,55.2,0.950251395
7017,Female,11/26/25,14:06,21,3,Stick10_Perceptual_VA,7.920623661,Stick10,Perceptual,2318,7.147990637,9.286830611,14,2332.562723,6.405727666,9,65,1.10809094
7017,Female,11/26/25,14:06,21,3,Stick10_Adjusted_VA,8.142629628,Stick10,Adjusted,2318,7.147990637,9.286830611,14,2332.562723,6.405727666,6.89,48.4,1.139149454
7017,Female,11/26/25,14:06,21,3,BlueBall_Perceptual_VA,1.353446055,BlueBall,Perceptual,1520,0.852070543,1.933092975,22.605,1521.497917,-2.54262031,1.63,69,1.588420191
7017,Female,11/26/25,14:06,21,3,BlueBall_Adjusted_VA,0.884946922,BlueBall,Adjusted,1520,0.852070543,1.933092975,22.605,1521.497917,-2.54262031,0.78,50.5,1.038584105
7018,Female,11/26/25,15:06,21,3,Lamp5_Perceptual_VA,3.594150236,Lamp5,Perceptual,1690,1.377744544,13.29553454,40.64,1713.129859,9.425813237,4.7,74.9,2.608720355
7018,Female,11/26/25,15:06,21,3,Lamp5_Adjusted_VA,1.570707264,Lamp5,Adjusted,1690,1.377744544,13.29553454,40.64,1713.129859,9.425813237,1.22,44.5,1.140056965
7018,Female,11/26/25,15:06,21,3,Lamp6_Perceptual_VA,3.603766793,Lamp6,Perceptual,2980,0.78136389,7.632925576,40.64,2993.177895,5.378409429,4.7,74.7,4.612149141
7018,Female,11/26/25,15:06,21,3,Lamp6_Adjusted_VA,0.980035491,Lamp6,Adjusted,2980,0.78136389,7.632925576,40.64,2993.177895,5.378409429,0.78,45.6,1.254262583
7018,Female,11/26/25,15:06,21,3,Lamp7_Perceptual_VA,0.688688891,Lamp7,Perceptual,6110,0.381095236,3.739630304,40.64,6116.438009,2.629070427,0.72,59.9,1.807130673
7018,Female,11/26/25,15:06,21,3,Lamp7_Adjusted_VA,0.623881213,Lamp7,Adjusted,6110,0.381095236,3.739630304,40.64,6116.438009,2.629070427,0.49,45,1.637074287
7018,Female,11/26/25,15:06,21,3,Stick7_Perceptual_VA,6.453505996,Stick7,Perceptual,6110,2.714805543,3.549852188,14,6115.539621,2.438894746,6.1,54.1,2.37715221
7018,Female,11/26/25,15:06,21,3,Stick7_Adjusted_VA,3.102762906,Stick7,Adjusted,6110,2.714805543,3.549852188,14,6115.539621,2.438894746,2.08,38.4,1.142904292
7018,Female,11/26/25,15:06,21,3,Stick8_Perceptual_VA,1.636910923,Stick8,Perceptual,10700,1.550425564,2.028814472,14,10703.16425,1.393244359,1.66,58.1,1.05578169
7018,Female,11/26/25,15:06,21,3,Stick8_Adjusted_VA,1.932686394,Stick8,Adjusted,10700,1.550425564,2.028814472,14,10703.16425,1.393244359,1.4,41.5,1.246552197
7018,Female,11/26/25,15:06,21,3,Stick9a_Perceptual_VA,4.656434764,Stick9a,Perceptual,15188.5,1.092277937,1.429560885,14,15190.72931,0.981610744,4.7,57.8,4.263049362
7018,Female,11/26/25,15:06,21,3,Stick9a_Adjusted_VA,1.118596355,Stick9a,Adjusted,15188.5,1.092277937,1.429560885,14,15190.72931,0.981610744,0.82,42,1.024094982
7018,Female,11/26/25,15:06,21,3,Stick10_Perceptual_VA,8.592574127,Stick10,Perceptual,2318,7.147990637,9.286830611,14,2332.562723,6.405727666,9,59.9,1.202096444
7018,Female,11/26/25,15:06,21,3,Stick10_Adjusted_VA,7.489409155,Stick10,Adjusted,2318,7.147990637,9.286830611,14,2332.562723,6.405727666,6.1,46.6,1.047764265
7018,Female,11/26/25,15:06,21,3,BlueBall_Perceptual_VA,1.200368954,BlueBall,Perceptual,1520,0.852070543,1.933092975,22.605,1521.497917,-2.54262031,1.63,77.8,1.408767107
7018,Female,11/26/25,15:06,21,3,BlueBall_Adjusted_VA,0.93103593,BlueBall,Adjusted,1520,0.852070543,1.933092975,22.605,1521.497917,-2.54262031,0.78,48,1.092674705
7019,Female,12/4/25,14:14,18,3,Lamp5_Perceptual_VA,1.716638498,Lamp5,Perceptual,1690,1.377744544,13.29553454,40.64,1713.129859,9.425813237,1.63,54.4,1.245977351
7019,Female,12/4/25,14:14,18,3,Lamp5_Adjusted_VA,1.574441426,Lamp5,Adjusted,1690,1.377744544,13.29553454,40.64,1713.129859,9.425813237,1.44,52.4,1.142767309
7019,Female,12/4/25,14:14,18,3,Lamp6_Perceptual_VA,1.301635841,Lamp6,Perceptual,2980,0.78136389,7.632925576,40.64,2993.177895,5.378409429,1.22,53.7,1.66585103
7019,Female,12/4/25,14:14,18,3,Lamp6_Adjusted_VA,0.886702699,Lamp6,Adjusted,2980,0.78136389,7.632925576,40.64,2993.177895,5.378409429,0.78,50.4,1.134814023
7019,Female,12/4/25,14:14,18,3,Lamp7_Perceptual_VA,0.75004313,Lamp7,Perceptual,6110,0.381095236,3.739630304,40.64,6116.438009,2.629070427,0.72,55,1.968125177
7019,Female,12/4/25,14:14,18,3,Lamp7_Adjusted_VA,0.597064844,Lamp7,Adjusted,6110,0.381095236,3.739630304,40.64,6116.438009,2.629070427,0.52,49.9,1.566707708
7019,Female,12/4/25,14:14,18,3,Stick7_Perceptual_VA,6.489089492,Stick7,Perceptual,6110,2.714805543,3.549852188,14,6115.539621,2.438894746,5.17,45.6,2.390259409
7019,Female,12/4/25,14:14,18,3,Stick7_Adjusted_VA,2.558862937,Stick7,Adjusted,6110,2.714805543,3.549852188,14,6115.539621,2.438894746,2.22,49.7,0.942558462
7019,Female,12/4/25,14:14,18,3,Stick8_Perceptual_VA,2.023427845,Stick8,Perceptual,10700,1.550425564,2.028814472,14,10703.16425,1.393244359,1.66,47,1.305079
7019,Female,12/4/25,14:14,18,3,Stick8_Adjusted_VA,1.119022622,Stick8,Adjusted,10700,1.550425564,2.028814472,14,10703.16425,1.393244359,1,51.2,0.721751916
7019,Female,12/4/25,14:14,18,3,Stick9a_Perceptual_VA,3.479397648,Stick9a,Perceptual,15188.5,1.092277937,1.429560885,14,15190.72931,0.981610744,2.77,45.6,3.185450817
7019,Female,12/4/25,14:14,18,3,Stick9a_Adjusted_VA,0.941512665,Stick9a,Adjusted,15188.5,1.092277937,1.429560885,14,15190.72931,0.981610744,0.82,49.9,0.861971695
7019,Female,12/4/25,14:14,18,3,Stick10_Perceptual_VA,12.52973736,Stick10,Perceptual,2318,7.147990637,9.286830611,14,2332.562723,6.405727666,11,50.1,1.752903437
7019,Female,12/4/25,14:14,18,3,Stick10_Adjusted_VA,7.674524235,Stick10,Adjusted,2318,7.147990637,9.286830611,14,2332.562723,6.405727666,7.7,57.4,1.073661764
7019,Female,12/4/25,14:14,18,3,BlueBall_Perceptual_VA,1.710351381,BlueBall,Perceptual,1520,0.852070543,1.933092975,22.605,1521.497917,-2.54262031,1.63,54.6,2.007288474
7019,Female,12/4/25,14:14,18,3,BlueBall_Adjusted_VA,0.861076433,BlueBall,Adjusted,1520,0.852070543,1.933092975,22.605,1521.497917,-2.54262031,0.78,51.9,1.010569418
7020,Male,12/5/25,14:22,21,3,Lamp5_Perceptual_VA,1.556439624,Lamp5,Perceptual,1690,1.377744544,13.29553454,40.64,1713.129859,9.425813237,1.63,60,1.12970117
7020,Male,12/5/25,14:22,21,3,Lamp5_Adjusted_VA,1.37274502,Lamp5,Adjusted,1690,1.377744544,13.29553454,40.64,1713.129859,9.425813237,1.44,60.1,0.996371226
7020,Male,12/5/25,14:22,21,3,Lamp6_Perceptual_VA,1.452491265,Lamp6,Perceptual,2980,0.78136389,7.632925576,40.64,2993.177895,5.378409429,1.44,56.8,1.858917828
7020,Male,12/5/25,14:22,21,3,Lamp6_Adjusted_VA,0.75109358,Lamp6,Adjusted,2980,0.78136389,7.632925576,40.64,2993.177895,5.378409429,0.78,59.5,0.961259651
7020,Male,12/5/25,14:22,21,3,Lamp7_Perceptual_VA,0.71743343,Lamp7,Perceptual,6110,0.381095236,3.739630304,40.64,6116.438009,2.629070427,0.72,57.5,1.882556804
7020,Male,12/5/25,14:22,21,3,Lamp7_Adjusted_VA,0.661489219,Lamp7,Adjusted,6110,0.381095236,3.739630304,40.64,6116.438009,2.629070427,0.65,56.3,1.735758297
7020,Male,12/5/25,14:22,21,3,Stick7_Perceptual_VA,10.4942778,Stick7,Perceptual,6110,2.714805543,3.549852188,14,6115.539621,2.438894746,9,49,3.865572556
7020,Male,12/5/25,14:22,21,3,Stick7_Adjusted_VA,2.883089977,Stick7,Adjusted,6110,2.714805543,3.549852188,14,6115.539621,2.438894746,3.05,60.6,1.061987657
7020,Male,12/5/25,14:22,21,3,Stick8_Perceptual_VA,1.981281588,Stick8,Perceptual,10700,1.550425564,2.028814472,14,10703.16425,1.393244359,1.66,48,1.27789533
7020,Male,12/5/25,14:22,21,3,Stick8_Adjusted_VA,1.873657246,Stick8,Adjusted,10700,1.550425564,2.028814472,14,10703.16425,1.393244359,2.08,63.6,1.208479329
7020,Male,12/5/25,14:22,21,3,Stick9a_Perceptual_VA,6.562445278,Stick9a,Perceptual,15188.5,1.092277937,1.429560885,14,15190.72931,0.981610744,6.1,53.2,6.008036099
7020,Male,12/5/25,14:22,21,3,Stick9a_Adjusted_VA,1.251340138,Stick9a,Adjusted,15188.5,1.092277937,1.429560885,14,15190.72931,0.981610744,1.4,64.1,1.145624292
7020,Male,12/5/25,14:22,21,3,Stick10_Perceptual_VA,12.48031113,Stick10,Perceptual,2318,7.147990637,9.286830611,14,2332.562723,6.405727666,11,50.3,1.745988736
7020,Male,12/5/25,14:22,21,3,Stick10_Adjusted_VA,7.595366137,Stick10,Adjusted,2318,7.147990637,9.286830611,14,2332.562723,6.405727666,7.7,58,1.062587589
7020,Male,12/5/25,14:22,21,3,BlueBall_Perceptual_VA,1.513560608,BlueBall,Perceptual,1520,0.852070543,1.933092975,22.605,1521.497917,-2.54262031,1.63,61.7,1.776332511
7020,Male,12/5/25,14:22,21,3,BlueBall_Adjusted_VA,0.906141711,BlueBall,Adjusted,1520,0.852070543,1.933092975,22.605,1521.497917,-2.54262031,0.96,60.7,1.063458558
7021,Male,12/15/25,15:33,20,3,Lamp5_Perceptual_VA,1.423587134,Lamp5,Perceptual,1690,1.377744544,13.29553454,40.64,1713.129859,9.425813237,1.63,65.6,1.03327365
7021,Male,12/15/25,15:33,20,3,Lamp5_Adjusted_VA,1.596343233,Lamp5,Adjusted,1690,1.377744544,13.29553454,40.64,1713.129859,9.425813237,1.63,58.5,1.158664166
7021,Male,12/15/25,15:33,20,3,Lamp6_Perceptual_VA,1.051111136,Lamp6,Perceptual,2980,0.78136389,7.632925576,40.64,2993.177895,5.378409429,1.22,66.5,1.345226149
7021,Male,12/15/25,15:33,20,3,Lamp6_Adjusted_VA,0.893796035,Lamp6,Adjusted,2980,0.78136389,7.632925576,40.64,2993.177895,5.378409429,0.78,50,1.143892169
7021,Male,12/15/25,15:33,20,3,Lamp7_Perceptual_VA,0.620339222,Lamp7,Perceptual,6110,0.381095236,3.739630304,40.64,6116.438009,2.629070427,0.72,66.5,1.627780047
7021,Male,12/15/25,15:33,20,3,Lamp7_Adjusted_VA,0.561084129,Lamp7,Adjusted,6110,0.381095236,3.739630304,40.64,6116.438009,2.629070427,0.52,53.1,1.472293735
7021,Male,12/15/25,15:33,20,3,Stick7_Perceptual_VA,3.991429918,Stick7,Perceptual,6110,2.714805543,3.549852188,14,6115.539621,2.438894746,4.07,58.4,1.470245237
7021,Male,12/15/25,15:33,20,3,Stick7_Adjusted_VA,2.833517168,Stick7,Adjusted,6110,2.714805543,3.549852188,14,6115.539621,2.438894746,2.77,56,1.043727487
7021,Male,12/15/25,15:33,20,3,Stick8_Perceptual_VA,1.561660194,Stick8,Perceptual,10700,1.550425564,2.028814472,14,10703.16425,1.393244359,1.66,60.9,1.007246158
7021,Male,12/15/25,15:33,20,3,Stick8_Adjusted_VA,1.385322686,Stick8,Adjusted,10700,1.550425564,2.028814472,14,10703.16425,1.393244359,1.4,57.9,0.893511251
7021,Male,12/15/25,15:33,20,3,Stick9a_Perceptual_VA,6.572249498,Stick9a,Perceptual,15188.5,1.092277937,1.429560885,14,15190.72931,0.981610744,6.89,60,6.017012038
7021,Male,12/15/25,15:33,20,3,Stick9a_Adjusted_VA,0.814241742,Stick9a,Adjusted,15188.5,1.092277937,1.429560885,14,15190.72931,0.981610744,0.82,57.7,0.745452887
7021,Male,12/15/25,15:33,20,3,Stick10_Perceptual_VA,6.462019801,Stick10,Perceptual,2318,7.147990637,9.286830611,14,2332.562723,6.405727666,7.7,68.2,0.904033053
7021,Male,12/15/25,15:33,20,3,Stick10_Adjusted_VA,7.106641114,Stick10,Adjusted,2318,7.147990637,9.286830611,14,2332.562723,6.405727666,7.7,62,0.994215224
7021,Male,12/15/25,15:33,20,3,BlueBall_Perceptual_VA,1.452365782,BlueBall,Perceptual,1520,0.852070543,1.933092975,22.605,1521.497917,-2.54262031,1.63,64.3,1.704513545
7021,Male,12/15/25,15:33,20,3,BlueBall_Adjusted_VA,0.906141711,BlueBall,Adjusted,1520,0.852070543,1.933092975,22.605,1521.497917,-2.54262031,0.96,60.7,1.063458558