"","ID","Gender","Date","Time","Age","Version","Measurement","Reported_Visual_Angle","Real_Visual_Angle","Task","Ratio_Visual_Angle","Ground_Distance","Width","Ground_Elevation","Template_Size","Arm_Length","Observer_Distance","Observer_Elevation"
"1",1,"Male","2/16/24","09:00",56,1,"Stick1_Perceptual_VA",5.21288254174861,2.36338945002999,"Perceptual",2.20568071913939,6280,14,3.45399333027635,6.1,67,6285.38979360867,2.37295022764419
"2",1,"Male","2/16/24","09:00",56,1,"Stick2_Perceptual_VA",7.68490625582972,7.33856027190383,"Perceptual",1.04719535863893,2020,14,10.6276013401091,9,67,2036.69459114517,7.34107517941272
"3",1,"Male","2/16/24","09:00",56,1,"Stick3_Perceptual_VA",4.41898999209993,2.95223914553063,"Perceptual",1.49682656934815,5027,14,4.31199036449732,5.17,67,5033.73160365151,2.96346826953653
"4",1,"Male","2/16/24","09:00",56,1,"Stick4_Perceptual_VA",5.88687426353551,4.33706574300479,"Perceptual",1.35734033384907,3421,14,6.32247066698118,6.89,67,3430.88412185547,4.35018743835925
"5",1,"Male","2/16/24","09:00",56,1,"Lamp1_Perceptual_VA",1.04326745830232,0.370779037156586,"Perceptual",2.81371748063991,6280,40.64,3.6386740079785,1.22,67,6286.26390740955,2.55799716828007
"6",1,"Male","2/16/24","09:00",56,1,"Lamp2_Perceptual_VA",1.62469681337902,1.15268412998999,"Perceptual",1.40949005118439,2020,40.64,11.1833285742305,1.9,67,2039.39057406864,7.90728638048713
"7",1,"Male","2/16/24","09:00",56,1,"Lamp3_Perceptual_VA",1.23138427952127,0.463196299507583,"Perceptual",2.65845016644205,5027,40.64,4.54220950068023,1.44,67,5034.82302703879,3.19439921406215
"8",1,"Male","2/16/24","09:00",56,1,"Lamp4_Perceptual_VA",1.39384350283648,0.680641068700974,"Perceptual",2.04783926056163,3421,40.64,6.65844569578084,1.63,67,3432.48523865726,4.68839802993912
"9",2,"Female","2/16/24","13:30",26,1,"Stick1_Perceptual_VA",3.22325114970593,2.36338945002999,"Perceptual",1.36382564865263,6280,14,3.45399333027635,3.32,59,6285.38979360867,2.37295022764419
"10",2,"Female","2/16/24","13:30",26,1,"Stick2_Perceptual_VA",7.46699834456201,7.33856027190383,"Perceptual",1.01750180797041,2020,14,10.6276013401091,7.7,59,2036.69459114517,7.34107517941272
"11",2,"Female","2/16/24","13:30",26,1,"Stick3_Perceptual_VA",5.01745516192283,2.95223914553063,"Perceptual",1.69954225067394,5027,14,4.31199036449732,5.17,59,5033.73160365151,2.96346826953653
"12",2,"Female","2/16/24","13:30",26,1,"Stick4_Perceptual_VA",6.68339321049716,4.33706574300479,"Perceptual",1.54099421279853,3421,14,6.32247066698118,6.89,59,3430.88412185547,4.35018743835925
"13",2,"Female","2/16/24","13:30",26,1,"Lamp1_Perceptual_VA",0.932249743207225,0.370779037156586,"Perceptual",2.51430002719793,6280,40.64,3.6386740079785,0.96,59,6286.26390740955,2.55799716828007
"14",2,"Female","2/16/24","13:30",26,1,"Lamp2_Perceptual_VA",2.08766604885264,1.15268412998999,"Perceptual",1.8111345463486,2020,40.64,11.1833285742305,2.15,59,2039.39057406864,7.90728638048713
"15",2,"Female","2/16/24","13:30",26,1,"Lamp3_Perceptual_VA",1.18471797443858,0.463196299507583,"Perceptual",2.55770172537655,5027,40.64,4.54220950068023,1.22,59,5034.82302703879,3.19439921406215
"16",2,"Female","2/16/24","13:30",26,1,"Lamp4_Perceptual_VA",1.58281662878821,0.680641068700974,"Perceptual",2.325479171877,3421,40.64,6.65844569578084,1.63,59,3432.48523865726,4.68839802993912
"17",3,"Male","2/16/24","14:30",21,1,"Stick1_Perceptual_VA",1.98605480600895,2.36338945002999,"Perceptual",0.840341741384921,6280,14,3.45399333027635,2.08,60,6285.38979360867,2.37295022764419
"18",3,"Male","2/16/24","14:30",21,1,"Stick2_Perceptual_VA",4.93393509758161,7.33856027190383,"Perceptual",0.672330118548117,2020,14,10.6276013401091,5.17,60,2036.69459114517,7.34107517941272
"19",3,"Male","2/16/24","14:30",21,1,"Stick3_Perceptual_VA",2.64468548926295,2.95223914553063,"Perceptual",0.895823596562874,5027,14,4.31199036449732,2.77,60,5033.73160365151,2.96346826953653
"20",3,"Male","2/16/24","14:30",21,1,"Stick4_Perceptual_VA",3.16955792456154,4.33706574300479,"Perceptual",0.730806981580505,3421,14,6.32247066698118,3.32,60,3430.88412185547,4.35018743835925
"21",3,"Male","2/16/24","14:30",21,1,"Lamp1_Perceptual_VA",0.496560314362531,0.370779037156586,"Perceptual",1.33923513629716,6280,40.64,3.6386740079785,0.52,60,6286.26390740955,2.55799716828007
"22",3,"Male","2/16/24","14:30",21,1,"Lamp2_Perceptual_VA",1.16497404686829,1.15268412998999,"Perceptual",1.01066199885862,2020,40.64,11.1833285742305,1.22,60,2039.39057406864,7.90728638048713
"23",3,"Male","2/16/24","14:30",21,1,"Lamp3_Perceptual_VA",0.620698207619945,0.463196299507583,"Perceptual",1.3400327426618,5027,40.64,4.54220950068023,0.65,60,5034.82302703879,3.19439921406215
"24",3,"Male","2/16/24","14:30",21,1,"Lamp4_Perceptual_VA",0.744834644033682,0.680641068700974,"Perceptual",1.09431340288535,3421,40.64,6.65844569578084,0.78,60,3432.48523865726,4.68839802993912
"25",4,"Male","2/16/24","15:30",21,1,"Stick1_Perceptual_VA",5.10384961451967,2.36338945002999,"Perceptual",2.15954658444248,6280,14,3.45399333027635,5.17,58,6285.38979360867,2.37295022764419
"26",4,"Male","2/16/24","15:30",21,1,"Stick2_Perceptual_VA",8.87294897131473,7.33856027190383,"Perceptual",1.20908579374696,2020,14,10.6276013401091,9,58,2036.69459114517,7.34107517941272
"27",4,"Male","2/16/24","15:30",21,1,"Stick3_Perceptual_VA",5.10384961451967,2.95223914553063,"Perceptual",1.72880629343539,5027,14,4.31199036449732,5.17,58,5033.73160365151,2.96346826953653
"28",4,"Male","2/16/24","15:30",21,1,"Stick4_Perceptual_VA",6.79835621592639,4.33706574300479,"Perceptual",1.56750130589821,3421,14,6.32247066698118,6.89,58,3430.88412185547,4.35018743835925
"29",4,"Male","2/16/24","15:30",21,1,"Lamp1_Perceptual_VA",0.96807807089276,0.370779037156586,"Perceptual",2.61092989052648,6280,40.64,3.6386740079785,0.98,58,6286.26390740955,2.55799716828007
"30",4,"Male","2/16/24","15:30",21,1,"Lamp2_Perceptual_VA",1.8767628864129,1.15268412998999,"Perceptual",1.62816754181321,2020,40.64,11.1833285742305,1.9,58,2039.39057406864,7.90728638048713
"31",4,"Male","2/16/24","15:30",21,1,"Lamp3_Perceptual_VA",0.948322286999679,0.463196299507583,"Perceptual",2.04734426420899,5027,40.64,4.54220950068023,0.96,58,5034.82302703879,3.19439921406215
"32",4,"Male","2/16/24","15:30",21,1,"Lamp4_Perceptual_VA",1.20514265306009,0.680641068700974,"Perceptual",1.77059937825989,3421,40.64,6.65844569578084,1.22,58,3432.48523865726,4.68839802993912
"33",5,"Male","2/23/24","14:25",23,1,"Stick1_Perceptual_VA",8.27145573535847,2.36338945002999,"Perceptual",3.4998276459487,6280,14,3.45399333027635,10.34,71.5,6285.38979360867,2.37295022764419
"34",5,"Male","2/23/24","14:25",23,1,"Stick2_Perceptual_VA",8.79741070999106,7.33856027190383,"Perceptual",1.19879245847071,2020,14,10.6276013401091,11,71.5,2036.69459114517,7.34107517941272
"35",5,"Male","2/23/24","14:25",23,1,"Stick3_Perceptual_VA",7.20255623444688,2.95223914553063,"Perceptual",2.43969268050347,5027,14,4.31199036449732,9,71.5,5033.73160365151,2.96346826953653
"36",5,"Male","2/23/24","14:25",23,1,"Stick4_Perceptual_VA",8.79741070999106,4.33706574300479,"Perceptual",2.02842456888746,3421,14,6.32247066698118,11,71.5,3430.88412185547,4.35018743835925
"37",5,"Male","2/23/24","14:25",23,1,"Lamp1_Perceptual_VA",1.95507883796131,0.370779037156586,"Perceptual",5.27289474872778,6280,40.64,3.6386740079785,2.44,71.5,6286.26390740955,2.55799716828007
"38",5,"Male","2/23/24","14:25",23,1,"Lamp2_Perceptual_VA",2.16335979634022,1.15268412998999,"Perceptual",1.87680192695896,2020,40.64,11.1833285742305,2.7,71.5,2039.39057406864,7.90728638048713
"39",5,"Male","2/23/24","14:25",23,1,"Lamp3_Perceptual_VA",1.95507883796131,0.463196299507583,"Perceptual",4.22084295586929,5027,40.64,4.54220950068023,2.44,71.5,5034.82302703879,3.19439921406215
"40",5,"Male","2/23/24","14:25",23,1,"Lamp4_Perceptual_VA",2.16335979634022,0.680641068700974,"Perceptual",3.17841502051744,3421,40.64,6.65844569578084,2.7,71.5,3432.48523865726,4.68839802993912
"41",6,"Male","2/23/24","15:10",34,1,"Stick1_Perceptual_VA",7.16426884703724,2.36338945002999,"Perceptual",3.03135348554015,6280,14,3.45399333027635,7.7,61.5,6285.38979360867,2.37295022764419
"42",6,"Male","2/23/24","15:10",34,1,"Stick2_Perceptual_VA",9.610547548445,7.33856027190383,"Perceptual",1.30959577796746,2020,14,10.6276013401091,10.34,61.5,2036.69459114517,7.34107517941272
"43",6,"Male","2/23/24","15:10",34,1,"Stick3_Perceptual_VA",8.36983225023683,2.95223914553063,"Perceptual",2.83507935422774,5027,14,4.31199036449732,9,61.5,5033.73160365151,2.96346826953653
"44",6,"Male","2/23/24","15:10",34,1,"Stick4_Perceptual_VA",9.610547548445,4.33706574300479,"Perceptual",2.21591004562145,3421,14,6.32247066698118,10.34,61.5,3430.88412185547,4.35018743835925
"45",6,"Male","2/23/24","15:10",34,1,"Lamp1_Perceptual_VA",2.27290029227217,0.370779037156586,"Perceptual",6.13006687137032,6280,40.64,3.6386740079785,2.44,61.5,6286.26390740955,2.55799716828007
"46",6,"Male","2/23/24","15:10",34,1,"Lamp2_Perceptual_VA",2.51502055904088,1.15268412998999,"Perceptual",2.18188183007493,2020,40.64,11.1833285742305,2.7,61.5,2039.39057406864,7.90728638048713
"47",6,"Male","2/23/24","15:10",34,1,"Lamp3_Perceptual_VA",2.51502055904088,0.463196299507583,"Perceptual",5.42970779713604,5027,40.64,4.54220950068023,2.7,61.5,5034.82302703879,3.19439921406215
"48",6,"Male","2/23/24","15:10",34,1,"Lamp4_Perceptual_VA",2.51502055904088,0.680641068700974,"Perceptual",3.69507611969534,3421,40.64,6.65844569578084,2.7,61.5,3432.48523865726,4.68839802993912
"49",7,"Female","2/23/24","16:24",21,1,"Stick1_Perceptual_VA",3.79756844106824,2.36338945002999,"Perceptual",1.6068314263737,6280,14,3.45399333027635,3.05,46,6285.38979360867,2.37295022764419
"50",7,"Female","2/23/24","16:24",21,1,"Stick2_Perceptual_VA",11.1744879284087,7.33856027190383,"Perceptual",1.52270847610136,2020,14,10.6276013401091,9,46,2036.69459114517,7.34107517941272
"51",7,"Female","2/23/24","16:24",21,1,"Stick3_Perceptual_VA",5.06612767562011,2.95223914553063,"Perceptual",1.71602889396331,5027,14,4.31199036449732,4.07,46,5033.73160365151,2.96346826953653
"52",7,"Female","2/23/24","16:24",21,1,"Stick4_Perceptual_VA",6.43278161567526,4.33706574300479,"Perceptual",1.48321053838084,3421,14,6.32247066698118,5.17,46,3430.88412185547,4.35018743835925
"53",7,"Female","2/23/24","16:24",21,1,"Lamp1_Perceptual_VA",1.19569461087798,0.370779037156586,"Perceptual",3.22481718504764,6280,40.64,3.6386740079785,0.96,46,6286.26390740955,2.55799716828007
"54",7,"Female","2/23/24","16:24",21,1,"Lamp2_Perceptual_VA",2.67746756199938,1.15268412998999,"Perceptual",2.32281116078403,2020,40.64,11.1833285742305,2.15,46,2039.39057406864,7.90728638048713
"55",7,"Female","2/23/24","16:24",21,1,"Lamp3_Perceptual_VA",1.22060305031885,0.463196299507583,"Perceptual",2.63517444249113,5027,40.64,4.54220950068023,0.98,46,5034.82302703879,3.19439921406215
"56",7,"Female","2/23/24","16:24",21,1,"Lamp4_Perceptual_VA",1.79346056011619,0.680641068700974,"Perceptual",2.63495789864557,3421,40.64,6.65844569578084,1.44,46,3432.48523865726,4.68839802993912
"57",30337,"Female","3/7/24","14:18",20,1,"Stick1_Perceptual_VA",6.6769410875287,2.36338945002999,"Perceptual",2.82515481629317,6280,14,3.45399333027635,7.7,66,6285.38979360867,2.37295022764419
"58",30337,"Female","3/7/24","14:18",20,1,"Stick2_Perceptual_VA",11.2492560828918,7.33856027190383,"Perceptual",1.53289687160578,2020,14,10.6276013401091,13,66,2036.69459114517,7.34107517941272
"59",30337,"Female","3/7/24","14:18",20,1,"Stick3_Perceptual_VA",8.95804615329769,2.95223914553063,"Perceptual",3.03432266551279,5027,14,4.31199036449732,10.34,66,5033.73160365151,2.96346826953653
"60",30337,"Female","3/7/24","14:18",20,1,"Stick4_Perceptual_VA",11.2492560828918,4.33706574300479,"Perceptual",2.59374811208145,3421,14,6.32247066698118,13,66,3430.88412185547,4.35018743835925
"61",30337,"Female","3/7/24","14:18",20,1,"Lamp1_Perceptual_VA",1.05907364760119,0.370779037156586,"Perceptual",2.85634715415135,6280,40.64,3.6386740079785,1.22,66,6286.26390740955,2.55799716828007
"62",30337,"Female","3/7/24","14:18",20,1,"Lamp2_Perceptual_VA",3.29793706632949,1.15268412998999,"Perceptual",2.86109349519555,2020,40.64,11.1833285742305,3.8,66,2039.39057406864,7.90728638048713
"63",30337,"Female","3/7/24","14:18",20,1,"Lamp3_Perceptual_VA",1.4149602132169,0.463196299507583,"Perceptual",3.05477443304517,5027,40.64,4.54220950068023,1.63,66,5034.82302703879,3.19439921406215
"64",30337,"Female","3/7/24","14:18",20,1,"Lamp4_Perceptual_VA",1.86628839621584,0.680641068700974,"Perceptual",2.74195678462029,3421,40.64,6.65844569578084,2.15,66,3432.48523865726,4.68839802993912
"65",8,"Female","3/7/24","15:22",66,1,"Stick1_Perceptual_VA",4.78494655580969,2.36338945002999,"Perceptual",2.02461196386781,6280,14,3.45399333027635,6.1,73,6285.38979360867,2.37295022764419
"66",8,"Female","3/7/24","15:22",66,1,"Stick2_Perceptual_VA",10.1765203950752,7.33856027190383,"Perceptual",1.38671892278881,2020,14,10.6276013401091,13,73,2036.69459114517,7.34107517941272
"67",8,"Female","3/7/24","15:22",66,1,"Stick3_Perceptual_VA",6.03793344657877,2.95223914553063,"Perceptual",2.04520472391932,5027,14,4.31199036449732,7.7,73,5033.73160365151,2.96346826953653
"68",8,"Female","3/7/24","15:22",66,1,"Stick4_Perceptual_VA",8.10206608234819,4.33706574300479,"Perceptual",1.868098516933,3421,14,6.32247066698118,10.34,73,3430.88412185547,4.35018743835925
"69",8,"Female","3/7/24","15:22",66,1,"Lamp1_Perceptual_VA",1.49117583849202,0.370779037156586,"Perceptual",4.02173717782829,6280,40.64,3.6386740079785,1.9,73,6286.26390740955,2.55799716828007
"70",8,"Female","3/7/24","15:22",66,1,"Lamp2_Perceptual_VA",2.58964224140539,1.15268412998999,"Perceptual",2.24661915092723,2020,40.64,11.1833285742305,3.3,73,2039.39057406864,7.90728638048713
"71",8,"Female","3/7/24","15:22",66,1,"Lamp3_Perceptual_VA",1.27929096791041,0.463196299507583,"Perceptual",2.76187648578024,5027,40.64,4.54220950068023,1.63,73,5034.82302703879,3.19439921406215
"72",8,"Female","3/7/24","15:22",66,1,"Lamp4_Perceptual_VA",1.68735647370734,0.680641068700974,"Perceptual",2.47906944100173,3421,40.64,6.65844569578084,2.15,73,3432.48523865726,4.68839802993912
"73",9,"Male","3/8/24","09:12",24,1,"Stick1_Perceptual_VA",3.06760678295177,2.36338945002999,"Perceptual",1.29796922928333,6280,14,3.45399333027635,4.07,76,6285.38979360867,2.37295022764419
"74",9,"Male","3/8/24","09:12",24,1,"Stick2_Perceptual_VA",9.77680189624951,7.33856027190383,"Perceptual",1.33225067779039,2020,14,10.6276013401091,13,76,2036.69459114517,7.34107517941272
"75",9,"Male","3/8/24","09:12",24,1,"Stick3_Perceptual_VA",6.77711398144701,2.95223914553063,"Perceptual",2.29558435051132,5027,14,4.31199036449732,9,76,5033.73160365151,2.96346826953653
"76",9,"Male","3/8/24","09:12",24,1,"Stick4_Perceptual_VA",7.78325049031586,4.33706574300479,"Perceptual",1.79458900360673,3421,14,6.32247066698118,10.34,76,3430.88412185547,4.35018743835925
"77",9,"Male","3/8/24","09:12",24,1,"Lamp1_Perceptual_VA",0.723726539416115,0.370779037156586,"Perceptual",1.95190792059389,6280,40.64,3.6386740079785,0.96,76,6286.26390740955,2.55799716828007
"78",9,"Male","3/8/24","09:12",24,1,"Lamp2_Perceptual_VA",1.83933809879903,1.15268412998999,"Perceptual",1.59570002825926,2020,40.64,11.1833285742305,2.44,76,2039.39057406864,7.90728638048713
"79",9,"Male","3/8/24","09:12",24,1,"Lamp3_Perceptual_VA",0.738803762095228,0.463196299507583,"Perceptual",1.59501222889872,5027,40.64,4.54220950068023,0.98,76,5034.82302703879,3.19439921406215
"80",9,"Male","3/8/24","09:12",24,1,"Lamp4_Perceptual_VA",1.08557176724372,0.680641068700974,"Perceptual",1.59492545654874,3421,40.64,6.65844569578084,1.44,76,3432.48523865726,4.68839802993912
"81",10,"Female","3/8/24","15:35",21,1,"Stick1_Perceptual_VA",9.52728338145235,2.36338945002999,"Perceptual",4.03119485082387,6280,14,3.45399333027635,9,54,6285.38979360867,2.37295022764419
"82",10,"Female","3/8/24","15:35",21,1,"Stick2_Perceptual_VA",13.7273838292541,7.33856027190383,"Perceptual",1.87058269205886,2020,14,10.6276013401091,13,54,2036.69459114517,7.34107517941272
"83",10,"Female","3/8/24","15:35",21,1,"Stick3_Perceptual_VA",10.937742538026,2.95223914553063,"Perceptual",3.70489719797416,5027,14,4.31199036449732,10.34,54,5033.73160365151,2.96346826953653
"84",10,"Female","3/8/24","15:35",21,1,"Stick4_Perceptual_VA",11.6312530589825,4.33706574300479,"Perceptual",2.68182539721525,3421,14,6.32247066698118,11,54,3430.88412185547,4.35018743835925
"85",10,"Female","3/8/24","15:35",21,1,"Lamp1_Perceptual_VA",1.29440514759931,0.370779037156586,"Perceptual",3.49104188177894,6280,40.64,3.6386740079785,1.22,54,6286.26390740955,2.55799716828007
"86",10,"Female","3/8/24","15:35",21,1,"Lamp2_Perceptual_VA",2.58848005903914,1.15268412998999,"Perceptual",2.24561091082396,2020,40.64,11.1833285742305,2.44,54,2039.39057406864,7.90728638048713
"87",10,"Female","3/8/24","15:35",21,1,"Lamp3_Perceptual_VA",1.72935241528148,0.463196299507583,"Perceptual",3.73351949728426,5027,40.64,4.54220950068023,1.63,54,5034.82302703879,3.19439921406215
"88",10,"Female","3/8/24","15:35",21,1,"Lamp4_Perceptual_VA",2.01575467142859,0.680641068700974,"Perceptual",2.96155310650843,3421,40.64,6.65844569578084,1.9,54,3432.48523865726,4.68839802993912
"89",11,"Male","3/13/24","14:09",22,1,"Stick1_Perceptual_VA",5.16557403242697,2.36338945002999,"Perceptual",2.1856634895114,6280,14,3.45399333027635,4.15,46,6285.38979360867,2.37295022764419
"90",11,"Male","3/13/24","14:09",22,1,"Stick2_Perceptual_VA",13.6364291433037,7.33856027190383,"Perceptual",1.85818861439508,2020,14,10.6276013401091,11,46,2036.69459114517,7.34107517941272
"91",11,"Male","3/13/24","14:09",22,1,"Stick3_Perceptual_VA",6.43278161567526,2.95223914553063,"Perceptual",2.17895004387223,5027,14,4.31199036449732,5.17,46,5033.73160365151,2.96346826953653
"92",11,"Male","3/13/24","14:09",22,1,"Stick4_Perceptual_VA",9.56851448843483,4.33706574300479,"Perceptual",2.20621845630719,3421,14,6.32247066698118,7.7,46,3430.88412185547,4.35018743835925
"93",11,"Male","3/13/24","14:09",22,1,"Lamp1_Perceptual_VA",1.51949465365048,0.370779037156586,"Perceptual",4.09811370487155,6280,40.64,3.6386740079785,1.22,46,6286.26390740955,2.55799716828007
"94",11,"Male","3/13/24","14:09",22,1,"Lamp2_Perceptual_VA",4.10858793239121,1.15268412998999,"Perceptual",3.5643658357879,2020,40.64,11.1833285742305,3.3,46,2039.39057406864,7.90728638048713
"95",11,"Male","3/13/24","14:09",22,1,"Lamp3_Perceptual_VA",1.79346056011619,0.463196299507583,"Perceptual",3.87192333363369,5027,40.64,4.54220950068023,1.44,46,5034.82302703879,3.19439921406215
"96",11,"Male","3/13/24","14:09",22,1,"Lamp4_Perceptual_VA",2.67746756199938,0.680641068700974,"Perceptual",3.93374376763573,3421,40.64,6.65844569578084,2.15,46,3432.48523865726,4.68839802993912
"97",12,"Female","3/13/24","15:12",18,1,"Stick1_Perceptual_VA",3.71397221878404,2.36338945002999,"Perceptual",1.57146009885798,6280,14,3.45399333027635,4.15,64,6285.38979360867,2.37295022764419
"98",12,"Female","3/13/24","15:12",18,1,"Stick2_Perceptual_VA",6.16230166619986,7.33856027190383,"Perceptual",0.839715344410625,2020,14,10.6276013401091,6.89,64,2036.69459114517,7.34107517941272
"99",12,"Female","3/13/24","15:12",18,1,"Stick3_Perceptual_VA",4.6259102082723,2.95223914553063,"Perceptual",1.56691581550073,5027,14,4.31199036449732,5.17,64,5033.73160365151,2.96346826953653
"100",12,"Female","3/13/24","15:12",18,1,"Stick4_Perceptual_VA",6.16230166619986,4.33706574300479,"Perceptual",1.42084580482529,3421,14,6.32247066698118,6.89,64,3430.88412185547,4.35018743835925
"101",12,"Female","3/13/24","15:12",18,1,"Lamp1_Perceptual_VA",0.877324481678558,0.370779037156586,"Perceptual",2.36616527300612,6280,40.64,3.6386740079785,0.98,64,6286.26390740955,2.55799716828007
"102",12,"Female","3/13/24","15:12",18,1,"Lamp2_Perceptual_VA",1.45917301262444,1.15268412998999,"Perceptual",1.26589147422123,2020,40.64,11.1833285742305,1.63,64,2039.39057406864,7.90728638048713
"103",12,"Female","3/13/24","15:12",18,1,"Lamp3_Perceptual_VA",1.09216772520983,0.463196299507583,"Perceptual",2.35789389157664,5027,40.64,4.54220950068023,1.22,64,5034.82302703879,3.19439921406215
"104",12,"Female","3/13/24","15:12",18,1,"Lamp4_Perceptual_VA",1.45917301262444,0.680641068700974,"Perceptual",2.14382158192323,3421,40.64,6.65844569578084,1.63,64,3432.48523865726,4.68839802993912
"105",13,"Female","3/13/24","16:17",24,1,"Stick1_Perceptual_VA",9.96067333596166,2.36338945002999,"Perceptual",4.21457129540595,6280,14,3.45399333027635,6.1,35,6285.38979360867,2.37295022764419
"106",13,"Female","3/13/24","16:17",24,1,"Stick2_Perceptual_VA",14.6528133203391,7.33856027190383,"Perceptual",1.99668773947914,2020,14,10.6276013401091,9,35,2036.69459114517,7.34107517941272
"107",13,"Female","3/13/24","16:17",24,1,"Stick3_Perceptual_VA",9.96067333596166,2.95223914553063,"Perceptual",3.373938507333,5027,14,4.31199036449732,6.1,35,5033.73160365151,2.96346826953653
"108",13,"Female","3/13/24","16:17",24,1,"Stick4_Perceptual_VA",14.6528133203391,4.33706574300479,"Perceptual",3.37850846369402,3421,14,6.32247066698118,9,35,3430.88412185547,4.35018743835925
"109",13,"Female","3/13/24","16:17",24,1,"Lamp1_Perceptual_VA",1.60417702561128,0.370779037156586,"Perceptual",4.32650410312654,6280,40.64,3.6386740079785,0.98,35,6286.26390740955,2.55799716828007
"110",13,"Female","3/13/24","16:17",24,1,"Lamp2_Perceptual_VA",3.10957882152719,1.15268412998999,"Perceptual",2.69768511652381,2020,40.64,11.1833285742305,1.9,35,2039.39057406864,7.90728638048713
"111",13,"Female","3/13/24","16:17",24,1,"Lamp3_Perceptual_VA",1.9969649918728,0.463196299507583,"Perceptual",4.31127147171888,5027,40.64,4.54220950068023,1.22,35,5034.82302703879,3.19439921406215
"112",13,"Female","3/13/24","16:17",24,1,"Lamp4_Perceptual_VA",2.66786417897555,0.680641068700974,"Perceptual",3.91963444707686,3421,40.64,6.65844569578084,1.63,35,3432.48523865726,4.68839802993912
"113",14,"Female","4/16/24","13:14",33,1,"Stick1_Perceptual_VA",6.12581160273117,2.36338945002999,"Perceptual",2.59196028934353,6280,14,3.45399333027635,6.1,57,6285.38979360867,2.37295022764419
"114",14,"Female","4/16/24","13:14",33,1,"Stick2_Perceptual_VA",10.3652931058766,7.33856027190383,"Perceptual",1.41244232135843,2020,14,10.6276013401091,10.34,57,2036.69459114517,7.34107517941272
"115",14,"Female","4/16/24","13:14",33,1,"Stick3_Perceptual_VA",6.91733857930066,2.95223914553063,"Perceptual",2.34308206019582,5027,14,4.31199036449732,6.89,57,5033.73160365151,2.96346826953653
"116",14,"Female","4/16/24","13:14",33,1,"Stick4_Perceptual_VA",10.3652931058766,4.33706574300479,"Perceptual",2.389932207644,3421,14,6.32247066698118,10.34,57,3430.88412185547,4.35018743835925
"117",14,"Female","4/16/24","13:14",33,1,"Lamp1_Perceptual_VA",1.22628390640326,0.370779037156586,"Perceptual",3.30731725236499,6280,40.64,3.6386740079785,1.22,57,6286.26390740955,2.55799716828007
"118",14,"Female","4/16/24","13:14",33,1,"Lamp2_Perceptual_VA",2.16090041902653,1.15268412998999,"Perceptual",1.87466831788974,2020,40.64,11.1833285742305,2.15,57,2039.39057406864,7.90728638048713
"119",14,"Female","4/16/24","13:14",33,1,"Lamp3_Perceptual_VA",1.90968250774438,0.463196299507583,"Perceptual",4.12283627864586,5027,40.64,4.54220950068023,1.9,57,5034.82302703879,3.19439921406215
"120",14,"Female","4/16/24","13:14",33,1,"Lamp4_Perceptual_VA",2.45228701198675,0.680641068700974,"Perceptual",3.60290779495134,3421,40.64,6.65844569578084,2.44,57,3432.48523865726,4.68839802993912
"121",15,"Female","4/16/24","14:12",27,1,"Stick1_Perceptual_VA",9.61590792606094,2.36338945002999,"Perceptual",4.06869376773215,6280,14,3.45399333027635,9,53.5,6285.38979360867,2.37295022764419
"122",15,"Female","4/16/24","14:12",27,1,"Stick2_Perceptual_VA",11.0393360375014,7.33856027190383,"Perceptual",1.50429179954633,2020,14,10.6276013401091,10.34,53.5,2036.69459114517,7.34107517941272
"123",15,"Female","4/16/24","14:12",27,1,"Stick3_Perceptual_VA",8.23211769264195,2.95223914553063,"Perceptual",2.78843186030661,5027,14,4.31199036449732,7.7,53.5,5033.73160365151,2.96346826953653
"124",15,"Female","4/16/24","14:12",27,1,"Stick4_Perceptual_VA",9.61590792606094,4.33706574300479,"Perceptual",2.21714599128923,3421,14,6.32247066698118,9,53.5,3430.88412185547,4.35018743835925
"125",15,"Female","4/16/24","14:12",27,1,"Lamp1_Perceptual_VA",1.30650134849125,0.370779037156586,"Perceptual",3.52366562713602,6280,40.64,3.6386740079785,1.22,53.5,6286.26390740955,2.55799716828007
"126",15,"Female","4/16/24","14:12",27,1,"Lamp2_Perceptual_VA",2.30223086573137,1.15268412998999,"Perceptual",1.99727818387798,2020,40.64,11.1833285742305,2.15,53.5,2039.39057406864,7.90728638048713
"127",15,"Female","4/16/24","14:12",27,1,"Lamp3_Perceptual_VA",1.74551209902246,0.463196299507583,"Perceptual",3.76840683070674,5027,40.64,4.54220950068023,1.63,53.5,5034.82302703879,3.19439921406215
"128",15,"Female","4/16/24","14:12",27,1,"Lamp4_Perceptual_VA",2.03458955947317,0.680641068700974,"Perceptual",2.9892253832938,3421,40.64,6.65844569578084,1.9,53.5,3432.48523865726,4.68839802993912
"129",16,"Male","4/18/24","16:00",28,1,"Stick1_Perceptual_VA",6.57224949843447,2.36338945002999,"Perceptual",2.78085759346648,6280,14,3.45399333027635,6.89,60,6285.38979360867,2.37295022764419
"130",16,"Male","4/18/24","16:00",28,1,"Stick2_Perceptual_VA",10.474952133625,7.33856027190383,"Perceptual",1.42738517440936,2020,14,10.6276013401091,11,60,2036.69459114517,7.34107517941272
"131",16,"Male","4/18/24","16:00",28,1,"Stick3_Perceptual_VA",8.57830665763804,2.95223914553063,"Perceptual",2.90569504527595,5027,14,4.31199036449732,9,60,5033.73160365151,2.96346826953653
"132",16,"Male","4/18/24","16:00",28,1,"Stick4_Perceptual_VA",9.84964388141976,4.33706574300479,"Perceptual",2.27103863880923,3421,14,6.32247066698118,10.34,60,3430.88412185547,4.35018743835925
"133",16,"Male","4/18/24","16:00",28,1,"Lamp1_Perceptual_VA",0.935810261301848,0.370779037156586,"Perceptual",2.52390283031735,6280,40.64,3.6386740079785,0.98,60,6286.26390740955,2.55799716828007
"134",16,"Male","4/18/24","16:00",28,1,"Lamp2_Perceptual_VA",2.05287912186776,1.15268412998999,"Perceptual",1.78095548334268,2020,40.64,11.1833285742305,2.15,60,2039.39057406864,7.90728638048713
"135",16,"Male","4/18/24","16:00",28,1,"Lamp3_Perceptual_VA",1.3750327092782,0.463196299507583,"Perceptual",2.96857446991691,5027,40.64,4.54220950068023,1.44,60,5034.82302703879,3.19439921406215
"136",16,"Male","4/18/24","16:00",28,1,"Lamp4_Perceptual_VA",1.81421475686113,0.680641068700974,"Perceptual",2.66545002981324,3421,40.64,6.65844569578084,1.9,60,3432.48523865726,4.68839802993912
"137",17,"Male","4/19/24","14:18",31,1,"Stick1_Perceptual_VA",6.07264378538437,2.36338945002999,"Perceptual",2.56946386271941,6280,14,3.45399333027635,6.1,57.5,6285.38979360867,2.37295022764419
"138",17,"Male","4/19/24","14:18",31,1,"Stick2_Perceptual_VA",10.9276856264733,7.33856027190383,"Perceptual",1.4890775876449,2020,14,10.6276013401091,11,57.5,2036.69459114517,7.34107517941272
"139",17,"Male","4/19/24","14:18",31,1,"Stick3_Perceptual_VA",6.85733193337949,2.95223914553063,"Perceptual",2.3227562522368,5027,14,4.31199036449732,6.89,57.5,5033.73160365151,2.96346826953653
"140",17,"Male","4/19/24","14:18",31,1,"Stick4_Perceptual_VA",7.66121700737146,4.33706574300479,"Perceptual",1.76645166602055,3421,14,6.32247066698118,7.7,57.5,3430.88412185547,4.35018743835925
"141",17,"Male","4/19/24","14:18",31,1,"Lamp1_Perceptual_VA",0.956568186329096,0.370779037156586,"Perceptual",2.57988745443859,6280,40.64,3.6386740079785,0.96,57.5,6286.26390740955,2.55799716828007
"142",17,"Male","4/19/24","14:18",31,1,"Lamp2_Perceptual_VA",1.62410203838201,1.15268412998999,"Perceptual",1.408974059872,2020,40.64,11.1833285742305,1.63,57.5,2039.39057406864,7.90728638048713
"143",17,"Male","4/19/24","14:18",31,1,"Lamp3_Perceptual_VA",0.777217786526536,0.463196299507583,"Perceptual",1.67794472311801,5027,40.64,4.54220950068023,0.78,57.5,5034.82302703879,3.19439921406215
"144",17,"Male","4/19/24","14:18",31,1,"Lamp4_Perceptual_VA",0.976495735309457,0.680641068700974,"Perceptual",1.43467060718674,3421,40.64,6.65844569578084,0.98,57.5,3432.48523865726,4.68839802993912
"145",18,"Female","4/19/24","15:09",28,1,"Stick1_Perceptual_VA",7.66121700737146,2.36338945002999,"Perceptual",3.2416227495956,6280,14,3.45399333027635,7.7,57.5,6285.38979360867,2.37295022764419
"146",18,"Female","4/19/24","15:09",28,1,"Stick2_Perceptual_VA",12.8990694076846,7.33856027190383,"Perceptual",1.75771117627384,2020,14,10.6276013401091,13,57.5,2036.69459114517,7.34107517941272
"147",18,"Female","4/19/24","15:09",28,1,"Stick3_Perceptual_VA",8.9497930124922,2.95223914553063,"Perceptual",3.03152711257868,5027,14,4.31199036449732,9,57.5,5033.73160365151,2.96346826953653
"148",18,"Female","4/19/24","15:09",28,1,"Stick4_Perceptual_VA",10.2756446194628,4.33706574300479,"Perceptual",2.36926189925441,3421,14,6.32247066698118,10.34,57.5,3430.88412185547,4.35018743835925
"149",18,"Female","4/19/24","15:09",28,1,"Lamp1_Perceptual_VA",1.21562137158315,0.370779037156586,"Perceptual",3.27856013895891,6280,40.64,3.6386740079785,1.22,57.5,6286.26390740955,2.55799716828007
"150",18,"Female","4/19/24","15:09",28,1,"Lamp2_Perceptual_VA",1.62410203838201,1.15268412998999,"Perceptual",1.408974059872,2020,40.64,11.1833285742305,1.63,57.5,2039.39057406864,7.90728638048713
"151",18,"Female","4/19/24","15:09",28,1,"Lamp3_Perceptual_VA",1.43481062193527,0.463196299507583,"Perceptual",3.09762971651673,5027,40.64,4.54220950068023,1.44,57.5,5034.82302703879,3.19439921406215
"152",18,"Female","4/19/24","15:09",28,1,"Lamp4_Perceptual_VA",1.43481062193527,0.680641068700974,"Perceptual",2.1080282808583,3421,40.64,6.65844569578084,1.44,57.5,3432.48523865726,4.68839802993912
"153",19,"Male","4/19/24","16:16",25,1,"Stick1_Perceptual_VA",3.44501225479606,2.36338945002999,"Perceptual",1.45765745664657,6280,14,3.45399333027635,4.15,69,6285.38979360867,2.37295022764419
"154",19,"Male","4/19/24","16:16",25,1,"Stick2_Perceptual_VA",8.57004932411535,7.33856027190383,"Perceptual",1.16781071580571,2020,14,10.6276013401091,10.34,69,2036.69459114517,7.34107517941272
"155",19,"Male","4/19/24","16:16",25,1,"Stick3_Perceptual_VA",5.71652739371184,2.95223914553063,"Perceptual",1.93633615432749,5027,14,4.31199036449732,6.89,69,5033.73160365151,2.96346826953653
"156",19,"Male","4/19/24","16:16",25,1,"Stick4_Perceptual_VA",4.29102481325839,4.33706574300479,"Perceptual",0.989384313617874,3421,14,6.32247066698118,5.17,69,3430.88412185547,4.35018743835925
"157",19,"Male","4/19/24","16:16",25,1,"Lamp1_Perceptual_VA",1.01302942083891,0.370779037156586,"Perceptual",2.73216476478171,6280,40.64,3.6386740079785,1.22,69,6286.26390740955,2.55799716828007
"158",19,"Male","4/19/24","16:16",25,1,"Lamp2_Perceptual_VA",2.24172275062063,1.15268412998999,"Perceptual",1.94478495217949,2020,40.64,11.1833285742305,2.7,69,2039.39057406864,7.90728638048713
"159",19,"Male","4/19/24","16:16",25,1,"Lamp3_Perceptual_VA",1.35344605518774,0.463196299507583,"Perceptual",2.92197078566165,5027,40.64,4.54220950068023,1.63,69,5034.82302703879,3.19439921406215
"160",19,"Male","4/19/24","16:16",25,1,"Lamp4_Perceptual_VA",2.02590052632231,0.680641068700974,"Perceptual",2.97645942844561,3421,40.64,6.65844569578084,2.44,69,3432.48523865726,4.68839802993912
"161",20,"Female","5/10/24","14:49",21,1,"Stick1_Perceptual_VA",4.26028306883585,2.36338945002999,"Perceptual",1.80261575965899,6280,14,3.45399333027635,3.05,41,6285.38979360867,2.37295022764419
"162",20,"Female","5/10/24","14:49",21,1,"Stick2_Perceptual_VA",12.5269812286691,7.33856027190383,"Perceptual",1.70700801853866,2020,14,10.6276013401091,9,41,2036.69459114517,7.34107517941272
"163",20,"Female","5/10/24","14:49",21,1,"Stick3_Perceptual_VA",7.2153075242465,2.95223914553063,"Perceptual",2.44401187321484,5027,14,4.31199036449732,5.17,41,5033.73160365151,2.96346826953653
"164",20,"Female","5/10/24","14:49",21,1,"Stick4_Perceptual_VA",9.60592202742266,4.33706574300479,"Perceptual",2.21484353630469,3421,14,6.32247066698118,6.89,41,3430.88412185547,4.35018743835925
"165",20,"Female","5/10/24","14:49",21,1,"Lamp1_Perceptual_VA",1.00614393022129,0.370779037156586,"Perceptual",2.71359443062682,6280,40.64,3.6386740079785,0.72,41,6286.26390740955,2.55799716828007
"166",20,"Female","5/10/24","14:49",21,1,"Lamp2_Perceptual_VA",2.01213275104213,1.15268412998999,"Perceptual",1.74560636230813,2020,40.64,11.1833285742305,1.44,41,2039.39057406864,7.90728638048713
"167",20,"Female","5/10/24","14:49",21,1,"Lamp3_Perceptual_VA",0.908328699476422,0.463196299507583,"Perceptual",1.96100163244407,5027,40.64,4.54220950068023,0.65,41,5034.82302703879,3.19439921406215
"168",20,"Female","5/10/24","14:49",21,1,"Lamp4_Perceptual_VA",1.36944367868379,0.680641068700974,"Perceptual",2.0119909621343,3421,40.64,6.65844569578084,0.98,41,3432.48523865726,4.68839802993912
"169",21,"Male","5/15/24","12:50",34,1,"Stick1_Perceptual_VA",10.138840265225,2.36338945002999,"Perceptual",4.28995748673429,6280,14,3.45399333027635,11,62,6285.38979360867,2.37295022764419
"170",21,"Male","5/15/24","12:50",34,1,"Stick2_Perceptual_VA",13.7948551155035,7.33856027190383,"Perceptual",1.87977676879183,2020,14,10.6276013401091,15,62,2036.69459114517,7.34107517941272
"171",21,"Male","5/15/24","12:50",34,1,"Stick3_Perceptual_VA",11.9699046302308,2.95223914553063,"Perceptual",4.05451727999474,5027,14,4.31199036449732,13,62,5033.73160365151,2.96346826953653
"172",21,"Male","5/15/24","12:50",34,1,"Stick4_Perceptual_VA",13.7948551155035,4.33706574300479,"Perceptual",3.18068849607665,3421,14,6.32247066698118,15,62,3430.88412185547,4.35018743835925
"173",21,"Male","5/15/24","12:50",34,1,"Lamp1_Perceptual_VA",1.50623777298719,0.370779037156586,"Perceptual",4.06235957819557,6280,40.64,3.6386740079785,1.63,62,6286.26390740955,2.55799716828007
"174",21,"Male","5/15/24","12:50",34,1,"Lamp2_Perceptual_VA",3.04889441703089,1.15268412998999,"Perceptual",2.64503894666909,2020,40.64,11.1833285742305,3.3,62,2039.39057406864,7.90728638048713
"175",21,"Male","5/15/24","12:50",34,1,"Lamp3_Perceptual_VA",2.25457520039089,0.463196299507583,"Perceptual",4.86742921475774,5027,40.64,4.54220950068023,2.44,62,5034.82302703879,3.19439921406215
"176",21,"Male","5/15/24","12:50",34,1,"Lamp4_Perceptual_VA",2.49474456938856,0.680641068700974,"Perceptual",3.66528657189297,3421,40.64,6.65844569578084,2.7,62,3432.48523865726,4.68839802993912
"177",22,"Male","5/15/24","13:44",39,1,"Stick1_Perceptual_VA",16.4384184977981,2.36338945002999,"Perceptual",6.95544210777006,6280,14,3.45399333027635,13,45,6285.38979360867,2.37295022764419
"178",22,"Male","5/15/24","13:44",39,1,"Stick2_Perceptual_VA",18.9246444160512,7.33856027190383,"Perceptual",2.57879525613566,2020,14,10.6276013401091,15,45,2036.69459114517,7.34107517941272
"179",22,"Male","5/15/24","13:44",39,1,"Stick3_Perceptual_VA",13.9365134827571,2.95223914553063,"Perceptual",4.72065872571857,5027,14,4.31199036449732,11,45,5033.73160365151,2.96346826953653
"180",22,"Male","5/15/24","13:44",39,1,"Stick4_Perceptual_VA",18.9246444160512,4.33706574300479,"Perceptual",4.36346726967987,3421,14,6.32247066698118,15,45,3430.88412185547,4.35018743835925
"181",22,"Male","5/15/24","13:44",39,1,"Lamp1_Perceptual_VA",2.73694446146761,0.370779037156586,"Perceptual",7.38160518042381,6280,40.64,3.6386740079785,2.15,45,6286.26390740955,2.55799716828007
"182",22,"Male","5/15/24","13:44",39,1,"Lamp2_Perceptual_VA",4.83543823026369,1.15268412998999,"Perceptual",4.19493780165577,2020,40.64,11.1833285742305,3.8,45,2039.39057406864,7.90728638048713
"183",22,"Male","5/15/24","13:44",39,1,"Lamp3_Perceptual_VA",4.19980903529035,0.463196299507583,"Perceptual",9.06701767642596,5027,40.64,4.54220950068023,3.3,45,5034.82302703879,3.19439921406215
"184",22,"Male","5/15/24","13:44",39,1,"Lamp4_Perceptual_VA",4.83543823026369,0.680641068700974,"Perceptual",7.10424106422535,3421,40.64,6.65844569578084,3.8,45,3432.48523865726,4.68839802993912
"185",23,"Male","5/15/24","14:56",22,1,"Stick1_Perceptual_VA",3.55906618049237,2.36338945002999,"Perceptual",1.50591608185744,6280,14,3.45399333027635,4.07,65.5,6285.38979360867,2.37295022764419
"186",23,"Male","5/15/24","14:56",22,1,"Stick2_Perceptual_VA",11.3345713564783,7.33856027190383,"Perceptual",1.54452248622573,2020,14,10.6276013401091,13,65.5,2036.69459114517,7.34107517941272
"187",23,"Male","5/15/24","14:56",22,1,"Stick3_Perceptual_VA",6.72779349945773,2.95223914553063,"Perceptual",2.27887822354869,5027,14,4.31199036449732,7.7,65.5,5033.73160365151,2.96346826953653
"188",23,"Male","5/15/24","14:56",22,1,"Stick4_Perceptual_VA",7.86035109145096,4.33706574300479,"Perceptual",1.81236613812664,3421,14,6.32247066698118,9,65.5,3430.88412185547,4.35018743835925
"189",23,"Male","5/15/24","14:56",22,1,"Lamp1_Perceptual_VA",0.682292822890108,0.370779037156586,"Perceptual",1.84016018845738,6280,40.64,3.6386740079785,0.78,65.5,6286.26390740955,2.55799716828007
"190",23,"Male","5/15/24","14:56",22,1,"Lamp2_Perceptual_VA",3.3230980998697,1.15268412998999,"Perceptual",2.88292170717971,2020,40.64,11.1833285742305,3.8,65.5,2039.39057406864,7.90728638048713
"191",23,"Male","5/15/24","14:56",22,1,"Lamp3_Perceptual_VA",1.42576032574527,0.463196299507583,"Perceptual",3.07809092443306,5027,40.64,4.54220950068023,1.63,65.5,5034.82302703879,3.19439921406215
"192",23,"Male","5/15/24","14:56",22,1,"Lamp4_Perceptual_VA",1.88053232451094,0.680641068700974,"Perceptual",2.76288400889473,3421,40.64,6.65844569578084,2.15,65.5,3432.48523865726,4.68839802993912
"193",24,"Female","5/17/24","13:46",24,1,"Stick1_Perceptual_VA",3.42829771129073,2.36338945002999,"Perceptual",1.45058518021532,6280,14,3.45399333027635,4.07,68,6285.38979360867,2.37295022764419
"194",24,"Female","5/17/24","13:46",24,1,"Stick2_Perceptual_VA",6.48098529659251,7.33856027190383,"Perceptual",0.883141250662667,2020,14,10.6276013401091,7.7,68,2036.69459114517,7.34107517941272
"195",24,"Female","5/17/24","13:46",24,1,"Stick3_Perceptual_VA",4.35406784022052,2.95223914553063,"Perceptual",1.47483575197901,5027,14,4.31199036449732,5.17,68,5033.73160365151,2.96346826953653
"196",24,"Female","5/17/24","13:46",24,1,"Stick4_Perceptual_VA",5.80045148515443,4.33706574300479,"Perceptual",1.33741377900714,3421,14,6.32247066698118,6.89,68,3430.88412185547,4.35018743835925
"197",24,"Female","5/17/24","13:46",24,1,"Lamp1_Perceptual_VA",0.606655527170763,0.370779037156586,"Perceptual",1.63616457883665,6280,40.64,3.6386740079785,0.72,68,6286.26390740955,2.55799716828007
"198",24,"Female","5/17/24","13:46",24,1,"Lamp2_Perceptual_VA",1.21327705058698,1.15268412998999,"Perceptual",1.05256680388019,2020,40.64,11.1833285742305,1.44,68,2039.39057406864,7.90728638048713
"199",24,"Female","5/17/24","13:46",24,1,"Lamp3_Perceptual_VA",0.825719001432256,0.463196299507583,"Perceptual",1.7826545728238,5027,40.64,4.54220950068023,0.98,68,5034.82302703879,3.19439921406215
"200",24,"Female","5/17/24","13:46",24,1,"Lamp4_Perceptual_VA",1.0279261189529,0.680641068700974,"Perceptual",1.51023228867857,3421,40.64,6.65844569578084,1.22,68,3432.48523865726,4.68839802993912
"201",25,"Female","5/17/24","14:36",19,1,"Stick1_Perceptual_VA",12.0753650428458,2.36338945002999,"Perceptual",5.10934202684731,6280,14,3.45399333027635,11,52,6285.38979360867,2.37295022764419
"202",25,"Female","5/17/24","14:36",19,1,"Stick2_Perceptual_VA",16.4144328238363,7.33856027190383,"Perceptual",2.23673748196632,2020,14,10.6276013401091,15,52,2036.69459114517,7.34107517941272
"203",25,"Female","5/17/24","14:36",19,1,"Stick3_Perceptual_VA",14.2500326978036,2.95223914553063,"Perceptual",4.82685581870175,5027,14,4.31199036449732,13,52,5033.73160365151,2.96346826953653
"204",25,"Female","5/17/24","14:36",19,1,"Stick4_Perceptual_VA",11.3557265877199,4.33706574300479,"Perceptual",2.61829708392948,3421,14,6.32247066698118,10.34,52,3430.88412185547,4.35018743835925
"205",25,"Female","5/17/24","14:36",19,1,"Lamp1_Perceptual_VA",1.58655097187362,0.370779037156586,"Perceptual",4.27896621136,6280,40.64,3.6386740079785,1.44,52,6286.26390740955,2.55799716828007
"206",25,"Female","5/17/24","14:36",19,1,"Lamp2_Perceptual_VA",2.68800114399016,1.15268412998999,"Perceptual",2.33194946824983,2020,40.64,11.1833285742305,2.44,52,2039.39057406864,7.90728638048713
"207",25,"Female","5/17/24","14:36",19,1,"Lamp3_Perceptual_VA",2.09326677052905,0.463196299507583,"Perceptual",4.5191785270184,5027,40.64,4.54220950068023,1.9,52,5034.82302703879,3.19439921406215
"208",25,"Female","5/17/24","14:36",19,1,"Lamp4_Perceptual_VA",2.97430505841653,0.680641068700974,"Perceptual",4.36985835147017,3421,40.64,6.65844569578084,2.7,52,3432.48523865726,4.68839802993912
"209",26,"Female","5/17/24","15:43",46,1,"Stick1_Perceptual_VA",8.38432377174021,2.36338945002999,"Perceptual",3.54758449634012,6280,14,3.45399333027635,6.89,47,6285.38979360867,2.37295022764419
"210",26,"Female","5/17/24","15:43",46,1,"Stick2_Perceptual_VA",15.7478762634513,7.33856027190383,"Perceptual",2.14590814546322,2020,14,10.6276013401091,13,47,2036.69459114517,7.34107517941272
"211",26,"Female","5/17/24","15:43",46,1,"Stick3_Perceptual_VA",10.9381899402239,2.95223914553063,"Perceptual",3.70504874470726,5027,14,4.31199036449732,9,47,5033.73160365151,2.96346826953653
"212",26,"Female","5/17/24","15:43",46,1,"Stick4_Perceptual_VA",12.5545969791951,4.33706574300479,"Perceptual",2.89472139071082,3421,14,6.32247066698118,10.34,47,3430.88412185547,4.35018743835925
"213",26,"Female","5/17/24","15:43",46,1,"Lamp1_Perceptual_VA",2.62052024189515,0.370779037156586,"Perceptual",7.06760625409485,6280,40.64,3.6386740079785,2.15,47,6286.26390740955,2.55799716828007
"214",26,"Female","5/17/24","15:43",46,1,"Lamp2_Perceptual_VA",4.62990372540444,1.15268412998999,"Perceptual",4.01662832422674,2020,40.64,11.1833285742305,3.8,47,2039.39057406864,7.90728638048713
"215",26,"Female","5/17/24","15:43",46,1,"Lamp3_Perceptual_VA",2.97383650527282,0.463196299507583,"Perceptual",6.42025100035182,5027,40.64,4.54220950068023,2.44,47,5034.82302703879,3.19439921406215
"216",26,"Female","5/17/24","15:43",46,1,"Lamp4_Perceptual_VA",4.0212436950691,0.680641068700974,"Perceptual",5.90802389098233,3421,40.64,6.65844569578084,3.3,47,3432.48523865726,4.68839802993912
"217",27,"Male","5/31/24","13:46",21,1,"Stick1_Perceptual_VA",4.69925570146253,2.36338945002999,"Perceptual",1.98835435327973,6280,14,3.45399333027635,5.17,63,6285.38979360867,2.37295022764419
"218",27,"Male","5/31/24","13:46",21,1,"Stick2_Perceptual_VA",9.97872513928441,7.33856027190383,"Perceptual",1.35976605349807,2020,14,10.6276013401091,11,63,2036.69459114517,7.34107517941272
"219",27,"Male","5/31/24","13:46",21,1,"Stick3_Perceptual_VA",11.7812528324082,2.95223914553063,"Perceptual",3.99061602114577,5027,14,4.31199036449732,13,63,5033.73160365151,2.96346826953653
"220",27,"Male","5/31/24","13:46",21,1,"Stick4_Perceptual_VA",11.7812528324082,4.33706574300479,"Perceptual",2.71641094014082,3421,14,6.32247066698118,13,63,3430.88412185547,4.35018743835925
"221",27,"Male","5/31/24","13:46",21,1,"Lamp1_Perceptual_VA",1.48233192547313,0.370779037156586,"Perceptual",3.99788493125386,6280,40.64,3.6386740079785,1.63,63,6286.26390740955,2.55799716828007
"222",27,"Male","5/31/24","13:46",21,1,"Lamp2_Perceptual_VA",2.21879730851814,1.15268412998999,"Perceptual",1.92489620598612,2020,40.64,11.1833285742305,2.44,63,2039.39057406864,7.90728638048713
"223",27,"Male","5/31/24","13:46",21,1,"Lamp3_Perceptual_VA",1.72783699880744,0.463196299507583,"Perceptual",3.73024784663496,5027,40.64,4.54220950068023,1.9,63,5034.82302703879,3.19439921406215
"224",27,"Male","5/31/24","13:46",21,1,"Lamp4_Perceptual_VA",1.95514241782868,0.680641068700974,"Perceptual",2.87250139278273,3421,40.64,6.65844569578084,2.15,63,3432.48523865726,4.68839802993912
"225",28,"Female","5/31/24","14:12",20,1,"Stick1_Perceptual_VA",3.47943512033849,2.36338945002999,"Perceptual",1.47222249819823,6280,14,3.45399333027635,4.07,67,6285.38979360867,2.37295022764419
"226",28,"Female","5/31/24","14:12",20,1,"Stick2_Perceptual_VA",7.68490625582972,7.33856027190383,"Perceptual",1.04719535863893,2020,14,10.6276013401091,9,67,2036.69459114517,7.34107517941272
"227",28,"Female","5/31/24","14:12",20,1,"Stick3_Perceptual_VA",5.21288254174861,2.95223914553063,"Perceptual",1.76573857495263,5027,14,4.31199036449732,6.1,67,5033.73160365151,2.96346826953653
"228",28,"Female","5/31/24","14:12",20,1,"Stick4_Perceptual_VA",6.57750564887419,4.33706574300479,"Perceptual",1.51657965053515,3421,14,6.32247066698118,7.7,67,3430.88412185547,4.35018743835925
"229",28,"Female","5/31/24","14:12",20,1,"Lamp1_Perceptual_VA",0.838042729434726,0.370779037156586,"Perceptual",2.26022144040686,6280,40.64,3.6386740079785,0.98,67,6286.26390740955,2.55799716828007
"230",28,"Female","5/31/24","14:12",20,1,"Lamp2_Perceptual_VA",2.08636199879084,1.15268412998999,"Perceptual",1.81000323029429,2020,40.64,11.1833285742305,2.44,67,2039.39057406864,7.90728638048713
"231",28,"Female","5/31/24","14:12",20,1,"Lamp3_Perceptual_VA",1.62469681337902,0.463196299507583,"Perceptual",3.50757727362289,5027,40.64,4.54220950068023,1.9,67,5034.82302703879,3.19439921406215
"232",28,"Female","5/31/24","14:12",20,1,"Lamp4_Perceptual_VA",1.8384381612317,0.680641068700974,"Perceptual",2.70103913174152,3421,40.64,6.65844569578084,2.15,67,3432.48523865726,4.68839802993912
"233",29,"Female","5/31/24","14:47",22,1,"Stick1_Perceptual_VA",8.98516295983063,2.36338945002999,"Perceptual",3.80181224880927,6280,14,3.45399333027635,7.7,49,6285.38979360867,2.37295022764419
"234",29,"Female","5/31/24","14:47",22,1,"Stick2_Perceptual_VA",12.8087054527683,7.33856027190383,"Perceptual",1.74539759546668,2020,14,10.6276013401091,11,49,2036.69459114517,7.34107517941272
"235",29,"Female","5/31/24","14:47",22,1,"Stick3_Perceptual_VA",10.4942778032329,2.95223914553063,"Perceptual",3.55468418577136,5027,14,4.31199036449732,9,49,5033.73160365151,2.96346826953653
"236",29,"Female","5/31/24","14:47",22,1,"Stick4_Perceptual_VA",12.0460103619387,4.33706574300479,"Perceptual",2.7774562516991,3421,14,6.32247066698118,10.34,49,3430.88412185547,4.35018743835925
"237",29,"Female","5/31/24","14:47",22,1,"Lamp1_Perceptual_VA",1.68367316970785,0.370779037156586,"Perceptual",4.54090711982947,6280,40.64,3.6386740079785,1.44,49,6286.26390740955,2.55799716828007
"238",29,"Female","5/31/24","14:47",22,1,"Lamp2_Perceptual_VA",2.51359526784811,1.15268412998999,"Perceptual",2.18064533244675,2020,40.64,11.1833285742305,2.15,49,2039.39057406864,7.90728638048713
"239",29,"Female","5/31/24","14:47",22,1,"Lamp3_Perceptual_VA",1.90578591584785,0.463196299507583,"Perceptual",4.11442388005659,5027,40.64,4.54220950068023,1.63,49,5034.82302703879,3.19439921406215
"240",29,"Female","5/31/24","14:47",22,1,"Lamp4_Perceptual_VA",2.22139478135891,0.680641068700974,"Perceptual",3.26368020313337,3421,40.64,6.65844569578084,1.9,49,3432.48523865726,4.68839802993912
"241",30,"Female","5/31/24","15:23",30,1,"Stick1_Perceptual_VA",3.96137930730684,2.36338945002999,"Perceptual",1.67614326418211,6280,14,3.45399333027635,3.32,48,6285.38979360867,2.37295022764419
"242",30,"Female","5/31/24","15:23",30,1,"Stick2_Perceptual_VA",13.0732672975941,7.33856027190383,"Perceptual",1.78144851486006,2020,14,10.6276013401091,11,48,2036.69459114517,7.34107517941272
"243",30,"Female","5/31/24","15:23",30,1,"Stick3_Perceptual_VA",4.95061530033457,2.95223914553063,"Perceptual",1.67690185526781,5027,14,4.31199036449732,4.15,48,5033.73160365151,2.96346826953653
"244",30,"Female","5/31/24","15:23",30,1,"Stick4_Perceptual_VA",8.21025384666051,4.33706574300479,"Perceptual",1.89304343838982,3421,14,6.32247066698118,6.89,48,3430.88412185547,4.35018743835925
"245",30,"Female","5/31/24","15:23",30,1,"Lamp1_Perceptual_VA",0.620698207619945,0.370779037156586,"Perceptual",1.67403802647509,6280,40.64,3.6386740079785,0.52,48,6286.26390740955,2.55799716828007
"246",30,"Female","5/31/24","15:23",30,1,"Lamp2_Perceptual_VA",1.9454822379486,1.15268412998999,"Perceptual",1.68778435247954,2020,40.64,11.1833285742305,1.63,48,2039.39057406864,7.90728638048713
"247",30,"Female","5/31/24","15:23",30,1,"Lamp3_Perceptual_VA",0.584889336618137,0.463196299507583,"Perceptual",1.26272454516568,5027,40.64,4.54220950068023,0.49,48,5034.82302703879,3.19439921406215
"248",30,"Female","5/31/24","15:23",30,1,"Lamp4_Perceptual_VA",1.14587739536697,0.680641068700974,"Perceptual",1.68352667515922,3421,40.64,6.65844569578084,0.96,48,3432.48523865726,4.68839802993912
"249",31,"Female","7/9/24","10:12",19,NA,"MoonBall1_Perceptual_VA",0.513682858260855,0.520007630710858,"Perceptual",0.98783715454068,6060,55,0.638169172479282,0.52,58,6060.21713224865,-0.485017042994091
"250",31,"Female","7/9/24","10:12",19,NA,"MoonBall2_Perceptual_VA",0.96807807089276,1.51494436526228,"Perceptual",0.639018892766505,2080,55,1.8587059278709,0.98,58,2080.63252161452,-1.4128258332407
"251",31,"Female","7/9/24","10:12",19,NA,"MoonBall3_Perceptual_VA",0.642101153543711,0.667633944256746,"Perceptual",0.961756302338012,4720,55,0.819322351466107,0.65,58,4720.27877248791,-0.622702915456561
"252",31,"Female","7/9/24","10:12",19,NA,"MoonBall4_Perceptual_VA",0.770517836025137,0.963667763228612,"Perceptual",0.79956792727365,3270,55,1.18254310334088,0.78,58,3270.40237432644,-0.898786663881024
"253",32,"Non binary","7/9/24","11:00",31,NA,"Stick1_Perceptual_VA",3.52152041561668,2.22523607733862,"Perceptual",1.5825378940595,6670,14,3.2524826979439,3.32,54,6675.0748952802,2.2343469966129
"254",32,"Non binary","7/9/24","11:00",31,NA,"Stick2_Perceptual_VA",7.30062334629877,6.59014302579263,"Perceptual",1.10780954491055,2250,14,9.56239024466585,6.89,54,2264.99996856512,6.59764087877339
"255",32,"Non binary","7/9/24","11:00",31,NA,"Stick3_Perceptual_VA",5.48135595283756,3.03491199445318,"Perceptual",1.80610046118493,4890,14,4.43232176895042,5.17,54,4896.91993579638,3.04633960593711
"256",32,"Non binary","7/9/24","11:00",31,NA,"Stick4_Perceptual_VA",5.48135595283756,4.59326303517683,"Perceptual",1.19334684533836,3230,14,6.69303962174181,5.17,54,3240.46676539044,4.60635130800869
"257",32,"Non binary","7/9/24","11:00",31,NA,"Lamp1a_Perceptual_VA",0.551732872573209,0.349099441653887,"Perceptual",1.58044616158459,6670,40.64,3.42644053116461,0.52,54,6675.8979855597,2.40861072638117
"258",32,"Non binary","7/9/24","11:00",31,NA,"Lamp2a_Perceptual_VA",2.01575467142859,1.03486096781857,"Perceptual",1.94785071049465,2250,40.64,10.0647990473917,1.9,54,2267.42451111388,7.10771530925642
"259",32,"Non binary","7/9/24","11:00",31,NA,"Lamp3a_Perceptual_VA",0.551732872573209,0.476173226397326,"Perceptual",1.15868100511984,4890,40.64,4.66891069426445,0.52,54,4898.04184481921,3.28370146944949
"260",32,"Non binary","7/9/24","11:00",31,NA,"Lamp4a_Perceptual_VA",0.827591315087436,0.720888471152493,"Perceptual",1.14801574474392,3230,40.64,7.04832901449635,0.78,54,3242.16191970728,4.96429062998348
"261",33,"Male","7/10/24","10:29",24,NA,"MoonBall1_Perceptual_VA",1.23138427952127,0.520007630710858,"Perceptual",2.36801194212853,6060,55,0.638169172479282,1.44,67,6060.21713224865,-0.485017042994091
"262",33,"Male","7/10/24","10:29",24,NA,"MoonBall2_Perceptual_VA",1.8384381612317,1.51494436526228,"Perceptual",1.21353509962949,2080,55,1.8587059278709,2.15,67,2080.63252161452,-1.4128258332407
"263",33,"Male","7/10/24","10:29",24,NA,"MoonBall3_Perceptual_VA",1.39384350283648,0.667633944256746,"Perceptual",2.08773612370503,4720,55,0.819322351466107,1.63,67,4720.27877248791,-0.622702915456561
"264",33,"Male","7/10/24","10:29",24,NA,"MoonBall4_Perceptual_VA",1.62469681337902,0.963667763228612,"Perceptual",1.68595119124431,3270,55,1.18254310334088,1.9,67,3270.40237432644,-0.898786663881024
"265",34,"Female","7/10/24","11:04",19,NA,"MoonBall1_Perceptual_VA",0.572953020554149,0.520007630710858,"Perceptual",1.10181656328949,6060,55,0.638169172479282,0.52,52,6060.21713224865,-0.485017042994091
"266",34,"Female","7/10/24","11:04",19,NA,"MoonBall2_Perceptual_VA",1.05773819557891,1.51494436526228,"Perceptual",0.698202666601411,2080,55,1.8587059278709,0.96,52,2080.63252161452,-1.4128258332407
"267",34,"Female","7/10/24","11:04",19,NA,"MoonBall3_Perceptual_VA",0.716187918647142,0.667633944256746,"Perceptual",1.07272544304866,4720,55,0.819322351466107,0.65,52,4720.27877248791,-0.622702915456561
"268",34,"Female","7/10/24","11:04",19,NA,"MoonBall4_Perceptual_VA",0.859420578802087,0.963667763228612,"Perceptual",0.891822484465744,3270,55,1.18254310334088,0.78,52,3270.40237432644,-0.898786663881024
"269",35,"Female","7/15/24","11:48",22,NA,"MoonBall1_Perceptual_VA",0.711248818915873,0.520007630710858,"Perceptual",1.36776611901557,6060,55,0.638169172479282,0.72,58,6060.21713224865,-0.485017042994091
"270",35,"Female","7/15/24","11:48",22,NA,"MoonBall2_Perceptual_VA",1.61010300942674,1.51494436526228,"Perceptual",1.06281329291454,2080,55,1.8587059278709,1.63,58,2080.63252161452,-1.4128258332407
"271",35,"Female","7/15/24","11:48",22,NA,"MoonBall3_Perceptual_VA",0.770517836025137,0.667633944256746,"Perceptual",1.15410224817572,4720,55,0.819322351466107,0.78,58,4720.27877248791,-0.622702915456561
"272",35,"Female","7/15/24","11:48",22,NA,"MoonBall4_Perceptual_VA",1.20514265306009,0.963667763228612,"Perceptual",1.25057898483857,3270,55,1.18254310334088,1.22,58,3270.40237432644,-0.898786663881024
"273",36,"Female","7/16/24","10:41",29,NA,"MoonBall1_Perceptual_VA",0.572953020554149,0.520007630710858,"Perceptual",1.10181656328949,6060,55,0.638169172479282,0.72,72,6060.21713224865,-0.485017042994091
"274",36,"Female","7/16/24","10:41",29,NA,"MoonBall2_Perceptual_VA",2.14833999674524,1.51494436526228,"Perceptual",1.41809827872676,2080,55,1.8587059278709,2.7,72,2080.63252161452,-1.4128258332407
"275",36,"Female","7/16/24","10:41",29,NA,"MoonBall3_Perceptual_VA",0.763932409458051,0.667633944256746,"Perceptual",1.14423841991514,4720,55,0.819322351466107,0.96,72,4720.27877248791,-0.622702915456561
"276",36,"Female","7/16/24","10:41",29,NA,"MoonBall4_Perceptual_VA",1.51188422710866,0.963667763228612,"Perceptual",1.56888534077693,3270,55,1.18254310334088,1.9,72,3270.40237432644,-0.898786663881024
"277",37,"Male","7/16/24","13:46",20,NA,"MoonBall1_Perceptual_VA",0.943673859023845,0.520007630710858,"Perceptual",1.81473079103441,6060,55,0.638169172479282,0.98,59.5,6060.21713224865,-0.485017042994091
"278",37,"Male","7/16/24","13:46",20,NA,"MoonBall2_Perceptual_VA",2.59953053617955,1.51494436526228,"Perceptual",1.7159247532694,2080,55,1.8587059278709,2.7,59.5,2080.63252161452,-1.4128258332407
"279",37,"Male","7/16/24","13:46",20,NA,"MoonBall3_Perceptual_VA",1.17476306169338,0.667633944256746,"Perceptual",1.7595915722967,4720,55,0.819322351466107,1.22,59.5,4720.27877248791,-0.622702915456561
"280",37,"Male","7/16/24","13:46",20,NA,"MoonBall4_Perceptual_VA",1.56951731918571,0.963667763228612,"Perceptual",1.62869131777045,3270,55,1.18254310334088,1.63,59.5,3270.40237432644,-0.898786663881024
"281",38,"Male","7/18/24","14:33",21,NA,"MoonBall1_Perceptual_VA",0.769164666596614,0.520007630710858,"Perceptual",1.47914111480471,6060,55,0.638169172479282,0.98,73,6060.21713224865,-0.485017042994091
"282",38,"Male","7/18/24","14:33",21,NA,"MoonBall2_Perceptual_VA",1.68735647370734,1.51494436526228,"Perceptual",1.11380755122002,2080,55,1.8587059278709,2.15,73,2080.63252161452,-1.4128258332407
"283",38,"Male","7/18/24","14:33",21,NA,"MoonBall3_Perceptual_VA",0.957523618089764,0.667633944256746,"Perceptual",1.43420451630233,4720,55,0.819322351466107,1.22,73,4720.27877248791,-0.622702915456561
"284",38,"Male","7/18/24","14:33",21,NA,"MoonBall4_Perceptual_VA",1.27929096791041,0.963667763228612,"Perceptual",1.32752284213011,3270,55,1.18254310334088,1.63,73,3270.40237432644,-0.898786663881024
"285",39,"Male","7/17/24","10:53",21,NA,"MoonBall1_Perceptual_VA",2.13430181664235,0.520007630710858,"Perceptual",4.10436634117219,6060,55,0.638169172479282,1.9,51,6060.21713224865,-0.485017042994091
"286",39,"Male","7/17/24","10:53",21,NA,"MoonBall2_Perceptual_VA",3.70608126165302,1.51494436526228,"Perceptual",2.44634809477732,2080,55,1.8587059278709,3.3,51,2080.63252161452,-1.4128258332407
"287",39,"Male","7/17/24","10:53",21,NA,"MoonBall3_Perceptual_VA",2.13430181664235,0.667633944256746,"Perceptual",3.19681441454926,4720,55,0.819322351466107,1.9,51,4720.27877248791,-0.622702915456561
"288",39,"Male","7/17/24","10:53",21,NA,"MoonBall4_Perceptual_VA",3.03259780080651,0.963667763228612,"Perceptual",3.14693291248665,3270,55,1.18254310334088,2.7,51,3270.40237432644,-0.898786663881024
"289",40,"Male","7/18/24","11:31",23,NA,"MoonBall1_Perceptual_VA",0.919728289724227,0.520007630710858,"Perceptual",1.76868229504045,6060,55,0.638169172479282,1.22,76,6060.21713224865,-0.485017042994091
"290",40,"Male","7/18/24","11:31",23,NA,"MoonBall2_Perceptual_VA",2.03529390911587,1.51494436526228,"Perceptual",1.34347765884029,2080,55,1.8587059278709,2.7,76,2080.63252161452,-1.4128258332407
"291",40,"Male","7/18/24","11:31",23,NA,"MoonBall3_Perceptual_VA",1.08557176724372,0.667633944256746,"Perceptual",1.62599846305336,4720,55,0.819322351466107,1.44,76,4720.27877248791,-0.622702915456561
"292",40,"Male","7/18/24","11:31",23,NA,"MoonBall4_Perceptual_VA",1.43231989094082,0.963667763228612,"Perceptual",1.48632126713678,3270,55,1.18254310334088,1.9,76,3270.40237432644,-0.898786663881024
"293",41,"Female","7/18/24","15:18",20,NA,"MoonBall1_Perceptual_VA",0.743286174739155,0.520007630710858,"Perceptual",1.42937551459211,6060,55,0.638169172479282,0.96,74,6060.21713224865,-0.485017042994091
"294",41,"Female","7/18/24","15:18",20,NA,"MoonBall2_Perceptual_VA",1.66455758859699,1.51494436526228,"Perceptual",1.09875822952007,2080,55,1.8587059278709,2.15,74,2080.63252161452,-1.4128258332407
"295",41,"Female","7/18/24","15:18",20,NA,"MoonBall3_Perceptual_VA",0.94458469988587,0.667633944256746,"Perceptual",1.41482425813062,4720,55,0.819322351466107,1.22,74,4720.27877248791,-0.622702915456561
"296",41,"Female","7/18/24","15:18",20,NA,"MoonBall4_Perceptual_VA",1.47102704255262,0.963667763228612,"Perceptual",1.52648775717492,3270,55,1.18254310334088,1.9,74,3270.40237432644,-0.898786663881024
"297",42,"Male","7/19/24","13:50",18,NA,"MoonBall1_Perceptual_VA",0.94458469988587,0.520007630710858,"Perceptual",1.81648238237314,6060,55,0.638169172479282,1.22,74,6060.21713224865,-0.485017042994091
"298",42,"Male","7/19/24","13:50",18,NA,"MoonBall2_Perceptual_VA",1.47102704255262,1.51494436526228,"Perceptual",0.971010603612457,2080,55,1.8587059278709,1.9,74,2080.63252161452,-1.4128258332407
"299",42,"Male","7/19/24","13:50",18,NA,"MoonBall3_Perceptual_VA",1.11490971756358,0.667633944256746,"Perceptual",1.66994163067124,4720,55,0.819322351466107,1.44,74,4720.27877248791,-0.622702915456561
"300",42,"Male","7/19/24","13:50",18,NA,"MoonBall4_Perceptual_VA",1.26200465952468,0.963667763228612,"Perceptual",1.30958480472205,3270,55,1.18254310334088,1.63,74,3270.40237432644,-0.898786663881024
"301",43,"Female","7/19/24","14:34",22,NA,"MoonBall1_Perceptual_VA",0.891249709902549,0.520007630710858,"Perceptual",1.71391659903951,6060,55,0.638169172479282,0.98,63,6060.21713224865,-0.485017042994091
"302",43,"Female","7/19/24","14:34",22,NA,"MoonBall2_Perceptual_VA",1.95514241782868,1.51494436526228,"Perceptual",1.29057044117272,2080,55,1.8587059278709,2.15,63,2080.63252161452,-1.4128258332407
"303",43,"Female","7/19/24","14:34",22,NA,"MoonBall3_Perceptual_VA",1.3095608045354,0.667633944256746,"Perceptual",1.96149524121828,4720,55,0.819322351466107,1.44,63,4720.27877248791,-0.622702915456561
"304",43,"Female","7/19/24","14:34",22,NA,"MoonBall4_Perceptual_VA",1.72783699880744,0.963667763228612,"Perceptual",1.79297997166431,3270,55,1.18254310334088,1.9,63,3270.40237432644,-0.898786663881024
"305",44,"Female","7/19/24","15:11",22,NA,"MoonBall1_Perceptual_VA",0.677124058646317,0.520007630710858,"Perceptual",1.30214254302514,6060,55,0.638169172479282,0.78,66,6060.21713224865,-0.485017042994091
"306",44,"Female","7/19/24","15:11",22,NA,"MoonBall2_Perceptual_VA",1.4149602132169,1.51494436526228,"Perceptual",0.934001436397254,2080,55,1.8587059278709,1.63,66,2080.63252161452,-1.4128258332407
"307",44,"Female","7/19/24","15:11",22,NA,"MoonBall3_Perceptual_VA",0.625038668734024,0.667633944256746,"Perceptual",0.936199655680865,4720,55,0.819322351466107,0.72,66,4720.27877248791,-0.622702915456561
"308",44,"Female","7/19/24","15:11",22,NA,"MoonBall4_Perceptual_VA",0.833378463587148,0.963667763228612,"Perceptual",0.86479852848356,3270,55,1.18254310334088,0.96,66,3270.40237432644,-0.898786663881024
"309",45,"Male","7/25/24","11:28",19,2,"Lamp1a_Perceptual_VA",0.970821925241984,0.349099441653887,"Perceptual",2.78093233447363,6670,40.64,3.42644053116461,1.22,72,6675.8979855597,2.40861072638117
"310",45,"Male","7/25/24","11:28",19,2,"Lamp2a_Perceptual_VA",2.62559699395004,1.03486096781857,"Perceptual",2.53714950664788,2250,40.64,10.0647990473917,3.3,72,2267.42451111388,7.10771530925642
"311",45,"Male","7/25/24","11:28",19,2,"Lamp3a_Perceptual_VA",1.2970573908472,0.476173226397326,"Perceptual",2.72391919356867,4890,40.64,4.66891069426445,1.63,72,4898.04184481921,3.28370146944949
"312",45,"Male","7/25/24","11:28",19,2,"Lamp4a_Perceptual_VA",1.71078852195229,0.720888471152493,"Perceptual",2.37316671081899,3230,40.64,7.04832901449635,2.15,72,3242.16191970728,4.96429062998348
"313",45,"Male","7/25/24","11:28",19,2,"MoonBall1_Perceptual_VA",0.970821925241984,0.520007630710858,"Perceptual",1.8669378445752,6060,55,0.638169172479282,1.22,72,6060.21713224865,-0.485017042994091
"314",45,"Male","7/25/24","11:28",19,2,"MoonBall2_Perceptual_VA",1.94150450877571,1.51494436526228,"Perceptual",1.2815681904197,2080,55,1.8587059278709,2.44,72,2080.63252161452,-1.4128258332407
"315",45,"Male","7/25/24","11:28",19,2,"MoonBall3_Perceptual_VA",0.970821925241984,0.667633944256746,"Perceptual",1.45412307686477,4720,55,0.819322351466107,1.22,72,4720.27877248791,-0.622702915456561
"316",45,"Male","7/25/24","11:28",19,2,"MoonBall4_Perceptual_VA",1.51188422710866,0.963667763228612,"Perceptual",1.56888534077693,3270,55,1.18254310334088,1.9,72,3270.40237432644,-0.898786663881024
"317",46,"Male","7/25/24","13:45",41,2,"Lamp1a_Perceptual_VA",0.94458469988587,0.349099441653887,"Perceptual",2.70577545300795,6670,40.64,3.42644053116461,1.22,74,6675.8979855597,2.40861072638117
"318",46,"Male","7/25/24","13:45",41,2,"Lamp2a_Perceptual_VA",1.88904105196659,1.03486096781857,"Perceptual",1.82540564453656,2250,40.64,10.0647990473917,2.44,74,2267.42451111388,7.10771530925642
"319",46,"Male","7/25/24","13:45",41,2,"Lamp3a_Perceptual_VA",1.11490971756358,0.476173226397326,"Perceptual",2.34139522290841,4890,40.64,4.66891069426445,1.44,74,4898.04184481921,3.28370146944949
"320",46,"Male","7/25/24","13:45",41,2,"Lamp4a_Perceptual_VA",1.66455758859699,0.720888471152493,"Perceptual",2.30903621739968,3230,40.64,7.04832901449635,2.15,74,3242.16191970728,4.96429062998348
"321",46,"Male","7/25/24","13:45",41,2,"MoonBall1_Perceptual_VA",1.11490971756358,0.520007630710858,"Perceptual",2.14402568677595,6060,55,0.638169172479282,1.44,74,6060.21713224865,-0.485017042994091
"322",46,"Male","7/25/24","13:45",41,2,"MoonBall2_Perceptual_VA",2.09028981160228,1.51494436526228,"Perceptual",1.3797799176872,2080,55,1.8587059278709,2.7,74,2080.63252161452,-1.4128258332407
"323",46,"Male","7/25/24","13:45",41,2,"MoonBall3_Perceptual_VA",1.26200465952468,0.667633944256746,"Perceptual",1.89026437373496,4720,55,0.819322351466107,1.63,74,4720.27877248791,-0.622702915456561
"324",46,"Male","7/25/24","13:45",41,2,"MoonBall4_Perceptual_VA",1.47102704255262,0.963667763228612,"Perceptual",1.52648775717492,3270,55,1.18254310334088,1.9,74,3270.40237432644,-0.898786663881024
"325",47,"Male","7/26/24","14:42",33,2,"Lamp1a_Perceptual_VA",1.84495889016128,0.349099441653887,"Perceptual",5.28490931243155,6670,40.64,3.42644053116461,1.9,59,6675.8979855597,2.40861072638117
"326",47,"Male","7/26/24","14:42",33,2,"Lamp2a_Perceptual_VA",2.3691827412141,1.03486096781857,"Perceptual",2.28937298331794,2250,40.64,10.0647990473917,2.44,59,2267.42451111388,7.10771530925642
"327",47,"Male","7/26/24","14:42",33,2,"Lamp3a_Perceptual_VA",1.84495889016128,0.476173226397326,"Perceptual",3.87455402337515,4890,40.64,4.66891069426445,1.9,59,4898.04184481921,3.28370146944949
"328",47,"Male","7/26/24","14:42",33,2,"Lamp4a_Perceptual_VA",1.58281662878821,0.720888471152493,"Perceptual",2.19564702742124,3230,40.64,7.04832901449635,1.63,59,3242.16191970728,4.96429062998348
"329",47,"Male","7/26/24","14:42",33,2,"MoonBall1_Perceptual_VA",1.39833605416732,0.520007630710858,"Perceptual",2.68906833589303,6060,55,0.638169172479282,1.44,59,6060.21713224865,-0.485017042994091
"330",47,"Male","7/26/24","14:42",33,2,"MoonBall2_Perceptual_VA",2.3691827412141,1.51494436526228,"Perceptual",1.56387442043386,2080,55,1.8587059278709,2.44,59,2080.63252161452,-1.4128258332407
"331",47,"Male","7/26/24","14:42",33,2,"MoonBall3_Perceptual_VA",1.58281662878821,0.667633944256746,"Perceptual",2.37078513218843,4720,55,0.819322351466107,1.63,59,4720.27877248791,-0.622702915456561
"332",47,"Male","7/26/24","14:42",33,2,"MoonBall4_Perceptual_VA",1.84495889016128,0.963667763228612,"Perceptual",1.91451759679088,3270,55,1.18254310334088,1.9,59,3270.40237432644,-0.898786663881024
"333",48,"Female","7/26/24","15:10",18,2,"Lamp1a_Perceptual_VA",0.982189309936894,0.349099441653887,"Perceptual",2.8134943593255,6670,40.64,3.42644053116461,0.96,56,6675.8979855597,2.40861072638117
"334",48,"Female","7/26/24","15:10",18,2,"Lamp2a_Perceptual_VA",2.49606412268826,1.03486096781857,"Perceptual",2.4119801599531,2250,40.64,10.0647990473917,2.44,56,2267.42451111388,7.10771530925642
"335",48,"Female","7/26/24","15:10",18,2,"Lamp3a_Perceptual_VA",1.00265055352368,0.476173226397326,"Perceptual",2.10564243838241,4890,40.64,4.66891069426445,0.98,56,4898.04184481921,3.28370146944949
"336",48,"Female","7/26/24","15:10",18,2,"Lamp4a_Perceptual_VA",1.47323886973195,0.720888471152493,"Perceptual",2.04364326617219,3230,40.64,7.04832901449635,1.44,56,3242.16191970728,4.96429062998348
"337",48,"Female","7/26/24","15:10",18,2,"MoonBall1_Perceptual_VA",0.982189309936894,0.520007630710858,"Perceptual",1.88879787897387,6060,55,0.638169172479282,0.96,56,6060.21713224865,-0.485017042994091
"338",48,"Female","7/26/24","15:10",18,2,"MoonBall2_Perceptual_VA",2.76194012873058,1.51494436526228,"Perceptual",1.823129741304,2080,55,1.8587059278709,2.7,56,2080.63252161452,-1.4128258332407
"339",48,"Female","7/26/24","15:10",18,2,"MoonBall3_Perceptual_VA",1.24818011648329,0.667633944256746,"Perceptual",1.86955760296586,4720,55,0.819322351466107,1.22,56,4720.27877248791,-0.622702915456561
"340",48,"Female","7/26/24","15:10",18,2,"MoonBall4_Perceptual_VA",1.94377749744809,0.963667763228612,"Perceptual",2.01706186677427,3270,55,1.18254310334088,1.9,56,3270.40237432644,-0.898786663881024
"341",49,"Female","7/30/24","11:38",22,2,"Lamp1a_Perceptual_VA",1.21283939314558,0.349099441653887,"Perceptual",3.47419459452487,6670,40.64,3.42644053116461,1.63,77,6675.8979855597,2.40861072638117
"342",49,"Female","7/30/24","11:38",22,2,"Lamp2a_Perceptual_VA",2.82701025502107,1.03486096781857,"Perceptual",2.73177783579976,2250,40.64,10.0647990473917,3.8,77,2267.42451111388,7.10771530925642
"343",49,"Female","7/30/24","11:38",22,2,"Lamp3a_Perceptual_VA",1.41372023374187,0.476173226397326,"Perceptual",2.96892003869668,4890,40.64,4.66891069426445,1.9,77,4898.04184481921,3.28370146944949
"344",49,"Female","7/30/24","11:38",22,2,"Lamp4a_Perceptual_VA",2.45515766426909,0.720888471152493,"Perceptual",3.40573856084007,3230,40.64,7.04832901449635,3.3,77,3242.16191970728,4.96429062998348
"345",49,"Female","7/30/24","11:38",22,2,"MoonBall1_Perceptual_VA",1.41372023374187,0.520007630710858,"Perceptual",2.71865286247683,6060,55,0.638169172479282,1.9,77,6060.21713224865,-0.485017042994091
"346",49,"Female","7/30/24","11:38",22,2,"MoonBall2_Perceptual_VA",3.49618962745355,1.51494436526228,"Perceptual",2.307800674151,2080,55,1.8587059278709,4.7,77,2080.63252161452,-1.4128258332407
"347",49,"Female","7/30/24","11:38",22,2,"MoonBall3_Perceptual_VA",1.815454614211,0.667633944256746,"Perceptual",2.71923653647072,4720,55,0.819322351466107,2.44,77,4720.27877248791,-0.622702915456561
"348",49,"Female","7/30/24","11:38",22,2,"MoonBall4_Perceptual_VA",2.45515766426909,0.963667763228612,"Perceptual",2.54772210709164,3270,55,1.18254310334088,3.3,77,3270.40237432644,-0.898786663881024
"349",50,"Female","7/31/24","11:48",24,2,"Lamp1a_Perceptual_VA",0.94458469988587,0.349099441653887,"Perceptual",2.70577545300795,6670,40.64,3.42644053116461,1.22,74,6675.8979855597,2.40861072638117
"350",50,"Female","7/31/24","11:48",24,2,"Lamp2a_Perceptual_VA",1.66455758859699,1.03486096781857,"Perceptual",1.6084842702163,2250,40.64,10.0647990473917,2.15,74,2267.42451111388,7.10771530925642
"351",50,"Female","7/31/24","11:48",24,2,"Lamp3a_Perceptual_VA",1.26200465952468,0.476173226397326,"Perceptual",2.65030579117787,4890,40.64,4.66891069426445,1.63,74,4898.04184481921,3.28370146944949
"352",50,"Female","7/31/24","11:48",24,2,"Lamp4a_Perceptual_VA",1.11490971756358,0.720888471152493,"Perceptual",1.54657726150227,3230,40.64,7.04832901449635,1.44,74,3242.16191970728,4.96429062998348
"353",50,"Female","7/31/24","11:48",24,2,"MoonBall1_Perceptual_VA",0.94458469988587,0.520007630710858,"Perceptual",1.81648238237314,6060,55,0.638169172479282,1.22,74,6060.21713224865,-0.485017042994091
"354",50,"Female","7/31/24","11:48",24,2,"MoonBall2_Perceptual_VA",1.66455758859699,1.51494436526228,"Perceptual",1.09875822952007,2080,55,1.8587059278709,2.15,74,2080.63252161452,-1.4128258332407
"355",50,"Female","7/31/24","11:48",24,2,"MoonBall3_Perceptual_VA",1.26200465952468,0.667633944256746,"Perceptual",1.89026437373496,4720,55,0.819322351466107,1.63,74,4720.27877248791,-0.622702915456561
"356",50,"Female","7/31/24","11:48",24,2,"MoonBall4_Perceptual_VA",1.47102704255262,0.963667763228612,"Perceptual",1.52648775717492,3270,55,1.18254310334088,1.9,74,3270.40237432644,-0.898786663881024
"357",51,"Female","7/31/24","13:53",64,2,"Lamp1a_Perceptual_VA",1.84918839068029,0.349099441653887,"Perceptual",5.29702477299765,6670,40.64,3.42644053116461,1.63,50.5,6675.8979855597,2.40861072638117
"358",51,"Female","7/31/24","13:53",64,2,"Lamp2a_Perceptual_VA",2.76781216013388,1.03486096781857,"Perceptual",2.67457392461933,2250,40.64,10.0647990473917,2.44,50.5,2267.42451111388,7.10771530925642
"359",51,"Female","7/31/24","13:53",64,2,"Lamp3a_Perceptual_VA",2.15542855826005,0.476173226397326,"Perceptual",4.52656394515876,4890,40.64,4.66891069426445,1.9,50.5,4898.04184481921,3.28370146944949
"360",51,"Female","7/31/24","13:53",64,2,"Lamp4a_Perceptual_VA",2.43895691308944,0.720888471152493,"Perceptual",3.38326524932525,3230,40.64,7.04832901449635,2.15,50.5,3242.16191970728,4.96429062998348
"361",51,"Female","7/31/24","13:53",64,2,"MoonBall1_Perceptual_VA",2.15542855826005,0.520007630710858,"Perceptual",4.14499409424733,6060,55,0.638169172479282,1.9,50.5,6060.21713224865,-0.485017042994091
"362",51,"Female","7/31/24","13:53",64,2,"MoonBall2_Perceptual_VA",4.30933299892624,1.51494436526228,"Perceptual",2.84454868293475,2080,55,1.8587059278709,3.8,50.5,2080.63252161452,-1.4128258332407
"363",51,"Female","7/31/24","13:53",64,2,"MoonBall3_Perceptual_VA",2.76781216013388,0.667633944256746,"Perceptual",4.14570317154139,4720,55,0.819322351466107,2.44,50.5,4720.27877248791,-0.622702915456561
"364",51,"Female","7/31/24","13:53",64,2,"MoonBall4_Perceptual_VA",3.74274917257612,0.963667763228612,"Perceptual",3.88385843689182,3270,55,1.18254310334088,3.3,50.5,3270.40237432644,-0.898786663881024
"365",52,"Female","8/1/24","11:48",19,2,"Lamp1a_Perceptual_VA",0.779847181605806,0.349099441653887,"Perceptual",2.23388263788454,6670,40.64,3.42644053116461,0.98,72,6675.8979855597,2.40861072638117
"366",52,"Female","8/1/24","11:48",19,2,"Lamp2a_Perceptual_VA",1.2970573908472,1.03486096781857,"Perceptual",1.25336391185119,2250,40.64,10.0647990473917,1.63,72,2267.42451111388,7.10771530925642
"367",52,"Female","8/1/24","11:48",19,2,"Lamp3a_Perceptual_VA",0.763932409458051,0.476173226397326,"Perceptual",1.60431617551848,4890,40.64,4.66891069426445,0.96,72,4898.04184481921,3.28370146944949
"368",52,"Female","8/1/24","11:48",19,2,"Lamp4a_Perceptual_VA",0.970821925241984,0.720888471152493,"Perceptual",1.34670197137418,3230,40.64,7.04832901449635,1.22,72,3242.16191970728,4.96429062998348
"369",52,"Female","8/1/24","11:48",19,2,"MoonBall1_Perceptual_VA",0.763932409458051,0.520007630710858,"Perceptual",1.4690792294985,6060,55,0.638169172479282,0.96,72,6060.21713224865,-0.485017042994091
"370",52,"Female","8/1/24","11:48",19,2,"MoonBall2_Perceptual_VA",1.2970573908472,1.51494436526228,"Perceptual",0.856174933277261,2080,55,1.8587059278709,1.63,72,2080.63252161452,-1.4128258332407
"371",52,"Female","8/1/24","11:48",19,2,"MoonBall3_Perceptual_VA",0.779847181605806,0.667633944256746,"Perceptual",1.16807599181312,4720,55,0.819322351466107,0.98,72,4720.27877248791,-0.622702915456561
"372",52,"Female","8/1/24","11:48",19,2,"MoonBall4_Perceptual_VA",1.14587739536697,0.963667763228612,"Perceptual",1.18907930626204,3270,55,1.18254310334088,1.44,72,3270.40237432644,-0.898786663881024
"373",53,"Female","8/2/24","14:41",22,2,"Lamp1a_Perceptual_VA",1.41372023374187,0.349099441653887,"Perceptual",4.04962043778774,6670,40.64,3.42644053116461,1.9,77,6675.8979855597,2.40861072638117
"374",53,"Female","8/2/24","14:41",22,2,"Lamp2a_Perceptual_VA",1.815454614211,1.03486096781857,"Perceptual",1.7542980851214,2250,40.64,10.0647990473917,2.44,77,2267.42451111388,7.10771530925642
"375",53,"Female","8/2/24","14:41",22,2,"Lamp3a_Perceptual_VA",1.41372023374187,0.476173226397326,"Perceptual",2.96892003869668,4890,40.64,4.66891069426445,1.9,77,4898.04184481921,3.28370146944949
"376",53,"Female","8/2/24","14:41",22,2,"Lamp4a_Perceptual_VA",1.815454614211,0.720888471152493,"Perceptual",2.51835712021946,3230,40.64,7.04832901449635,2.44,77,3242.16191970728,4.96429062998348
"377",53,"Female","8/2/24","14:41",22,2,"MoonBall1_Perceptual_VA",1.815454614211,0.520007630710858,"Perceptual",3.49120764195181,6060,55,0.638169172479282,2.44,77,6060.21713224865,-0.485017042994091
"378",53,"Female","8/2/24","14:41",22,2,"MoonBall2_Perceptual_VA",2.45515766426909,1.51494436526228,"Perceptual",1.62062562861444,2080,55,1.8587059278709,3.3,77,2080.63252161452,-1.4128258332407
"379",53,"Female","8/2/24","14:41",22,2,"MoonBall3_Perceptual_VA",1.41372023374187,0.667633944256746,"Perceptual",2.11750802352585,4720,55,0.819322351466107,1.9,77,4720.27877248791,-0.622702915456561
"380",53,"Female","8/2/24","14:41",22,2,"MoonBall4_Perceptual_VA",1.815454614211,0.963667763228612,"Perceptual",1.88390094956442,3270,55,1.18254310334088,2.44,77,3270.40237432644,-0.898786663881024
"381",54,"Female","8/2/24","15:16",23,2,"Lamp1a_Perceptual_VA",0.822348835742584,0.349099441653887,"Perceptual",2.35562919220563,6670,40.64,3.42644053116461,1.22,85,6675.8979855597,2.40861072638117
"382",54,"Female","8/2/24","15:16",23,2,"Lamp2a_Perceptual_VA",2.6957745603972,1.03486096781857,"Perceptual",2.60496302810582,2250,40.64,10.0647990473917,4,85,2267.42451111388,7.10771530925642
"383",54,"Female","8/2/24","15:16",23,2,"Lamp3a_Perceptual_VA",1.28067586632604,0.476173226397326,"Perceptual",2.68951674586051,4890,40.64,4.66891069426445,1.9,85,4898.04184481921,3.28370146944949
"384",54,"Female","8/2/24","15:16",23,2,"Lamp4a_Perceptual_VA",2.22414504423126,0.720888471152493,"Perceptual",3.08528313773072,3230,40.64,7.04832901449635,3.3,85,3242.16191970728,4.96429062998348
"385",54,"Female","8/2/24","15:16",23,2,"MoonBall1_Perceptual_VA",0.822348835742584,0.520007630710858,"Perceptual",1.58141686232262,6060,55,0.638169172479282,1.22,85,6060.21713224865,-0.485017042994091
"386",54,"Female","8/2/24","15:16",23,2,"MoonBall2_Perceptual_VA",2.22414504423126,1.51494436526228,"Perceptual",1.46813645123278,2080,55,1.8587059278709,3.3,85,2080.63252161452,-1.4128258332407
"387",54,"Female","8/2/24","15:16",23,2,"MoonBall3_Perceptual_VA",1.28067586632604,0.667633944256746,"Perceptual",1.91823060727053,4720,55,0.819322351466107,1.9,85,4720.27877248791,-0.622702915456561
"388",54,"Female","8/2/24","15:16",23,2,"MoonBall4_Perceptual_VA",1.8198305779284,0.963667763228612,"Perceptual",1.88844189602374,3270,55,1.18254310334088,2.7,85,3270.40237432644,-0.898786663881024
"389",55,"Female","8/9/24","15:23",23,2,"Lamp1a_Perceptual_VA",0.931990796366406,0.349099441653887,"Perceptual",2.6697000486481,6670,40.64,3.42644053116461,1.22,75,6675.8979855597,2.40861072638117
"390",55,"Female","8/9/24","15:23",23,2,"Lamp2a_Perceptual_VA",1.2451792641937,1.03486096781857,"Perceptual",1.20323338391867,2250,40.64,10.0647990473917,1.63,75,2267.42451111388,7.10771530925642
"391",55,"Female","8/9/24","15:23",23,2,"Lamp3a_Perceptual_VA",0.931990796366406,0.476173226397326,"Perceptual",1.95725157295748,4890,40.64,4.66891069426445,1.22,75,4898.04184481921,3.28370146944949
"392",55,"Female","8/9/24","15:23",23,2,"Lamp4a_Perceptual_VA",1.2451792641937,0.720888471152493,"Perceptual",1.72728419723929,3230,40.64,7.04832901449635,1.63,75,3242.16191970728,4.96429062998348
"393",55,"Female","8/9/24","15:23",23,2,"MoonBall1_Perceptual_VA",1.2451792641937,0.520007630710858,"Perceptual",2.39454036951634,6060,55,0.638169172479282,1.63,75,6060.21713224865,-0.485017042994091
"394",55,"Female","8/9/24","15:23",23,2,"MoonBall2_Perceptual_VA",1.86385831002637,1.51494436526228,"Perceptual",1.23031469192182,2080,55,1.8587059278709,2.44,75,2080.63252161452,-1.4128258332407
"395",55,"Female","8/9/24","15:23",23,2,"MoonBall3_Perceptual_VA",1.1000451740939,0.667633944256746,"Perceptual",1.64767711941091,4720,55,0.819322351466107,1.44,75,4720.27877248791,-0.622702915456561
"396",55,"Female","8/9/24","15:23",23,2,"MoonBall4_Perceptual_VA",1.45141546046989,0.963667763228612,"Perceptual",1.50613677851706,3270,55,1.18254310334088,1.9,75,3270.40237432644,-0.898786663881024
"397",56,"Male","8/13/24","12:09",19,2,"Lamp1a_Perceptual_VA",0.901685460893871,0.349099441653887,"Perceptual",2.58289001157396,6670,40.64,3.42644053116461,0.96,61,6675.8979855597,2.40861072638117
"398",56,"Male","8/13/24","12:09",19,2,"Lamp2a_Perceptual_VA",1.53092728112379,1.03486096781857,"Perceptual",1.47935551608531,2250,40.64,10.0647990473917,1.63,61,2267.42451111388,7.10771530925642
"399",56,"Male","8/13/24","12:09",19,2,"Lamp3a_Perceptual_VA",1.14587739536697,0.476173226397326,"Perceptual",2.40642970214129,4890,40.64,4.66891069426445,1.22,61,4898.04184481921,3.28370146944949
"400",56,"Male","8/13/24","12:09",19,2,"Lamp4a_Perceptual_VA",1.53092728112379,0.720888471152493,"Perceptual",2.1236673110839,3230,40.64,7.04832901449635,1.63,61,3242.16191970728,4.96429062998348
"401",56,"Male","8/13/24","12:09",19,2,"MoonBall1_Perceptual_VA",0.901685460893871,0.520007630710858,"Perceptual",1.73398505645245,6060,55,0.638169172479282,0.96,61,6060.21713224865,-0.485017042994091
"402",56,"Male","8/13/24","12:09",19,2,"MoonBall2_Perceptual_VA",1.78447837938828,1.51494436526228,"Perceptual",1.17791677391357,2080,55,1.8587059278709,1.9,61,2080.63252161452,-1.4128258332407
"403",56,"Male","8/13/24","12:09",19,2,"MoonBall3_Perceptual_VA",1.35249330026039,0.667633944256746,"Perceptual",2.02580068298665,4720,55,0.819322351466107,1.44,61,4720.27877248791,-0.622702915456561
"404",56,"Male","8/13/24","12:09",19,2,"MoonBall4_Perceptual_VA",1.53092728112379,0.963667763228612,"Perceptual",1.58864635670148,3270,55,1.18254310334088,1.63,61,3270.40237432644,-0.898786663881024
"405",57,"Female","8/15/24","11:11",46,2,"Lamp1a_Perceptual_VA",1.15059262391857,0.349099441653887,"Perceptual",3.29588789505805,6670,40.64,3.42644053116461,1.22,60.75,6675.8979855597,2.40861072638117
"406",57,"Female","8/15/24","11:11",46,2,"Lamp2a_Perceptual_VA",2.02754025746889,1.03486096781857,"Perceptual",1.9592392799806,2250,40.64,10.0647990473917,2.15,60.75,2267.42451111388,7.10771530925642
"407",57,"Female","8/15/24","11:11",46,2,"Lamp3a_Perceptual_VA",1.35805859623531,0.476173226397326,"Perceptual",2.85202636551036,4890,40.64,4.66891069426445,1.44,60.75,4898.04184481921,3.28370146944949
"408",57,"Female","8/15/24","11:11",46,2,"Lamp4a_Perceptual_VA",2.30095329379831,0.720888471152493,"Perceptual",3.19182978487609,3230,40.64,7.04832901449635,2.44,60.75,3242.16191970728,4.96429062998348
"409",57,"Female","8/15/24","11:11",46,2,"MoonBall1_Perceptual_VA",0.490430015437819,0.520007630710858,"Perceptual",0.943120805299325,6060,55,0.638169172479282,0.52,60.75,6060.21713224865,-0.485017042994091
"410",57,"Female","8/15/24","11:11",46,2,"MoonBall2_Perceptual_VA",2.30095329379831,1.51494436526228,"Perceptual",1.51883682764809,2080,55,1.8587059278709,2.44,60.75,2080.63252161452,-1.4128258332407
"411",57,"Female","8/15/24","11:11",46,2,"MoonBall3_Perceptual_VA",0.90539594653981,0.667633944256746,"Perceptual",1.35612629394953,4720,55,0.819322351466107,0.96,60.75,4720.27877248791,-0.622702915456561
"412",57,"Female","8/15/24","11:11",46,2,"MoonBall4_Perceptual_VA",1.35805859623531,0.963667763228612,"Perceptual",1.40926017041947,3270,55,1.18254310334088,1.44,60.75,3270.40237432644,-0.898786663881024
"413",58,"Male","8/30/24","16:21",26,2,"Lamp1a_Perceptual_VA",1.50218133579795,0.349099441653887,"Perceptual",4.30301844277163,6670,40.64,3.42644053116461,2.15,82,6675.8979855597,2.40861072638117
"414",58,"Male","8/30/24","16:21",26,2,"Lamp2a_Perceptual_VA",2.65469525137005,1.03486096781857,"Perceptual",2.56526754213756,2250,40.64,10.0647990473917,3.8,82,2267.42451111388,7.10771530925642
"415",58,"Male","8/30/24","16:21",26,2,"Lamp3a_Perceptual_VA",1.8863979298442,0.476173226397326,"Perceptual",3.96157915915701,4890,40.64,4.66891069426445,2.7,82,4898.04184481921,3.28370146944949
"416",58,"Male","8/30/24","16:21",26,2,"Lamp4a_Perceptual_VA",2.65469525137005,0.720888471152493,"Perceptual",3.68253253811364,3230,40.64,7.04832901449635,3.8,82,3242.16191970728,4.96429062998348
"417",58,"Male","8/30/24","16:21",26,2,"MoonBall1_Perceptual_VA",1.50218133579795,0.520007630710858,"Perceptual",2.8887678700877,6060,55,0.638169172479282,2.15,82,6060.21713224865,-0.485017042994091
"418",58,"Male","8/30/24","16:21",26,2,"MoonBall2_Perceptual_VA",2.65469525137005,1.51494436526228,"Perceptual",1.75233844373582,2080,55,1.8587059278709,3.8,82,2080.63252161452,-1.4128258332407
"419",58,"Male","8/30/24","16:21",26,2,"MoonBall3_Perceptual_VA",1.8863979298442,0.667633944256746,"Perceptual",2.82549733438772,4720,55,0.819322351466107,2.7,82,4720.27877248791,-0.622702915456561
"420",58,"Male","8/30/24","16:21",26,2,"MoonBall4_Perceptual_VA",2.30549463499594,0.963667763228612,"Perceptual",2.39241647689008,3270,55,1.18254310334088,3.3,82,3270.40237432644,-0.898786663881024
"421",59,"Female","11/1/24","16:23",20,2,"Lamp1a_Perceptual_VA",0.714327738540262,0.349099441653887,"Perceptual",2.04620132062107,6670,40.64,3.42644053116461,0.96,77,6675.8979855597,2.40861072638117
"422",59,"Female","11/1/24","16:23",20,2,"Lamp2a_Perceptual_VA",1.21283939314558,1.03486096781857,"Perceptual",1.17198293380625,2250,40.64,10.0647990473917,1.63,77,2267.42451111388,7.10771530925642
"423",59,"Female","11/1/24","16:23",20,2,"Lamp3a_Perceptual_VA",0.729209168771621,0.476173226397326,"Perceptual",1.53139472852923,4890,40.64,4.66891069426445,0.98,77,4898.04184481921,3.28370146944949
"424",59,"Female","11/1/24","16:23",20,2,"Lamp4a_Perceptual_VA",1.07147425973608,0.720888471152493,"Perceptual",1.48632458780081,3230,40.64,7.04832901449635,1.44,77,3242.16191970728,4.96429062998348
"425",60,"Male","11/1/24","16:27",18,2,"Lamp1a_Perceptual_VA",0.774691695301452,0.349099441653887,"Perceptual",2.21911467870383,6670,40.64,3.42644053116461,0.96,71,6675.8979855597,2.40861072638117
"426",60,"Male","11/1/24","16:27",18,2,"Lamp2a_Perceptual_VA",1.53317584763577,1.03486096781857,"Perceptual",1.48152833599243,2250,40.64,10.0647990473917,1.9,71,2267.42451111388,7.10771530925642
"427",60,"Male","11/1/24","16:27",18,2,"Lamp3a_Perceptual_VA",0.774691695301452,0.476173226397326,"Perceptual",1.62691149429523,4890,40.64,4.66891069426445,0.96,71,4898.04184481921,3.28370146944949
"428",60,"Male","11/1/24","16:27",18,2,"Lamp4a_Perceptual_VA",0.984494805327187,0.720888471152493,"Perceptual",1.36566867792082,3230,40.64,7.04832901449635,1.22,71,3242.16191970728,4.96429062998348
"429",31453,"Non binary","11/8/24","14:39",21,2,"Lamp1a_Perceptual_VA",0.774691695301452,0.349099441653887,"Perceptual",2.21911467870383,6670,40.64,3.42644053116461,0.96,71,6675.8979855597,2.40861072638117
"430",31453,"Non binary","11/8/24","14:39",21,2,"Lamp2a_Perceptual_VA",1.31532421137466,1.03486096781857,"Perceptual",1.27101538494324,2250,40.64,10.0647990473917,1.63,71,2267.42451111388,7.10771530925642
"431",31453,"Non binary","11/8/24","14:39",21,2,"Lamp3a_Perceptual_VA",0.984494805327187,0.476173226397326,"Perceptual",2.06751398598314,4890,40.64,4.66891069426445,1.22,71,4898.04184481921,3.28370146944949
"432",31453,"Non binary","11/8/24","14:39",21,2,"Lamp4a_Perceptual_VA",1.16201541492958,0.720888471152493,"Perceptual",1.6119212075508,3230,40.64,7.04832901449635,1.44,71,3242.16191970728,4.96429062998348
"433",31453,"Non binary","11/8/24","14:39",21,2,"MoonBall1_Perceptual_VA",0.790830598396201,0.520007630710858,"Perceptual",1.52080575686,6060,55,0.638169172479282,0.98,71,6060.21713224865,-0.485017042994091
"434",31453,"Non binary","11/8/24","14:39",21,2,"MoonBall2_Perceptual_VA",1.53317584763577,1.51494436526228,"Perceptual",1.01203442369999,2080,55,1.8587059278709,1.9,71,2080.63252161452,-1.4128258332407
"435",31453,"Non binary","11/8/24","14:39",21,2,"MoonBall3_Perceptual_VA",0.984494805327187,0.667633944256746,"Perceptual",1.47460268279677,4720,55,0.819322351466107,1.22,71,4720.27877248791,-0.622702915456561
"436",31453,"Non binary","11/8/24","14:39",21,2,"MoonBall4_Perceptual_VA",1.16201541492958,0.963667763228612,"Perceptual",1.20582576202034,3270,55,1.18254310334088,1.44,71,3270.40237432644,-0.898786663881024
"437",31849,"Female","11/8/24","15:10",18,2,"Lamp1a_Perceptual_VA",0.724504719268929,0.349099441653887,"Perceptual",2.07535341745758,6670,40.64,3.42644053116461,0.98,77.5,6675.8979855597,2.40861072638117
"438",31849,"Female","11/8/24","15:10",18,2,"Lamp2a_Perceptual_VA",1.80374394465054,1.03486096781857,"Perceptual",1.74298190843233,2250,40.64,10.0647990473917,2.44,77.5,2267.42451111388,7.10771530925642
"439",31849,"Female","11/8/24","15:10",18,2,"Lamp3a_Perceptual_VA",0.901927839449517,0.476173226397326,"Perceptual",1.8941170764123,4890,40.64,4.66891069426445,1.22,77.5,4898.04184481921,3.28370146944949
"440",31849,"Female","11/8/24","15:10",18,2,"Lamp4a_Perceptual_VA",1.4046003745463,0.720888471152493,"Perceptual",1.94842951545715,3230,40.64,7.04832901449635,1.9,77.5,3242.16191970728,4.96429062998348
"441",31849,"Female","11/8/24","15:10",18,2,"MoonBall1_Perceptual_VA",0.480542430626895,0.520007630710858,"Perceptual",0.924106498148856,6060,55,0.638169172479282,0.65,77.5,6060.21713224865,-0.485017042994091
"442",31849,"Female","11/8/24","15:10",18,2,"MoonBall2_Perceptual_VA",1.99590916901365,1.51494436526228,"Perceptual",1.31748017602488,2080,55,1.8587059278709,2.7,77.5,2080.63252161452,-1.4128258332407
"443",31849,"Female","11/8/24","15:10",18,2,"MoonBall3_Perceptual_VA",0.724504719268929,0.667633944256746,"Perceptual",1.08518256973212,4720,55,0.819322351466107,0.98,77.5,4720.27877248791,-0.622702915456561
"444",31849,"Female","11/8/24","15:10",18,2,"MoonBall4_Perceptual_VA",1.4046003745463,0.963667763228612,"Perceptual",1.45755666853524,3270,55,1.18254310334088,1.9,77.5,3270.40237432644,-0.898786663881024
"445",31624,"Female","11/8/24","15:45",21,2,"Lamp1a_Perceptual_VA",0.940770936073617,0.349099441653887,"Perceptual",2.69485087577522,6670,40.64,3.42644053116461,1.22,74.3,6675.8979855597,2.40861072638117
"446",31624,"Female","11/8/24","15:45",21,2,"Lamp2a_Perceptual_VA",1.46508814719775,1.03486096781857,"Perceptual",1.41573428002224,2250,40.64,10.0647990473917,1.9,74.3,2267.42451111388,7.10771530925642
"447",31624,"Female","11/8/24","15:45",21,2,"Lamp3a_Perceptual_VA",1.110408345619,0.476173226397326,"Perceptual",2.33194199938587,4890,40.64,4.66891069426445,1.44,74.3,4898.04184481921,3.28370146944949
"448",31624,"Female","11/8/24","15:45",21,2,"Lamp4a_Perceptual_VA",1.25690949168328,0.720888471152493,"Perceptual",1.74355610053501,3230,40.64,7.04832901449635,1.63,74.3,3242.16191970728,4.96429062998348
"449",31624,"Female","11/8/24","15:45",21,2,"MoonBall1_Perceptual_VA",0.940770936073617,0.520007630710858,"Perceptual",1.80914832881888,6060,55,0.638169172479282,1.22,74.3,6060.21713224865,-0.485017042994091
"450",31624,"Female","11/8/24","15:45",21,2,"MoonBall2_Perceptual_VA",1.25690949168328,1.51494436526228,"Perceptual",0.82967369660844,2080,55,1.8587059278709,1.63,74.3,2080.63252161452,-1.4128258332407
"451",31624,"Female","11/8/24","15:45",21,2,"MoonBall3_Perceptual_VA",1.110408345619,0.667633944256746,"Perceptual",1.66319935523227,4720,55,0.819322351466107,1.44,74.3,4720.27877248791,-0.622702915456561
"452",31624,"Female","11/8/24","15:45",21,2,"MoonBall4_Perceptual_VA",1.46508814719775,0.963667763228612,"Perceptual",1.52032495337315,3270,55,1.18254310334088,1.9,74.3,3270.40237432644,-0.898786663881024
"453",61,"Male","2/17/25","15:29",18,NA,"Lamp1a_Perceptual_VA",0.756924060046937,0.349099441653887,"Perceptual",2.16821905088403,6670,40.64,3.42644053116461,0.72,54.5,6675.8979855597,2.40861072638117
"454",61,"Male","2/17/25","15:29",18,NA,"Lamp2a_Perceptual_VA",1.62410203838201,1.03486096781857,"Perceptual",1.56939153073434,2250,40.64,10.0647990473917,1.63,57.5,2267.42451111388,7.10771530925642
"455",61,"Male","2/17/25","15:29",18,NA,"Lamp3a_Perceptual_VA",0.975223765849835,0.476173226397326,"Perceptual",2.04804409779246,4890,40.64,4.66891069426445,0.96,56.4,4898.04184481921,3.28370146944949
"456",61,"Male","2/17/25","15:29",18,NA,"Lamp4a_Perceptual_VA",1.20514265306009,0.720888471152493,"Perceptual",1.67174632593779,3230,40.64,7.04832901449635,1.22,58,3242.16191970728,4.96429062998348
"457",62,"Female","2/17/25","15:27",35,NA,"Lamp1a_Perceptual_VA",1.23529765773605,0.349099441653887,"Perceptual",3.53852659254832,6670,40.64,3.42644053116461,1.63,75.6,6675.8979855597,2.40861072638117
"458",62,"Female","2/17/25","15:27",35,NA,"Lamp2a_Perceptual_VA",2.77590435396964,1.03486096781857,"Perceptual",2.68239351979917,2250,40.64,10.0647990473917,3.3,68.1,2267.42451111388,7.10771530925642
"459",62,"Female","2/17/25","15:27",35,NA,"Lamp3a_Perceptual_VA",1.50145863682283,0.476173226397326,"Perceptual",3.15317735980812,4890,40.64,4.66891069426445,1.9,72.5,4898.04184481921,3.28370146944949
"460",62,"Female","2/17/25","15:27",35,NA,"Lamp4a_Perceptual_VA",1.8384381612317,0.720888471152493,"Perceptual",2.55023937099808,3230,40.64,7.04832901449635,2.15,67,3242.16191970728,4.96429062998348
"461",63,"Male","3/5/25","13:43",22,NA,"Lamp1a_Perceptual_VA",0.564272055592532,0.349099441653887,"Perceptual",1.61636481834301,6670,40.64,3.42644053116461,0.65,66,6675.8979855597,2.40861072638117
"462",63,"Male","3/5/25","13:43",22,NA,"Lamp2a_Perceptual_VA",1.31373101549868,1.03486096781857,"Perceptual",1.26947585845077,2250,40.64,10.0647990473917,1.44,62.8,2267.42451111388,7.10771530925642
"463",63,"Male","3/5/25","13:43",22,NA,"Lamp3a_Perceptual_VA",0.644570721372708,0.476173226397326,"Perceptual",1.35364755017719,4890,40.64,4.66891069426445,0.72,64,4898.04184481921,3.28370146944949
"464",63,"Male","3/5/25","13:43",22,NA,"Lamp4a_Perceptual_VA",1.04326745830232,0.720888471152493,"Perceptual",1.44719675795957,3230,40.64,7.04832901449635,1.22,67,3242.16191970728,4.96429062998348
"465",64,"Female","3/5/25","14:04",25,NA,"Lamp1a_Perceptual_VA",0.716462067910065,0.349099441653887,"Perceptual",2.05231513552633,6670,40.64,3.42644053116461,0.98,78.37,6675.8979855597,2.40861072638117
"466",64,"Female","3/5/25","14:04",25,NA,"Lamp2a_Perceptual_VA",2.2224024210706,1.03486096781857,"Perceptual",2.14753719599194,2250,40.64,10.0647990473917,2.7,69.6,2267.42451111388,7.10771530925642
"467",64,"Female","3/5/25","14:04",25,NA,"Lamp3a_Perceptual_VA",0.931990796366406,0.476173226397326,"Perceptual",1.95725157295748,4890,40.64,4.66891069426445,1.22,75,4898.04184481921,3.28370146944949
"468",64,"Female","3/5/25","14:04",25,NA,"Lamp4a_Perceptual_VA",1.46115545153287,0.720888471152493,"Perceptual",2.02688142480196,3230,40.64,7.04832901449635,1.9,74.5,3242.16191970728,4.96429062998348
"469",65,"Male","3/5/25","14:31",21,NA,"Lamp1a_Perceptual_VA",0.772338565170127,0.349099441653887,"Perceptual",2.21237410610315,6670,40.64,3.42644053116461,0.98,72.7,6675.8979855597,2.40861072638117
"470",65,"Male","3/5/25","14:31",21,NA,"Lamp2a_Perceptual_VA",1.81140684305761,1.03486096781857,"Perceptual",1.7503866696953,2250,40.64,10.0647990473917,2.15,68,2267.42451111388,7.10771530925642
"471",65,"Male","3/5/25","14:31",21,NA,"Lamp3a_Perceptual_VA",0.813752464656205,0.476173226397326,"Perceptual",1.70894208146259,4890,40.64,4.66891069426445,0.98,69,4898.04184481921,3.28370146944949
"472",65,"Male","3/5/25","14:31",21,NA,"Lamp4a_Perceptual_VA",1.20091560325611,0.720888471152493,"Perceptual",1.66588265912506,3230,40.64,7.04832901449635,1.44,68.7,3242.16191970728,4.96429062998348
"473",66,"Female","3/6/25","14:30",27,NA,"Lamp1a_Perceptual_VA",1.18030049723867,0.349099441653887,"Perceptual",3.3809864938394,6670,40.64,3.42644053116461,1.44,69.9,6675.8979855597,2.40861072638117
"474",66,"Female","3/6/25","14:30",27,NA,"Lamp2a_Perceptual_VA",2.3190027832077,1.03486096781857,"Perceptual",2.2408834184712,2250,40.64,10.0647990473917,2.7,66.7,2267.42451111388,7.10771530925642
"475",66,"Female","3/6/25","14:30",27,NA,"Lamp3a_Perceptual_VA",1.30612693940679,0.476173226397326,"Perceptual",2.74296593550376,4890,40.64,4.66891069426445,1.63,71.5,4898.04184481921,3.28370146944949
"476",66,"Female","3/6/25","14:30",27,NA,"Lamp4a_Perceptual_VA",1.51188422710866,0.720888471152493,"Perceptual",2.09725122208099,3230,40.64,7.04832901449635,1.9,72,3242.16191970728,4.96429062998348
"477",67,"Female","3/7/25","13:43",57,NA,"Lamp1a_Perceptual_VA",2.19093135923898,0.349099441653887,"Perceptual",6.27595205784136,6670,40.64,3.42644053116461,2.7,70.6,6675.8979855597,2.40861072638117
"478",67,"Female","3/7/25","13:43",57,NA,"Lamp2a_Perceptual_VA",4.05388273854648,1.03486096781857,"Perceptual",3.91732113260763,2250,40.64,10.0647990473917,4.7,66.4,2267.42451111388,7.10771530925642
"479",67,"Female","3/7/25","13:43",57,NA,"Lamp3a_Perceptual_VA",2.747672020903,0.476173226397326,"Perceptual",5.77032027124158,4890,40.64,4.66891069426445,3.3,68.8,4898.04184481921,3.28370146944949
"480",67,"Female","3/7/25","13:43",57,NA,"Lamp4a_Perceptual_VA",3.16839121769946,0.720888471152493,"Perceptual",4.39511983404884,3230,40.64,7.04832901449635,3.8,68.7,3242.16191970728,4.96429062998348
"481",68,"Female","3/7/25","14:27",30,NA,"Lamp1a_Perceptual_VA",1.0148064650938,0.349099441653887,"Perceptual",2.90692663467484,6670,40.64,3.42644053116461,1.44,81.3,6675.8979855597,2.40861072638117
"482",68,"Female","3/7/25","14:27",30,NA,"Lamp2a_Perceptual_VA",1.35731782934087,1.03486096781857,"Perceptual",1.31159437987309,2250,40.64,10.0647990473917,1.9,80.2,2267.42451111388,7.10771530925642
"483",68,"Female","3/7/25","14:27",30,NA,"Lamp3a_Perceptual_VA",0.698011015790482,0.476173226397326,"Perceptual",1.46587623388983,4890,40.64,4.66891069426445,0.96,78.8,4898.04184481921,3.28370146944949
"484",68,"Female","3/7/25","14:27",30,NA,"Lamp4a_Perceptual_VA",0.896146487219218,0.720888471152493,"Perceptual",1.24311391162427,3230,40.64,7.04832901449635,1.22,78,3242.16191970728,4.96429062998348
"485",69,"Male","3/7/25","14:39",26,NA,"Lamp1a_Perceptual_VA",1.13797531399819,0.349099441653887,"Perceptual",3.25974544275103,6670,40.64,3.42644053116461,1.44,72.5,6675.8979855597,2.40861072638117
"486",69,"Male","3/7/25","14:39",26,NA,"Lamp2a_Perceptual_VA",1.46311915685552,1.03486096781857,"Perceptual",1.41383161830877,2250,40.64,10.0647990473917,1.9,74.4,2267.42451111388,7.10771530925642
"487",69,"Male","3/7/25","14:39",26,NA,"Lamp3a_Perceptual_VA",0.952305746637953,0.476173226397326,"Perceptual",1.99991451397424,4890,40.64,4.66891069426445,1.22,73.4,4898.04184481921,3.28370146944949
"488",69,"Male","3/7/25","14:39",26,NA,"Lamp4a_Perceptual_VA",1.22557164918656,0.720888471152493,"Perceptual",1.70008496214016,3230,40.64,7.04832901449635,1.63,76.2,3242.16191970728,4.96429062998348
"489",70,"Male","3/7/25","14:59",65,NA,"Lamp1a_Perceptual_VA",1.43012667340082,0.349099441653887,"Perceptual",4.09661690269535,6670,40.64,3.42644053116461,1.63,65.3,6675.8979855597,2.40861072638117
"490",70,"Male","3/7/25","14:59",65,NA,"Lamp2a_Perceptual_VA",1.11340521081355,1.03486096781857,"Perceptual",1.07589835295513,2250,40.64,10.0647990473917,1.44,74.1,2267.42451111388,7.10771530925642
"491",70,"Male","3/7/25","14:59",65,NA,"Lamp3a_Perceptual_VA",0.755537792457979,0.476173226397326,"Perceptual",1.58668684120335,4890,40.64,4.66891069426445,0.96,72.8,4898.04184481921,3.28370146944949
"492",70,"Male","3/7/25","14:59",65,NA,"Lamp4a_Perceptual_VA",1.46311915685552,0.720888471152493,"Perceptual",2.02960543191433,3230,40.64,7.04832901449635,1.9,74.4,3242.16191970728,4.96429062998348
"493",71,"Female","3/7/25","15:41",21,NA,"Lamp1a_Perceptual_VA",0.618122746448099,0.349099441653887,"Perceptual",1.77062083949402,6670,40.64,3.42644053116461,0.78,72.3,6675.8979855597,2.40861072638117
"494",71,"Female","3/7/25","15:41",21,NA,"Lamp2a_Perceptual_VA",1.53317584763577,1.03486096781857,"Perceptual",1.48152833599243,2250,40.64,10.0647990473917,1.9,71,2267.42451111388,7.10771530925642
"495",71,"Female","3/7/25","15:41",21,NA,"Lamp3a_Perceptual_VA",0.977610561491119,0.476173226397326,"Perceptual",2.05305655021307,4890,40.64,4.66891069426445,1.22,71.5,4898.04184481921,3.28370146944949
"496",71,"Female","3/7/25","15:41",21,NA,"Lamp4a_Perceptual_VA",1.13797531399819,0.720888471152493,"Perceptual",1.57857332935134,3230,40.64,7.04832901449635,1.44,72.5,3242.16191970728,4.96429062998348
"497",72,"Female","3/7/25","15:58",27,NA,"Lamp1a_Perceptual_VA",0.833378463587148,0.349099441653887,"Perceptual",2.38722370806137,6670,40.64,3.42644053116461,0.96,66,6675.8979855597,2.40861072638117
"498",72,"Female","3/7/25","15:58",27,NA,"Lamp2a_Perceptual_VA",1.28910065694572,1.03486096781857,"Perceptual",1.24567521341835,2250,40.64,10.0647990473917,1.44,64,2267.42451111388,7.10771530925642
"499",72,"Female","3/7/25","15:58",27,NA,"Lamp3a_Perceptual_VA",0.926545219018122,0.476173226397326,"Perceptual",1.94581544625737,4890,40.64,4.66891069426445,0.98,60.6,4898.04184481921,3.28370146944949
"500",72,"Female","3/7/25","15:58",27,NA,"Lamp4a_Perceptual_VA",1.03553997349239,0.720888471152493,"Perceptual",1.43647736776379,3230,40.64,7.04832901449635,1.22,67.5,3242.16191970728,4.96429062998348
"501",73,"Female","4/2/25","16:40",20,NA,"Lamp1a_Perceptual_VA",1.00614393022129,0.349099441653887,"Perceptual",2.882112688163,6670,40.64,3.42644053116461,1.44,82,6675.8979855597,2.40861072638117
"502",73,"Female","4/2/25","16:40",20,NA,"Lamp2a_Perceptual_VA",2.77301224257556,1.03486096781857,"Perceptual",2.67959883386163,2250,40.64,10.0647990473917,3.8,78.5,2267.42451111388,7.10771530925642
"503",73,"Female","4/2/25","16:40",20,NA,"Lamp3a_Perceptual_VA",1.18213680506133,0.476173226397326,"Perceptual",2.48257722091023,4890,40.64,4.66891069426445,1.63,79,4898.04184481921,3.28370146944949
"504",73,"Female","4/2/25","16:40",20,NA,"Lamp4a_Perceptual_VA",1.99590916901365,0.720888471152493,"Perceptual",2.76867955153002,3230,40.64,7.04832901449635,2.7,77.5,3242.16191970728,4.96429062998348
"505",74,"Male","4/2/25","14:30",63,NA,"Lamp1a_Perceptual_VA",0.768129714888904,0.349099441653887,"Perceptual",2.2003177984182,6670,40.64,3.42644053116461,1.22,91,6675.8979855597,2.40861072638117
"506",74,"Male","4/2/25","14:30",63,NA,"Lamp3a_Perceptual_VA",0.932249743207225,0.476173226397326,"Perceptual",1.95779538102242,4890,40.64,4.66891069426445,1.44,88.5,4898.04184481921,3.28370146944949
"507",74,"Male","4/2/25","14:30",63,NA,"Lamp4a_Perceptual_VA",1.44069515059095,0.720888471152493,"Perceptual",1.99849936327557,3230,40.64,7.04832901449635,2.15,85.5,3242.16191970728,4.96429062998348
"508",75,"Male","4/2/25","15:33",61,NA,"Lamp1a_Perceptual_VA",0.41151487941807,0.349099441653887,"Perceptual",1.1787898527379,6670,40.64,3.42644053116461,0.52,72.4,6675.8979855597,2.40861072638117
"509",75,"Male","4/2/25","15:33",61,NA,"Lamp2a_Perceptual_VA",0.961474699677829,1.03486096781857,"Perceptual",0.929085867162002,2250,40.64,10.0647990473917,1.22,72.7,2267.42451111388,7.10771530925642
"510",75,"Male","4/2/25","15:33",61,NA,"Lamp3a_Perceptual_VA",0.503270503169242,0.476173226397326,"Perceptual",1.05690634262857,4890,40.64,4.66891069426445,0.65,74,4898.04184481921,3.28370146944949
"511",75,"Male","4/2/25","15:33",61,NA,"Lamp4a_Perceptual_VA",0.728519301684818,0.720888471152493,"Perceptual",1.01058531359244,3230,40.64,7.04832901449635,0.96,75.5,3242.16191970728,4.96429062998348
"512",76,"Female","4/4/25","13:03",21,NA,"Lamp1a_Perceptual_VA",1.19729130912842,0.349099441653887,"Perceptual",3.42965690078492,6670,40.64,3.42644053116461,1.63,78,6675.8979855597,2.40861072638117
"513",76,"Female","4/4/25","13:03",21,NA,"Lamp2a_Perceptual_VA",1.42482160884379,1.03486096781857,"Perceptual",1.37682418523063,2250,40.64,10.0647990473917,1.9,76.4,2267.42451111388,7.10771530925642
"514",76,"Female","4/4/25","13:03",21,NA,"Lamp3a_Perceptual_VA",1.64236654717519,0.476173226397326,"Perceptual",3.44909469102486,4890,40.64,4.66891069426445,2.15,75,4898.04184481921,3.28370146944949
"515",76,"Female","4/4/25","13:03",21,NA,"Lamp4a_Perceptual_VA",2.55465874937243,0.720888471152493,"Perceptual",3.54376419044165,3230,40.64,7.04832901449635,3.3,74,3242.16191970728,4.96429062998348
"516",77,"Female","4/4/25","13:30",18,NA,"Lamp1a_Perceptual_VA",0.613877479418406,0.349099441653887,"Perceptual",1.75846021554807,6670,40.64,3.42644053116461,0.72,67.2,6675.8979855597,2.40861072638117
"517",77,"Female","4/4/25","13:30",18,NA,"Lamp2a_Perceptual_VA",0.681252766892765,1.03486096781857,"Perceptual",0.658303664045622,2250,40.64,10.0647990473917,0.78,65.6,2267.42451111388,7.10771530925642
"518",77,"Female","4/4/25","13:30",18,NA,"Lamp3a_Perceptual_VA",0.848169766346786,0.476173226397326,"Perceptual",1.78122103328645,4890,40.64,4.66891069426445,0.98,66.2,4898.04184481921,3.28370146944949
"519",77,"Female","4/4/25","13:30",18,NA,"Lamp4a_Perceptual_VA",1.24251037769931,0.720888471152493,"Perceptual",1.72358197893343,3230,40.64,7.04832901449635,1.44,66.4,3242.16191970728,4.96429062998348
"520",78,"Female","4/10/25","13:12",24,NA,"Lamp1a_Perceptual_VA",0.377135414886068,0.349099441653887,"Perceptual",1.08030941871278,6670,40.64,3.42644053116461,0.52,79,6675.8979855597,2.40861072638117
"521",78,"Female","4/10/25","13:12",24,NA,"Lamp2a_Perceptual_VA",1.55136523787813,1.03486096781857,"Perceptual",1.49910498716394,2250,40.64,10.0647990473917,2.15,79.4,2267.42451111388,7.10771530925642
"522",78,"Female","4/10/25","13:12",24,NA,"Lamp3a_Perceptual_VA",1.00983827025102,0.476173226397326,"Perceptual",2.12073719031065,4890,40.64,4.66891069426445,1.44,81.7,4898.04184481921,3.28370146944949
"523",78,"Female","4/10/25","13:12",24,NA,"Lamp4a_Perceptual_VA",1.34723966878055,0.720888471152493,"Perceptual",1.86886005629511,3230,40.64,7.04832901449635,1.9,80.8,3242.16191970728,4.96429062998348
"524",79,"Female","4/10/25","13:30",18,NA,"Lamp1a_Perceptual_VA",1.20813273333056,0.349099441653887,"Perceptual",3.4607123048004,6670,40.64,3.42644053116461,1.63,77.3,6675.8979855597,2.40861072638117
"525",79,"Female","4/10/25","13:30",18,NA,"Lamp2a_Perceptual_VA",1.89159680046215,1.03486096781857,"Perceptual",1.82787529850461,2250,40.64,10.0647990473917,2.44,73.9,2267.42451111388,7.10771530925642
"526",79,"Female","4/10/25","13:30",18,NA,"Lamp3a_Perceptual_VA",1.20036895395541,0.476173226397326,"Perceptual",2.52086612058656,4890,40.64,4.66891069426445,1.63,77.8,4898.04184481921,3.28370146944949
"527",79,"Female","4/10/25","13:30",18,NA,"Lamp4a_Perceptual_VA",1.81310033218802,0.720888471152493,"Perceptual",2.51509131404112,3230,40.64,7.04832901449635,2.44,77.1,3242.16191970728,4.96429062998348
"528",80,"Female","4/10/25","14:00",21,NA,"Lamp1a_Perceptual_VA",0.502421828552024,0.349099441653887,"Perceptual",1.43919401925067,6670,40.64,3.42644053116461,0.52,59.3,6675.8979855597,2.40861072638117
"529",80,"Female","4/10/25","14:00",21,NA,"Lamp2a_Perceptual_VA",1.73333882642821,1.03486096781857,"Perceptual",1.67494850064931,2250,40.64,10.0647990473917,1.9,62.8,2267.42451111388,7.10771530925642
"530",80,"Female","4/10/25","14:00",21,NA,"Lamp3a_Perceptual_VA",0.748577425475401,0.476173226397326,"Perceptual",1.57206954103458,4890,40.64,4.66891069426445,0.78,59.7,4898.04184481921,3.28370146944949
"531",80,"Female","4/10/25","14:00",21,NA,"Lamp4a_Perceptual_VA",1.2010015731634,0.720888471152493,"Perceptual",1.66600191461426,3230,40.64,7.04832901449635,1.22,58.2,3242.16191970728,4.96429062998348
"532",81,"Female","4/11/25","13:30",18,NA,"Lamp1a_Perceptual_VA",1.35731782934087,0.349099441653887,"Perceptual",3.88805499920156,6670,40.64,3.42644053116461,1.9,80.2,6675.8979855597,2.40861072638117
"533",81,"Female","4/11/25","13:30",18,NA,"Lamp2a_Perceptual_VA",1.60806579228771,1.03486096781857,"Perceptual",1.55389549156291,2250,40.64,10.0647990473917,2.15,76.6,2267.42451111388,7.10771530925642
"534",81,"Female","4/11/25","13:30",18,NA,"Lamp3a_Perceptual_VA",0.900765609214318,0.476173226397326,"Perceptual",1.89167630450249,4890,40.64,4.66891069426445,1.22,77.6,4898.04184481921,3.28370146944949
"535",81,"Female","4/11/25","13:30",18,NA,"Lamp4a_Perceptual_VA",1.07426439401823,0.720888471152493,"Perceptual",1.49019499826484,3230,40.64,7.04832901449635,1.44,76.8,3242.16191970728,4.96429062998348
"536",82,"Male","4/11/25","14:00",31,NA,"Lamp1a_Perceptual_VA",0.554195927432813,0.349099441653887,"Perceptual",1.58750161503342,6670,40.64,3.42644053116461,0.65,67.2,6675.8979855597,2.40861072638117
"537",82,"Male","4/11/25","14:00",31,NA,"Lamp2a_Perceptual_VA",1.1555059671712,1.03486096781857,"Perceptual",1.11658087714617,2250,40.64,10.0647990473917,1.44,71.4,2267.42451111388,7.10771530925642
"538",82,"Male","4/11/25","14:00",31,NA,"Lamp3a_Perceptual_VA",0.642101153543711,0.476173226397326,"Perceptual",1.34846126986554,4890,40.64,4.66891069426445,0.78,69.6,4898.04184481921,3.28370146944949
"539",82,"Male","4/11/25","14:00",31,NA,"Lamp4a_Perceptual_VA",1.06229253229552,0.720888471152493,"Perceptual",1.47358790548727,3230,40.64,7.04832901449635,1.22,65.8,3242.16191970728,4.96429062998348
"540",83,"Male","4/14/25","14:20",25,NA,"Lamp1a_Perceptual_VA",1.11190475895547,0.349099441653887,"Perceptual",3.18506599061782,6670,40.64,3.42644053116461,1.44,74.2,6675.8979855597,2.40861072638117
"541",83,"Male","4/14/25","14:20",25,NA,"Lamp2a_Perceptual_VA",2.29152567635021,1.03486096781857,"Perceptual",2.21433192246163,2250,40.64,10.0647990473917,2.7,67.5,2267.42451111388,7.10771530925642
"542",83,"Male","4/14/25","14:20",25,NA,"Lamp3a_Perceptual_VA",1.50978754313405,0.476173226397326,"Perceptual",3.17066869667776,4890,40.64,4.66891069426445,1.9,72.1,4898.04184481921,3.28370146944949
"543",83,"Male","4/14/25","14:20",25,NA,"Lamp4a_Perceptual_VA",1.96298822875747,0.720888471152493,"Perceptual",2.72301237612972,3230,40.64,7.04832901449635,2.7,78.8,3242.16191970728,4.96429062998348
"544",84,"Female","4/14/25","14:52",58,NA,"Lamp1a_Perceptual_VA",1.87636519780742,0.349099441653887,"Perceptual",5.37487309895995,6670,40.64,3.42644053116461,2.44,74.5,6675.8979855597,2.40861072638117
"545",84,"Female","4/14/25","14:52",58,NA,"Lamp2a_Perceptual_VA",2.13058922935635,1.03486096781857,"Perceptual",2.05881688034626,2250,40.64,10.0647990473917,2.7,72.6,2267.42451111388,7.10771530925642
"546",84,"Female","4/14/25","14:52",58,NA,"Lamp3a_Perceptual_VA",1.67816238887266,0.476173226397326,"Perceptual",3.52426868173469,4890,40.64,4.66891069426445,2.15,73.4,4898.04184481921,3.28370146944949
"547",84,"Female","4/14/25","14:52",58,NA,"Lamp4a_Perceptual_VA",1.91753981952618,0.720888471152493,"Perceptual",2.65996738227841,3230,40.64,7.04832901449635,2.44,72.9,3242.16191970728,4.96429062998348
"548",85,"Male","4/14/25","15:08",23,NA,"Lamp1a_Perceptual_VA",0.543678499849975,0.349099441653887,"Perceptual",1.55737430364899,6670,40.64,3.42644053116461,0.78,82.2,6675.8979855597,2.40861072638117
"549",85,"Male","4/14/25","15:08",23,NA,"Lamp2a_Perceptual_VA",1.388477722863,1.03486096781857,"Perceptual",1.34170460191365,2250,40.64,10.0647990473917,1.9,78.4,2267.42451111388,7.10771530925642
"550",85,"Male","4/14/25","15:08",23,NA,"Lamp3a_Perceptual_VA",0.718057812107842,0.476173226397326,"Perceptual",1.50797603120316,4890,40.64,4.66891069426445,0.96,76.6,4898.04184481921,3.28370146944949
"551",85,"Male","4/14/25","15:08",23,NA,"Lamp4a_Perceptual_VA",1.01856480995505,0.720888471152493,"Perceptual",1.41292980913769,3230,40.64,7.04832901449635,1.44,81,3242.16191970728,4.96429062998348
"552",86,"Female","4/14/25","15:25",20,NA,"Lamp1a_Perceptual_VA",2.86419236832929,0.349099441653887,"Perceptual",8.20451718501739,6670,40.64,3.42644053116461,3.3,66,6675.8979855597,2.40861072638117
"553",86,"Female","4/14/25","15:25",20,NA,"Lamp2a_Perceptual_VA",2.28403901685738,1.03486096781857,"Perceptual",2.20709746321963,2250,40.64,10.0647990473917,2.44,61.2,2267.42451111388,7.10771530925642
"554",86,"Female","4/14/25","15:25",20,NA,"Lamp3a_Perceptual_VA",2.28777622248284,0.476173226397326,"Perceptual",4.80450410828828,4890,40.64,4.66891069426445,2.44,61.1,4898.04184481921,3.28370146944949
"555",86,"Female","4/14/25","15:25",20,NA,"Lamp4a_Perceptual_VA",2.10550534971804,0.720888471152493,"Perceptual",2.92070886686806,3230,40.64,7.04832901449635,2.15,58.5,3242.16191970728,4.96429062998348
"556",87,"Female","4/14/25","15:45",21,NA,"Lamp1a_Perceptual_VA",1.65684010658502,0.349099441653887,"Perceptual",4.74604055147038,6670,40.64,3.42644053116461,1.9,65.7,6675.8979855597,2.40861072638117
"557",87,"Female","4/14/25","15:45",21,NA,"Lamp2a_Perceptual_VA",2.47479284305571,1.03486096781857,"Perceptual",2.3914254378271,2250,40.64,10.0647990473917,2.7,62.5,2267.42451111388,7.10771530925642
"558",87,"Female","4/14/25","15:45",21,NA,"Lamp3a_Perceptual_VA",1.95514241782868,0.476173226397326,"Perceptual",4.10594781361621,4890,40.64,4.66891069426445,2.15,63,4898.04184481921,3.28370146944949
"559",87,"Female","4/14/25","15:45",21,NA,"Lamp4a_Perceptual_VA",2.25094557910675,0.720888471152493,"Perceptual",3.12246022676453,3230,40.64,7.04832901449635,2.44,62.1,3242.16191970728,4.96429062998348
"560",88,"Female","4/17/25","13:00",20,NA,"Lamp1a_Perceptual_VA",1.22771972621866,0.349099441653887,"Perceptual",3.5168195067922,6670,40.64,3.42644053116461,1.44,67.2,6675.8979855597,2.40861072638117
"561",88,"Female","4/17/25","13:00",20,NA,"Lamp2a_Perceptual_VA",3.0988521247398,1.03486096781857,"Perceptual",2.99446227184701,2250,40.64,10.0647990473917,3.3,61,2267.42451111388,7.10771530925642
"562",88,"Female","4/17/25","13:00",20,NA,"Lamp3a_Perceptual_VA",1.98028396965213,0.476173226397326,"Perceptual",4.15874698507252,4890,40.64,4.66891069426445,2.15,62.2,4898.04184481921,3.28370146944949
"563",88,"Female","4/17/25","13:00",20,NA,"Lamp4a_Perceptual_VA",2.20828429091226,0.720888471152493,"Perceptual",3.06328146347222,3230,40.64,7.04832901449635,2.44,63.3,3242.16191970728,4.96429062998348
"564",89,"Female","4/17/25","13:20",35,NA,"Lamp1a_Perceptual_VA",1.03129618683986,0.349099441653887,"Perceptual",2.95416166223015,6670,40.64,3.42644053116461,1.44,80,6675.8979855597,2.40861072638117
"565",89,"Female","4/17/25","13:20",35,NA,"Lamp2a_Perceptual_VA",2.08185174042681,1.03486096781857,"Perceptual",2.01172119266922,2250,40.64,10.0647990473917,2.7,74.3,2267.42451111388,7.10771530925642
"566",89,"Female","4/17/25","13:20",35,NA,"Lamp3a_Perceptual_VA",1.18815233837221,0.476173226397326,"Perceptual",2.49521029849083,4890,40.64,4.66891069426445,1.63,78.6,4898.04184481921,3.28370146944949
"567",89,"Female","4/17/25","13:20",35,NA,"Lamp4a_Perceptual_VA",1.89930570435103,0.720888471152493,"Perceptual",2.63467343473337,3230,40.64,7.04832901449635,2.44,73.6,3242.16191970728,4.96429062998348
"568",90,"Female","4/17/25","13:45",19,NA,"Lamp1a_Perceptual_VA",1.10076694412421,0.349099441653887,"Perceptual",3.15316157169783,6670,40.64,3.42644053116461,1.22,63.5,6675.8979855597,2.40861072638117
"569",90,"Female","4/17/25","13:45",19,NA,"Lamp2a_Perceptual_VA",1.62227583040223,1.03486096781857,"Perceptual",1.56762684152819,2250,40.64,10.0647990473917,1.9,67.1,2267.42451111388,7.10771530925642
"570",90,"Female","4/17/25","13:45",19,NA,"Lamp3a_Perceptual_VA",1.39592676997645,0.476173226397326,"Perceptual",2.93155241116321,4890,40.64,4.66891069426445,1.63,66.9,4898.04184481921,3.28370146944949
"571",90,"Female","4/17/25","13:45",19,NA,"Lamp4a_Perceptual_VA",1.95204453525333,0.720888471152493,"Perceptual",2.70783153479008,3230,40.64,7.04832901449635,2.15,63.1,3242.16191970728,4.96429062998348
"572",91,"Male","4/17/25","14:10",18,NA,"Lamp1a_Perceptual_VA",0.414953692484398,0.349099441653887,"Perceptual",1.18864037856526,6670,40.64,3.42644053116461,0.52,71.8,6675.8979855597,2.40861072638117
"573",91,"Male","4/17/25","14:10",18,NA,"Lamp2a_Perceptual_VA",2.27802982833733,1.03486096781857,"Perceptual",2.20129070394768,2250,40.64,10.0647990473917,2.7,67.9,2267.42451111388,7.10771530925642
"574",91,"Male","4/17/25","14:10",18,NA,"Lamp3a_Perceptual_VA",0.647684523433837,0.476173226397326,"Perceptual",1.36018677138601,4890,40.64,4.66891069426445,0.78,69,4898.04184481921,3.28370146944949
"575",91,"Male","4/17/25","14:10",18,NA,"Lamp4a_Perceptual_VA",1.1587515495024,0.720888471152493,"Perceptual",1.60739364807692,3230,40.64,7.04832901449635,1.44,71.2,3242.16191970728,4.96429062998348
"576",92,"Female","4/17/25","14:33",21,NA,"Lamp1a_Perceptual_VA",0.417159107580644,0.349099441653887,"Perceptual",1.19495781948066,6670,40.64,3.42644053116461,0.49,67.3,6675.8979855597,2.40861072638117
"577",92,"Female","4/17/25","14:33",21,NA,"Lamp2a_Perceptual_VA",1.21327705058698,1.03486096781857,"Perceptual",1.17240584804787,2250,40.64,10.0647990473917,1.44,68,2267.42451111388,7.10771530925642
"578",92,"Female","4/17/25","14:33",21,NA,"Lamp3a_Perceptual_VA",0.560872880795345,0.476173226397326,"Perceptual",1.17787571770645,4890,40.64,4.66891069426445,0.65,66.4,4898.04184481921,3.28370146944949
"579",92,"Female","4/17/25","14:33",21,NA,"Lamp4a_Perceptual_VA",0.844343575377944,0.720888471152493,"Perceptual",1.17125409708395,3230,40.64,7.04832901449635,0.98,66.5,3242.16191970728,4.96429062998348
"580",6000,"Female","5/30/25","13:00",24,3,"Stick7_Perceptual_VA",6.16436164905629,2.71480554305186,"Perceptual",2.2706457428721,6110,14,3.54985218836048,7.7,71.5,6115.53962112911,2.43889474586904
"581",6000,"Female","5/30/25","13:00",24,3,"Stick8_Perceptual_VA",2.29152567635021,1.55042556447019,"Perceptual",1.47799786643306,10700,14,2.02881447223554,3.32,83,10703.1642451006,1.39324435934806
"582",6000,"Female","5/30/25","13:00",24,3,"Stick9_Perceptual_VA",1.7785918094242,1.09867930772155,"Perceptual",1.61884527807542,15100,14,1.43793593003966,2.08,67,15102.2423784549,0.987362757647252
"583",6000,"Female","5/30/25","13:00",24,3,"Lamp5_Perceptual_VA",1.97048861866318,1.37774454425237,"Perceptual",1.43022785093477,1690,40.64,13.2955345351707,2.7,78.5,1713.1298589424,9.4258132368689
"584",6000,"Female","5/30/25","13:00",24,3,"Lamp6_Perceptual_VA",1.79818707371296,0.781363889874143,"Perceptual",2.30134396664095,2980,40.64,7.63292557604705,2.15,68.5,2993.17789541484,5.37840942856044
"585",6000,"Female","5/30/25","13:00",24,3,"Lamp7_Perceptual_VA",1.20501520157341,0.381095236476046,"Perceptual",3.16197917537905,6110,40.64,3.73963030394681,1.63,77.5,6116.43800864523,2.62907042729477
"586",6000,"Female","5/30/25","13:00",24,3,"BlueBall_Perceptual_VA",1.21283939314558,0.852070543317608,"Perceptual",1.42340256057121,1520,22.605,1.93309297512236,1.63,77,1521.49791735193,-2.54262030985139
"587",6001,"Male","5/30/25","14:00",28,3,"Stick7_Perceptual_VA",2.36118101463739,2.71480554305186,"Perceptual",0.869742225435071,6110,14,3.54985218836048,3.05,74,6115.53962112911,2.43889474586904
"588",6001,"Male","5/30/25","14:00",28,3,"Stick8_Perceptual_VA",1.29397212816176,1.55042556447019,"Perceptual",0.83459158428153,10700,14,2.02881447223554,1.66,73.5,10703.1642451006,1.39324435934806
"589",6001,"Male","5/30/25","14:00",28,3,"Stick9_Perceptual_VA",1.04852095027602,1.09867930772155,"Perceptual",0.954346680516314,15100,14,1.43793593003966,1.4,76.5,15102.2423784549,0.987362757647252
"590",6001,"Male","5/30/25","14:00",28,3,"Lamp5_Perceptual_VA",1.29592071533954,1.37774454425237,"Perceptual",0.940610304534185,1690,40.64,13.2955345351707,1.9,84,1713.1298589424,9.4258132368689
"591",6001,"Male","5/30/25","14:00",28,3,"Lamp6_Perceptual_VA",0.970634697568803,0.781363889874143,"Perceptual",1.24223132159991,2980,40.64,7.63292557604705,1.44,85,2993.17789541484,5.37840942856044
"592",6001,"Male","5/30/25","14:00",28,3,"Lamp7_Perceptual_VA",0.488197771161275,0.381095236476046,"Perceptual",1.2810387652063,6110,40.64,3.73963030394681,0.72,84.5,6116.43800864523,2.62907042729477
"593",6001,"Male","5/30/25","14:00",28,3,"BlueBall_Perceptual_VA",0.970634697568803,0.852070543317608,"Perceptual",1.13914828435396,1520,22.605,1.93309297512236,1.44,85,1521.49791735193,-2.54262030985139
"594",6002,"Male","5/30/25","14:30",23,3,"Stick7_Perceptual_VA",6.02144291908875,2.71480554305186,"Perceptual",2.21800155613345,6110,14,3.54985218836048,6.89,65.5,6115.53962112911,2.43889474586904
"595",6002,"Male","5/30/25","14:30",23,3,"Stick8_Perceptual_VA",5.45687541415059,1.55042556447019,"Perceptual",3.5195984503876,10700,14,2.02881447223554,6.1,64,10703.1642451006,1.39324435934806
"596",6002,"Male","5/30/25","14:30",23,3,"Stick9_Perceptual_VA",4.55481787963224,1.09867930772155,"Perceptual",4.1457210012247,15100,14,1.43793593003966,5.17,65,15102.2423784549,0.987362757647252
"597",6002,"Male","5/30/25","14:30",23,3,"Lamp5_Perceptual_VA",4.14112193638942,1.37774454425237,"Perceptual",3.00572551977449,1690,40.64,13.2955345351707,4.7,65,1713.1298589424,9.4258132368689
"598",6002,"Male","5/30/25","14:30",23,3,"Lamp6_Perceptual_VA",2.41680729091734,0.781363889874143,"Perceptual",3.09306242870607,2980,40.64,7.63292557604705,2.7,64,2993.17789541484,5.37840942856044
"599",6002,"Male","5/30/25","14:30",23,3,"Lamp7_Perceptual_VA",1.86628839621584,0.381095236476046,"Perceptual",4.89717062189821,6110,40.64,3.73963030394681,2.15,66,6116.43800864523,2.62907042729477
"600",6002,"Male","5/30/25","14:30",23,3,"BlueBall_Perceptual_VA",2.64395131907396,0.852070543317608,"Perceptual",3.10297232994292,1520,22.605,1.93309297512236,3.3,71.5,1521.49791735193,-2.54262030985139
"601",6003,"Female","5/30/25","15:00",28,3,"Stick7_Perceptual_VA",3.53212069775968,2.71480554305186,"Perceptual",1.30105845216046,6110,14,3.54985218836048,4.07,66,6115.53962112911,2.43889474586904
"602",6003,"Female","5/30/25","15:00",28,3,"Stick8_Perceptual_VA",1.86194895541551,1.55042556447019,"Perceptual",1.20092766662537,10700,14,2.02881447223554,2.08,64,10703.1642451006,1.39324435934806
"603",6003,"Female","5/30/25","15:00",28,3,"Stick9_Perceptual_VA",0.728401649928308,1.09867930772155,"Perceptual",0.662979310531362,15100,14,1.43793593003966,0.82,64.5,15102.2423784549,0.987362757647252
"604",6003,"Female","5/30/25","15:00",28,3,"Lamp5_Perceptual_VA",1.41372023374187,1.37774454425237,"Perceptual",1.02611201738347,1690,40.64,13.2955345351707,1.9,77,1713.1298589424,9.4258132368689
"605",6003,"Female","5/30/25","15:00",28,3,"Lamp6_Perceptual_VA",0.907784269494751,0.781363889874143,"Perceptual",1.16179449966772,2980,40.64,7.63292557604705,1.22,77,2993.17789541484,5.37840942856044
"606",6003,"Female","5/30/25","15:00",28,3,"Lamp7_Perceptual_VA",0.535748839937646,0.381095236476046,"Perceptual",1.40581353073754,6110,40.64,3.73963030394681,0.72,77,6116.43800864523,2.62907042729477
"607",6003,"Female","5/30/25","15:00",28,3,"BlueBall_Perceptual_VA",1.21283939314558,0.852070543317608,"Perceptual",1.42340256057121,1520,22.605,1.93309297512236,1.63,77,1521.49791735193,-2.54262030985139
"608",6004,"Female","7/7/25","14:30",24,3,"Stick7_Perceptual_VA",10.281595857068,2.71480554305186,"Perceptual",3.78723105357662,6110,14,3.54985218836048,13,72.25,6115.53962112911,2.43889474586904
"609",6004,"Female","7/7/25","14:30",24,3,"Stick8_Perceptual_VA",8.98516295983063,1.55042556447019,"Perceptual",5.79528818779575,10700,14,2.02881447223554,11,70,10703.1642451006,1.39324435934806
"610",6004,"Female","7/7/25","14:30",24,3,"Stick9_Perceptual_VA",6.20768806191148,1.09867930772155,"Perceptual",5.65013650323954,15100,14,1.43793593003966,7.7,71,15102.2423784549,0.987362757647252
"611",6004,"Female","7/7/25","14:30",24,3,"Stick10_Perceptual_VA",14.5339088116234,7.14799063652525,"Perceptual",2.0332859331624,2318,14,9.28683061067965,19,74.5,2332.56272318667,6.40572766583833
"612",6004,"Female","7/7/25","14:30",24,3,"Lamp5_Perceptual_VA",3.47364742539104,1.37774454425237,"Perceptual",2.52125652747622,1690,40.64,13.2955345351707,4.7,77.5,1713.1298589424,9.4258132368689
"613",6004,"Female","7/7/25","14:30",24,3,"Lamp6_Perceptual_VA",3.61343493158742,0.781363889874143,"Perceptual",4.6245225539786,2980,40.64,7.63292557604705,4.7,74.5,2993.17789541484,5.37840942856044
"614",6004,"Female","7/7/25","14:30",24,3,"Lamp7_Perceptual_VA",2.42369073138265,0.381095236476046,"Perceptual",6.35980327068454,6110,40.64,3.73963030394681,3.3,78,6116.43800864523,2.62907042729477
"615",6004,"Female","7/7/25","14:30",24,3,"BlueBall_Perceptual_VA",3.5893611718493,0.852070543317608,"Perceptual",4.21251644009876,1520,22.605,1.93309297512236,4.7,75,1521.49791735193,-2.54262030985139
"616",6005,"Female","7/8/25","10:30",28,3,"Stick7_Perceptual_VA",7.23382376797765,2.71480554305186,"Perceptual",2.66458265730727,6110,14,3.54985218836048,6.89,54.5,6115.53962112911,2.43889474586904
"617",6005,"Female","7/8/25","10:30",28,3,"Stick8_Perceptual_VA",5.04907829145436,1.55042556447019,"Perceptual",3.25657574743341,10700,14,2.02881447223554,4.7,53.3,10703.1642451006,1.39324435934806
"618",6005,"Female","7/8/25","10:30",28,3,"Stick9_Perceptual_VA",3.56106273266865,1.09867930772155,"Perceptual",3.24122126232959,15100,14,1.43793593003966,3.32,53.4,15102.2423784549,0.987362757647252
"619",6005,"Female","7/8/25","10:30",28,3,"Stick10_Perceptual_VA",10.8340442277132,7.14799063652525,"Perceptual",1.51567689139837,2318,14,9.28683061067965,11,58,2332.56272318667,6.40572766583833
"620",6005,"Female","7/8/25","10:30",28,3,"Lamp5_Perceptual_VA",1.29925018933351,1.37774454425237,"Perceptual",0.943026916530844,1690,40.64,13.2955345351707,1.44,63.5,1713.1298589424,9.4258132368689
"621",6005,"Female","7/8/25","10:30",28,3,"Lamp6_Perceptual_VA",1.09903628470716,0.781363889874143,"Perceptual",1.40656139725651,2980,40.64,7.63292557604705,1.22,63.6,2993.17789541484,5.37840942856044
"622",6005,"Female","7/8/25","10:30",28,3,"Lamp7_Perceptual_VA",0.727851905788371,0.381095236476046,"Perceptual",1.90989505016844,6110,40.64,3.73963030394681,0.78,61.4,6116.43800864523,2.62907042729477
"623",6005,"Female","7/8/25","10:30",28,3,"BlueBall_Perceptual_VA",1.13287801751385,0.852070543317608,"Perceptual",1.32955895072126,1520,22.605,1.93309297512236,1.22,61.7,1521.49791735193,-2.54262030985139
"624",6006,"Male","7/8/25","11:30",21,3,"Stick7_Perceptual_VA",6.57750564887419,2.71480554305186,"Perceptual",2.42282754494455,6110,14,3.54985218836048,7.7,67,6115.53962112911,2.43889474586904
"625",6006,"Male","7/8/25","11:30",21,3,"Stick8_Perceptual_VA",5.47395563596799,1.55042556447019,"Perceptual",3.53061492367649,10700,14,2.02881447223554,6.1,63.8,10703.1642451006,1.39324435934806
"626",6006,"Male","7/8/25","11:30",21,3,"Stick9_Perceptual_VA",3.01869815602062,1.09867930772155,"Perceptual",2.74756986393129,15100,14,1.43793593003966,3.32,63,15102.2423784549,0.987362757647252
"627",6006,"Male","7/8/25","11:30",21,3,"Stick10_Perceptual_VA",11.5625481882112,7.14799063652525,"Perceptual",1.61759419900862,2318,14,9.28683061067965,13,64.2,2332.56272318667,6.40572766583833
"628",6006,"Male","7/8/25","11:30",21,3,"Lamp5_Perceptual_VA",2.01132870650528,1.37774454425237,"Perceptual",1.45987056519009,1690,40.64,13.2955345351707,2.44,69.5,1713.1298589424,9.4258132368689
"629",6006,"Male","7/8/25","11:30",21,3,"Lamp6_Perceptual_VA",1.48305044951934,0.781363889874143,"Perceptual",1.8980278827042,2980,40.64,7.63292557604705,1.9,73.4,2993.17789541484,5.37840942856044
"630",6006,"Male","7/8/25","11:30",21,3,"Lamp7_Perceptual_VA",1.12709374162802,0.381095236476046,"Perceptual",2.95751201733761,6110,40.64,3.73963030394681,1.44,73.2,6116.43800864523,2.62907042729477
"631",6006,"Male","7/8/25","11:30",21,3,"BlueBall_Perceptual_VA",1.46311915685552,0.852070543317608,"Perceptual",1.71713383161767,1520,22.605,1.93309297512236,1.9,74.4,1521.49791735193,-2.54262030985139
"632",6007,"Female","7/8/25","13:30",18,3,"Stick7_Perceptual_VA",4.81373850503544,2.71480554305186,"Perceptual",1.77314302210539,6110,14,3.54985218836048,5.17,61.5,6115.53962112911,2.43889474586904
"633",6007,"Female","7/8/25","13:30",18,3,"Stick8_Perceptual_VA",3.89805800312819,1.55042556447019,"Perceptual",2.51418584191124,10700,14,2.02881447223554,4.07,59.8,10703.1642451006,1.39324435934806
"634",6007,"Female","7/8/25","13:30",18,3,"Stick9_Perceptual_VA",2.56353525427137,1.09867930772155,"Perceptual",2.33328800884368,15100,14,1.43793593003966,2.77,61.9,15102.2423784549,0.987362757647252
"635",6007,"Female","7/8/25","13:30",18,3,"Stick10_Perceptual_VA",9.79312232489598,7.14799063652525,"Perceptual",1.37005248368044,2318,14,9.28683061067965,11,64.2,2332.56272318667,6.40572766583833
"636",6007,"Female","7/8/25","13:30",18,3,"Lamp5_Perceptual_VA",2.01132870650528,1.37774454425237,"Perceptual",1.45987056519009,1690,40.64,13.2955345351707,2.44,69.5,1713.1298589424,9.4258132368689
"637",6007,"Female","7/8/25","13:30",18,3,"Lamp6_Perceptual_VA",0.80789832507575,0.781363889874143,"Perceptual",1.03395912652923,2980,40.64,7.63292557604705,0.98,69.5,2993.17789541484,5.37840942856044
"638",6007,"Female","7/8/25","13:30",18,3,"Lamp7_Perceptual_VA",0.662077196016189,0.381095236476046,"Perceptual",1.73730115899206,6110,40.64,3.73963030394681,0.78,67.5,6116.43800864523,2.62907042729477
"639",6007,"Female","7/8/25","13:30",18,3,"BlueBall_Perceptual_VA",0.532028415534515,0.852070543317608,"Perceptual",0.624394798889559,1520,22.605,1.93309297512236,0.65,70,1521.49791735193,-2.54262030985139
"640",6008,"Female","7/8/25","14:30",19,3,"Stick7_Perceptual_VA",5.54284873352589,2.71480554305186,"Perceptual",2.04171114491496,6110,14,3.54985218836048,5.17,53.4,6115.53962112911,2.43889474586904
"641",6008,"Female","7/8/25","14:30",19,3,"Stick8_Perceptual_VA",2.38161639682786,1.55042556447019,"Perceptual",1.53610495815174,10700,14,2.02881447223554,2.22,53.4,10703.1642451006,1.39324435934806
"642",6008,"Female","7/8/25","14:30",19,3,"Stick9_Perceptual_VA",1.5336386612017,1.09867930772155,"Perceptual",1.39589291472337,15100,14,1.43793593003966,1.4,52.3,15102.2423784549,0.987362757647252
"643",6008,"Female","7/8/25","14:30",19,3,"Stick10_Perceptual_VA",10.2756446194628,7.14799063652525,"Perceptual",1.43755709009405,2318,14,9.28683061067965,10.34,57.5,2332.56272318667,6.40572766583833
"644",6008,"Female","7/8/25","14:30",19,3,"Lamp5_Perceptual_VA",2.34141115609497,1.37774454425237,"Perceptual",1.69945231564356,1690,40.64,13.2955345351707,2.44,59.7,1713.1298589424,9.4258132368689
"645",6008,"Female","7/8/25","14:30",19,3,"Lamp6_Perceptual_VA",1.3750327092782,0.781363889874143,"Perceptual",1.7597853280623,2980,40.64,7.63292557604705,1.44,60,2993.17789541484,5.37840942856044
"646",6008,"Female","7/8/25","14:30",19,3,"Lamp7_Perceptual_VA",0.943442633537316,0.381095236476046,"Perceptual",2.47560857034385,6110,40.64,3.73963030394681,0.96,58.3,6116.43800864523,2.62907042729477
"647",6008,"Female","7/8/25","14:30",19,3,"BlueBall_Perceptual_VA",1.06715771361184,0.852070543317608,"Perceptual",1.2524288299614,1520,22.605,1.93309297512236,1.22,65.5,1521.49791735193,-2.54262030985139
"648",6009,"Female","7/9/25","10:30",29,3,"Stick7_Perceptual_VA",7.16823393741279,2.71480554305186,"Perceptual",2.64042260992092,6110,14,3.54985218836048,6.89,55,6115.53962112911,2.43889474586904
"649",6009,"Female","7/9/25","10:30",29,3,"Stick8_Perceptual_VA",3.37774232605967,1.55042556447019,"Perceptual",2.17859044862558,10700,14,2.02881447223554,3.32,56.3,10703.1642451006,1.39324435934806
"650",6009,"Female","7/9/25","10:30",29,3,"Stick9_Perceptual_VA",2.82343756496939,1.09867930772155,"Perceptual",2.56984685624475,15100,14,1.43793593003966,2.77,56.2,15102.2423784549,0.987362757647252
"651",6009,"Female","7/9/25","10:30",29,3,"Stick10_Perceptual_VA",10.5493526738252,7.14799063652525,"Perceptual",1.4758486979431,2318,14,9.28683061067965,10.34,56,2332.56272318667,6.40572766583833
"652",6009,"Female","7/9/25","10:30",29,3,"Lamp5_Perceptual_VA",2.5565774656971,1.37774454425237,"Perceptual",1.85562517838488,1690,40.64,13.2955345351707,2.7,60.5,1713.1298589424,9.4258132368689
"653",6009,"Female","7/9/25","10:30",29,3,"Lamp6_Perceptual_VA",1.68766062234832,0.781363889874143,"Perceptual",2.15989072981112,2980,40.64,7.63292557604705,1.9,64.5,2993.17789541484,5.37840942856044
"654",6009,"Female","7/9/25","10:30",29,3,"Lamp7_Perceptual_VA",1.32003636786301,0.381095236476046,"Perceptual",3.46379655665411,6110,40.64,3.73963030394681,1.44,62.5,6116.43800864523,2.62907042729477
"655",6009,"Female","7/9/25","10:30",29,3,"BlueBall_Perceptual_VA",1.51848218082449,0.852070543317608,"Perceptual",1.78210852696792,1520,22.605,1.93309297512236,1.63,61.5,1521.49791735193,-2.54262030985139
"656",6010,"Female","7/9/25","11:30",28,3,"Stick7_Perceptual_VA",2.89910673057885,2.71480554305186,"Perceptual",1.06788743598917,6110,14,3.54985218836048,3.32,65.6,6115.53962112911,2.43889474586904
"657",6010,"Female","7/9/25","11:30",28,3,"Stick8_Perceptual_VA",2.65533204832527,1.55042556447019,"Perceptual",1.71264723000917,10700,14,2.02881447223554,3.05,65.8,10703.1642451006,1.39324435934806
"658",6010,"Female","7/9/25","11:30",28,3,"Stick9_Perceptual_VA",2.38985389276299,1.09867930772155,"Perceptual",2.17520606419637,15100,14,1.43793593003966,2.77,66.4,15102.2423784549,0.987362757647252
"659",6010,"Female","7/9/25","11:30",28,3,"Stick10_Perceptual_VA",7.80098748476378,7.14799063652525,"Perceptual",1.09135390369733,2318,14,9.28683061067965,9,66,2332.56272318667,6.40572766583833
"660",6010,"Female","7/9/25","11:30",28,3,"Lamp5_Perceptual_VA",1.62075936214186,1.37774454425237,"Perceptual",1.17638597728678,1690,40.64,13.2955345351707,2.15,76,1713.1298589424,9.4258132368689
"661",6010,"Female","7/9/25","11:30",28,3,"Lamp6_Perceptual_VA",0.901927839449517,0.781363889874143,"Perceptual",1.15429936184381,2980,40.64,7.63292557604705,1.22,77.5,2993.17789541484,5.37840942856044
"662",6010,"Female","7/9/25","11:30",28,3,"Lamp7_Perceptual_VA",0.733975111839661,0.381095236476046,"Perceptual",1.92596244084986,6110,40.64,3.73963030394681,0.98,76.5,6116.43800864523,2.62907042729477
"663",6010,"Female","7/9/25","11:30",28,3,"BlueBall_Perceptual_VA",1.18664272293953,0.852070543317608,"Perceptual",1.3926578406516,1520,22.605,1.93309297512236,1.63,78.7,1521.49791735193,-2.54262030985139
"664",6011,"Female","7/9/25","13:30",24,3,"Stick7_Perceptual_VA",2.42675003264388,2.71480554305186,"Perceptual",0.893894606504979,6110,14,3.54985218836048,3.05,72,6115.53962112911,2.43889474586904
"665",6011,"Female","7/9/25","13:30",24,3,"Stick8_Perceptual_VA",1.68015212161166,1.55042556447019,"Perceptual",1.08367158031595,10700,14,2.02881447223554,2.22,75.7,10703.1642451006,1.39324435934806
"666",6011,"Female","7/9/25","13:30",24,3,"Stick9_Perceptual_VA",1.3028341898199,1.09867930772155,"Perceptual",1.1858184464416,15100,14,1.43793593003966,1.66,73,15102.2423784549,0.987362757647252
"667",6011,"Female","7/9/25","13:30",24,3,"Stick10_Perceptual_VA",6.62917164128698,7.14799063652525,"Perceptual",0.927417504915692,2318,14,9.28683061067965,9,77.7,2332.56272318667,6.40572766583833
"668",6011,"Female","7/9/25","13:30",24,3,"Lamp5_Perceptual_VA",1.01856480995505,1.37774454425237,"Perceptual",0.739298743155446,1690,40.64,13.2955345351707,1.44,81,1713.1298589424,9.4258132368689
"669",6011,"Female","7/9/25","13:30",24,3,"Lamp6_Perceptual_VA",0.697505223204441,0.781363889874143,"Perceptual",0.892676552171857,2980,40.64,7.63292557604705,0.98,80.5,2993.17789541484,5.37840942856044
"670",6011,"Female","7/9/25","13:30",24,3,"Lamp7_Perceptual_VA",0.563560500798934,0.381095236476046,"Perceptual",1.47879177396739,6110,40.64,3.73963030394681,0.78,79.3,6116.43800864523,2.62907042729477
"671",6011,"Female","7/9/25","13:30",24,3,"BlueBall_Perceptual_VA",0.687260595944754,0.852070543317608,"Perceptual",0.806577109529979,1520,22.605,1.93309297512236,0.98,81.7,1521.49791735193,-2.54262030985139
"672",6012,"Male","7/9/25","14:30",23,3,"Stick7_Perceptual_VA",2.89469596553337,2.71480554305186,"Perceptual",1.06626272844547,6110,14,3.54985218836048,3.32,65.7,6115.53962112911,2.43889474586904
"673",6012,"Male","7/9/25","14:30",23,3,"Stick8_Perceptual_VA",2.63134655611691,1.55042556447019,"Perceptual",1.69717696638735,10700,14,2.02881447223554,3.05,66.4,10703.1642451006,1.39324435934806
"674",6012,"Male","7/9/25","14:30",23,3,"Stick9_Perceptual_VA",1.8000818514413,1.09867930772155,"Perceptual",1.63840516408225,15100,14,1.43793593003966,2.08,66.2,15102.2423784549,0.987362757647252
"675",6012,"Male","7/9/25","14:30",23,3,"Stick10_Perceptual_VA",9.5996722278094,7.14799063652525,"Perceptual",1.34298892037664,2318,14,9.28683061067965,11,65.5,2332.56272318667,6.40572766583833
"676",6012,"Male","7/9/25","14:30",23,3,"Lamp5_Perceptual_VA",2.07626410144454,1.37774454425237,"Perceptual",1.50700223064299,1690,40.64,13.2955345351707,2.7,74.5,1713.1298589424,9.4258132368689
"677",6012,"Male","7/9/25","14:30",23,3,"Lamp6_Perceptual_VA",0.919728289724227,0.781363889874143,"Perceptual",1.17708061716593,2980,40.64,7.63292557604705,1.22,76,2993.17789541484,5.37840942856044
"678",6012,"Male","7/9/25","14:30",23,3,"Lamp7_Perceptual_VA",0.603922895330735,0.381095236476046,"Perceptual",1.58470334322506,6110,40.64,3.73963030394681,0.78,74,6116.43800864523,2.62907042729477
"679",6012,"Male","7/9/25","14:30",23,3,"BlueBall_Perceptual_VA",1.25353550755739,0.852070543317608,"Perceptual",1.47116399855421,1520,22.605,1.93309297512236,1.63,74.5,1521.49791735193,-2.54262030985139
"680",6013,"Male","7/10/25","10:30",25,3,"Stick7_Perceptual_VA",7.08384844355417,2.71480554305186,"Perceptual",2.60933917041838,6110,14,3.54985218836048,7.7,62.2,6115.53962112911,2.43889474586904
"681",6013,"Male","7/10/25","10:30",25,3,"Stick8_Perceptual_VA",5.75305700496297,1.55042556447019,"Perceptual",3.71063089825206,10700,14,2.02881447223554,6.1,60.7,10703.1642451006,1.39324435934806
"682",6013,"Male","7/10/25","10:30",25,3,"Stick9_Perceptual_VA",2.92653488913853,1.09867930772155,"Perceptual",2.66368436045965,15100,14,1.43793593003966,3.05,59.7,15102.2423784549,0.987362757647252
"683",6013,"Male","7/10/25","10:30",25,3,"Stick10_Perceptual_VA",11.7812528324082,7.14799063652525,"Perceptual",1.64819085970925,2318,14,9.28683061067965,13,63,2332.56272318667,6.40572766583833
"684",6013,"Male","7/10/25","10:30",25,3,"Lamp5_Perceptual_VA",2.51502055904088,1.37774454425237,"Perceptual",1.8254621798598,1690,40.64,13.2955345351707,2.7,61.5,1713.1298589424,9.4258132368689
"685",6013,"Male","7/10/25","10:30",25,3,"Lamp6_Perceptual_VA",1.97078048534675,0.781363889874143,"Perceptual",2.52223133278426,2980,40.64,7.63292557604705,2.15,62.5,2993.17789541484,5.37840942856044
"686",6013,"Male","7/10/25","10:30",25,3,"Lamp7_Perceptual_VA",1.43012667340082,0.381095236476046,"Perceptual",3.75267528039731,6110,40.64,3.73963030394681,1.63,65.3,6116.43800864523,2.62907042729477
"687",6013,"Male","7/10/25","10:30",25,3,"BlueBall_Perceptual_VA",1.68244449337056,0.852070543317608,"Perceptual",1.97453662324697,1520,22.605,1.93309297512236,1.9,64.7,1521.49791735193,-2.54262030985139
"688",6014,"Female","7/10/25","14:30",26,3,"Stick7_Perceptual_VA",4.75962723873232,2.71480554305186,"Perceptual",1.75321110969214,6110,14,3.54985218836048,5.17,62.2,6115.53962112911,2.43889474586904
"689",6014,"Female","7/10/25","14:30",26,3,"Stick8_Perceptual_VA",3.77810891161949,1.55042556447019,"Perceptual",2.43682057249266,10700,14,2.02881447223554,4.07,61.7,10703.1642451006,1.39324435934806
"690",6014,"Female","7/10/25","14:30",26,3,"Stick9_Perceptual_VA",2.60134500705337,1.09867930772155,"Perceptual",2.36770182961583,15100,14,1.43793593003966,2.77,61,15102.2423784549,0.987362757647252
"691",6014,"Female","7/10/25","14:30",26,3,"Stick10_Perceptual_VA",8.10710846366281,7.14799063652525,"Perceptual",1.13418006204941,2318,14,9.28683061067965,9,63.5,2332.56272318667,6.40572766583833
"692",6014,"Female","7/10/25","14:30",26,3,"Lamp5_Perceptual_VA",1.58219568536756,1.37774454425237,"Perceptual",1.14839553672567,1690,40.64,13.2955345351707,1.9,68.8,1713.1298589424,9.4258132368689
"693",6014,"Female","7/10/25","14:30",26,3,"Lamp6_Perceptual_VA",1.19569461087798,0.781363889874143,"Perceptual",1.53026602121397,2980,40.64,7.63292557604705,1.44,69,2993.17789541484,5.37840942856044
"694",6014,"Female","7/10/25","14:30",26,3,"Lamp7_Perceptual_VA",1.00285604632225,0.381095236476046,"Perceptual",2.63151031641218,6110,40.64,3.73963030394681,1.22,69.7,6116.43800864523,2.62907042729477
"695",6014,"Female","7/10/25","14:30",26,3,"BlueBall_Perceptual_VA",1.01597411970891,0.852070543317608,"Perceptual",1.19235916283778,1520,22.605,1.93309297512236,1.22,68.8,1521.49791735193,-2.54262030985139
"696",6015,"Male","7/10/25","15:30",19,3,"Stick7_Perceptual_VA",6.02144291908875,2.71480554305186,"Perceptual",2.21800155613345,6110,14,3.54985218836048,6.89,65.5,6115.53962112911,2.43889474586904
"697",6015,"Male","7/10/25","15:30",19,3,"Stick8_Perceptual_VA",4.41898999209993,1.55042556447019,"Perceptual",2.85017874663979,10700,14,2.02881447223554,5.17,67,10703.1642451006,1.39324435934806
"698",6015,"Male","7/10/25","15:30",19,3,"Stick9_Perceptual_VA",3.92970207398251,1.09867930772155,"Perceptual",3.5767507828394,15100,14,1.43793593003966,4.7,68.5,15102.2423784549,0.987362757647252
"699",6015,"Male","7/10/25","15:30",19,3,"Stick10_Perceptual_VA",11.3557265877199,7.14799063652525,"Perceptual",1.58865996965549,2318,14,9.28683061067965,10.34,52,2332.56272318667,6.40572766583833
"700",6015,"Male","7/10/25","15:30",19,3,"Lamp5_Perceptual_VA",3.03909550176286,1.37774454425237,"Perceptual",2.20584832975115,1690,40.64,13.2955345351707,3.3,62.2,1713.1298589424,9.4258132368689
"701",6015,"Male","7/10/25","15:30",19,3,"Lamp6_Perceptual_VA",1.27318715192697,0.781363889874143,"Perceptual",1.62944201597549,2980,40.64,7.63292557604705,1.44,64.8,2993.17789541484,5.37840942856044
"702",6015,"Male","7/10/25","15:30",19,3,"Lamp7_Perceptual_VA",1.70885260952138,0.381095236476046,"Perceptual",4.48405659782839,6110,40.64,3.73963030394681,1.9,63.7,6116.43800864523,2.62907042729477
"703",6015,"Male","7/10/25","15:30",19,3,"BlueBall_Perceptual_VA",2.10838500843851,0.852070543317608,"Perceptual",2.47442541579872,1520,22.605,1.93309297512236,2.44,66.3,1521.49791735193,-2.54262030985139
"704",6016,"Female","7/11/25","14:30",24,3,"Stick7_Perceptual_VA",7.50618482355813,2.71480554305186,"Perceptual",2.76490699039903,6110,14,3.54985218836048,9,68.6,6115.53962112911,2.43889474586904
"705",6016,"Female","7/11/25","14:30",24,3,"Stick8_Perceptual_VA",4.35406784022052,1.55042556447019,"Perceptual",2.80830498412763,10700,14,2.02881447223554,5.17,68,10703.1642451006,1.39324435934806
"706",6016,"Female","7/11/25","14:30",24,3,"Stick9_Perceptual_VA",2.83855342294904,1.09867930772155,"Perceptual",2.58360506382491,15100,14,1.43793593003966,3.32,67,15102.2423784549,0.987362757647252
"707",6016,"Female","7/11/25","14:30",24,3,"Stick10_Perceptual_VA",12.2310071325708,7.14799063652525,"Perceptual",1.71111124153857,2318,14,9.28683061067965,15,70,2332.56272318667,6.40572766583833
"708",6016,"Female","7/11/25","14:30",24,3,"Lamp5_Perceptual_VA",1.92281404345935,1.37774454425237,"Perceptual",1.39562450200284,1690,40.64,13.2955345351707,2.44,72.7,1713.1298589424,9.4258132368689
"709",6016,"Female","7/11/25","14:30",24,3,"Lamp6_Perceptual_VA",1.44563354349518,0.781363889874143,"Perceptual",1.85014122386438,2980,40.64,7.63292557604705,1.9,75.3,2993.17789541484,5.37840942856044
"710",6016,"Female","7/11/25","14:30",24,3,"Lamp7_Perceptual_VA",1.1000451740939,0.381095236476046,"Perceptual",2.88653614321165,6110,40.64,3.73963030394681,1.44,75,6116.43800864523,2.62907042729477
"711",6016,"Female","7/11/25","14:30",24,3,"BlueBall_Perceptual_VA",1.45724381106478,0.852070543317608,"Perceptual",1.71023845677246,1520,22.605,1.93309297512236,1.9,74.7,1521.49791735193,-2.54262030985139
"712",5027,"Female","7/11/25","15:30",19,3,"Stick7_Perceptual_VA",8.72115163304877,2.71480554305186,"Perceptual",3.21244063147331,6110,14,3.54985218836048,10.34,67.8,6115.53962112911,2.43889474586904
"713",5027,"Female","7/11/25","15:30",19,3,"Stick8_Perceptual_VA",5.84334362159385,1.55042556447019,"Perceptual",3.76886433989538,10700,14,2.02881447223554,6.89,67.5,10703.1642451006,1.39324435934806
"714",5027,"Female","7/11/25","15:30",19,3,"Stick9_Perceptual_VA",5.17432125825962,1.09867930772155,"Perceptual",4.7095828800036,15100,14,1.43793593003966,6.1,67.5,15102.2423784549,0.987362757647252
"715",5027,"Female","7/11/25","15:30",19,3,"Stick10_Perceptual_VA",10.6102192124208,7.14799063652525,"Perceptual",1.48436389356807,2318,14,9.28683061067965,13,70,2332.56272318667,6.40572766583833
"716",5027,"Female","7/11/25","15:30",19,3,"Lamp5_Perceptual_VA",1.22076585019978,1.37774454425237,"Perceptual",0.886061102758513,1690,40.64,13.2955345351707,1.63,76.5,1713.1298589424,9.4258132368689
"717",5027,"Female","7/11/25","15:30",19,3,"Lamp6_Perceptual_VA",1.18664272293953,0.781363889874143,"Perceptual",1.51868129346324,2980,40.64,7.63292557604705,1.63,78.7,2993.17789541484,5.37840942856044
"718",5027,"Female","7/11/25","15:30",19,3,"Lamp7_Perceptual_VA",0.893854645556642,0.381095236476046,"Perceptual",2.34548889621932,6110,40.64,3.73963030394681,1.22,78.2,6116.43800864523,2.62907042729477
"719",5027,"Female","7/11/25","15:30",19,3,"BlueBall_Perceptual_VA",1.07008462039766,0.852070543317608,"Perceptual",1.25586388215134,1520,22.605,1.93309297512236,1.44,77.1,1521.49791735193,-2.54262030985139
"720",6017,"Female","7/14/25","13:30",19,3,"Stick7_Perceptual_VA",4.43956452755858,2.71480554305186,"Perceptual",1.63531584754605,6110,14,3.54985218836048,4.07,52.5,6115.53962112911,2.43889474586904
"721",6017,"Female","7/14/25","13:30",19,3,"Stick8_Perceptual_VA",3.60833232024311,1.55042556447019,"Perceptual",2.32731735268836,10700,14,2.02881447223554,3.32,52.7,10703.1642451006,1.39324435934806
"722",6017,"Female","7/14/25","13:30",19,3,"Stick9_Perceptual_VA",2.37716605562582,1.09867930772155,"Perceptual",2.16365780161601,15100,14,1.43793593003966,2.22,53.5,15102.2423784549,0.987362757647252
"723",6017,"Female","7/14/25","13:30",19,3,"Stick10_Perceptual_VA",7.32768942155795,7.14799063652525,"Perceptual",1.02513976223114,2318,14,9.28683061067965,6.89,53.8,2332.56272318667,6.40572766583833
"724",6017,"Female","7/14/25","13:30",19,3,"Lamp5_Perceptual_VA",2.63494614749367,1.37774454425237,"Perceptual",1.91250704529083,1690,40.64,13.2955345351707,2.7,58.7,1713.1298589424,9.4258132368689
"725",6017,"Female","7/14/25","13:30",19,3,"Lamp6_Perceptual_VA",1.75570101100875,0.781363889874143,"Perceptual",2.24696973300308,2980,40.64,7.63292557604705,1.9,62,2993.17789541484,5.37840942856044
"726",6017,"Female","7/14/25","13:30",19,3,"Lamp7_Perceptual_VA",1.31582609624897,0.381095236476046,"Perceptual",3.45274873655283,6110,40.64,3.73963030394681,1.44,62.7,6116.43800864523,2.62907042729477
"727",6017,"Female","7/14/25","13:30",19,3,"BlueBall_Perceptual_VA",1.75570101100875,0.852070543317608,"Perceptual",2.06051133298516,1520,22.605,1.93309297512236,1.9,62,1521.49791735193,-2.54262030985139
"728",6018,"Male","7/14/25","15:30",17,3,"Stick7_Perceptual_VA",5.86888425295993,2.71480554305186,"Perceptual",2.16180649401592,6110,14,3.54985218836048,6.1,59.5,6115.53962112911,2.43889474586904
"729",6018,"Male","7/14/25","15:30",17,3,"Stick8_Perceptual_VA",3.09228962694366,1.55042556447019,"Perceptual",1.99447796644166,10700,14,2.02881447223554,3.32,61.5,10703.1642451006,1.39324435934806
"730",6018,"Male","7/14/25","15:30",17,3,"Stick9_Perceptual_VA",1.96315588058806,1.09867930772155,"Perceptual",1.78683248768858,15100,14,1.43793593003966,2.08,60.7,15102.2423784549,0.987362757647252
"731",6018,"Male","7/14/25","15:30",17,3,"Stick10_Perceptual_VA",16.8863818583533,7.14799063652525,"Perceptual",2.36239563214677,2318,14,9.28683061067965,19,64,2332.56272318667,6.40572766583833
"732",6018,"Male","7/14/25","15:30",17,3,"Lamp5_Perceptual_VA",2.96756362095958,1.37774454425237,"Perceptual",2.15392877681103,1690,40.64,13.2955345351707,3.3,63.7,1713.1298589424,9.4258132368689
"733",6018,"Male","7/14/25","15:30",17,3,"Lamp6_Perceptual_VA",1.94587812542979,0.781363889874143,"Perceptual",2.49036095812313,2980,40.64,7.63292557604705,2.15,63.3,2993.17789541484,5.37840942856044
"734",6018,"Male","7/14/25","15:30",17,3,"Lamp7_Perceptual_VA",0.341149435021926,0.381095236476046,"Perceptual",0.895181577645801,6110,40.64,3.73963030394681,0.39,65.5,6116.43800864523,2.62907042729477
"735",6018,"Male","7/14/25","15:30",17,3,"BlueBall_Perceptual_VA",2.22586176752789,0.852070543317608,"Perceptual",2.61229752041576,1520,22.605,1.93309297512236,2.44,62.8,1521.49791735193,-2.54262030985139
"736",6019,"Male","7/15/25","10:30",25,3,"Stick7_Perceptual_VA",5.94872638639202,2.71480554305186,"Perceptual",2.19121638439884,6110,14,3.54985218836048,6.1,58.7,6115.53962112911,2.43889474586904
"737",6019,"Male","7/15/25","10:30",25,3,"Stick8_Perceptual_VA",3.74776000134494,1.55042556447019,"Perceptual",2.41724600472879,10700,14,2.02881447223554,4.07,62.2,10703.1642451006,1.39324435934806
"738",6019,"Male","7/15/25","10:30",25,3,"Stick9_Perceptual_VA",2.89742761100096,1.09867930772155,"Perceptual",2.637191390279,15100,14,1.43793593003966,3.05,60.3,15102.2423784549,0.987362757647252
"739",6019,"Male","7/15/25","10:30",25,3,"Stick10_Perceptual_VA",11.5984352581968,7.14799063652525,"Perceptual",1.6226147805693,2318,14,9.28683061067965,13,64,2332.56272318667,6.40572766583833
"740",6019,"Male","7/15/25","10:30",25,3,"Lamp5_Perceptual_VA",1.97719700485204,1.37774454425237,"Perceptual",1.43509695835883,1690,40.64,13.2955345351707,2.44,70.7,1713.1298589424,9.4258132368689
"741",6019,"Male","7/15/25","10:30",25,3,"Lamp6_Perceptual_VA",1.34953472359065,0.781363889874143,"Perceptual",1.7271526635407,2980,40.64,7.63292557604705,1.63,69.2,2993.17789541484,5.37840942856044
"742",6019,"Male","7/15/25","10:30",25,3,"Lamp7_Perceptual_VA",0.796439146059112,0.381095236476046,"Perceptual",2.08986906638801,6110,40.64,3.73963030394681,0.98,70.5,6116.43800864523,2.62907042729477
"743",6019,"Male","7/15/25","10:30",25,3,"BlueBall_Perceptual_VA",1.2451792641937,0.852070543317608,"Perceptual",1.4613570131711,1520,22.605,1.93309297512236,1.63,75,1521.49791735193,-2.54262030985139
"744",6020,"Male","7/15/25","11:30",21,3,"Stick7_Perceptual_VA",4.29288954227581,2.71480554305186,"Perceptual",1.58128804225511,6110,14,3.54985218836048,4.7,62.7,6115.53962112911,2.43889474586904
"745",6020,"Male","7/15/25","11:30",21,3,"Stick8_Perceptual_VA",2.54708139713005,1.55042556447019,"Perceptual",1.64282726981507,10700,14,2.02881447223554,2.77,62.3,10703.1642451006,1.39324435934806
"746",6020,"Male","7/15/25","11:30",21,3,"Stick9_Perceptual_VA",1.27724155279659,1.09867930772155,"Perceptual",1.16252444532276,15100,14,1.43793593003966,1.4,62.8,15102.2423784549,0.987362757647252
"747",6020,"Male","7/15/25","11:30",21,3,"Stick10_Perceptual_VA",9.02614675267291,7.14799063652525,"Perceptual",1.26275301852671,2318,14,9.28683061067965,10.34,65.5,2332.56272318667,6.40572766583833
"748",6020,"Male","7/15/25","11:30",21,3,"Lamp5_Perceptual_VA",0.998558309879495,1.37774454425237,"Perceptual",0.724777546059062,1690,40.64,13.2955345351707,1.22,70,1713.1298589424,9.4258132368689
"749",6020,"Male","7/15/25","11:30",21,3,"Lamp6_Perceptual_VA",0.793695075772012,0.781363889874143,"Perceptual",1.01578161732027,2980,40.64,7.63292557604705,0.96,69.3,2993.17789541484,5.37840942856044
"750",6020,"Male","7/15/25","11:30",21,3,"Lamp7_Perceptual_VA",0.536628017873977,0.381095236476046,"Perceptual",1.40812050771384,6110,40.64,3.73963030394681,0.65,69.4,6116.43800864523,2.62907042729477
"751",6020,"Male","7/15/25","11:30",21,3,"BlueBall_Perceptual_VA",0.581022644059239,0.852070543317608,"Perceptual",0.68189500108404,1520,22.605,1.93309297512236,0.72,71,1521.49791735193,-2.54262030985139
"752",6021,"Female","7/15/25","13:30",25,3,"Stick7_Perceptual_VA",7.59536613711083,2.71480554305186,"Perceptual",2.79775697252057,6110,14,3.54985218836048,7.7,58,6115.53962112911,2.43889474586904
"753",6021,"Female","7/15/25","13:30",25,3,"Stick8_Perceptual_VA",6.12581160273117,1.55042556447019,"Perceptual",3.95105172612688,10700,14,2.02881447223554,6.1,57,10703.1642451006,1.39324435934806
"754",6021,"Female","7/15/25","13:30",25,3,"Stick9_Perceptual_VA",6.17991773291359,1.09867930772155,"Perceptual",5.62486040237669,15100,14,1.43793593003966,6.1,56.5,15102.2423784549,0.987362757647252
"755",6021,"Female","7/15/25","13:30",25,3,"Stick10_Perceptual_VA",10.5624812568902,7.14799063652525,"Perceptual",1.47768537956911,2318,14,9.28683061067965,11,59.5,2332.56272318667,6.40572766583833
"756",6021,"Female","7/15/25","13:30",25,3,"Lamp5_Perceptual_VA",2.23654319739844,1.37774454425237,"Perceptual",1.62333663865974,1690,40.64,13.2955345351707,2.44,62.5,1713.1298589424,9.4258132368689
"757",6021,"Female","7/15/25","13:30",25,3,"Lamp6_Perceptual_VA",1.44786280244344,0.781363889874143,"Perceptual",1.85299425940537,2980,40.64,7.63292557604705,1.63,64.5,2993.17789541484,5.37840942856044
"758",6021,"Female","7/15/25","13:30",25,3,"Lamp7_Perceptual_VA",1.25383935936929,0.381095236476046,"Perceptual",3.29009454687345,6110,40.64,3.73963030394681,1.44,65.8,6116.43800864523,2.62907042729477
"759",6021,"Female","7/15/25","13:30",25,3,"BlueBall_Perceptual_VA",2.00281922303184,0.852070543317608,"Perceptual",2.35053216982915,1520,22.605,1.93309297512236,2.15,61.5,1521.49791735193,-2.54262030985139
"760",6022,"Female","7/15/25","14:15",53,3,"Stick7_Perceptual_VA",5.97922961785737,2.71480554305186,"Perceptual",2.20245226519458,6110,14,3.54985218836048,6.1,58.4,6115.53962112911,2.43889474586904
"761",6022,"Female","7/15/25","14:15",53,3,"Stick8_Perceptual_VA",4.95869787875584,1.55042556447019,"Perceptual",3.19828180880798,10700,14,2.02881447223554,5.17,59.7,10703.1642451006,1.39324435934806
"762",6022,"Female","7/15/25","14:15",53,3,"Stick9_Perceptual_VA",3.18547716771104,1.09867930772155,"Perceptual",2.89936940226635,15100,14,1.43793593003966,3.32,59.7,15102.2423784549,0.987362757647252
"763",6022,"Female","7/15/25","14:15",53,3,"Stick10_Perceptual_VA",9.45748173330357,7.14799063652525,"Perceptual",1.3230965475776,2318,14,9.28683061067965,10.34,62.5,2332.56272318667,6.40572766583833
"764",6022,"Female","7/15/25","14:15",53,3,"Lamp5_Perceptual_VA",1.66189845207029,1.37774454425237,"Perceptual",1.20624571442024,1690,40.64,13.2955345351707,1.9,65.5,1713.1298589424,9.4258132368689
"765",6022,"Female","7/15/25","14:15",53,3,"Lamp6_Perceptual_VA",1.26926997390507,0.781363889874143,"Perceptual",1.62442875893525,2980,40.64,7.63292557604705,1.44,65,2993.17789541484,5.37840942856044
"766",6022,"Female","7/15/25","14:15",53,3,"Lamp7_Perceptual_VA",1.06715771361184,0.381095236476046,"Perceptual",2.80023892053796,6110,40.64,3.73963030394681,1.22,65.5,6116.43800864523,2.62907042729477
"767",6022,"Female","7/15/25","14:15",53,3,"BlueBall_Perceptual_VA",1.06553104264371,0.852070543317608,"Perceptual",1.25051974980261,1520,22.605,1.93309297512236,1.22,65.6,1521.49791735193,-2.54262030985139
"768",6023,"Female","7/15/25","15:00",25,3,"Stick7_Perceptual_VA",8.00834588141878,2.71480554305186,"Perceptual",2.94987827099253,6110,14,3.54985218836048,7.7,55,6115.53962112911,2.43889474586904
"769",6023,"Female","7/15/25","15:00",25,3,"Stick8_Perceptual_VA",6.26289127443245,1.55042556447019,"Perceptual",4.03946594919093,10700,14,2.02881447223554,6.1,55.75,10703.1642451006,1.39324435934806
"770",6023,"Female","7/15/25","15:00",25,3,"Stick9_Perceptual_VA",4.16234386301024,1.09867930772155,"Perceptual",3.78849754769855,15100,14,1.43793593003966,4.07,56,15102.2423784549,0.987362757647252
"771",6023,"Female","7/15/25","15:00",25,3,"Stick10_Perceptual_VA",13.664723354834,7.14799063652525,"Perceptual",1.91168736078208,2318,14,9.28683061067965,13,54.25,2332.56272318667,6.40572766583833
"772",6023,"Female","7/15/25","15:00",25,3,"Lamp5_Perceptual_VA",2.88604722264562,1.37774454425237,"Perceptual",2.0947622218397,1690,40.64,13.2955345351707,3.3,65.5,1713.1298589424,9.4258132368689
"773",6023,"Female","7/15/25","15:00",25,3,"Lamp6_Perceptual_VA",1.86628839621584,0.781363889874143,"Perceptual",2.38850095378282,2980,40.64,7.63292557604705,2.15,66,2993.17789541484,5.37840942856044
"774",6023,"Female","7/15/25","15:00",25,3,"Lamp7_Perceptual_VA",1.34370992898351,0.381095236476046,"Perceptual",3.52591635993323,6110,40.64,3.73963030394681,1.63,69.5,6116.43800864523,2.62907042729477
"775",6023,"Female","7/15/25","15:00",25,3,"BlueBall_Perceptual_VA",1.90084301052726,0.852070543317608,"Perceptual",2.23085168878878,1520,22.605,1.93309297512236,2.15,64.8,1521.49791735193,-2.54262030985139
"776",6024,"Female","7/16/25","13:30",19,3,"Stick7_Perceptual_VA",8.69378834924408,2.71480554305186,"Perceptual",3.20236135199242,6110,14,3.54985218836048,9,59.2,6115.53962112911,2.43889474586904
"777",6024,"Female","7/16/25","13:30",19,3,"Stick8_Perceptual_VA",7.53063602641313,1.55042556447019,"Perceptual",4.85714129009896,10700,14,2.02881447223554,7.7,58.5,10703.1642451006,1.39324435934806
"778",6024,"Female","7/16/25","13:30",19,3,"Stick9_Perceptual_VA",5.96902720669918,1.09867930772155,"Perceptual",5.43291128243581,15100,14,1.43793593003966,6.1,58.5,15102.2423784549,0.987362757647252
"779",6024,"Female","7/16/25","13:30",19,3,"Stick10_Perceptual_VA",10.474952133625,7.14799063652525,"Perceptual",1.46544010285904,2318,14,9.28683061067965,11,60,2332.56272318667,6.40572766583833
"780",6024,"Female","7/16/25","13:30",19,3,"Lamp5_Perceptual_VA",1.42576032574527,1.37774454425237,"Perceptual",1.0348510046316,1690,40.64,13.2955345351707,1.63,65.5,1713.1298589424,9.4258132368689
"781",6024,"Female","7/16/25","13:30",19,3,"Lamp6_Perceptual_VA",1.08707238128718,0.781363889874143,"Perceptual",1.39124983298407,2980,40.64,7.63292557604705,1.22,64.3,2993.17789541484,5.37840942856044
"782",6024,"Female","7/16/25","13:30",19,3,"Lamp7_Perceptual_VA",0.833378463587148,0.381095236476046,"Perceptual",2.18679842680094,6110,40.64,3.73963030394681,0.96,66,6116.43800864523,2.62907042729477
"783",6024,"Female","7/16/25","13:30",19,3,"BlueBall_Perceptual_VA",0.877324481678558,0.852070543317608,"Perceptual",1.02963831875072,1520,22.605,1.93309297512236,0.98,64,1521.49791735193,-2.54262030985139
"784",6025,"Female","7/16/25","14:15",20,3,"Stick7_Perceptual_VA",5.09507660285354,2.71480554305186,"Perceptual",1.87677405326272,6110,14,3.54985218836048,5.17,58.1,6115.53962112911,2.43889474586904
"785",6025,"Female","7/16/25","14:15",20,3,"Stick8_Perceptual_VA",4.57732863423002,1.55042556447019,"Perceptual",2.95230466984346,10700,14,2.02881447223554,4.7,58.8,10703.1642451006,1.39324435934806
"786",6025,"Female","7/16/25","14:15",20,3,"Stick9_Perceptual_VA",2.75006653022984,1.09867930772155,"Perceptual",2.50306573620008,15100,14,1.43793593003966,2.77,57.7,15102.2423784549,0.987362757647252
"787",6025,"Female","7/16/25","14:15",20,3,"Stick10_Perceptual_VA",10.015745079985,7.14799063652525,"Perceptual",1.40119728596256,2318,14,9.28683061067965,10.34,59,2332.56272318667,6.40572766583833
"788",6025,"Female","7/16/25","14:15",20,3,"Lamp5_Perceptual_VA",2.14958946515346,1.37774454425237,"Perceptual",1.56022353644661,1690,40.64,13.2955345351707,2.15,57.3,1713.1298589424,9.4258132368689
"789",6025,"Female","7/16/25","14:15",20,3,"Lamp6_Perceptual_VA",1.36366987990534,0.781363889874143,"Perceptual",1.7452430264278,2980,40.64,7.63292557604705,1.44,60.5,2993.17789541484,5.37840942856044
"790",6025,"Female","7/16/25","14:15",20,3,"Lamp7_Perceptual_VA",0.693318619664842,0.381095236476046,"Perceptual",1.81927915466984,6110,40.64,3.73963030394681,0.72,59.5,6116.43800864523,2.62907042729477
"791",6025,"Female","7/16/25","14:15",20,3,"BlueBall_Perceptual_VA",1.2010015731634,0.852070543317608,"Perceptual",1.4095095559661,1520,22.605,1.93309297512236,1.22,58.2,1521.49791735193,-2.54262030985139
"792",6026,"Female","7/17/25","11:00",34,3,"Stick7_Perceptual_VA",6.21072912937115,2.71480554305186,"Perceptual",2.28772522778531,6110,14,3.54985218836048,6.89,63.5,6115.53962112911,2.43889474586904
"793",6026,"Female","7/17/25","11:00",34,3,"Stick8_Perceptual_VA",4.50086404476856,1.55042556447019,"Perceptual",2.90298621740451,10700,14,2.02881447223554,4.7,59.8,10703.1642451006,1.39324435934806
"794",6026,"Female","7/17/25","11:00",34,3,"Stick9_Perceptual_VA",2.58861845925099,1.09867930772155,"Perceptual",2.35611833321889,15100,14,1.43793593003966,2.77,61.3,15102.2423784549,0.987362757647252
"795",6026,"Female","7/17/25","11:00",34,3,"Stick10_Perceptual_VA",12.774234051529,7.14799063652525,"Perceptual",1.78710839186812,2318,14,9.28683061067965,15,67,2332.56272318667,6.40572766583833
"796",6026,"Female","7/17/25","11:00",34,3,"Lamp5_Perceptual_VA",1.18709310902136,1.37774454425237,"Perceptual",0.861620620436234,1690,40.64,13.2955345351707,1.44,69.5,1713.1298589424,9.4258132368689
"797",6026,"Female","7/17/25","11:00",34,3,"Lamp6_Perceptual_VA",0.63843208023995,0.781363889874143,"Perceptual",0.817073950451926,2980,40.64,7.63292557604705,0.78,70,2993.17789541484,5.37840942856044
"798",6026,"Female","7/17/25","11:00",34,3,"Lamp7_Perceptual_VA",0.535855902493717,0.381095236476046,"Perceptual",1.40609446459822,6110,40.64,3.73963030394681,0.65,69.5,6116.43800864523,2.62907042729477
"799",6026,"Female","7/17/25","11:00",34,3,"BlueBall_Perceptual_VA",0.63843208023995,0.852070543317608,"Perceptual",0.749271389847795,1520,22.605,1.93309297512236,0.78,70,1521.49791735193,-2.54262030985139
"800",6027,"Female","7/17/25","11:30",21,3,"Stick7_Perceptual_VA",6.60702425707256,2.71480554305186,"Perceptual",2.43370073926003,6110,14,3.54985218836048,7.7,66.7,6115.53962112911,2.43889474586904
"801",6027,"Female","7/17/25","11:30",21,3,"Stick8_Perceptual_VA",2.94396494976963,1.55042556447019,"Perceptual",1.89881089246335,10700,14,2.02881447223554,3.32,64.6,10703.1642451006,1.39324435934806
"802",6027,"Female","7/17/25","11:30",21,3,"Stick9_Perceptual_VA",1.83896590242524,1.09867930772155,"Perceptual",1.67379679356927,15100,14,1.43793593003966,2.08,64.8,15102.2423784549,0.987362757647252
"803",6027,"Female","7/17/25","11:30",21,3,"Stick10_Perceptual_VA",8.85119293208086,7.14799063652525,"Perceptual",1.23827707423852,2318,14,9.28683061067965,10.34,66.8,2332.56272318667,6.40572766583833
"804",6027,"Female","7/17/25","11:30",21,3,"Lamp5_Perceptual_VA",1.41924921398069,1.37774454425237,"Perceptual",1.03012508371125,1690,40.64,13.2955345351707,1.9,76.7,1713.1298589424,9.4258132368689
"805",6027,"Female","7/17/25","11:30",21,3,"Lamp6_Perceptual_VA",0.729209168771621,0.781363889874143,"Perceptual",0.933251687493617,2980,40.64,7.63292557604705,0.98,77,2993.17789541484,5.37840942856044
"806",6027,"Female","7/17/25","11:30",21,3,"Lamp7_Perceptual_VA",0.584187200727894,0.381095236476046,"Perceptual",1.53291656471443,6110,40.64,3.73963030394681,0.78,76.5,6116.43800864523,2.62907042729477
"807",6027,"Female","7/17/25","11:30",21,3,"BlueBall_Perceptual_VA",0.919728289724227,0.852070543317608,"Perceptual",1.07940392604489,1520,22.605,1.93309297512236,1.22,76,1521.49791735193,-2.54262030985139
"808",6028,"Female","7/17/25","13:30",49,3,"Stick7_Perceptual_VA",6.16436164905629,2.71480554305186,"Perceptual",2.2706457428721,6110,14,3.54985218836048,7.7,71.5,6115.53962112911,2.43889474586904
"809",6028,"Female","7/17/25","13:30",49,3,"Stick8_Perceptual_VA",4.96849518699976,1.55042556447019,"Perceptual",3.20460091787612,10700,14,2.02881447223554,6.1,70.3,10703.1642451006,1.39324435934806
"810",6028,"Female","7/17/25","13:30",49,3,"Stick9_Perceptual_VA",1.16248318292824,1.09867930772155,"Perceptual",1.05807324736006,15100,14,1.43793593003966,1.4,69,15102.2423784549,0.987362757647252
"811",6028,"Female","7/17/25","13:30",49,3,"Stick10_Perceptual_VA",11.574485928063,7.14799063652525,"Perceptual",1.61926428231719,2318,14,9.28683061067965,15,74,2332.56272318667,6.40572766583833
"812",6028,"Female","7/17/25","13:30",49,3,"Lamp5_Perceptual_VA",1.64896148808845,1.37774454425237,"Perceptual",1.19685575600175,1690,40.64,13.2955345351707,2.15,74.7,1713.1298589424,9.4258132368689
"813",6028,"Female","7/17/25","13:30",49,3,"Lamp6_Perceptual_VA",1.21283939314558,0.781363889874143,"Perceptual",1.55220814381497,2980,40.64,7.63292557604705,1.63,77,2993.17789541484,5.37840942856044
"814",6028,"Female","7/17/25","13:30",49,3,"Lamp7_Perceptual_VA",1.06456192159728,0.381095236476046,"Perceptual",2.79342752074572,6110,40.64,3.73963030394681,1.44,77.5,6116.43800864523,2.62907042729477
"815",6028,"Female","7/17/25","13:30",49,3,"BlueBall_Perceptual_VA",1.66455758859699,0.852070543317608,"Perceptual",1.95354434166436,1520,22.605,1.93309297512236,2.15,74,1521.49791735193,-2.54262030985139
"816",6029,"Male","7/17/25","14:15",22,3,"Stick7_Perceptual_VA",5.23629623843826,2.71480554305186,"Perceptual",1.92879237772288,6110,14,3.54985218836048,6.1,66.7,6115.53962112911,2.43889474586904
"817",6029,"Male","7/17/25","14:15",22,3,"Stick8_Perceptual_VA",3.49507507151088,1.55042556447019,"Perceptual",2.25426821616246,10700,14,2.02881447223554,4.07,66.7,10703.1642451006,1.39324435934806
"818",6029,"Male","7/17/25","14:15",22,3,"Stick9_Perceptual_VA",1.94769343912174,1.09867930772155,"Perceptual",1.77275882546735,15100,14,1.43793593003966,2.22,65.3,15102.2423784549,0.987362757647252
"819",6029,"Male","7/17/25","14:15",22,3,"Stick10_Perceptual_VA",8.72115163304877,7.14799063652525,"Perceptual",1.22008436727447,2318,14,9.28683061067965,10.34,67.8,2332.56272318667,6.40572766583833
"820",6029,"Male","7/17/25","14:15",22,3,"Lamp5_Perceptual_VA",2.04335809675874,1.37774454425237,"Perceptual",1.48311826403752,1690,40.64,13.2955345351707,2.7,75.7,1713.1298589424,9.4258132368689
"821",6029,"Male","7/17/25","14:15",22,3,"Lamp6_Perceptual_VA",1.18513693860777,0.781363889874143,"Perceptual",1.51675417045272,2980,40.64,7.63292557604705,1.63,78.8,2993.17789541484,5.37840942856044
"822",6029,"Male","7/17/25","14:15",22,3,"Lamp7_Perceptual_VA",0.691865156870523,0.381095236476046,"Perceptual",1.81546524503465,6110,40.64,3.73963030394681,0.96,79.5,6116.43800864523,2.62907042729477
"823",6029,"Male","7/17/25","14:15",22,3,"BlueBall_Perceptual_VA",1.41372023374187,0.852070543317608,"Perceptual",1.65915867509917,1520,22.605,1.93309297512236,1.9,77,1521.49791735193,-2.54262030985139
"824",6030,"Male","7/17/25","15:00",33,3,"Stick7_Perceptual_VA",3.61685492580349,2.71480554305186,"Perceptual",1.33227034807715,6110,14,3.54985218836048,3.05,48.3,6115.53962112911,2.43889474586904
"825",6030,"Male","7/17/25","15:00",33,3,"Stick8_Perceptual_VA",2.57911466094222,1.55042556447019,"Perceptual",1.66348821900622,10700,14,2.02881447223554,2.08,46.2,10703.1642451006,1.39324435934806
"826",6030,"Male","7/17/25","15:00",33,3,"Stick9_Perceptual_VA",1.96086001272736,1.09867930772155,"Perceptual",1.78474282617901,15100,14,1.43793593003966,1.66,48.5,15102.2423784549,0.987362757647252
"827",6030,"Male","7/17/25","15:00",33,3,"Stick10_Perceptual_VA",9.48640527419636,7.14799063652525,"Perceptual",1.32714293520785,2318,14,9.28683061067965,7.7,46.4,2332.56272318667,6.40572766583833
"828",6030,"Male","7/17/25","15:00",33,3,"Lamp5_Perceptual_VA",1.31882574964045,1.37774454425237,"Perceptual",0.957235327218157,1690,40.64,13.2955345351707,1.22,53,1713.1298589424,9.4258132368689
"829",6030,"Male","7/17/25","15:00",33,3,"Lamp6_Perceptual_VA",0.857771080827383,0.781363889874143,"Perceptual",1.09778694913269,2980,40.64,7.63292557604705,0.78,52.1,2993.17789541484,5.37840942856044
"830",6030,"Male","7/17/25","15:00",33,3,"Lamp7_Perceptual_VA",0.78575837505971,0.381095236476046,"Perceptual",2.06184255233822,6110,40.64,3.73963030394681,0.72,52.5,6116.43800864523,2.62907042729477
"831",6030,"Male","7/17/25","15:00",33,3,"BlueBall_Perceptual_VA",1.07357975315539,0.852070543317608,"Perceptual",1.25996581101762,1520,22.605,1.93309297512236,0.98,52.3,1521.49791735193,-2.54262030985139
"832",6031,"Female","7/18/25","14:15",23,3,"Stick7_Perceptual_VA",7.33557611106286,2.71480554305186,"Perceptual",2.702063184539,6110,14,3.54985218836048,9,70.2,6115.53962112911,2.43889474586904
"833",6031,"Female","7/18/25","14:15",23,3,"Stick8_Perceptual_VA",5.65111524526269,1.55042556447019,"Perceptual",3.6448800734228,10700,14,2.02881447223554,6.89,69.8,10703.1642451006,1.39324435934806
"834",6031,"Female","7/18/25","14:15",23,3,"Stick9_Perceptual_VA",4.19980903529035,1.09867930772155,"Perceptual",3.82259773691373,15100,14,1.43793593003966,5.17,70.5,15102.2423784549,0.987362757647252
"835",6031,"Female","7/18/25","14:15",23,3,"Stick10_Perceptual_VA",10.3171035612121,7.14799063652525,"Perceptual",1.44335717348217,2318,14,9.28683061067965,13,72,2332.56272318667,6.40572766583833
"836",6031,"Female","7/18/25","14:15",23,3,"Lamp5_Perceptual_VA",3.51902622281479,1.37774454425237,"Perceptual",2.55419354589016,1690,40.64,13.2955345351707,4.7,76.5,1713.1298589424,9.4258132368689
"837",6031,"Female","7/18/25","14:15",23,3,"Lamp6_Perceptual_VA",3.13870960949797,0.781363889874143,"Perceptual",4.01696271119406,2980,40.64,7.63292557604705,4,73,2993.17789541484,5.37840942856044
"838",6031,"Female","7/18/25","14:15",23,3,"Lamp7_Perceptual_VA",1.65783756896859,0.381095236476046,"Perceptual",4.35019231491443,6110,40.64,3.73963030394681,2.15,74.3,6116.43800864523,2.62907042729477
"839",6031,"Female","7/18/25","14:15",23,3,"BlueBall_Perceptual_VA",2.68745732380846,0.852070543317608,"Perceptual",3.15403148822001,1520,22.605,1.93309297512236,3.8,81,1521.49791735193,-2.54262030985139
"840",6032,"Female","7/18/25","15:00",32,3,"Stick7_Perceptual_VA",7.35647744398677,2.71480554305186,"Perceptual",2.70976220113244,6110,14,3.54985218836048,9,70,6115.53962112911,2.43889474586904
"841",6032,"Female","7/18/25","15:00",32,3,"Stick8_Perceptual_VA",6.16436164905629,1.55042556447019,"Perceptual",3.97591589710583,10700,14,2.02881447223554,7.7,71.5,10703.1642451006,1.39324435934806
"842",6032,"Female","7/18/25","15:00",32,3,"Stick9_Perceptual_VA",4.26631559602423,1.09867930772155,"Perceptual",3.88313092459322,15100,14,1.43793593003966,5.17,69.4,15102.2423784549,0.987362757647252
"843",6032,"Female","7/18/25","15:00",32,3,"Stick10_Perceptual_VA",11.6056393294177,7.14799063652525,"Perceptual",1.62362262621253,2318,14,9.28683061067965,15,73.8,2332.56272318667,6.40572766583833
"844",6032,"Female","7/18/25","15:00",32,3,"Lamp5_Perceptual_VA",2.42369073138265,1.37774454425237,"Perceptual",1.7591728027476,1690,40.64,13.2955345351707,3.3,78,1713.1298589424,9.4258132368689
"845",6032,"Female","7/18/25","15:00",32,3,"Lamp6_Perceptual_VA",1.61016756257998,0.781363889874143,"Perceptual",2.06071407118562,2980,40.64,7.63292557604705,2.15,76.5,2993.17789541484,5.37840942856044
"846",6032,"Female","7/18/25","15:00",32,3,"Lamp7_Perceptual_VA",1.37793334283239,0.381095236476046,"Perceptual",3.61571914562359,6110,40.64,3.73963030394681,1.9,79,6116.43800864523,2.62907042729477
"847",6032,"Female","7/18/25","15:00",32,3,"BlueBall_Perceptual_VA",2.00886697151351,0.852070543317608,"Perceptual",2.35762987849787,1520,22.605,1.93309297512236,2.7,77,1521.49791735193,-2.54262030985139
"848",6033,"Female","7/22/25","14:30",20,3,"Stick7_Perceptual_VA",5.7625345145704,2.71480554305186,"Perceptual",2.1226325138899,6110,14,3.54985218836048,6.1,60.6,6115.53962112911,2.43889474586904
"849",6033,"Female","7/22/25","14:30",20,3,"Stick8_Perceptual_VA",4.99210393148034,1.55042556447019,"Perceptual",3.21982818516428,10700,14,2.02881447223554,5.17,59.3,10703.1642451006,1.39324435934806
"850",6033,"Female","7/22/25","14:30",20,3,"Stick9_Perceptual_VA",4.39083782859988,1.09867930772155,"Perceptual",3.99646903126412,15100,14,1.43793593003966,4.7,61.3,15102.2423784549,0.987362757647252
"851",6033,"Female","7/22/25","14:30",20,3,"Stick10_Perceptual_VA",8.52170659192541,7.14799063652525,"Perceptual",1.19218211456247,2318,14,9.28683061067965,9,60.4,2332.56272318667,6.40572766583833
"852",6033,"Female","7/22/25","14:30",20,3,"Lamp5_Perceptual_VA",2.96756362095958,1.37774454425237,"Perceptual",2.15392877681103,1690,40.64,13.2955345351707,3.3,63.7,1713.1298589424,9.4258132368689
"853",6033,"Female","7/22/25","14:30",20,3,"Lamp6_Perceptual_VA",1.96763289297467,0.781363889874143,"Perceptual",2.51820300179421,2980,40.64,7.63292557604705,2.15,62.6,2993.17789541484,5.37840942856044
"854",6033,"Female","7/22/25","14:30",20,3,"Lamp7_Perceptual_VA",1.22226360887304,0.381095236476046,"Perceptual",3.20723927219664,6110,40.64,3.73963030394681,1.44,67.5,6116.43800864523,2.62907042729477
"855",6033,"Female","7/22/25","14:30",20,3,"BlueBall_Perceptual_VA",2.4669012096557,0.852070543317608,"Perceptual",2.89518424149556,1520,22.605,1.93309297512236,2.7,62.7,1521.49791735193,-2.54262030985139
"856",6034,"Male","7/22/25","15:30",20,3,"Stick7_Perceptual_VA",7.10346670964081,2.71480554305186,"Perceptual",2.61656556869094,6110,14,3.54985218836048,9,72.5,6115.53962112911,2.43889474586904
"857",6034,"Male","7/22/25","15:30",20,3,"Stick8_Perceptual_VA",4.51320122663119,1.55042556447019,"Perceptual",2.91094350483923,10700,14,2.02881447223554,5.17,65.6,10703.1642451006,1.39324435934806
"858",6034,"Male","7/22/25","15:30",20,3,"Stick9_Perceptual_VA",3.50558002828138,1.09867930772155,"Perceptual",3.19072180903386,15100,14,1.43793593003966,4.07,66.5,15102.2423784549,0.987362757647252
"859",6034,"Male","7/22/25","15:30",20,3,"Stick10_Perceptual_VA",11.7319422834531,7.14799063652525,"Perceptual",1.641292340746,2318,14,9.28683061067965,15,73,2332.56272318667,6.40572766583833
"860",6034,"Male","7/22/25","15:30",20,3,"Lamp5_Perceptual_VA",2.82701025502107,1.37774454425237,"Perceptual",2.05191177625395,1690,40.64,13.2955345351707,3.8,77,1713.1298589424,9.4258132368689
"861",6034,"Male","7/22/25","15:30",20,3,"Lamp6_Perceptual_VA",1.815454614211,0.781363889874143,"Perceptual",2.3234431968739,2980,40.64,7.63292557604705,2.44,77,2993.17789541484,5.37840942856044
"862",6034,"Male","7/22/25","15:30",20,3,"Lamp7_Perceptual_VA",0.875933453153957,0.381095236476046,"Perceptual",2.29846340052328,6110,40.64,3.73963030394681,1.22,79.8,6116.43800864523,2.62907042729477
"863",6034,"Male","7/22/25","15:30",20,3,"BlueBall_Perceptual_VA",2.11891743611567,0.852070543317608,"Perceptual",2.48678639665853,1520,22.605,1.93309297512236,2.7,73,1521.49791735193,-2.54262030985139
"864",6035,"Female","7/24/25","13:30",24,3,"Stick7_Perceptual_VA",6.9941194785965,2.71480554305186,"Perceptual",2.5762874606238,6110,14,3.54985218836048,7.7,63,6115.53962112911,2.43889474586904
"865",6035,"Female","7/24/25","13:30",24,3,"Stick8_Perceptual_VA",2.464050426218,1.55042556447019,"Perceptual",1.58927360505696,10700,14,2.02881447223554,2.77,64.4,10703.1642451006,1.39324435934806
"866",6035,"Female","7/24/25","13:30",24,3,"Stick9a_Perceptual_VA",2.48188638759206,1.09227793747385,"Perceptual",2.27221140558054,15188.5,14,1.4295608852737,3.05,70.4,15190.7293145392,0.98161074419586
"867",6035,"Female","7/24/25","13:30",24,3,"Stick10_Perceptual_VA",13.5779491488776,7.14799063652525,"Perceptual",1.89954769659268,2318,14,9.28683061067965,15,63,2332.56272318667,6.40572766583833
"868",6035,"Female","7/24/25","13:30",24,3,"Lamp5_Perceptual_VA",2.13087786054058,1.37774454425237,"Perceptual",1.54664220550181,1690,40.64,13.2955345351707,2.44,65.6,1713.1298589424,9.4258132368689
"869",6035,"Female","7/24/25","13:30",24,3,"Lamp6_Perceptual_VA",1.84670557014606,0.781363889874143,"Perceptual",2.36343858998081,2980,40.64,7.63292557604705,2.15,66.7,2993.17789541484,5.37840942856044
"870",6035,"Female","7/24/25","13:30",24,3,"Lamp7_Perceptual_VA",1.20971931810338,0.381095236476046,"Perceptual",3.17432285244377,6110,40.64,3.73963030394681,1.44,68.2,6116.43800864523,2.62907042729477
"871",6035,"Female","7/24/25","13:30",24,3,"BlueBall_Perceptual_VA",1.89499533069719,0.852070543317608,"Perceptual",2.22398878304004,1520,22.605,1.93309297512236,2.15,65,1521.49791735193,-2.54262030985139
"872",6036,"Female","7/25/25","13:30",22,3,"Stick7_Perceptual_VA",7.83788777822174,2.71480554305186,"Perceptual",2.88708994214397,6110,14,3.54985218836048,7.7,56.2,6115.53962112911,2.43889474586904
"873",6036,"Female","7/25/25","13:30",22,3,"Stick8_Perceptual_VA",6.23498721149685,1.55042556447019,"Perceptual",4.02146826934415,10700,14,2.02881447223554,6.1,56,10703.1642451006,1.39324435934806
"874",6036,"Female","7/25/25","13:30",22,3,"Stick9a_Perceptual_VA",3.35917898864894,1.09227793747385,"Perceptual",3.07538848254854,15188.5,14,1.4295608852737,4.07,69.4,15190.7293145392,0.98161074419586
"875",6036,"Female","7/25/25","13:30",22,3,"Stick10_Perceptual_VA",14.3685347848537,7.14799063652525,"Perceptual",2.0101501968165,2318,14,9.28683061067965,15,59.5,2332.56272318667,6.40572766583833
"876",6036,"Female","7/25/25","13:30",22,3,"Lamp5_Perceptual_VA",2.09879655511695,1.37774454425237,"Perceptual",1.52335682538003,1690,40.64,13.2955345351707,2.7,73.7,1713.1298589424,9.4258132368689
"877",6036,"Female","7/25/25","13:30",22,3,"Lamp6_Perceptual_VA",1.43420680848527,0.781363889874143,"Perceptual",1.83551713493732,2980,40.64,7.63292557604705,1.9,75.9,2993.17789541484,5.37840942856044
"878",6036,"Female","7/25/25","13:30",22,3,"Lamp7_Perceptual_VA",0.729209168771621,0.381095236476046,"Perceptual",1.91345652995969,6110,40.64,3.73963030394681,0.98,77,6116.43800864523,2.62907042729477
"879",6036,"Female","7/25/25","13:30",22,3,"BlueBall_Perceptual_VA",1.91491354197441,0.852070543317608,"Perceptual",2.24736502979969,1520,22.605,1.93309297512236,2.44,73,1521.49791735193,-2.54262030985139
"880",6037,"Male","7/28/25","14:15",21,3,"Stick7_Perceptual_VA",5.89289476002466,2.71480554305186,"Perceptual",2.17065077648255,6110,14,3.54985218836048,7.7,74.8,6115.53962112911,2.43889474586904
"881",6037,"Male","7/28/25","14:15",21,3,"Stick8_Perceptual_VA",4.65129547622822,1.55042556447019,"Perceptual",3.00001211462072,10700,14,2.02881447223554,6.1,75.1,10703.1642451006,1.39324435934806
"882",6037,"Male","7/28/25","14:15",21,3,"Stick9a_Perceptual_VA",2.88188698221015,1.09227793747385,"Perceptual",2.63841910867046,15188.5,14,1.4295608852737,4.07,80.9,15190.7293145392,0.98161074419586
"883",6037,"Male","7/28/25","14:15",21,3,"Stick10_Perceptual_VA",9.90651495568412,7.14799063652525,"Perceptual",1.38591605101764,2318,14,9.28683061067965,13,75,2332.56272318667,6.40572766583833
"884",6037,"Male","7/28/25","14:15",21,3,"Lamp5_Perceptual_VA",1.69444257785965,1.37774454425237,"Perceptual",1.22986702065232,1690,40.64,13.2955345351707,2.44,82.5,1713.1298589424,9.4258132368689
"885",6037,"Male","7/28/25","14:15",21,3,"Lamp6_Perceptual_VA",1.28825319342947,0.781363889874143,"Perceptual",1.64872373822774,2980,40.64,7.63292557604705,1.9,84.5,2993.17789541484,5.37840942856044
"886",6037,"Male","7/28/25","14:15",21,3,"Lamp7_Perceptual_VA",1.09099648086456,0.381095236476046,"Perceptual",2.86279222735218,6110,40.64,3.73963030394681,1.63,85.6,6116.43800864523,2.62907042729477
"887",6037,"Male","7/28/25","14:15",21,3,"BlueBall_Perceptual_VA",1.11843299459047,0.852070543317608,"Perceptual",1.31260610211422,1520,22.605,1.93309297512236,1.63,83.5,1521.49791735193,-2.54262030985139
"888",6038,"Male","7/28/25","15:04",20,3,"Stick7_Perceptual_VA",7.10346670964081,2.71480554305186,"Perceptual",2.61656556869094,6110,14,3.54985218836048,9,72.5,6115.53962112911,2.43889474586904
"889",6038,"Male","7/28/25","15:04",20,3,"Stick8_Perceptual_VA",1.83264821166593,1.55042556447019,"Perceptual",1.18202914971425,10700,14,2.02881447223554,2.22,69.4,10703.1642451006,1.39324435934806
"890",6038,"Male","7/28/25","15:04",20,3,"Stick9a_Perceptual_VA",3.45139396213012,1.09227793747385,"Perceptual",3.15981294112037,15188.5,14,1.4295608852737,4.7,78,15190.7293145392,0.98161074419586
"891",6038,"Male","7/28/25","15:04",20,3,"Stick10_Perceptual_VA",8.7124471715743,7.14799063652525,"Perceptual",1.2188666178513,2318,14,9.28683061067965,11,72.2,2332.56272318667,6.40572766583833
"892",6038,"Male","7/28/25","15:04",20,3,"Lamp5_Perceptual_VA",2.91792094962153,1.37774454425237,"Perceptual",2.11789693655069,1690,40.64,13.2955345351707,3.8,74.6,1713.1298589424,9.4258132368689
"893",6038,"Male","7/28/25","15:04",20,3,"Lamp6_Perceptual_VA",1.86385831002637,0.781363889874143,"Perceptual",2.3853908968414,2980,40.64,7.63292557604705,2.44,75,2993.17789541484,5.37840942856044
"894",6038,"Male","7/28/25","15:04",20,3,"Lamp7_Perceptual_VA",1.19575839703978,0.381095236476046,"Perceptual",3.13768917212625,6110,40.64,3.73963030394681,1.63,78.1,6116.43800864523,2.62907042729477
"895",6038,"Male","7/28/25","15:04",20,3,"BlueBall_Perceptual_VA",1.39025082831152,0.852070543317608,"Perceptual",1.63161470516099,1520,22.605,1.93309297512236,1.9,78.3,1521.49791735193,-2.54262030985139
"896",6039,"Female","7/30/25","14:15",19,3,"Stick7_Perceptual_VA",7.57222407076317,2.71480554305186,"Perceptual",2.78923258063295,6110,14,3.54985218836048,9,68,6115.53962112911,2.43889474586904
"897",6039,"Female","7/30/25","14:15",19,3,"Stick8_Perceptual_VA",5.2678434130158,1.55042556447019,"Perceptual",3.39767579542971,10700,14,2.02881447223554,6.1,66.3,10703.1642451006,1.39324435934806
"898",6039,"Female","7/30/25","14:15",19,3,"Stick9a_Perceptual_VA",2.56192097994459,1.09227793747385,"Perceptual",2.34548450723966,15188.5,14,1.4295608852737,3.05,68.2,15190.7293145392,0.98161074419586
"899",6039,"Female","7/30/25","14:15",19,3,"Stick10_Perceptual_VA",10.7630941042638,7.14799063652525,"Perceptual",1.50575100773998,2318,14,9.28683061067965,13,69,2332.56272318667,6.40572766583833
"900",6039,"Female","7/30/25","14:15",19,3,"Lamp5_Perceptual_VA",2.08947993589014,1.37774454425237,"Perceptual",1.51659459992562,1690,40.64,13.2955345351707,2.44,66.9,1713.1298589424,9.4258132368689
"901",6039,"Female","7/30/25","14:15",19,3,"Lamp6_Perceptual_VA",1.4437164606437,0.781363889874143,"Perceptual",1.84768771548458,2980,40.64,7.63292557604705,1.9,75.4,2993.17789541484,5.37840942856044
"902",6039,"Female","7/30/25","14:15",19,3,"Lamp7_Perceptual_VA",0.728519301684818,0.381095236476046,"Perceptual",1.91164630768249,6110,40.64,3.73963030394681,0.96,75.5,6116.43800864523,2.62907042729477
"903",6039,"Female","7/30/25","14:15",19,3,"BlueBall_Perceptual_VA",0.960154054529124,0.852070543317608,"Perceptual",1.12684807855308,1520,22.605,1.93309297512236,1.22,72.8,1521.49791735193,-2.54262030985139
"904",6040,"Female","7/31/25","10:30",19,3,"Stick7_Perceptual_VA",2.64945759019553,2.71480554305186,"Perceptual",0.975929048390379,6110,14,3.54985218836048,2.22,48,6115.53962112911,2.43889474586904
"905",6040,"Female","7/31/25","10:30",19,3,"Stick8_Perceptual_VA",1.59461060819773,1.55042556447019,"Perceptual",1.02849865529833,10700,14,2.02881447223554,1.4,50.3,10703.1642451006,1.39324435934806
"906",6040,"Female","7/31/25","10:30",19,3,"Stick9a_Perceptual_VA",1.13453281971587,1.09227793747385,"Perceptual",1.03868510091831,15188.5,14,1.4295608852737,1,50.5,15190.7293145392,0.98161074419586
"907",6040,"Female","7/31/25","10:30",19,3,"Stick10_Perceptual_VA",7.10907848048391,7.14799063652525,"Perceptual",0.994556210546428,2318,14,9.28683061067965,6.1,49.1,2332.56272318667,6.40572766583833
"908",6040,"Female","7/31/25","10:30",19,3,"Lamp5_Perceptual_VA",1.23277168176084,1.37774454425237,"Perceptual",0.894775222956734,1690,40.64,13.2955345351707,1.22,56.7,1713.1298589424,9.4258132368689
"909",6040,"Female","7/31/25","10:30",19,3,"Lamp6_Perceptual_VA",0.993777986645681,0.781363889874143,"Perceptual",1.27185041377552,2980,40.64,7.63292557604705,0.98,56.5,2993.17789541484,5.37840942856044
"910",6040,"Female","7/31/25","10:30",19,3,"Lamp7_Perceptual_VA",0.501576011370261,0.381095236476046,"Perceptual",1.31614348163543,6110,40.64,3.73963030394681,0.52,59.4,6116.43800864523,2.62907042729477
"911",6040,"Female","7/31/25","10:30",19,3,"BlueBall_Perceptual_VA",0.827591315087436,0.852070543317608,"Perceptual",0.971270890160267,1520,22.605,1.93309297512236,0.78,54,1521.49791735193,-2.54262030985139
"912",6041,"Female","7/31/25","11:15",19,3,"Stick7_Perceptual_VA",6.10443325097134,2.71480554305186,"Perceptual",2.24857108701385,6110,14,3.54985218836048,6.1,57.2,6115.53962112911,2.43889474586904
"913",6041,"Female","7/31/25","11:15",19,3,"Stick8_Perceptual_VA",4.75504564913684,1.55042556447019,"Perceptual",3.06692933740533,10700,14,2.02881447223554,4.7,56.6,10703.1642451006,1.39324435934806
"914",6041,"Female","7/31/25","11:15",19,3,"Stick9a_Perceptual_VA",3.05138068483086,1.09227793747385,"Perceptual",2.79359362680886,15188.5,14,1.4295608852737,2.77,52,15190.7293145392,0.98161074419586
"915",6041,"Female","7/31/25","11:15",19,3,"Stick10_Perceptual_VA",6.79835621592639,7.14799063652525,"Perceptual",0.951086334834817,2318,14,9.28683061067965,6.89,58,2332.56272318667,6.40572766583833
"916",6041,"Female","7/31/25","11:15",19,3,"Lamp5_Perceptual_VA",1.71423402078118,1.37774454425237,"Perceptual",1.24423212411369,1690,40.64,13.2955345351707,1.9,63.5,1713.1298589424,9.4258132368689
"917",6041,"Female","7/31/25","11:15",19,3,"Lamp6_Perceptual_VA",1.3095608045354,0.781363889874143,"Perceptual",1.67599350508293,2980,40.64,7.63292557604705,1.44,63,2993.17789541484,5.37840942856044
"918",6041,"Female","7/31/25","11:15",19,3,"Lamp7_Perceptual_VA",1.10950264588165,0.381095236476046,"Perceptual",2.91135270055098,6110,40.64,3.73963030394681,1.22,63,6116.43800864523,2.62907042729477
"919",6041,"Female","7/31/25","11:15",19,3,"BlueBall_Perceptual_VA",0.897272825421884,0.852070543317608,"Perceptual",1.0530499293266,1520,22.605,1.93309297512236,0.96,61.3,1521.49791735193,-2.54262030985139
"920",6042,"","7/31/25","14:30",NA,3,"Stick7_Perceptual_VA",3.84555807237267,2.71480554305186,"Perceptual",1.41651326822092,6110,14,3.54985218836048,4.7,70,6115.53962112911,2.43889474586904
"921",6042,"","7/31/25","14:30",NA,3,"Stick8_Perceptual_VA",2.27347399859394,1.55042556447019,"Perceptual",1.46635481940782,10700,14,2.02881447223554,2.77,69.8,10703.1642451006,1.39324435934806
"922",6042,"","7/31/25","14:30",NA,3,"Stick9a_Perceptual_VA",1.67352088703455,1.09227793747385,"Perceptual",1.53213832269191,15188.5,14,1.4295608852737,2.22,76,15190.7293145392,0.98161074419586
"923",6042,"","7/31/25","14:30",NA,3,"Stick10_Perceptual_VA",7.7325343612482,7.14799063652525,"Perceptual",1.08177734897077,2318,14,9.28683061067965,10.34,76.5,2332.56272318667,6.40572766583833
"924",6042,"","7/31/25","14:30",NA,3,"Lamp5_Perceptual_VA",1.96056186142151,1.37774454425237,"Perceptual",1.42302277269071,1690,40.64,13.2955345351707,2.44,71.3,1713.1298589424,9.4258132368689
"925",6042,"","7/31/25","14:30",NA,3,"Lamp6_Perceptual_VA",1.27929096791041,0.781363889874143,"Perceptual",1.63725376164552,2980,40.64,7.63292557604705,1.63,73,2993.17789541484,5.37840942856044
"926",6042,"","7/31/25","14:30",NA,3,"Lamp7_Perceptual_VA",1.0985804900358,0.381095236476046,"Perceptual",2.88269278880072,6110,40.64,3.73963030394681,1.44,75.1,6116.43800864523,2.62907042729477
"927",6042,"","7/31/25","14:30",NA,3,"BlueBall_Perceptual_VA",1.28989193490819,0.852070543317608,"Perceptual",1.51383232881856,1520,22.605,1.93309297512236,1.63,72.4,1521.49791735193,-2.54262030985139
"928",6043,"Female","7/31/25","15:10",19,3,"Stick7_Perceptual_VA",7.05493610074824,2.71480554305186,"Perceptual",2.59868929426798,6110,14,3.54985218836048,9,73,6115.53962112911,2.43889474586904
"929",6043,"Female","7/31/25","15:10",19,3,"Stick8_Perceptual_VA",3.5893611718493,1.55042556447019,"Perceptual",2.31508126162501,10700,14,2.02881447223554,4.7,75,10703.1642451006,1.39324435934806
"930",6043,"Female","7/31/25","15:10",19,3,"Stick9a_Perceptual_VA",2.29002442116362,1.09227793747385,"Perceptual",2.09655834160658,15188.5,14,1.4295608852737,3.05,76.3,15190.7293145392,0.98161074419586
"931",6043,"Female","7/31/25","15:10",19,3,"Stick10_Perceptual_VA",10.0397072840391,7.14799063652525,"Perceptual",1.40454958526912,2318,14,9.28683061067965,13,74,2332.56272318667,6.40572766583833
"932",6043,"Female","7/31/25","15:10",19,3,"Lamp5_Perceptual_VA",2.98184682477177,1.37774454425237,"Perceptual",2.16429586835334,1690,40.64,13.2955345351707,3.8,73,1713.1298589424,9.4258132368689
"933",6043,"Female","7/31/25","15:10",19,3,"Lamp6_Perceptual_VA",1.90188931954364,0.781363889874143,"Perceptual",2.43406349357914,2980,40.64,7.63292557604705,2.44,73.5,2993.17789541484,5.37840942856044
"934",6043,"Female","7/31/25","15:10",19,3,"Lamp7_Perceptual_VA",0.732061278421605,0.381095236476046,"Perceptual",1.92094051132969,6110,40.64,3.73963030394681,0.98,76.7,6116.43800864523,2.62907042729477
"935",6043,"Female","7/31/25","15:10",19,3,"BlueBall_Perceptual_VA",1.13797531399819,0.852070543317608,"Perceptual",1.33554119775974,1520,22.605,1.93309297512236,1.44,72.5,1521.49791735193,-2.54262030985139
"936",7001,"Male","9/26/25","14:00",82,3,"Stick7_Perceptual_VA",4.60077696105164,2.71480554305186,"Perceptual",1.69469852926544,6110,14,3.54985218836048,4.7,58.5,6115.53962112911,2.43889474586904
"937",7001,"Male","9/26/25","14:00",82,3,"Stick8_Perceptual_VA",2.71247292645691,1.55042556447019,"Perceptual",1.7495021938598,10700,14,2.02881447223554,2.77,58.5,10703.1642451006,1.39324435934806
"938",7001,"Male","9/26/25","14:00",82,3,"Stick9a_Perceptual_VA",2.39958562582353,1.09227793747385,"Perceptual",2.19686358526397,15188.5,14,1.4295608852737,2.22,53,15190.7293145392,0.98161074419586
"939",7001,"Male","9/26/25","14:00",82,3,"Stick10_Perceptual_VA",4.56182868210037,7.14799063652525,"Perceptual",0.638197350006315,2318,NA,9.28683061067965,4.7,59,2332.56272318667,6.40572766583833
"940",7001,"Male","9/26/25","14:00",82,3,"Lamp5_Perceptual_VA",0.852758650694757,1.37774454425237,"Perceptual",0.618952660166405,1690,40.64,13.2955345351707,0.96,64.5,1713.1298589424,9.4258132368689
"941",7001,"Male","9/26/25","14:00",82,3,"Lamp6_Perceptual_VA",0.581905258781931,0.781363889874143,"Perceptual",0.744730165193148,2980,40.64,7.63292557604705,0.65,64,2993.17789541484,5.37840942856044
"942",7001,"Male","9/26/25","14:00",82,3,"Lamp7_Perceptual_VA",0.425375803127524,0.381095236476046,"Perceptual",1.11619291561064,6110,40.64,3.73963030394681,0.49,66,6116.43800864523,2.62907042729477
"943",7001,"Male","9/26/25","14:00",82,3,"BlueBall_Perceptual_VA",0.634654453103939,0.852070543317608,"Perceptual",0.744837922260356,1520,22.605,1.93309297512236,0.72,65,1521.49791735193,-2.54262030985139
"944",1034,"Female","9/26/25",NA,20,3,"Stick7_Perceptual_VA",7.04993191133256,2.71480554305186,"Perceptual",2.59684599855625,6110,14,3.54985218836048,7.7,62.5,6115.53962112911,2.43889474586904
"945",1034,"Female","9/26/25",NA,20,3,"Stick8_Perceptual_VA",5.63262467183988,1.55042556447019,"Perceptual",3.63295394562503,10700,14,2.02881447223554,6.1,62,10703.1642451006,1.39324435934806
"946",1034,"Female","9/26/25",NA,20,3,"Lamp5_Perceptual_VA",2.45515766426909,1.37774454425237,"Perceptual",1.78201225656195,1690,40.64,13.2955345351707,2.7,63,1713.1298589424,9.4258132368689
"947",1034,"Female","9/26/25",NA,20,3,"Lamp6_Perceptual_VA",1.95514241782868,0.781363889874143,"Perceptual",2.50221752395494,2980,40.64,7.63292557604705,2.15,63,2993.17789541484,5.37840942856044
"948",1034,"Female","9/26/25",NA,20,3,"Lamp7_Perceptual_VA",1.17861447267007,0.381095236476046,"Perceptual",3.09270324018902,6110,40.64,3.73963030394681,1.44,70,6116.43800864523,2.62907042729477
"949",1034,"Female","9/26/25",NA,20,3,"BlueBall_Perceptual_VA",1.24064208715503,0.852070543317608,"Perceptual",1.4560321288945,1520,22.605,1.93309297512236,1.44,66.5,1521.49791735193,-2.54262030985139
"950",5051,"Female","5/23/25",NA,NA,3,"Stick7_Perceptual_VA",14.2500326978036,2.71480554305186,"Perceptual",5.24900677850552,6110,14,3.54985218836048,15,60,6115.53962112911,2.43889474586904
"951",5051,"Female","5/23/25",NA,NA,3,"Stick8_Perceptual_VA",8.76012091012732,1.55042556447019,"Perceptual",5.65013962029247,10700,14,2.02881447223554,9,58.75,10703.1642451006,1.39324435934806
"952",5051,"Female","5/23/25",NA,NA,3,"Lamp5_Perceptual_VA",1.54404812376101,1.37774454425237,"Perceptual",1.12070712252312,1690,40.64,13.2955345351707,1.9,70.5,1713.1298589424,9.4258132368689
"953",5051,"Female","5/23/25",NA,NA,3,"Lamp6_Perceptual_VA",1.02042340669575,0.781363889874143,"Perceptual",1.30595158020434,2980,40.64,7.63292557604705,1.22,68.5,2993.17789541484,5.37840942856044
"954",5051,"Female","5/23/25",NA,NA,3,"Lamp7_Perceptual_VA",0.827112678555934,0.381095236476046,"Perceptual",2.17035690659419,6110,40.64,3.73963030394681,0.96,66.5,6116.43800864523,2.62907042729477
"955",7002,"Female","5/30/25","15:20",17,3,"Stick7_Perceptual_VA",10.937742538026,2.71480554305186,"Perceptual",4.02892301661146,6110,14,3.54985218836048,10.34,54,6115.53962112911,2.43889474586904
"956",7002,"Female","5/30/25","15:20",17,3,"Stick8_Perceptual_VA",8.30950848529348,1.55042556447019,"Perceptual",5.35950172373029,10700,14,2.02881447223554,7.7,53,10703.1642451006,1.39324435934806
"957",7002,"Female","5/30/25","15:20",17,3,"Stick9a_Perceptual_VA",6.61205091026939,1.09227793747385,"Perceptual",6.0534509426798,15188.5,14,1.4295608852737,6.1,52.8,15190.7293145392,0.98161074419586
"958",7002,"Female","5/30/25","15:20",17,3,"Stick10_Perceptual_VA",13.3122328686624,7.14799063652525,"Perceptual",1.86237413359759,2318,NA,9.28683061067965,13,55.7,2332.56272318667,6.40572766583833
"959",7002,"Female","5/30/25","15:20",17,3,"Lamp5_Perceptual_VA",3.70780195036487,1.37774454425237,"Perceptual",2.69121149187849,1690,40.64,13.2955345351707,3.8,58.7,1713.1298589424,9.4258132368689
"960",7002,"Female","5/30/25","15:20",17,3,"Lamp6_Perceptual_VA",2.60390534515775,0.781363889874143,"Perceptual",3.33251303125509,2980,40.64,7.63292557604705,2.7,59.4,2993.17789541484,5.37840942856044
"961",7002,"Female","5/30/25","15:20",17,3,"Lamp7_Perceptual_VA",2.3691827412141,0.381095236476046,"Perceptual",6.21677343207362,6110,40.64,3.73963030394681,2.44,59,6116.43800864523,2.62907042729477
"962",7002,"Female","5/30/25","15:20",17,3,"BlueBall_Perceptual_VA",3.15047385136611,0.852070543317608,"Perceptual",3.697433124609,1520,22.605,1.93309297512236,3.3,60,1521.49791735193,-2.54262030985139
"963",7003,"Male","10/6/25","15:00",18,3,"Stick7_Perceptual_VA",4.68440122719455,2.71480554305186,"Perceptual",1.72550157015245,6110,14,3.54985218836048,5.17,63.2,6115.53962112911,2.43889474586904
"964",7003,"Male","10/6/25","15:00",18,3,"Stick8_Perceptual_VA",2.99493974483426,1.55042556447019,"Perceptual",1.93168883012949,10700,14,2.02881447223554,3.32,63.5,10703.1642451006,1.39324435934806
"965",7003,"Male","10/6/25","15:00",18,3,"Stick9a_Perceptual_VA",2.08496056005273,1.09227793747385,"Perceptual",1.90881870677961,15188.5,14,1.4295608852737,2.22,61,15190.7293145392,0.98161074419586
"966",7003,"Male","10/6/25","15:00",18,3,"Stick10_Perceptual_VA",9.35319835164492,7.14799063652525,"Perceptual",1.30850735923623,2318,NA,9.28683061067965,10.34,63.2,2332.56272318667,6.40572766583833
"967",7003,"Male","10/6/25","15:00",18,3,"Lamp5_Perceptual_VA",1.96449533781443,1.37774454425237,"Perceptual",1.42587778409999,1690,40.64,13.2955345351707,2.15,62.7,1713.1298589424,9.4258132368689
"968",7003,"Male","10/6/25","15:00",18,3,"Lamp6_Perceptual_VA",1.070426000688,0.781363889874143,"Perceptual",1.36994557153187,2980,40.64,7.63292557604705,1.22,65.3,2993.17789541484,5.37840942856044
"969",7003,"Male","10/6/25","15:00",18,3,"Lamp7_Perceptual_VA",0.692870750339188,0.381095236476046,"Perceptual",1.8181039383911,6110,40.64,3.73963030394681,0.78,64.5,6116.43800864523,2.62907042729477
"970",7003,"Male","10/6/25","15:00",18,3,"BlueBall_Perceptual_VA",1.4235871344002,0.852070543317608,"Perceptual",1.67073858563089,1520,22.605,1.93309297512236,1.63,65.6,1521.49791735193,-2.54262030985139
"971",7004,"Female","10/8/25","14:19",18,3,"Stick7_Perceptual_VA",10.705602718624,2.71480554305186,"Perceptual",3.94341419628503,6110,14,3.54985218836048,11,58.7,6115.53962112911,2.43889474586904
"972",7004,"Female","10/8/25","14:19",18,3,"Stick8_Perceptual_VA",7.23382376797765,1.55042556447019,"Perceptual",4.66570207157903,10700,14,2.02881447223554,6.89,54.5,10703.1642451006,1.39324435934806
"973",7004,"Female","10/8/25","14:19",18,3,"Stick9a_Perceptual_VA",5.32384932649082,1.09227793747385,"Perceptual",4.87407933808816,15188.5,14,1.4295608852737,5.17,55.6,15190.7293145392,0.98161074419586
"974",7004,"Female","10/8/25","14:19",18,3,"Stick10_Perceptual_VA",14.0362925697844,7.14799063652525,"Perceptual",1.96366969173978,2318,NA,9.28683061067965,13,52.8,2332.56272318667,6.40572766583833
"975",7004,"Female","10/8/25","14:19",18,3,"Lamp5_Perceptual_VA",1.55903769984445,1.37774454425237,"Perceptual",1.13158691598409,1690,40.64,13.2955345351707,1.63,59.9,1713.1298589424,9.4258132368689
"976",7004,"Female","10/8/25","14:19",18,3,"Lamp6_Perceptual_VA",1.1591785524569,0.781363889874143,"Perceptual",1.48353227923498,2980,40.64,7.63292557604705,1.22,60.3,2993.17789541484,5.37840942856044
"977",7004,"Female","10/8/25","14:19",18,3,"Lamp7_Perceptual_VA",0.753626706506997,0.381095236476046,"Perceptual",1.9775285397837,6110,40.64,3.73963030394681,0.78,59.3,6116.43800864523,2.62907042729477
"978",7004,"Female","10/8/25","14:19",18,3,"BlueBall_Perceptual_VA",1.19688885372279,0.852070543317608,"Perceptual",1.40468282011323,1520,22.605,1.93309297512236,1.22,58.4,1521.49791735193,-2.54262030985139
"979",7007,"Female","11/6/25","",21,3,"Stick7_Perceptual_VA",4.59720876222344,2.71480554305186,"Perceptual",1.69338418141561,6110,14,3.54985218836048,5.17,64.4,6115.53962112911,2.43889474586904
"980",7007,"Female","11/6/25","",21,3,"Stick8_Perceptual_VA",3.74776000134494,1.55042556447019,"Perceptual",2.41724600472879,10700,14,2.02881447223554,4.07,62.2,10703.1642451006,1.39324435934806
"981",7007,"Female","11/6/25","",21,3,"Stick9a_Perceptual_VA",3.1961791108192,1.09227793747385,"Perceptual",2.92615917722474,15188.5,14,1.4295608852737,3.32,59.5,15190.7293145392,0.98161074419586
"982",7007,"Female","11/6/25","",21,3,"Stick10_Perceptual_VA",12.4689601910825,7.14799063652525,"Perceptual",1.74440074492652,2318,NA,9.28683061067965,13,59.5,2332.56272318667,6.40572766583833
"983",7007,"Female","11/6/25","",21,3,"Lamp5_Perceptual_VA",2.35428977196413,1.37774454425237,"Perceptual",1.70879992360389,1690,40.64,13.2955345351707,2.7,65.7,1713.1298589424,9.4258132368689
"984",7007,"Female","11/6/25","",21,3,"Lamp6_Perceptual_VA",1.86346546256615,0.781363889874143,"Perceptual",2.38488812538587,2980,40.64,7.63292557604705,2.15,66.1,2993.17789541484,5.37840942856044
"985",7007,"Female","11/6/25","",21,3,"Lamp7_Perceptual_VA",1.33985458525994,0.381095236476046,"Perceptual",3.51579987629722,6110,40.64,3.73963030394681,1.63,69.7,6116.43800864523,2.62907042729477
"986",7007,"Female","11/6/25","",21,3,"BlueBall_Perceptual_VA",2.16385580496874,0.852070543317608,"Perceptual",2.53952659429299,1520,22.605,1.93309297512236,2.44,64.6,1521.49791735193,-2.54262030985139
"987",7008,"Male","11/6/25","14:15",21,3,"Stick7_Perceptual_VA",5.68061921784531,2.71480554305186,"Perceptual",2.09245897275553,6110,14,3.54985218836048,7.7,77.6,6115.53962112911,2.43889474586904
"988",7008,"Male","11/6/25","14:15",21,3,"Stick8_Perceptual_VA",3.68763285951968,1.55042556447019,"Perceptual",2.37846494796403,10700,14,2.02881447223554,4.7,73,10703.1642451006,1.39324435934806
"989",7008,"Male","11/6/25","14:15",21,3,"Stick9a_Perceptual_VA",3.08791225882219,1.09227793747385,"Perceptual",2.82703893659495,15188.5,14,1.4295608852737,4.07,75.5,15190.7293145392,0.98161074419586
"990",7008,"Male","11/6/25","14:15",21,3,"Stick10_Perceptual_VA",11.1841517139868,7.14799063652525,"Perceptual",1.56465673819399,2318,NA,9.28683061067965,15,76.6,2332.56272318667,6.40572766583833
"991",7008,"Male","11/6/25","14:15",21,3,"Lamp5_Perceptual_VA",1.91678037753778,1.37774454425237,"Perceptual",1.39124512271462,1690,40.64,13.2955345351707,2.7,80.7,1713.1298589424,9.4258132368689
"992",7008,"Male","11/6/25","14:15",21,3,"Lamp6_Perceptual_VA",1.29130928895806,0.781363889874143,"Perceptual",1.65263497032868,2980,40.64,7.63292557604705,1.9,84.3,2993.17789541484,5.37840942856044
"993",7008,"Male","11/6/25","14:15",21,3,"Lamp7_Perceptual_VA",0.95934877805972,0.381095236476046,"Perceptual",2.51734654815089,6110,40.64,3.73963030394681,1.44,86,6116.43800864523,2.62907042729477
"994",7008,"Male","11/6/25","14:15",21,3,"BlueBall_Perceptual_VA",1.26873581303567,0.852070543317608,"Perceptual",1.48900325564095,1520,22.605,1.93309297512236,1.9,85.8,1521.49791735193,-2.54262030985139
"995",7011,"Female","11/25/25","09:00",22,3,"Stick7_Perceptual_VA",1.61194441507462,2.71480554305186,"Perceptual",0.593760543623519,6110,14,3.54985218836048,1.66,59,6115.53962112911,2.43889474586904
"996",7011,"Female","11/25/25","09:00",22,3,"Stick8_Perceptual_VA",1.30423784729203,1.55042556447019,"Perceptual",0.841212810972786,10700,14,2.02881447223554,1.4,61.5,10703.1642451006,1.39324435934806
"997",7011,"Female","11/25/25","09:00",22,3,"Stick9a_Perceptual_VA",0.711847497812293,1.09227793747385,"Perceptual",0.651709124015277,15188.5,14,1.4295608852737,0.82,66,15190.7293145392,0.98161074419586
"998",7011,"Female","11/25/25","09:00",22,3,"Stick10_Perceptual_VA",5.80075861824636,7.14799063652525,"Perceptual",0.811522973827816,2318,NA,9.28683061067965,6.1,60.2,2332.56272318667,6.40572766583833
"999",7011,"Female","11/25/25","09:00",22,3,"Lamp5_Perceptual_VA",2.29152567635021,1.37774454425237,"Perceptual",1.66324423922411,1690,40.64,13.2955345351707,2.7,67.5,1713.1298589424,9.4258132368689
"1000",7011,"Female","11/25/25","09:00",22,3,"Lamp6_Perceptual_VA",2.04068500646572,0.781363889874143,"Perceptual",2.61169607773201,2980,40.64,7.63292557604705,2.44,68.5,2993.17789541484,5.37840942856044
"1001",7011,"Female","11/25/25","09:00",22,3,"Lamp7_Perceptual_VA",1.45141546046989,0.381095236476046,"Perceptual",3.80853739839678,6110,40.64,3.73963030394681,1.9,75,6116.43800864523,2.62907042729477
"1002",7011,"Female","11/25/25","09:00",22,3,"BlueBall_Perceptual_VA",1.8384381612317,0.852070543317608,"Perceptual",2.15761262450593,1520,22.605,1.93309297512236,2.15,67,1521.49791735193,-2.54262030985139
"1003",7012,"Female","11/25/25","10:00",18,3,"Stick7_Perceptual_VA",6.42271094031518,2.71480554305186,"Perceptual",2.36580883546269,6110,14,3.54985218836048,6.89,61.4,6115.53962112911,2.43889474586904
"1004",7012,"Female","11/25/25","10:00",18,3,"Stick8_Perceptual_VA",3.82143230512458,1.55042556447019,"Perceptual",2.46476347700733,10700,14,2.02881447223554,4.07,61,10703.1642451006,1.39324435934806
"1005",7012,"Female","11/25/25","10:00",18,3,"Stick9a_Perceptual_VA",1.82488738941923,1.09227793747385,"Perceptual",1.67071706459596,15188.5,14,1.4295608852737,2.08,65.3,15190.7293145392,0.98161074419586
"1006",7012,"Female","11/25/25","10:00",18,3,"Stick10_Perceptual_VA",12.047061658923,7.14799063652525,"Perceptual",1.68537736988129,2318,NA,9.28683061067965,13,61.6,2332.56272318667,6.40572766583833
"1007",7012,"Female","11/25/25","10:00",18,3,"Lamp5_Perceptual_VA",1.59611350306629,1.37774454425237,"Perceptual",1.15849742227244,1690,40.64,13.2955345351707,1.9,68.2,1713.1298589424,9.4258132368689
"1008",7012,"Female","11/25/25","10:00",18,3,"Lamp6_Perceptual_VA",1.41281979458123,0.781363889874143,"Perceptual",1.80814574731473,2980,40.64,7.63292557604705,1.63,66.1,2993.17789541484,5.37840942856044
"1009",7012,"Female","11/25/25","10:00",18,3,"Lamp7_Perceptual_VA",1.00574181501309,0.381095236476046,"Perceptual",2.6390826196441,6110,40.64,3.73963030394681,1.22,69.5,6116.43800864523,2.62907042729477
"1010",7012,"Female","11/25/25","10:00",18,3,"BlueBall_Perceptual_VA",1.19569461087798,0.852070543317608,"Perceptual",1.40328124268026,1520,22.605,1.93309297512236,1.44,69,1521.49791735193,-2.54262030985139
"1011",7013,"Male","11/25/25","11:00",19,3,"Stick7_Perceptual_VA",10.1875295065221,2.71480554305186,"Perceptual",3.75258166559867,6110,14,3.54985218836048,10.34,58,6115.53962112911,2.43889474586904
"1012",7013,"Male","11/25/25","11:00",19,3,"Stick8_Perceptual_VA",6.81007016106167,1.55042556447019,"Perceptual",4.39238768833692,10700,14,2.02881447223554,6.89,57.9,10703.1642451006,1.39324435934806
"1013",7013,"Male","11/25/25","11:00",19,3,"Stick9a_Perceptual_VA",4.48587651305415,1.09227793747385,"Perceptual",4.1069002303835,15188.5,14,1.4295608852737,4.7,60,15190.7293145392,0.98161074419586
"1014",7013,"Male","11/25/25","11:00",19,3,"Stick10_Perceptual_VA",13.4720224282387,7.14799063652525,"Perceptual",1.8847286060223,2318,NA,9.28683061067965,15,63.5,2332.56272318667,6.40572766583833
"1015",7013,"Male","11/25/25","11:00",19,3,"Lamp5_Perceptual_VA",2.46297423367343,1.37774454425237,"Perceptual",1.78768570991508,1690,40.64,13.2955345351707,2.7,62.8,1713.1298589424,9.4258132368689
"1016",7013,"Male","11/25/25","11:00",19,3,"Lamp6_Perceptual_VA",2.00281922303184,0.781363889874143,"Perceptual",2.56323493955478,2980,40.64,7.63292557604705,2.15,61.5,2993.17789541484,5.37840942856044
"1017",7013,"Male","11/25/25","11:00",19,3,"Lamp7_Perceptual_VA",1.23877940643623,0.381095236476046,"Perceptual",3.2505769893403,6110,40.64,3.73963030394681,1.44,66.6,6116.43800864523,2.62907042729477
"1018",7013,"Male","11/25/25","11:00",19,3,"BlueBall_Perceptual_VA",1.66698777628981,0.852070543317608,"Perceptual",1.95639643849118,1520,22.605,1.93309297512236,1.9,65.3,1521.49791735193,-2.54262030985139
"1019",7014,"Female","11/25/25","14:00",25,3,"Stick7_Perceptual_VA",9.41250610278313,2.71480554305186,"Perceptual",3.46710140137773,6110,14,3.54985218836048,10.34,62.8,6115.53962112911,2.43889474586904
"1020",7014,"Female","11/25/25","14:00",25,3,"Stick8_Perceptual_VA",1.5168331575899,1.55042556447019,"Perceptual",0.978333428156699,10700,14,2.02881447223554,1.66,62.7,10703.1642451006,1.39324435934806
"1021",7014,"Female","11/25/25","14:00",25,3,"Stick9a_Perceptual_VA",4.10327833857422,1.09227793747385,"Perceptual",3.75662475437711,15188.5,14,1.4295608852737,4.7,65.6,15190.7293145392,0.98161074419586
"1022",7014,"Female","11/25/25","14:00",25,3,"Stick10_Perceptual_VA",9.38572501117968,7.14799063652525,"Perceptual",1.31305782120361,2318,NA,9.28683061067965,11,67,2332.56272318667,6.40572766583833
"1023",7014,"Female","11/25/25","14:00",25,3,"Lamp5_Perceptual_VA",4.17966976528269,1.37774454425237,"Perceptual",3.03370445756385,1690,40.64,13.2955345351707,4.7,64.4,1713.1298589424,9.4258132368689
"1024",7014,"Female","11/25/25","14:00",25,3,"Lamp6_Perceptual_VA",3.34864589827696,0.781363889874143,"Perceptual",4.28564199302369,2980,40.64,7.63292557604705,3.8,65,2993.17789541484,5.37840942856044
"1025",7014,"Female","11/25/25","14:00",25,3,"Lamp7_Perceptual_VA",0.624093091881209,0.381095236476046,"Perceptual",1.63763026180055,6110,40.64,3.73963030394681,0.72,66.1,6116.43800864523,2.62907042729477
"1026",7014,"Female","11/25/25","14:00",25,3,"BlueBall_Perceptual_VA",1.4149602132169,0.852070543317608,"Perceptual",1.66061392957868,1520,22.605,1.93309297512236,1.63,66,1521.49791735193,-2.54262030985139
"1027",1032,"Male","11/26/25","09:00",NA,3,"Stick7_Perceptual_VA",6.2300477058643,2.71480554305186,"Perceptual",2.29484123524397,6110,14,3.54985218836048,5.17,47.5,6115.53962112911,2.43889474586904
"1028",1032,"Male","11/26/25","09:00",NA,3,"Stick8_Perceptual_VA",1.92514262631184,1.55042556447019,"Perceptual",1.24168658620493,10700,14,2.02881447223554,1.66,49.4,10703.1642451006,1.39324435934806
"1029",1032,"Male","11/26/25","09:00",NA,3,"Stick9a_Perceptual_VA",3.25335516705055,1.09227793747385,"Perceptual",2.97850487997104,15188.5,14,1.4295608852737,3.05,53.7,15190.7293145392,0.98161074419586
"1030",1032,"Male","11/26/25","09:00",NA,3,"Stick10_Perceptual_VA",8.04325313545782,7.14799063652525,"Perceptual",1.12524673638461,2318,NA,9.28683061067965,6.89,49,2332.56272318667,6.40572766583833
"1031",1032,"Male","11/26/25","09:00",NA,3,"Lamp5_Perceptual_VA",1.50002199850549,1.37774454425237,"Perceptual",1.08875190597795,1690,40.64,13.2955345351707,1.44,55,1713.1298589424,9.4258132368689
"1032",1032,"Male","11/26/25","09:00",NA,3,"Lamp6_Perceptual_VA",1.29440514759931,0.781363889874143,"Perceptual",1.65659709179523,2980,40.64,7.63292557604705,1.22,54,2993.17789541484,5.37840942856044
"1033",1032,"Male","11/26/25","09:00",NA,3,"Lamp7_Perceptual_VA",0.763932409458051,0.381095236476046,"Perceptual",2.00457086927159,6110,40.64,3.73963030394681,0.72,54,6116.43800864523,2.62907042729477
"1034",1032,"Male","11/26/25","09:00",NA,3,"BlueBall_Perceptual_VA",1.69791428859007,0.852070543317608,"Perceptual",1.99269215666006,1520,22.605,1.93309297512236,1.63,55,1521.49791735193,-2.54262030985139
"1035",7015,"Female","11/26/25","10:30",19,3,"Stick7_Perceptual_VA",4.28228446886999,2.71480554305186,"Perceptual",1.57738165808223,6110,14,3.54985218836048,3.32,44.4,6115.53962112911,2.43889474586904
"1036",7015,"Female","11/26/25","10:30",19,3,"Stick8_Perceptual_VA",2.13707791128636,1.55042556447019,"Perceptual",1.37838149748043,10700,14,2.02881447223554,1.66,44.5,10703.1642451006,1.39324435934806
"1037",7015,"Female","11/26/25","10:30",19,3,"Stick9a_Perceptual_VA",1.77101343054991,1.09227793747385,"Perceptual",1.62139449108146,15188.5,14,1.4295608852737,1.66,53.7,15190.7293145392,0.98161074419586
"1038",7015,"Female","11/26/25","10:30",19,3,"Stick10_Perceptual_VA",6.51357762067287,7.14799063652525,"Perceptual",0.911245964339878,2318,NA,9.28683061067965,6.1,53.6,2332.56272318667,6.40572766583833
"1039",7015,"Female","11/26/25","10:30",19,3,"Lamp5_Perceptual_VA",2.81801449269908,1.37774454425237,"Perceptual",2.04538243642856,1690,40.64,13.2955345351707,2.44,49.6,1713.1298589424,9.4258132368689
"1040",7015,"Female","11/26/25","10:30",19,3,"Lamp6_Perceptual_VA",1.64671143984491,0.781363889874143,"Perceptual",2.10748341609459,2980,40.64,7.63292557604705,1.44,50.1,2993.17789541484,5.37840942856044
"1041",7015,"Female","11/26/25","10:30",19,3,"Lamp7_Perceptual_VA",0.788763092472663,0.381095236476046,"Perceptual",2.06972697892077,6110,40.64,3.73963030394681,0.72,52.3,6116.43800864523,2.62907042729477
"1042",7015,"Female","11/26/25","10:30",19,3,"BlueBall_Perceptual_VA",1.86023738167829,0.852070543317608,"Perceptual",2.18319644572537,1520,22.605,1.93309297512236,1.63,50.2,1521.49791735193,-2.54262030985139
"1043",7016,"Male","11/26/25","13:09",18,3,"Stick7_Perceptual_VA",9.77796584134933,2.71480554305186,"Perceptual",3.60171868161039,6110,14,3.54985218836048,11,64.3,6115.53962112911,2.43889474586904
"1044",7016,"Male","11/26/25","13:09",18,3,"Stick8_Perceptual_VA",1.5339566588809,1.55042556447019,"Perceptual",0.989377816022457,10700,14,2.02881447223554,1.66,62,10703.1642451006,1.39324435934806
"1045",7016,"Male","11/26/25","13:09",18,3,"Stick9a_Perceptual_VA",5.30781560332848,1.09227793747385,"Perceptual",4.85940017758125,15188.5,14,1.4295608852737,6.1,65.8,15190.7293145392,0.98161074419586
"1046",7016,"Male","11/26/25","13:09",18,3,"Stick10_Perceptual_VA",11.6684502128089,7.14799063652525,"Perceptual",1.63240983461628,2318,NA,9.28683061067965,15,73.4,2332.56272318667,6.40572766583833
"1047",7016,"Male","11/26/25","13:09",18,3,"Lamp5_Perceptual_VA",3.47140917785678,1.37774454425237,"Perceptual",2.51963195378903,1690,40.64,13.2955345351707,4,66,1713.1298589424,9.4258132368689
"1048",7016,"Male","11/26/25","13:09",18,3,"Lamp6_Perceptual_VA",2.25808147019131,0.781363889874143,"Perceptual",2.88992299164865,2980,40.64,7.63292557604705,2.7,68.5,2993.17789541484,5.37840942856044
"1049",7016,"Male","11/26/25","13:09",18,3,"Lamp7_Perceptual_VA",0.581022644059239,0.381095236476046,"Perceptual",1.52461271736667,6110,40.64,3.73963030394681,0.72,71,6116.43800864523,2.62907042729477
"1050",7016,"Male","11/26/25","13:09",18,3,"BlueBall_Perceptual_VA",1.37334778162488,0.852070543317608,"Perceptual",1.61177709098784,1520,22.605,1.93309297512236,1.63,68,1521.49791735193,-2.54262030985139
"1051",7017,"Female","11/26/25","14:06",21,3,"Stick7_Perceptual_VA",2.1232399667988,2.71480554305186,"Perceptual",0.782096519668937,6110,14,3.54985218836048,2.22,59.9,6115.53962112911,2.43889474586904
"1052",7017,"Female","11/26/25","14:06",21,3,"Stick8_Perceptual_VA",1.57719714829901,1.55042556447019,"Perceptual",1.0172672487105,10700,14,2.02881447223554,1.66,60.3,10703.1642451006,1.39324435934806
"1053",7017,"Female","11/26/25","14:06",21,3,"Stick9a_Perceptual_VA",0.675999916417045,1.09227793747385,"Perceptual",0.61889002169215,15188.5,14,1.4295608852737,0.82,69.5,15190.7293145392,0.98161074419586
"1054",7017,"Female","11/26/25","14:06",21,3,"Stick10_Perceptual_VA",7.92062366091677,7.14799063652525,"Perceptual",1.10809093963323,2318,NA,9.28683061067965,9,65,2332.56272318667,6.40572766583833
"1055",7017,"Female","11/26/25","14:06",21,3,"Lamp5_Perceptual_VA",2.26138190247594,1.37774454425237,"Perceptual",1.64136516592274,1690,40.64,13.2955345351707,2.7,68.4,1713.1298589424,9.4258132368689
"1056",7017,"Female","11/26/25","14:06",21,3,"Lamp6_Perceptual_VA",1.8384381612317,0.781363889874143,"Perceptual",2.35285784902067,2980,40.64,7.63292557604705,2.15,67,2993.17789541484,5.37840942856044
"1057",7017,"Female","11/26/25","14:06",21,3,"Lamp7_Perceptual_VA",0.603107899736557,0.381095236476046,"Perceptual",1.58256478174181,6110,40.64,3.73963030394681,0.72,68.4,6116.43800864523,2.62907042729477
"1058",7017,"Female","11/26/25","14:06",21,3,"BlueBall_Perceptual_VA",1.35344605518774,0.852070543317608,"Perceptual",1.58842019103017,1520,22.605,1.93309297512236,1.63,69,1521.49791735193,-2.54262030985139
"1059",7018,"Female","11/26/25","15:06",21,3,"Stick7_Perceptual_VA",6.45350599570538,2.71480554305186,"Perceptual",2.3771522097493,6110,14,3.54985218836048,6.1,54.1,6115.53962112911,2.43889474586904
"1060",7018,"Female","11/26/25","15:06",21,3,"Stick8_Perceptual_VA",1.63691092337723,1.55042556447019,"Perceptual",1.05578169045258,10700,14,2.02881447223554,1.66,58.1,10703.1642451006,1.39324435934806
"1061",7018,"Female","11/26/25","15:06",21,3,"Stick9a_Perceptual_VA",4.65643476413249,1.09227793747385,"Perceptual",4.26304936168683,15188.5,14,1.4295608852737,4.7,57.8,15190.7293145392,0.98161074419586
"1062",7018,"Female","11/26/25","15:06",21,3,"Stick10_Perceptual_VA",8.59257412704257,7.14799063652525,"Perceptual",1.20209644415812,2318,NA,9.28683061067965,9,59.9,2332.56272318667,6.40572766583833
"1063",7018,"Female","11/26/25","15:06",21,3,"Lamp5_Perceptual_VA",3.59415023615688,1.37774454425237,"Perceptual",2.60872035469191,1690,40.64,13.2955345351707,4.7,74.9,1713.1298589424,9.4258132368689
"1064",7018,"Female","11/26/25","15:06",21,3,"Lamp6_Perceptual_VA",3.60376679320476,0.781363889874143,"Perceptual",4.61214914063309,2980,40.64,7.63292557604705,4.7,74.7,2993.17789541484,5.37840942856044
"1065",7018,"Female","11/26/25","15:06",21,3,"Lamp7_Perceptual_VA",0.688688890991576,0.381095236476046,"Perceptual",1.80713067253168,6110,40.64,3.73963030394681,0.72,59.9,6116.43800864523,2.62907042729477
"1066",7018,"Female","11/26/25","15:06",21,3,"BlueBall_Perceptual_VA",1.20036895395541,0.852070543317608,"Perceptual",1.40876710663142,1520,22.605,1.93309297512236,1.63,77.8,1521.49791735193,-2.54262030985139
"1067",7019,"Female","12/4/25","14:14",18,3,"Stick7_Perceptual_VA",6.48908949162885,2.71480554305186,"Perceptual",2.39025940853727,6110,14,3.54985218836048,5.17,45.6,6115.53962112911,2.43889474586904
"1068",7019,"Female","12/4/25","14:14",18,3,"Stick8_Perceptual_VA",2.02342784507237,1.55042556447019,"Perceptual",1.30507899988337,10700,14,2.02881447223554,1.66,47,10703.1642451006,1.39324435934806
"1069",7019,"Female","12/4/25","14:14",18,3,"Stick9a_Perceptual_VA",3.47939764785101,1.09227793747385,"Perceptual",3.18545081657325,15188.5,14,1.4295608852737,2.77,45.6,15190.7293145392,0.98161074419586
"1070",7019,"Female","12/4/25","14:14",18,3,"Stick10_Perceptual_VA",12.5297373572739,7.14799063652525,"Perceptual",1.75290343740081,2318,NA,9.28683061067965,11,50.1,2332.56272318667,6.40572766583833
"1071",7019,"Female","12/4/25","14:14",18,3,"Lamp5_Perceptual_VA",1.71663849807438,1.37774454425237,"Perceptual",1.24597735134267,1690,40.64,13.2955345351707,1.63,54.4,1713.1298589424,9.4258132368689
"1072",7019,"Female","12/4/25","14:14",18,3,"Lamp6_Perceptual_VA",1.30163584100332,0.781363889874143,"Perceptual",1.66585103032209,2980,40.64,7.63292557604705,1.22,53.7,2993.17789541484,5.37840942856044
"1073",7019,"Female","12/4/25","14:14",18,3,"Lamp7_Perceptual_VA",0.750043129661168,0.381095236476046,"Perceptual",1.96812517678455,6110,40.64,3.73963030394681,0.72,55,6116.43800864523,2.62907042729477
"1074",7019,"Female","12/4/25","14:14",18,3,"BlueBall_Perceptual_VA",1.71035138052096,0.852070543317608,"Perceptual",2.00728847386457,1520,22.605,1.93309297512236,1.63,54.6,1521.49791735193,-2.54262030985139
"1075",7020,"Male","12/5/25","14:22",21,3,"Stick7_Perceptual_VA",10.4942778032329,2.71480554305186,"Perceptual",3.86557255641805,6110,14,3.54985218836048,9,49,6115.53962112911,2.43889474586904
"1076",7020,"Male","12/5/25","14:22",21,3,"Stick8_Perceptual_VA",1.98128158835836,1.55042556447019,"Perceptual",1.27789533000599,10700,14,2.02881447223554,1.66,48,10703.1642451006,1.39324435934806
"1077",7020,"Male","12/5/25","14:22",21,3,"Stick9a_Perceptual_VA",6.56244527797672,1.09227793747385,"Perceptual",6.00803609853546,15188.5,14,1.4295608852737,6.1,53.2,15190.7293145392,0.98161074419586
"1078",7020,"Male","12/5/25","14:22",21,3,"Stick10_Perceptual_VA",12.4803111346192,7.14799063652525,"Perceptual",1.74598873574995,2318,NA,9.28683061067965,11,50.3,2332.56272318667,6.40572766583833
"1079",7020,"Male","12/5/25","14:22",21,3,"Lamp5_Perceptual_VA",1.5564396235084,1.37774454425237,"Perceptual",1.12970116993132,1690,40.64,13.2955345351707,1.63,60,1713.1298589424,9.4258132368689
"1080",7020,"Male","12/5/25","14:22",21,3,"Lamp6_Perceptual_VA",1.45249126481513,0.781363889874143,"Perceptual",1.85891782770904,2980,40.64,7.63292557604705,1.44,56.8,2993.17789541484,5.37840942856044
"1081",7020,"Male","12/5/25","14:22",21,3,"Lamp7_Perceptual_VA",0.717433430333877,0.381095236476046,"Perceptual",1.88255680382657,6110,40.64,3.73963030394681,0.72,57.5,6116.43800864523,2.62907042729477
"1082",7020,"Male","12/5/25","14:22",21,3,"BlueBall_Perceptual_VA",1.51356060775841,0.852070543317608,"Perceptual",1.77633251099755,1520,22.605,1.93309297512236,1.63,61.7,1521.49791735193,-2.54262030985139
"1083",7021,"Male","12/15/25","15:33",20,3,"Stick7_Perceptual_VA",3.99142991787417,2.71480554305186,"Perceptual",1.47024523656571,6110,14,3.54985218836048,4.07,58.4,6115.53962112911,2.43889474586904
"1084",7021,"Male","12/15/25","15:33",20,3,"Stick8_Perceptual_VA",1.56166019359871,1.55042556447019,"Perceptual",1.00724615833612,10700,14,2.02881447223554,1.66,60.9,10703.1642451006,1.39324435934806
"1085",7021,"Male","12/15/25","15:33",20,3,"Stick9a_Perceptual_VA",6.57224949843447,1.09227793747385,"Perceptual",6.01701203782837,15188.5,14,1.4295608852737,6.89,60,15190.7293145392,0.98161074419586
"1086",7021,"Male","12/15/25","15:33",20,3,"Stick10_Perceptual_VA",6.46201980073643,7.14799063652525,"Perceptual",0.904033053389353,2318,NA,9.28683061067965,7.7,68.2,2332.56272318667,6.40572766583833
"1087",7021,"Male","12/15/25","15:33",20,3,"Lamp5_Perceptual_VA",1.4235871344002,1.37774454425237,"Perceptual",1.03327365028522,1690,40.64,13.2955345351707,1.63,65.6,1713.1298589424,9.4258132368689
"1088",7021,"Male","12/15/25","15:33",20,3,"Lamp6_Perceptual_VA",1.05111113618715,0.781363889874143,"Perceptual",1.34522614854451,2980,40.64,7.63292557604705,1.22,66.5,2993.17789541484,5.37840942856044
"1089",7021,"Male","12/15/25","15:33",20,3,"Lamp7_Perceptual_VA",0.620339222034353,0.381095236476046,"Perceptual",1.62778004724115,6110,40.64,3.73963030394681,0.72,66.5,6116.43800864523,2.62907042729477
"1090",7021,"Male","12/15/25","15:33",20,3,"BlueBall_Perceptual_VA",1.4523657822064,0.852070543317608,"Perceptual",1.70451354479582,1520,22.605,1.93309297512236,1.63,64.3,1521.49791735193,-2.54262030985139
