ID,Gender,Date,Time,Age,Measurement,Reported_Visual_Angle,Real_Visual_Angle,Task,Ratio_Visual_Angle,Disparity_VA_1,Disparity_VA_2,Distance,Width
1,Male,2/16/2024,9:00,56,Stick1_Perceptual_VA,5.212882542,2.36338945,Perceptual,2.205680719,NA,NA,6280,14
1,Male,2/16/2024,9:00,56,Stick1_Adjusted_VA,3.01639733,2.36338945,Adjusted,1.276301428,NA,NA,6280,14
1,Male,2/16/2024,9:00,56,Stick2_Perceptual_VA,7.684906256,7.338560272,Perceptual,1.047195359,NA,NA,2020,14
1,Male,2/16/2024,9:00,56,Stick2_Adjusted_VA,6.441409921,7.338560272,Adjusted,0.8777484523,NA,NA,2020,14
1,Male,2/16/2024,9:00,56,Stick3_Perceptual_VA,4.418989992,2.952239146,Perceptual,1.496826569,NA,NA,5027,14
1,Male,2/16/2024,9:00,56,Stick3_Adjusted_VA,4.411716098,2.952239146,Adjusted,1.494362713,NA,NA,5027,14
1,Male,2/16/2024,9:00,56,Stick4_Perceptual_VA,5.886874264,4.337065743,Perceptual,1.357340334,NA,NA,3421,14
1,Male,2/16/2024,9:00,56,Stick4_Adjusted_VA,5.084525832,4.337065743,Adjusted,1.172342347,NA,NA,3421,14
1,Male,2/16/2024,9:00,56,Lamp1_Perceptual_VA,1.043267458,0.3707790372,Perceptual,2.813717481,NA,NA,6280,40.64
1,Male,2/16/2024,9:00,56,Lamp1_Adjusted_VA,0.6453939105,0.3707790372,Adjusted,1.740642932,NA,NA,6280,40.64
1,Male,2/16/2024,9:00,56,Lamp2_Perceptual_VA,1.624696813,1.15268413,Perceptual,1.409490051,NA,NA,2020,40.64
1,Male,2/16/2024,9:00,56,Lamp2_Adjusted_VA,1.241359995,1.15268413,Adjusted,1.076929892,NA,NA,2020,40.64
1,Male,2/16/2024,9:00,56,Lamp3_Perceptual_VA,1.23138428,0.4631962995,Perceptual,2.658450166,NA,NA,5027,40.64
1,Male,2/16/2024,9:00,56,Lamp3_Adjusted_VA,1.039783757,0.4631962995,Adjusted,2.24480152,NA,NA,5027,40.64
1,Male,2/16/2024,9:00,56,Lamp4_Perceptual_VA,1.393843503,0.6806410687,Perceptual,2.047839261,NA,NA,3421,40.64
1,Male,2/16/2024,9:00,56,Lamp4_Adjusted_VA,1.617655721,0.6806410687,Adjusted,2.376664876,NA,NA,3421,40.64
2,Female,2/16/2024,13:30,26,Stick1_Perceptual_VA,3.22325115,2.36338945,Perceptual,1.363825649,NA,NA,6280,14
2,Female,2/16/2024,13:30,26,Stick1_Adjusted_VA,1.688595479,2.36338945,Adjusted,0.7144804167,NA,NA,6280,14
2,Female,2/16/2024,13:30,26,Stick2_Perceptual_VA,7.466998345,7.338560272,Perceptual,1.017501808,NA,NA,2020,14
2,Female,2/16/2024,13:30,26,Stick2_Adjusted_VA,6.655187904,7.338560272,Adjusted,0.906879232,NA,NA,2020,14
2,Female,2/16/2024,13:30,26,Stick3_Perceptual_VA,5.017455162,2.952239146,Perceptual,1.699542251,NA,NA,5027,14
2,Female,2/16/2024,13:30,26,Stick3_Adjusted_VA,3.027786395,2.952239146,Adjusted,1.025589814,NA,NA,5027,14
2,Female,2/16/2024,13:30,26,Stick4_Perceptual_VA,6.68339321,4.337065743,Perceptual,1.540994213,NA,NA,3421,14
2,Female,2/16/2024,13:30,26,Stick4_Adjusted_VA,4.473537476,4.337065743,Adjusted,1.031466374,NA,NA,3421,14
2,Female,2/16/2024,13:30,26,Lamp1_Perceptual_VA,0.9322497432,0.3707790372,Perceptual,2.514300027,NA,NA,6280,40.64
2,Female,2/16/2024,13:30,26,Lamp1_Adjusted_VA,0.4965603144,0.3707790372,Adjusted,1.339235136,NA,NA,6280,40.64
2,Female,2/16/2024,13:30,26,Lamp2_Perceptual_VA,2.087666049,1.15268413,Perceptual,1.811134546,NA,NA,2020,40.64
2,Female,2/16/2024,13:30,26,Lamp2_Adjusted_VA,1.56799715,1.15268413,Adjusted,1.360300805,NA,NA,2020,40.64
2,Female,2/16/2024,13:30,26,Lamp3_Perceptual_VA,1.184717974,0.4631962995,Perceptual,2.557701725,NA,NA,5027,40.64
2,Female,2/16/2024,13:30,26,Lamp3_Adjusted_VA,0.660579317,0.4631962995,Adjusted,1.426132544,NA,NA,5027,40.64
2,Female,2/16/2024,13:30,26,Lamp4_Perceptual_VA,1.582816629,0.6806410687,Perceptual,2.325479172,NA,NA,3421,40.64
2,Female,2/16/2024,13:30,26,Lamp4_Adjusted_VA,0.8762713121,0.6806410687,Adjusted,1.287420569,NA,NA,3421,40.64
3,Male,2/16/2024,14:30,21,Stick1_Perceptual_VA,1.986054806,2.36338945,Perceptual,0.8403417414,NA,NA,6280,14
3,Male,2/16/2024,14:30,21,Stick1_Adjusted_VA,2.018785255,2.36338945,Adjusted,0.8541906857,NA,NA,6280,14
3,Male,2/16/2024,14:30,21,Stick2_Perceptual_VA,4.933935098,7.338560272,Perceptual,0.6723301185,NA,NA,2020,14
3,Male,2/16/2024,14:30,21,Stick2_Adjusted_VA,7.103821328,7.338560272,Adjusted,0.9680129433,NA,NA,2020,14
3,Male,2/16/2024,14:30,21,Stick3_Perceptual_VA,2.644685489,2.952239146,Perceptual,0.8958235966,NA,NA,5027,14
3,Male,2/16/2024,14:30,21,Stick3_Adjusted_VA,3.205624591,2.952239146,Adjusted,1.085828225,NA,NA,5027,14
3,Male,2/16/2024,14:30,21,Stick4_Perceptual_VA,3.169557925,4.337065743,Perceptual,0.7308069816,NA,NA,3421,14
3,Male,2/16/2024,14:30,21,Stick4_Adjusted_VA,4.661303787,4.337065743,Adjusted,1.074759772,NA,NA,3421,14
3,Male,2/16/2024,14:30,21,Lamp1_Perceptual_VA,0.4965603144,0.3707790372,Perceptual,1.339235136,NA,NA,6280,40.64
3,Male,2/16/2024,14:30,21,Lamp1_Adjusted_VA,0.4718449293,0.3707790372,Adjusted,1.272577147,NA,NA,6280,40.64
3,Male,2/16/2024,14:30,21,Lamp2_Perceptual_VA,1.164974047,1.15268413,Perceptual,1.010661999,NA,NA,2020,40.64
3,Male,2/16/2024,14:30,21,Lamp2_Adjusted_VA,1.386586483,1.15268413,Adjusted,1.20291973,NA,NA,2020,40.64
3,Male,2/16/2024,14:30,21,Lamp3_Perceptual_VA,0.6206982076,0.4631962995,Perceptual,1.340032743,NA,NA,5027,40.64
3,Male,2/16/2024,14:30,21,Lamp3_Adjusted_VA,0.5621427613,0.4631962995,Adjusted,1.213616693,NA,NA,5027,40.64
3,Male,2/16/2024,14:30,21,Lamp4_Perceptual_VA,0.744834644,0.6806410687,Perceptual,1.094313403,NA,NA,3421,40.64
3,Male,2/16/2024,14:30,21,Lamp4_Adjusted_VA,0.7933135038,0.6806410687,Adjusted,1.165538696,NA,NA,3421,40.64
4,Male,2/16/2024,15:30,21,Stick1_Perceptual_VA,5.103849615,2.36338945,Perceptual,2.159546584,NA,NA,6280,14
4,Male,2/16/2024,15:30,21,Stick1_Adjusted_VA,2.550704602,2.36338945,Adjusted,1.079256998,NA,NA,6280,14
4,Male,2/16/2024,15:30,21,Stick2_Perceptual_VA,8.872948971,7.338560272,Perceptual,1.209085794,NA,NA,2020,14
4,Male,2/16/2024,15:30,21,Stick2_Adjusted_VA,8.107108464,7.338560272,Adjusted,1.10472738,NA,NA,2020,14
4,Male,2/16/2024,15:30,21,Stick3_Perceptual_VA,5.103849615,2.952239146,Perceptual,1.728806293,NA,NA,5027,14
4,Male,2/16/2024,15:30,21,Stick3_Adjusted_VA,3.196179111,2.952239146,Adjusted,1.082628796,NA,NA,5027,14
4,Male,2/16/2024,15:30,21,Stick4_Perceptual_VA,6.798356216,4.337065743,Perceptual,1.567501306,NA,NA,3421,14
4,Male,2/16/2024,15:30,21,Stick4_Adjusted_VA,5.333428013,4.337065743,Adjusted,1.229731881,NA,NA,3421,14
4,Male,2/16/2024,15:30,21,Lamp1_Perceptual_VA,0.9680780709,0.3707790372,Perceptual,2.610929891,NA,NA,6280,40.64
4,Male,2/16/2024,15:30,21,Lamp1_Adjusted_VA,0.4619169609,0.3707790372,Adjusted,1.245801177,NA,NA,6280,40.64
4,Male,2/16/2024,15:30,21,Lamp2_Perceptual_VA,1.876762886,1.15268413,Perceptual,1.628167542,NA,NA,2020,40.64
4,Male,2/16/2024,15:30,21,Lamp2_Adjusted_VA,1.205142653,1.15268413,Adjusted,1.045509886,NA,NA,2020,40.64
4,Male,2/16/2024,15:30,21,Lamp3_Perceptual_VA,0.948322287,0.4631962995,Perceptual,2.047344264,NA,NA,5027,40.64
4,Male,2/16/2024,15:30,21,Lamp3_Adjusted_VA,0.4968983362,0.4631962995,Adjusted,1.072759728,NA,NA,5027,40.64
4,Male,2/16/2024,15:30,21,Lamp4_Perceptual_VA,1.205142653,0.6806410687,Perceptual,1.770599378,NA,NA,3421,40.64
4,Male,2/16/2024,15:30,21,Lamp4_Adjusted_VA,0.7639324095,0.6806410687,Adjusted,1.1223719,NA,NA,3421,40.64
5,Male,2/23/2024,14:25,23,Stick1_Perceptual_VA,8.271455735,2.36338945,Perceptual,3.499827646,NA,NA,6280,14
5,Male,2/23/2024,14:25,23,Stick1_Adjusted_VA,4.009068064,2.36338945,Adjusted,1.696321385,NA,NA,6280,14
5,Male,2/23/2024,14:25,23,Stick2_Perceptual_VA,8.79741071,7.338560272,Perceptual,1.198792458,NA,NA,2020,14
5,Male,2/23/2024,14:25,23,Stick2_Adjusted_VA,8.72073154,7.338560272,Adjusted,1.188343656,NA,NA,2020,14
5,Male,2/23/2024,14:25,23,Stick3_Perceptual_VA,7.202556234,2.952239146,Perceptual,2.439692681,NA,NA,5027,14
5,Male,2/23/2024,14:25,23,Stick3_Adjusted_VA,3.273154083,2.952239146,Adjusted,1.108702216,NA,NA,5027,14
5,Male,2/23/2024,14:25,23,Stick4_Perceptual_VA,8.79741071,4.337065743,Perceptual,2.028424569,NA,NA,3421,14
5,Male,2/23/2024,14:25,23,Stick4_Adjusted_VA,7.204551677,4.337065743,Adjusted,1.661158051,NA,NA,3421,14
5,Male,2/23/2024,14:25,23,Lamp1_Perceptual_VA,1.955078838,0.3707790372,Perceptual,5.272894749,NA,NA,6280,40.64
5,Male,2/23/2024,14:25,23,Lamp1_Adjusted_VA,1.039290294,0.3707790372,Adjusted,2.802990973,NA,NA,6280,40.64
5,Male,2/23/2024,14:25,23,Lamp2_Perceptual_VA,2.163359796,1.15268413,Perceptual,1.876801927,NA,NA,2020,40.64
5,Male,2/23/2024,14:25,23,Lamp2_Adjusted_VA,2.170948719,1.15268413,Adjusted,1.883385624,NA,NA,2020,40.64
5,Male,2/23/2024,14:25,23,Lamp3_Perceptual_VA,1.955078838,0.4631962995,Perceptual,4.220842956,NA,NA,5027,40.64
5,Male,2/23/2024,14:25,23,Lamp3_Adjusted_VA,0.9508443051,0.4631962995,Adjusted,2.052789079,NA,NA,5027,40.64
5,Male,2/23/2024,14:25,23,Lamp4_Perceptual_VA,2.163359796,0.6806410687,Perceptual,3.178415021,NA,NA,3421,40.64
5,Male,2/23/2024,14:25,23,Lamp4_Adjusted_VA,1.385690842,0.6806410687,Adjusted,2.035861346,NA,NA,3421,40.64
6,Male,2/23/2024,15:10,34,Stick1_Perceptual_VA,7.164268847,2.36338945,Perceptual,3.031353486,NA,NA,6280,14
6,Male,2/23/2024,15:10,34,Stick1_Adjusted_VA,2.678694909,2.36338945,Adjusted,1.1334124,NA,NA,6280,14
6,Male,2/23/2024,15:10,34,Stick2_Perceptual_VA,9.610547548,7.338560272,Perceptual,1.309595778,NA,NA,2020,14
6,Male,2/23/2024,15:10,34,Stick2_Adjusted_VA,9.354835718,7.338560272,Adjusted,1.274750819,NA,NA,2020,14
6,Male,2/23/2024,15:10,34,Stick3_Perceptual_VA,8.36983225,2.952239146,Perceptual,2.835079354,NA,NA,5027,14
6,Male,2/23/2024,15:10,34,Stick3_Adjusted_VA,2.751473113,2.952239146,Adjusted,0.9319953356,NA,NA,5027,14
6,Male,2/23/2024,15:10,34,Stick4_Perceptual_VA,9.610547548,4.337065743,Perceptual,2.215910046,NA,NA,3421,14
6,Male,2/23/2024,15:10,34,Stick4_Adjusted_VA,6.072643785,4.337065743,Adjusted,1.40017333,NA,NA,3421,14
6,Male,2/23/2024,15:10,34,Lamp1_Perceptual_VA,2.272900292,0.3707790372,Perceptual,6.130066871,NA,NA,6280,40.64
6,Male,2/23/2024,15:10,34,Lamp1_Adjusted_VA,0.451418958,0.3707790372,Adjusted,1.21748781,NA,NA,6280,40.64
6,Male,2/23/2024,15:10,34,Lamp2_Perceptual_VA,2.515020559,1.15268413,Perceptual,2.18188183,NA,NA,2020,40.64
6,Male,2/23/2024,15:10,34,Lamp2_Adjusted_VA,1.299250189,1.15268413,Adjusted,1.127151971,NA,NA,2020,40.64
6,Male,2/23/2024,15:10,34,Lamp3_Perceptual_VA,2.515020559,0.4631962995,Perceptual,5.429707797,NA,NA,5027,40.64
6,Male,2/23/2024,15:10,34,Lamp3_Adjusted_VA,0.6421011535,0.4631962995,Adjusted,1.386239817,NA,NA,5027,40.64
6,Male,2/23/2024,15:10,34,Lamp4_Perceptual_VA,2.515020559,0.6806410687,Perceptual,3.69507612,NA,NA,3421,40.64
6,Male,2/23/2024,15:10,34,Lamp4_Adjusted_VA,0.7150420477,0.6806410687,Adjusted,1.050542027,NA,NA,3421,40.64
7,Female,2/23/2024,16:24,21,Stick1_Perceptual_VA,3.797568441,2.36338945,Perceptual,1.606831426,NA,NA,6280,14
7,Female,2/23/2024,16:24,21,Stick1_Adjusted_VA,2.590324392,2.36338945,Adjusted,1.096020968,NA,NA,6280,14
7,Female,2/23/2024,16:24,21,Stick2_Perceptual_VA,11.17448793,7.338560272,Perceptual,1.522708476,NA,NA,2020,14
7,Female,2/23/2024,16:24,21,Stick2_Adjusted_VA,7.586813707,7.338560272,Adjusted,1.033828629,NA,NA,2020,14
7,Female,2/23/2024,16:24,21,Stick3_Perceptual_VA,5.066127676,2.952239146,Perceptual,1.716028894,NA,NA,5027,14
7,Female,2/23/2024,16:24,21,Stick3_Adjusted_VA,3.459386862,2.952239146,Adjusted,1.171784091,NA,NA,5027,14
7,Female,2/23/2024,16:24,21,Stick4_Perceptual_VA,6.432781616,4.337065743,Perceptual,1.483210538,NA,NA,3421,14
7,Female,2/23/2024,16:24,21,Stick4_Adjusted_VA,5.017455162,4.337065743,Adjusted,1.15687782,NA,NA,3421,14
7,Female,2/23/2024,16:24,21,Lamp1_Perceptual_VA,1.195694611,0.3707790372,Perceptual,3.224817185,NA,NA,6280,40.64
7,Female,2/23/2024,16:24,21,Lamp1_Adjusted_VA,0.3787334347,0.3707790372,Adjusted,1.021453202,NA,NA,6280,40.64
7,Female,2/23/2024,16:24,21,Lamp2_Perceptual_VA,2.677467562,1.15268413,Perceptual,2.322811161,NA,NA,2020,40.64
7,Female,2/23/2024,16:24,21,Lamp2_Adjusted_VA,1.100045174,1.15268413,Adjusted,0.9543335815,NA,NA,2020,40.64
7,Female,2/23/2024,16:24,21,Lamp3_Perceptual_VA,1.22060305,0.4631962995,Perceptual,2.635174442,NA,NA,5027,40.64
7,Female,2/23/2024,16:24,21,Lamp3_Adjusted_VA,0.494709384,0.4631962995,Adjusted,1.068033973,NA,NA,5027,40.64
7,Female,2/23/2024,16:24,21,Lamp4_Perceptual_VA,1.79346056,0.6806410687,Perceptual,2.634957899,NA,NA,3421,40.64
7,Female,2/23/2024,16:24,21,Lamp4_Adjusted_VA,0.6875411037,0.6806410687,Adjusted,1.010137553,NA,NA,3421,40.64
30337,Female,3/7/2024,14:18,20,Stick1_Perceptual_VA,6.676941088,2.36338945,Perceptual,2.825154816,NA,NA,6280,14
30337,Female,3/7/2024,14:18,20,Stick1_Adjusted_VA,2.881543815,2.36338945,Adjusted,1.219242057,NA,NA,6280,14
30337,Female,3/7/2024,14:18,20,Stick2_Perceptual_VA,11.24925608,7.338560272,Perceptual,1.532896872,NA,NA,2020,14
30337,Female,3/7/2024,14:18,20,Stick2_Adjusted_VA,9.496316352,7.338560272,Adjusted,1.294029891,NA,NA,2020,14
30337,Female,3/7/2024,14:18,20,Stick3_Perceptual_VA,8.958046153,2.952239146,Perceptual,3.034322666,NA,NA,5027,14
30337,Female,3/7/2024,14:18,20,Stick3_Adjusted_VA,3.34632821,2.952239146,Adjusted,1.133488192,NA,NA,5027,14
30337,Female,3/7/2024,14:18,20,Stick4_Perceptual_VA,11.24925608,4.337065743,Perceptual,2.593748112,NA,NA,3421,14
30337,Female,3/7/2024,14:18,20,Stick4_Adjusted_VA,5.456875414,4.337065743,Adjusted,1.258195226,NA,NA,3421,14
30337,Female,3/7/2024,14:18,20,Lamp1_Perceptual_VA,1.059073648,0.3707790372,Perceptual,2.856347154,NA,NA,6280,40.64
30337,Female,3/7/2024,14:18,20,Lamp1_Adjusted_VA,0.5055477158,0.3707790372,Adjusted,1.363474375,NA,NA,6280,40.64
30337,Female,3/7/2024,14:18,20,Lamp2_Perceptual_VA,3.297937066,1.15268413,Perceptual,2.861093495,NA,NA,2020,40.64
30337,Female,3/7/2024,14:18,20,Lamp2_Adjusted_VA,1.279108462,1.15268413,Adjusted,1.10967821,NA,NA,2020,40.64
30337,Female,3/7/2024,14:18,20,Lamp3_Perceptual_VA,1.414960213,0.4631962995,Perceptual,3.054774433,NA,NA,5027,40.64
30337,Female,3/7/2024,14:18,20,Lamp3_Adjusted_VA,0.6294402613,0.4631962995,Adjusted,1.358906066,NA,NA,5027,40.64
30337,Female,3/7/2024,14:18,20,Lamp4_Perceptual_VA,1.866288396,0.6806410687,Perceptual,2.741956785,NA,NA,3421,40.64
30337,Female,3/7/2024,14:18,20,Lamp4_Adjusted_VA,0.8275913151,0.6806410687,Adjusted,1.215899764,NA,NA,3421,40.64
8,Female,3/7/2024,15:22,66,Stick1_Perceptual_VA,4.784946556,2.36338945,Perceptual,2.024611964,NA,NA,6280,14
8,Female,3/7/2024,15:22,66,Stick1_Adjusted_VA,2.264252752,2.36338945,Adjusted,0.9580531688,NA,NA,6280,14
8,Female,3/7/2024,15:22,66,Stick2_Perceptual_VA,10.1765204,7.338560272,Perceptual,1.386718923,NA,NA,2020,14
8,Female,3/7/2024,15:22,66,Stick2_Adjusted_VA,6.880537436,7.338560272,Adjusted,0.9375868264,NA,NA,2020,14
8,Female,3/7/2024,15:22,66,Stick3_Perceptual_VA,6.037933447,2.952239146,Perceptual,2.045204724,NA,NA,5027,14
8,Female,3/7/2024,15:22,66,Stick3_Adjusted_VA,2.445717623,2.952239146,Adjusted,0.8284280177,NA,NA,5027,14
8,Female,3/7/2024,15:22,66,Stick4_Perceptual_VA,8.102066082,4.337065743,Perceptual,1.868098517,NA,NA,3421,14
8,Female,3/7/2024,15:22,66,Stick4_Adjusted_VA,4.162343863,4.337065743,Adjusted,0.9597142653,NA,NA,3421,14
8,Female,3/7/2024,15:22,66,Lamp1_Perceptual_VA,1.491175838,0.3707790372,Perceptual,4.021737178,NA,NA,6280,40.64
8,Female,3/7/2024,15:22,66,Lamp1_Adjusted_VA,0.9821893099,0.3707790372,Adjusted,2.648988242,NA,NA,6280,40.64
8,Female,3/7/2024,15:22,66,Lamp2_Perceptual_VA,2.589642241,1.15268413,Perceptual,2.246619151,NA,NA,2020,40.64
8,Female,3/7/2024,15:22,66,Lamp2_Adjusted_VA,1.370539568,1.15268413,Adjusted,1.188998384,NA,NA,2020,40.64
8,Female,3/7/2024,15:22,66,Lamp3_Perceptual_VA,1.279290968,0.4631962995,Perceptual,2.761876486,NA,NA,5027,40.64
8,Female,3/7/2024,15:22,66,Lamp3_Adjusted_VA,0.7909734204,0.4631962995,Adjusted,1.707641925,NA,NA,5027,40.64
8,Female,3/7/2024,15:22,66,Lamp4_Perceptual_VA,1.687356474,0.6806410687,Perceptual,2.479069441,NA,NA,3421,40.64
8,Female,3/7/2024,15:22,66,Lamp4_Adjusted_VA,1.011682974,0.6806410687,Adjusted,1.486367809,NA,NA,3421,40.64
9,Male,3/8/2024,9:12,24,Stick1_Perceptual_VA,3.067606783,2.36338945,Perceptual,1.297969229,NA,NA,6280,14
9,Male,3/8/2024,9:12,24,Stick1_Adjusted_VA,2.422432046,2.36338945,Adjusted,1.02498217,NA,NA,6280,14
9,Male,3/8/2024,9:12,24,Stick2_Perceptual_VA,9.776801896,7.338560272,Perceptual,1.332250678,NA,NA,2020,14
9,Male,3/8/2024,9:12,24,Stick2_Adjusted_VA,8.021452995,7.338560272,Adjusted,1.093055408,NA,NA,2020,14
9,Male,3/8/2024,9:12,24,Stick3_Perceptual_VA,6.777113981,2.952239146,Perceptual,2.295584351,NA,NA,5027,14
9,Male,3/8/2024,9:12,24,Stick3_Adjusted_VA,3.139871513,2.952239146,Adjusted,1.063555951,NA,NA,5027,14
9,Male,3/8/2024,9:12,24,Stick4_Perceptual_VA,7.78325049,4.337065743,Perceptual,1.794589004,NA,NA,3421,14
9,Male,3/8/2024,9:12,24,Stick4_Adjusted_VA,6.952466243,4.337065743,Adjusted,1.603034553,NA,NA,3421,14
9,Male,3/8/2024,9:12,24,Lamp1_Perceptual_VA,0.7237265394,0.3707790372,Perceptual,1.951907921,NA,NA,6280,40.64
9,Male,3/8/2024,9:12,24,Lamp1_Adjusted_VA,0.8096008049,0.3707790372,Adjusted,2.183512884,NA,NA,6280,40.64
9,Male,3/8/2024,9:12,24,Lamp2_Perceptual_VA,1.839338099,1.15268413,Perceptual,1.595700028,NA,NA,2020,40.64
9,Male,3/8/2024,9:12,24,Lamp2_Adjusted_VA,1.48716865,1.15268413,Adjusted,1.290178819,NA,NA,2020,40.64
9,Male,3/8/2024,9:12,24,Lamp3_Perceptual_VA,0.7388037621,0.4631962995,Perceptual,1.595012229,NA,NA,5027,40.64
9,Male,3/8/2024,9:12,24,Lamp3_Adjusted_VA,0.7266684385,0.4631962995,Adjusted,1.568813134,NA,NA,5027,40.64
9,Male,3/8/2024,9:12,24,Lamp4_Perceptual_VA,1.085571767,0.6806410687,Perceptual,1.594925457,NA,NA,3421,40.64
9,Male,3/8/2024,9:12,24,Lamp4_Adjusted_VA,1.224356367,0.6806410687,Adjusted,1.798828227,NA,NA,3421,40.64
10,Female,3/8/2024,15:35,21,Stick1_Perceptual_VA,9.527283381,2.36338945,Perceptual,4.031194851,NA,NA,6280,14
10,Female,3/8/2024,15:35,21,Stick1_Adjusted_VA,4.120542827,2.36338945,Adjusted,1.743488712,NA,NA,6280,14
10,Female,3/8/2024,15:35,21,Stick2_Perceptual_VA,13.72738383,7.338560272,Perceptual,1.870582692,NA,NA,2020,14
10,Female,3/8/2024,15:35,21,Stick2_Adjusted_VA,9.849643881,7.338560272,Adjusted,1.342176601,NA,NA,2020,14
10,Female,3/8/2024,15:35,21,Stick3_Perceptual_VA,10.93774254,2.952239146,Perceptual,3.704897198,NA,NA,5027,14
10,Female,3/8/2024,15:35,21,Stick3_Adjusted_VA,5.354465529,2.952239146,Adjusted,1.813696406,NA,NA,5027,14
10,Female,3/8/2024,15:35,21,Stick4_Perceptual_VA,11.63125306,4.337065743,Perceptual,2.681825397,NA,NA,3421,14
10,Female,3/8/2024,15:35,21,Stick4_Adjusted_VA,6.419693981,4.337065743,Adjusted,1.480192914,NA,NA,3421,14
10,Female,3/8/2024,15:35,21,Lamp1_Perceptual_VA,1.294405148,0.3707790372,Perceptual,3.491041882,NA,NA,6280,40.64
10,Female,3/8/2024,15:35,21,Lamp1_Adjusted_VA,0.7266684385,0.3707790372,Adjusted,1.959842293,NA,NA,6280,40.64
10,Female,3/8/2024,15:35,21,Lamp2_Perceptual_VA,2.588480059,1.15268413,Perceptual,2.245610911,NA,NA,2020,40.64
10,Female,3/8/2024,15:35,21,Lamp2_Adjusted_VA,1.570707264,1.15268413,Adjusted,1.362651938,NA,NA,2020,40.64
10,Female,3/8/2024,15:35,21,Lamp3_Perceptual_VA,1.729352415,0.4631962995,Perceptual,3.733519497,NA,NA,5027,40.64
10,Female,3/8/2024,15:35,21,Lamp3_Adjusted_VA,0.9310359298,0.4631962995,Adjusted,2.010024542,NA,NA,5027,40.64
10,Female,3/8/2024,15:35,21,Lamp4_Perceptual_VA,2.015754671,0.6806410687,Perceptual,2.961553107,NA,NA,3421,40.64
10,Female,3/8/2024,15:35,21,Lamp4_Adjusted_VA,1.100943849,0.6806410687,Adjusted,1.617510167,NA,NA,3421,40.64
11,Male,3/13/2024,14:09,22,Stick1_Perceptual_VA,5.165574032,2.36338945,Perceptual,2.18566349,NA,NA,6280,14
11,Male,3/13/2024,14:09,22,Stick1_Adjusted_VA,2.859033805,2.36338945,Adjusted,1.209717596,NA,NA,6280,14
11,Male,3/13/2024,14:09,22,Stick2_Perceptual_VA,13.63642914,7.338560272,Perceptual,1.858188614,NA,NA,2020,14
11,Male,3/13/2024,14:09,22,Stick2_Adjusted_VA,8.72314529,7.338560272,Adjusted,1.188672569,NA,NA,2020,14
11,Male,3/13/2024,14:09,22,Stick3_Perceptual_VA,6.432781616,2.952239146,Perceptual,2.178950044,NA,NA,5027,14
11,Male,3/13/2024,14:09,22,Stick3_Adjusted_VA,2.948527224,2.952239146,Adjusted,0.9987426758,NA,NA,5027,14
11,Male,3/13/2024,14:09,22,Stick4_Perceptual_VA,9.568514488,4.337065743,Perceptual,2.206218456,NA,NA,3421,14
11,Male,3/13/2024,14:09,22,Stick4_Adjusted_VA,4.662294671,4.337065743,Adjusted,1.07498824,NA,NA,3421,14
11,Male,3/13/2024,14:09,22,Lamp1_Perceptual_VA,1.519494654,0.3707790372,Perceptual,4.098113705,NA,NA,6280,40.64
11,Male,3/13/2024,14:09,22,Lamp1_Adjusted_VA,0.7302304425,0.3707790372,Adjusted,1.969449104,NA,NA,6280,40.64
11,Male,3/13/2024,14:09,22,Lamp2_Perceptual_VA,4.108587932,1.15268413,Perceptual,3.564365836,NA,NA,2020,40.64
11,Male,3/13/2024,14:09,22,Lamp2_Adjusted_VA,1.66759871,1.15268413,Adjusted,1.446709178,NA,NA,2020,40.64
11,Male,3/13/2024,14:09,22,Lamp3_Perceptual_VA,1.79346056,0.4631962995,Perceptual,3.871923334,NA,NA,5027,40.64
11,Male,3/13/2024,14:09,22,Lamp3_Adjusted_VA,0.6496459731,0.4631962995,Adjusted,1.402528418,NA,NA,5027,40.64
11,Male,3/13/2024,14:09,22,Lamp4_Perceptual_VA,2.677467562,0.6806410687,Perceptual,3.933743768,NA,NA,3421,40.64
11,Male,3/13/2024,14:09,22,Lamp4_Adjusted_VA,0.8730616515,0.6806410687,Adjusted,1.282704926,NA,NA,3421,40.64
12,Female,3/13/2024,15:12,18,Stick1_Perceptual_VA,3.713972219,2.36338945,Perceptual,1.571460099,NA,NA,6280,14
12,Female,3/13/2024,15:12,18,Stick1_Adjusted_VA,3.147894909,2.36338945,Adjusted,1.331940831,NA,NA,6280,14
12,Female,3/13/2024,15:12,18,Stick2_Perceptual_VA,6.162301666,7.338560272,Perceptual,0.8397153444,NA,NA,2020,14
12,Female,3/13/2024,15:12,18,Stick2_Adjusted_VA,8.302570533,7.338560272,Adjusted,1.131362314,NA,NA,2020,14
12,Female,3/13/2024,15:12,18,Stick3_Perceptual_VA,4.625910208,2.952239146,Perceptual,1.566915816,NA,NA,5027,14
12,Female,3/13/2024,15:12,18,Stick3_Adjusted_VA,3.700202684,2.952239146,Adjusted,1.253354658,NA,NA,5027,14
12,Female,3/13/2024,15:12,18,Stick4_Perceptual_VA,6.162301666,4.337065743,Perceptual,1.420845805,NA,NA,3421,14
12,Female,3/13/2024,15:12,18,Stick4_Adjusted_VA,5.587635354,4.337065743,Adjusted,1.288344629,NA,NA,3421,14
12,Female,3/13/2024,15:12,18,Lamp1_Perceptual_VA,0.8773244817,0.3707790372,Perceptual,2.366165273,NA,NA,6280,40.64
12,Female,3/13/2024,15:12,18,Lamp1_Adjusted_VA,0.4565005438,0.3707790372,Adjusted,1.23119297,NA,NA,6280,40.64
12,Female,3/13/2024,15:12,18,Lamp2_Perceptual_VA,1.459173013,1.15268413,Perceptual,1.265891474,NA,NA,2020,40.64
12,Female,3/13/2024,15:12,18,Lamp2_Adjusted_VA,1.155346817,1.15268413,Adjusted,1.002309989,NA,NA,2020,40.64
12,Female,3/13/2024,15:12,18,Lamp3_Perceptual_VA,1.092167725,0.4631962995,Perceptual,2.357893892,NA,NA,5027,40.64
12,Female,3/13/2024,15:12,18,Lamp3_Adjusted_VA,0.6312183052,0.4631962995,Adjusted,1.362744706,NA,NA,5027,40.64
12,Female,3/13/2024,15:12,18,Lamp4_Perceptual_VA,1.459173013,0.6806410687,Perceptual,2.143821582,NA,NA,3421,40.64
12,Female,3/13/2024,15:12,18,Lamp4_Adjusted_VA,0.8871427329,0.6806410687,Adjusted,1.303392895,NA,NA,3421,40.64
13,Female,3/13/2024,16:17,24,Stick1_Perceptual_VA,9.960673336,2.36338945,Perceptual,4.214571295,NA,NA,6280,14
13,Female,3/13/2024,16:17,24,Stick1_Adjusted_VA,2.430365566,2.36338945,Adjusted,1.028339009,NA,NA,6280,14
13,Female,3/13/2024,16:17,24,Stick2_Perceptual_VA,14.65281332,7.338560272,Perceptual,1.996687739,NA,NA,2020,14
13,Female,3/13/2024,16:17,24,Stick2_Adjusted_VA,6.850469326,7.338560272,Adjusted,0.93348955,NA,NA,2020,14
13,Female,3/13/2024,16:17,24,Stick3_Perceptual_VA,9.960673336,2.952239146,Perceptual,3.373938507,NA,NA,5027,14
13,Female,3/13/2024,16:17,24,Stick3_Adjusted_VA,2.881543815,2.952239146,Adjusted,0.9760536573,NA,NA,5027,14
13,Female,3/13/2024,16:17,24,Stick4_Perceptual_VA,14.65281332,4.337065743,Perceptual,3.378508464,NA,NA,3421,14
13,Female,3/13/2024,16:17,24,Stick4_Adjusted_VA,5.43084421,4.337065743,Adjusted,1.252193195,NA,NA,3421,14
13,Female,3/13/2024,16:17,24,Lamp1_Perceptual_VA,1.604177026,0.3707790372,Perceptual,4.326504103,NA,NA,6280,40.64
13,Female,3/13/2024,16:17,24,Lamp1_Adjusted_VA,0.648624539,0.3707790372,Adjusted,1.749356015,NA,NA,6280,40.64
13,Female,3/13/2024,16:17,24,Lamp2_Perceptual_VA,3.109578822,1.15268413,Perceptual,2.697685117,NA,NA,2020,40.64
13,Female,3/13/2024,16:17,24,Lamp2_Adjusted_VA,1.269269974,1.15268413,Adjusted,1.101142924,NA,NA,2020,40.64
13,Female,3/13/2024,16:17,24,Lamp3_Perceptual_VA,1.996964992,0.4631962995,Perceptual,4.311271472,NA,NA,5027,40.64
13,Female,3/13/2024,16:17,24,Lamp3_Adjusted_VA,0.5371439988,0.4631962995,Adjusted,1.159646567,NA,NA,5027,40.64
13,Female,3/13/2024,16:17,24,Lamp4_Perceptual_VA,2.667864179,0.6806410687,Perceptual,3.919634447,NA,NA,3421,40.64
13,Female,3/13/2024,16:17,24,Lamp4_Adjusted_VA,0.8912497099,0.6806410687,Adjusted,1.309426878,NA,NA,3421,40.64
14,Female,4/16/2024,13:14,33,Stick1_Perceptual_VA,6.125811603,2.36338945,Perceptual,2.591960289,NA,NA,6280,14
14,Female,4/16/2024,13:14,33,Stick1_Adjusted_VA,1.909682508,2.36338945,Adjusted,0.8080270087,NA,NA,6280,14
14,Female,4/16/2024,13:14,33,Stick2_Perceptual_VA,10.36529311,7.338560272,Perceptual,1.412442321,NA,NA,2020,14
14,Female,4/16/2024,13:14,33,Stick2_Adjusted_VA,7.754900844,7.338560272,Adjusted,1.056733277,NA,NA,2020,14
14,Female,4/16/2024,13:14,33,Stick3_Perceptual_VA,6.917338579,2.952239146,Perceptual,2.34308206,NA,NA,5027,14
14,Female,4/16/2024,13:14,33,Stick3_Adjusted_VA,3.296300464,2.952239146,Adjusted,1.116542496,NA,NA,5027,14
14,Female,4/16/2024,13:14,33,Stick4_Perceptual_VA,10.36529311,4.337065743,Perceptual,2.389932208,NA,NA,3421,14
14,Female,4/16/2024,13:14,33,Stick4_Adjusted_VA,6.234987211,4.337065743,Adjusted,1.437604957,NA,NA,3421,14
14,Female,4/16/2024,13:14,33,Lamp1_Perceptual_VA,1.226283906,0.3707790372,Perceptual,3.307317252,NA,NA,6280,40.64
14,Female,4/16/2024,13:14,33,Lamp1_Adjusted_VA,0.3403699664,0.3707790372,Adjusted,0.9179860033,NA,NA,6280,40.64
14,Female,4/16/2024,13:14,33,Lamp2_Perceptual_VA,2.160900419,1.15268413,Perceptual,1.874668318,NA,NA,2020,40.64
14,Female,4/16/2024,13:14,33,Lamp2_Adjusted_VA,1.33138487,1.15268413,Adjusted,1.155030103,NA,NA,2020,40.64
14,Female,4/16/2024,13:14,33,Lamp3_Perceptual_VA,1.909682508,0.4631962995,Perceptual,4.122836279,NA,NA,5027,40.64
14,Female,4/16/2024,13:14,33,Lamp3_Adjusted_VA,0.5466711803,0.4631962995,Adjusted,1.180214913,NA,NA,5027,40.64
14,Female,4/16/2024,13:14,33,Lamp4_Perceptual_VA,2.452287012,0.6806410687,Perceptual,3.602907795,NA,NA,3421,40.64
14,Female,4/16/2024,13:14,33,Lamp4_Adjusted_VA,1.020879608,0.6806410687,Adjusted,1.499879532,NA,NA,3421,40.64
15,Female,4/16/2024,14:12,27,Stick1_Perceptual_VA,9.615907926,2.36338945,Perceptual,4.068693768,NA,NA,6280,14
15,Female,4/16/2024,14:12,27,Stick1_Adjusted_VA,2.864192368,2.36338945,Adjusted,1.211900294,NA,NA,6280,14
15,Female,4/16/2024,14:12,27,Stick2_Perceptual_VA,11.03933604,7.338560272,Perceptual,1.5042918,NA,NA,2020,14
15,Female,4/16/2024,14:12,27,Stick2_Adjusted_VA,8.79984484,7.338560272,Adjusted,1.199124149,NA,NA,2020,14
15,Female,4/16/2024,14:12,27,Stick3_Perceptual_VA,8.232117693,2.952239146,Perceptual,2.78843186,NA,NA,5027,14
15,Female,4/16/2024,14:12,27,Stick3_Adjusted_VA,3.457531984,2.952239146,Adjusted,1.171155795,NA,NA,5027,14
15,Female,4/16/2024,14:12,27,Stick4_Perceptual_VA,9.615907926,4.337065743,Perceptual,2.217145991,NA,NA,3421,14
15,Female,4/16/2024,14:12,27,Stick4_Adjusted_VA,7.437987946,4.337065743,Adjusted,1.7149816,NA,NA,3421,14
15,Female,4/16/2024,14:12,27,Lamp1_Perceptual_VA,1.306501348,0.3707790372,Perceptual,3.523665627,NA,NA,6280,40.64
15,Female,4/16/2024,14:12,27,Lamp1_Adjusted_VA,0.6407203197,0.3707790372,Adjusted,1.728038145,NA,NA,6280,40.64
15,Female,4/16/2024,14:12,27,Lamp2_Perceptual_VA,2.302230866,1.15268413,Perceptual,1.997278184,NA,NA,2020,40.64
15,Female,4/16/2024,14:12,27,Lamp2_Adjusted_VA,1.675995824,1.15268413,Adjusted,1.453994013,NA,NA,2020,40.64
15,Female,4/16/2024,14:12,27,Lamp3_Perceptual_VA,1.745512099,0.4631962995,Perceptual,3.768406831,NA,NA,5027,40.64
15,Female,4/16/2024,14:12,27,Lamp3_Adjusted_VA,0.8275913151,0.4631962995,Adjusted,1.786696733,NA,NA,5027,40.64
15,Female,4/16/2024,14:12,27,Lamp4_Perceptual_VA,2.034589559,0.6806410687,Perceptual,2.989225383,NA,NA,3421,40.64
15,Female,4/16/2024,14:12,27,Lamp4_Adjusted_VA,1.396515484,0.6806410687,Adjusted,2.051764944,NA,NA,3421,40.64
16,Male,4/18/2024,16:00,28,Stick1_Perceptual_VA,6.572249498,2.36338945,Perceptual,2.780857593,NA,NA,6280,14
16,Male,4/18/2024,16:00,28,Stick1_Adjusted_VA,2.498962982,2.36338945,Adjusted,1.057364025,NA,NA,6280,14
16,Male,4/18/2024,16:00,28,Stick2_Perceptual_VA,10.47495213,7.338560272,Perceptual,1.427385174,NA,NA,2020,14
16,Male,4/18/2024,16:00,28,Stick2_Adjusted_VA,7.449175076,7.338560272,Adjusted,1.015073093,NA,NA,2020,14
16,Male,4/18/2024,16:00,28,Stick3_Perceptual_VA,8.578306658,2.952239146,Perceptual,2.905695045,NA,NA,5027,14
16,Male,4/18/2024,16:00,28,Stick3_Adjusted_VA,3.677728902,2.952239146,Adjusted,1.245742205,NA,NA,5027,14
16,Male,4/18/2024,16:00,28,Stick4_Perceptual_VA,9.849643881,4.337065743,Perceptual,2.271038639,NA,NA,3421,14
16,Male,4/18/2024,16:00,28,Stick4_Adjusted_VA,4.421571517,4.337065743,Adjusted,1.01948455,NA,NA,3421,14
16,Male,4/18/2024,16:00,28,Lamp1_Perceptual_VA,0.9358102613,0.3707790372,Perceptual,2.52390283,NA,NA,6280,40.64
16,Male,4/18/2024,16:00,28,Lamp1_Adjusted_VA,0.6294402613,0.3707790372,Adjusted,1.697615556,NA,NA,6280,40.64
16,Male,4/18/2024,16:00,28,Lamp2_Perceptual_VA,2.052879122,1.15268413,Perceptual,1.780955483,NA,NA,2020,40.64
16,Male,4/18/2024,16:00,28,Lamp2_Adjusted_VA,1.500021999,1.15268413,Adjusted,1.301329618,NA,NA,2020,40.64
16,Male,4/18/2024,16:00,28,Lamp3_Perceptual_VA,1.375032709,0.4631962995,Perceptual,2.96857447,NA,NA,5027,40.64
16,Male,4/18/2024,16:00,28,Lamp3_Adjusted_VA,0.6384320802,0.4631962995,Adjusted,1.378318611,NA,NA,5027,40.64
16,Male,4/18/2024,16:00,28,Lamp4_Perceptual_VA,1.814214757,0.6806410687,Perceptual,2.66545003,NA,NA,3421,40.64
16,Male,4/18/2024,16:00,28,Lamp4_Adjusted_VA,0.7266684385,0.6806410687,Adjusted,1.067623557,NA,NA,3421,40.64
17,Male,4/19/2024,14:18,31,Stick1_Perceptual_VA,6.072643785,2.36338945,Perceptual,2.569463863,NA,NA,6280,14
17,Male,4/19/2024,14:18,31,Stick1_Adjusted_VA,2.885014089,2.36338945,Adjusted,1.220710403,NA,NA,6280,14
17,Male,4/19/2024,14:18,31,Stick2_Perceptual_VA,10.92768563,7.338560272,Perceptual,1.489077588,NA,NA,2020,14
17,Male,4/19/2024,14:18,31,Stick2_Adjusted_VA,7.694571849,7.338560272,Adjusted,1.048512455,NA,NA,2020,14
17,Male,4/19/2024,14:18,31,Stick3_Perceptual_VA,6.857331933,2.952239146,Perceptual,2.322756252,NA,NA,5027,14
17,Male,4/19/2024,14:18,31,Stick3_Adjusted_VA,2.91147077,2.952239146,Adjusted,0.9861906936,NA,NA,5027,14
17,Male,4/19/2024,14:18,31,Stick4_Perceptual_VA,7.661217007,4.337065743,Perceptual,1.766451666,NA,NA,3421,14
17,Male,4/19/2024,14:18,31,Stick4_Adjusted_VA,4.463046843,4.337065743,Adjusted,1.029047542,NA,NA,3421,14
17,Male,4/19/2024,14:18,31,Lamp1_Perceptual_VA,0.9565681863,0.3707790372,Perceptual,2.579887454,NA,NA,6280,40.64
17,Male,4/19/2024,14:18,31,Lamp1_Adjusted_VA,0.6080311375,0.3707790372,Adjusted,1.639874633,NA,NA,6280,40.64
17,Male,4/19/2024,14:18,31,Lamp2_Perceptual_VA,1.624102038,1.15268413,Perceptual,1.40897406,NA,NA,2020,40.64
17,Male,4/19/2024,14:18,31,Lamp2_Adjusted_VA,1.527796922,1.15268413,Adjusted,1.325425485,NA,NA,2020,40.64
17,Male,4/19/2024,14:18,31,Lamp3_Perceptual_VA,0.7772177865,0.4631962995,Perceptual,1.677944723,NA,NA,5027,40.64
17,Male,4/19/2024,14:18,31,Lamp3_Adjusted_VA,0.7081963268,0.4631962995,Adjusted,1.528933473,NA,NA,5027,40.64
17,Male,4/19/2024,14:18,31,Lamp4_Perceptual_VA,0.9764957353,0.6806410687,Perceptual,1.434670607,NA,NA,3421,40.64
17,Male,4/19/2024,14:18,31,Lamp4_Adjusted_VA,0.943673859,0.6806410687,Adjusted,1.386448603,NA,NA,3421,40.64
18,Female,4/19/2024,15:09,28,Stick1_Perceptual_VA,7.661217007,2.36338945,Perceptual,3.24162275,NA,NA,6280,14
18,Female,4/19/2024,15:09,28,Stick1_Adjusted_VA,3.177191505,2.36338945,Adjusted,1.34433684,NA,NA,6280,14
18,Female,4/19/2024,15:09,28,Stick2_Perceptual_VA,12.89906941,7.338560272,Perceptual,1.757711176,NA,NA,2020,14
18,Female,4/19/2024,15:09,28,Stick2_Adjusted_VA,8.329501173,7.338560272,Adjusted,1.135032059,NA,NA,2020,14
18,Female,4/19/2024,15:09,28,Stick3_Perceptual_VA,8.949793012,2.952239146,Perceptual,3.031527113,NA,NA,5027,14
18,Female,4/19/2024,15:09,28,Stick3_Adjusted_VA,3.639445118,2.952239146,Adjusted,1.232774494,NA,NA,5027,14
18,Female,4/19/2024,15:09,28,Stick4_Perceptual_VA,10.27564462,4.337065743,Perceptual,2.369261899,NA,NA,3421,14
18,Female,4/19/2024,15:09,28,Stick4_Adjusted_VA,4.958473682,4.337065743,Adjusted,1.143278423,NA,NA,3421,14
18,Female,4/19/2024,15:09,28,Lamp1_Perceptual_VA,1.215621372,0.3707790372,Perceptual,3.278560139,NA,NA,6280,40.64
18,Female,4/19/2024,15:09,28,Lamp1_Adjusted_VA,0.6875411037,0.3707790372,Adjusted,1.854314928,NA,NA,6280,40.64
18,Female,4/19/2024,15:09,28,Lamp2_Perceptual_VA,1.624102038,1.15268413,Perceptual,1.40897406,NA,NA,2020,40.64
18,Female,4/19/2024,15:09,28,Lamp2_Adjusted_VA,1.386348751,1.15268413,Adjusted,1.202713489,NA,NA,2020,40.64
18,Female,4/19/2024,15:09,28,Lamp3_Perceptual_VA,1.434810622,0.4631962995,Perceptual,3.097629717,NA,NA,5027,40.64
18,Female,4/19/2024,15:09,28,Lamp3_Adjusted_VA,0.6142993803,0.4631962995,Adjusted,1.326218238,NA,NA,5027,40.64
18,Female,4/19/2024,15:09,28,Lamp4_Perceptual_VA,1.434810622,0.6806410687,Perceptual,2.108028281,NA,NA,3421,40.64
18,Female,4/19/2024,15:09,28,Lamp4_Adjusted_VA,0.8937960345,0.6806410687,Adjusted,1.313167947,NA,NA,3421,40.64
19,Male,4/19/2024,16:16,25,Stick1_Perceptual_VA,3.445012255,2.36338945,Perceptual,1.457657457,NA,NA,6280,14
19,Male,4/19/2024,16:16,25,Stick1_Adjusted_VA,2.770976553,2.36338945,Adjusted,1.172458713,NA,NA,6280,14
19,Male,4/19/2024,16:16,25,Stick2_Perceptual_VA,8.570049324,7.338560272,Perceptual,1.167810716,NA,NA,2020,14
19,Male,4/19/2024,16:16,25,Stick2_Adjusted_VA,6.655187904,7.338560272,Adjusted,0.906879232,NA,NA,2020,14
19,Male,4/19/2024,16:16,25,Stick3_Perceptual_VA,5.716527394,2.952239146,Perceptual,1.936336154,NA,NA,5027,14
19,Male,4/19/2024,16:16,25,Stick3_Adjusted_VA,2.712472926,2.952239146,Adjusted,0.9187849604,NA,NA,5027,14
19,Male,4/19/2024,16:16,25,Stick4_Perceptual_VA,4.291024813,4.337065743,Perceptual,0.9893843136,NA,NA,3421,14
19,Male,4/19/2024,16:16,25,Stick4_Adjusted_VA,3.656873272,4.337065743,Adjusted,0.8431675904,NA,NA,3421,14
19,Male,4/19/2024,16:16,25,Lamp1_Perceptual_VA,1.013029421,0.3707790372,Perceptual,2.732164765,NA,NA,6280,40.64
19,Male,4/19/2024,16:16,25,Lamp1_Adjusted_VA,1.176029973,0.3707790372,Adjusted,3.171781184,NA,NA,6280,40.64
19,Male,4/19/2024,16:16,25,Lamp2_Perceptual_VA,2.241722751,1.15268413,Perceptual,1.944784952,NA,NA,2020,40.64
19,Male,4/19/2024,16:16,25,Lamp2_Adjusted_VA,1.701385996,1.15268413,Adjusted,1.476021012,NA,NA,2020,40.64
19,Male,4/19/2024,16:16,25,Lamp3_Perceptual_VA,1.353446055,0.4631962995,Perceptual,2.921970786,NA,NA,5027,40.64
19,Male,4/19/2024,16:16,25,Lamp3_Adjusted_VA,0.6105230213,0.4631962995,Adjusted,1.318065412,NA,NA,5027,40.64
19,Male,4/19/2024,16:16,25,Lamp4_Perceptual_VA,2.025900526,0.6806410687,Perceptual,2.976459428,NA,NA,3421,40.64
19,Male,4/19/2024,16:16,25,Lamp4_Adjusted_VA,0.9244160531,0.6806410687,Adjusted,1.358154974,NA,NA,3421,40.64
20,Female,5/10/2024,14:49,21,Stick1_Perceptual_VA,4.260283069,2.36338945,Perceptual,1.80261576,NA,NA,6280,14
20,Female,5/10/2024,14:49,21,Stick1_Adjusted_VA,2.005147608,2.36338945,Adjusted,0.848420309,NA,NA,6280,14
20,Female,5/10/2024,14:49,21,Stick2_Perceptual_VA,12.52698123,7.338560272,Perceptual,1.707008019,NA,NA,2020,14
20,Female,5/10/2024,14:49,21,Stick2_Adjusted_VA,6.217785167,7.338560272,Adjusted,0.8472758875,NA,NA,2020,14
20,Female,5/10/2024,14:49,21,Stick3_Perceptual_VA,7.215307524,2.952239146,Perceptual,2.444011873,NA,NA,5027,14
20,Female,5/10/2024,14:49,21,Stick3_Adjusted_VA,2.756308717,2.952239146,Adjusted,0.93363328,NA,NA,5027,14
20,Female,5/10/2024,14:49,21,Stick4_Perceptual_VA,9.605922027,4.337065743,Perceptual,2.214843536,NA,NA,3421,14
20,Female,5/10/2024,14:49,21,Stick4_Adjusted_VA,4.388610085,4.337065743,Adjusted,1.011884612,NA,NA,3421,14
20,Female,5/10/2024,14:49,21,Lamp1_Perceptual_VA,1.00614393,0.3707790372,Perceptual,2.713594431,NA,NA,6280,40.64
20,Female,5/10/2024,14:49,21,Lamp1_Adjusted_VA,0.4117044286,0.3707790372,Adjusted,1.110376767,NA,NA,6280,40.64
20,Female,5/10/2024,14:49,21,Lamp2_Perceptual_VA,2.012132751,1.15268413,Perceptual,1.745606362,NA,NA,2020,40.64
20,Female,5/10/2024,14:49,21,Lamp2_Adjusted_VA,1.163780508,1.15268413,Adjusted,1.009626556,NA,NA,2020,40.64
20,Female,5/10/2024,14:49,21,Lamp3_Perceptual_VA,0.9083286995,0.4631962995,Perceptual,1.961001632,NA,NA,5027,40.64
20,Female,5/10/2024,14:49,21,Lamp3_Adjusted_VA,0.5021395727,0.4631962995,Adjusted,1.084075096,NA,NA,5027,40.64
20,Female,5/10/2024,14:49,21,Lamp4_Perceptual_VA,1.369443679,0.6806410687,Perceptual,2.011990962,NA,NA,3421,40.64
20,Female,5/10/2024,14:49,21,Lamp4_Adjusted_VA,0.7018645222,0.6806410687,Adjusted,1.031181565,NA,NA,3421,40.64
21,Male,5/15/2024,12:50,34,Stick1_Perceptual_VA,10.13884027,2.36338945,Perceptual,4.289957487,NA,NA,6280,14
21,Male,5/15/2024,12:50,34,Stick1_Adjusted_VA,2.502522979,2.36338945,Adjusted,1.058870335,NA,NA,6280,14
21,Male,5/15/2024,12:50,34,Stick2_Perceptual_VA,13.79485512,7.338560272,Perceptual,1.879776769,NA,NA,2020,14
21,Male,5/15/2024,12:50,34,Stick2_Adjusted_VA,6.961287082,7.338560272,Adjusted,0.9485902989,NA,NA,2020,14
21,Male,5/15/2024,12:50,34,Stick3_Perceptual_VA,11.96990463,2.952239146,Perceptual,4.05451728,NA,NA,5027,14
21,Male,5/15/2024,12:50,34,Stick3_Adjusted_VA,3.565350403,2.952239146,Adjusted,1.207676691,NA,NA,5027,14
21,Male,5/15/2024,12:50,34,Stick4_Perceptual_VA,13.79485512,4.337065743,Perceptual,3.180688496,NA,NA,3421,14
21,Male,5/15/2024,12:50,34,Stick4_Adjusted_VA,4.397723151,4.337065743,Adjusted,1.013985817,NA,NA,3421,14
21,Male,5/15/2024,12:50,34,Lamp1_Perceptual_VA,1.506237773,0.3707790372,Perceptual,4.062359578,NA,NA,6280,40.64
21,Male,5/15/2024,12:50,34,Lamp1_Adjusted_VA,0.5803938424,0.3707790372,Adjusted,1.565336182,NA,NA,6280,40.64
21,Male,5/15/2024,12:50,34,Lamp2_Perceptual_VA,3.048894417,1.15268413,Perceptual,2.645038947,NA,NA,2020,40.64
21,Male,5/15/2024,12:50,34,Lamp2_Adjusted_VA,1.401304625,1.15268413,Adjusted,1.215688313,NA,NA,2020,40.64
21,Male,5/15/2024,12:50,34,Lamp3_Perceptual_VA,2.2545752,0.4631962995,Perceptual,4.867429215,NA,NA,5027,40.64
21,Male,5/15/2024,12:50,34,Lamp3_Adjusted_VA,0.660579317,0.4631962995,Adjusted,1.426132544,NA,NA,5027,40.64
21,Male,5/15/2024,12:50,34,Lamp4_Perceptual_VA,2.494744569,0.6806410687,Perceptual,3.665286572,NA,NA,3421,40.64
21,Male,5/15/2024,12:50,34,Lamp4_Adjusted_VA,0.8730616515,0.6806410687,Adjusted,1.282704926,NA,NA,3421,40.64
22,Male,5/15/2024,13:44,39,Stick1_Perceptual_VA,16.4384185,2.36338945,Perceptual,6.955442108,NA,NA,6280,14
22,Male,5/15/2024,13:44,39,Stick1_Adjusted_VA,2.358904724,2.36338945,Adjusted,0.9981024176,NA,NA,6280,14
22,Male,5/15/2024,13:44,39,Stick2_Perceptual_VA,18.92464442,7.338560272,Perceptual,2.578795256,NA,NA,2020,14
22,Male,5/15/2024,13:44,39,Stick2_Adjusted_VA,8.114416,7.338560272,Adjusted,1.105723153,NA,NA,2020,14
22,Male,5/15/2024,13:44,39,Stick3_Perceptual_VA,13.93651348,2.952239146,Perceptual,4.720658726,NA,NA,5027,14
22,Male,5/15/2024,13:44,39,Stick3_Adjusted_VA,3.067363766,2.952239146,Adjusted,1.038995696,NA,NA,5027,14
22,Male,5/15/2024,13:44,39,Stick4_Perceptual_VA,18.92464442,4.337065743,Perceptual,4.36346727,NA,NA,3421,14
22,Male,5/15/2024,13:44,39,Stick4_Adjusted_VA,5.632624672,4.337065743,Adjusted,1.298717844,NA,NA,3421,14
22,Male,5/15/2024,13:44,39,Lamp1_Perceptual_VA,2.736944461,0.3707790372,Perceptual,7.38160518,NA,NA,6280,40.64
22,Male,5/15/2024,13:44,39,Lamp1_Adjusted_VA,1.185387637,0.3707790372,Adjusted,3.197019029,NA,NA,6280,40.64
22,Male,5/15/2024,13:44,39,Lamp2_Perceptual_VA,4.83543823,1.15268413,Perceptual,4.194937802,NA,NA,2020,40.64
22,Male,5/15/2024,13:44,39,Lamp2_Adjusted_VA,1.584675855,1.15268413,Adjusted,1.374770255,NA,NA,2020,40.64
22,Male,5/15/2024,13:44,39,Lamp3_Perceptual_VA,4.199809035,0.4631962995,Perceptual,9.067017676,NA,NA,5027,40.64
22,Male,5/15/2024,13:44,39,Lamp3_Adjusted_VA,0.9120360073,0.4631962995,Adjusted,1.969005383,NA,NA,5027,40.64
22,Male,5/15/2024,13:44,39,Lamp4_Perceptual_VA,4.83543823,0.6806410687,Perceptual,7.104241064,NA,NA,3421,40.64
22,Male,5/15/2024,13:44,39,Lamp4_Adjusted_VA,1.330020869,0.6806410687,Adjusted,1.954070846,NA,NA,3421,40.64
23,Male,5/15/2024,14:56,22,Stick1_Perceptual_VA,3.55906618,2.36338945,Perceptual,1.505916082,NA,NA,6280,14
23,Male,5/15/2024,14:56,22,Stick1_Adjusted_VA,2.838553423,2.36338945,Adjusted,1.201051914,NA,NA,6280,14
23,Male,5/15/2024,14:56,22,Stick2_Perceptual_VA,11.33457136,7.338560272,Perceptual,1.544522486,NA,NA,2020,14
23,Male,5/15/2024,14:56,22,Stick2_Adjusted_VA,9.533401702,7.338560272,Adjusted,1.299083383,NA,NA,2020,14
23,Male,5/15/2024,14:56,22,Stick3_Perceptual_VA,6.727793499,2.952239146,Perceptual,2.278878224,NA,NA,5027,14
23,Male,5/15/2024,14:56,22,Stick3_Adjusted_VA,3.390920049,2.952239146,Adjusted,1.148592604,NA,NA,5027,14
23,Male,5/15/2024,14:56,22,Stick4_Perceptual_VA,7.860351091,4.337065743,Perceptual,1.812366138,NA,NA,3421,14
23,Male,5/15/2024,14:56,22,Stick4_Adjusted_VA,5.207972603,4.337065743,Adjusted,1.200805547,NA,NA,3421,14
23,Male,5/15/2024,14:56,22,Lamp1_Perceptual_VA,0.6822928229,0.3707790372,Perceptual,1.840160188,NA,NA,6280,40.64
23,Male,5/15/2024,14:56,22,Lamp1_Adjusted_VA,0.7107486568,0.3707790372,Adjusted,1.916906258,NA,NA,6280,40.64
23,Male,5/15/2024,14:56,22,Lamp2_Perceptual_VA,3.3230981,1.15268413,Perceptual,2.882921707,NA,NA,2020,40.64
23,Male,5/15/2024,14:56,22,Lamp2_Adjusted_VA,1.625492152,1.15268413,Adjusted,1.410180039,NA,NA,2020,40.64
23,Male,5/15/2024,14:56,22,Lamp3_Perceptual_VA,1.425760326,0.4631962995,Perceptual,3.078090924,NA,NA,5027,40.64
23,Male,5/15/2024,14:56,22,Lamp3_Adjusted_VA,0.8463995321,0.4631962995,Adjusted,1.827302016,NA,NA,5027,40.64
23,Male,5/15/2024,14:56,22,Lamp4_Perceptual_VA,1.880532325,0.6806410687,Perceptual,2.762884009,NA,NA,3421,40.64
23,Male,5/15/2024,14:56,22,Lamp4_Adjusted_VA,1.004259862,0.6806410687,Adjusted,1.47546175,NA,NA,3421,40.64
24,Female,5/17/2024,13:46,24,Stick1_Perceptual_VA,3.428297711,2.36338945,Perceptual,1.45058518,NA,NA,6280,14
24,Female,5/17/2024,13:46,24,Stick1_Adjusted_VA,2.355161486,2.36338945,Adjusted,0.9965185745,NA,NA,6280,14
24,Female,5/17/2024,13:46,24,Stick2_Perceptual_VA,6.480985297,7.338560272,Perceptual,0.8831412507,NA,NA,2020,14
24,Female,5/17/2024,13:46,24,Stick2_Adjusted_VA,7.796399326,7.338560272,Adjusted,1.06238813,NA,NA,2020,14
24,Female,5/17/2024,13:46,24,Stick3_Perceptual_VA,4.35406784,2.952239146,Perceptual,1.474835752,NA,NA,5027,14
24,Female,5/17/2024,13:46,24,Stick3_Adjusted_VA,3.428297711,2.952239146,Adjusted,1.161253388,NA,NA,5027,14
24,Female,5/17/2024,13:46,24,Stick4_Perceptual_VA,5.800451485,4.337065743,Perceptual,1.337413779,NA,NA,3421,14
24,Female,5/17/2024,13:46,24,Stick4_Adjusted_VA,5.886874264,4.337065743,Adjusted,1.357340334,NA,NA,3421,14
24,Female,5/17/2024,13:46,24,Lamp1_Perceptual_VA,0.6066555272,0.3707790372,Perceptual,1.636164579,NA,NA,6280,40.64
24,Female,5/17/2024,13:46,24,Lamp1_Adjusted_VA,0.5614941454,0.3707790372,Adjusted,1.514363244,NA,NA,6280,40.64
24,Female,5/17/2024,13:46,24,Lamp2_Perceptual_VA,1.213277051,1.15268413,Perceptual,1.052566804,NA,NA,2020,40.64
24,Female,5/17/2024,13:46,24,Lamp2_Adjusted_VA,1.269269974,1.15268413,Adjusted,1.101142924,NA,NA,2020,40.64
24,Female,5/17/2024,13:46,24,Lamp3_Perceptual_VA,0.8257190014,0.4631962995,Perceptual,1.782654573,NA,NA,5027,40.64
24,Female,5/17/2024,13:46,24,Lamp3_Adjusted_VA,0.4349439748,0.4631962995,Adjusted,0.9390057201,NA,NA,5027,40.64
24,Female,5/17/2024,13:46,24,Lamp4_Perceptual_VA,1.027926119,0.6806410687,Perceptual,1.510232289,NA,NA,3421,40.64
24,Female,5/17/2024,13:46,24,Lamp4_Adjusted_VA,0.6822928229,0.6806410687,Adjusted,1.002426762,NA,NA,3421,40.64
25,Female,5/17/2024,14:36,19,Stick1_Perceptual_VA,12.07536504,2.36338945,Perceptual,5.109342027,NA,NA,6280,14
25,Female,5/17/2024,14:36,19,Stick1_Adjusted_VA,3.846053581,2.36338945,Adjusted,1.627346513,NA,NA,6280,14
25,Female,5/17/2024,14:36,19,Stick2_Perceptual_VA,16.41443282,7.338560272,Perceptual,2.236737482,NA,NA,2020,14
25,Female,5/17/2024,14:36,19,Stick2_Adjusted_VA,8.21421232,7.338560272,Adjusted,1.119322049,NA,NA,2020,14
25,Female,5/17/2024,14:36,19,Stick3_Perceptual_VA,14.2500327,2.952239146,Perceptual,4.826855819,NA,NA,5027,14
25,Female,5/17/2024,14:36,19,Stick3_Adjusted_VA,3.139871513,2.952239146,Adjusted,1.063555951,NA,NA,5027,14
25,Female,5/17/2024,14:36,19,Stick4_Perceptual_VA,11.35572659,4.337065743,Perceptual,2.618297084,NA,NA,3421,14
25,Female,5/17/2024,14:36,19,Stick4_Adjusted_VA,4.473537476,4.337065743,Adjusted,1.031466374,NA,NA,3421,14
25,Female,5/17/2024,14:36,19,Lamp1_Perceptual_VA,1.586550972,0.3707790372,Perceptual,4.278966211,NA,NA,6280,40.64
25,Female,5/17/2024,14:36,19,Lamp1_Adjusted_VA,0.6670179594,0.3707790372,Adjusted,1.798963514,NA,NA,6280,40.64
25,Female,5/17/2024,14:36,19,Lamp2_Perceptual_VA,2.688001144,1.15268413,Perceptual,2.331949468,NA,NA,2020,40.64
25,Female,5/17/2024,14:36,19,Lamp2_Adjusted_VA,1.213277051,1.15268413,Adjusted,1.052566804,NA,NA,2020,40.64
25,Female,5/17/2024,14:36,19,Lamp3_Perceptual_VA,2.093266771,0.4631962995,Perceptual,4.519178527,NA,NA,5027,40.64
25,Female,5/17/2024,14:36,19,Lamp3_Adjusted_VA,0.630890973,0.4631962995,Adjusted,1.362038025,NA,NA,5027,40.64
25,Female,5/17/2024,14:36,19,Lamp4_Perceptual_VA,2.974305058,0.6806410687,Perceptual,4.369858351,NA,NA,3421,40.64
25,Female,5/17/2024,14:36,19,Lamp4_Adjusted_VA,0.9876155022,0.6806410687,Adjusted,1.451007804,NA,NA,3421,40.64
26,Female,5/17/2024,15:43,46,Stick1_Perceptual_VA,8.384323772,2.36338945,Perceptual,3.547584496,NA,NA,6280,14
26,Female,5/17/2024,15:43,46,Stick1_Adjusted_VA,9.258919565,2.36338945,Adjusted,3.917644451,NA,NA,6280,14
26,Female,5/17/2024,15:43,46,Stick2_Perceptual_VA,15.74787626,7.338560272,Perceptual,2.145908145,NA,NA,2020,14
26,Female,5/17/2024,15:43,46,Stick2_Adjusted_VA,22.99769726,7.338560272,Adjusted,3.133815955,NA,NA,2020,14
26,Female,5/17/2024,15:43,46,Stick3_Perceptual_VA,10.93818994,2.952239146,Perceptual,3.705048745,NA,NA,5027,14
26,Female,5/17/2024,15:43,46,Stick3_Adjusted_VA,8.008345881,2.952239146,Adjusted,2.712634542,NA,NA,5027,14
26,Female,5/17/2024,15:43,46,Stick4_Perceptual_VA,12.55459698,4.337065743,Perceptual,2.894721391,NA,NA,3421,14
26,Female,5/17/2024,15:43,46,Stick4_Adjusted_VA,10.56964219,4.337065743,Adjusted,2.437049104,NA,NA,3421,14
26,Female,5/17/2024,15:43,46,Lamp1_Perceptual_VA,2.620520242,0.3707790372,Perceptual,7.067606254,NA,NA,6280,40.64
26,Female,5/17/2024,15:43,46,Lamp1_Adjusted_VA,4.107730029,0.3707790372,Adjusted,11.0786469,NA,NA,6280,40.64
26,Female,5/17/2024,15:43,46,Lamp2_Perceptual_VA,4.629903725,1.15268413,Perceptual,4.016628324,NA,NA,2020,40.64
26,Female,5/17/2024,15:43,46,Lamp2_Adjusted_VA,6.10576503,1.15268413,Adjusted,5.296997565,NA,NA,2020,40.64
26,Female,5/17/2024,15:43,46,Lamp3_Perceptual_VA,2.973836505,0.4631962995,Perceptual,6.420251,NA,NA,5027,40.64
26,Female,5/17/2024,15:43,46,Lamp3_Adjusted_VA,1.986054806,0.4631962995,Adjusted,4.287717342,NA,NA,5027,40.64
26,Female,5/17/2024,15:43,46,Lamp4_Perceptual_VA,4.021243695,0.6806410687,Perceptual,5.908023891,NA,NA,3421,40.64
26,Female,5/17/2024,15:43,46,Lamp4_Adjusted_VA,2.661002958,0.6806410687,Adjusted,3.909553919,NA,NA,3421,40.64
27,Male,5/31/2024,13:46,21,Stick1_Perceptual_VA,4.699255701,2.36338945,Perceptual,1.988354353,NA,NA,6280,14
27,Male,5/31/2024,13:46,21,Stick1_Adjusted_VA,3.563921181,2.36338945,Adjusted,1.507970335,NA,NA,6280,14
27,Male,5/31/2024,13:46,21,Stick2_Perceptual_VA,9.978725139,7.338560272,Perceptual,1.359766053,NA,NA,2020,14
27,Male,5/31/2024,13:46,21,Stick2_Adjusted_VA,7.761237906,7.338560272,Adjusted,1.057596806,NA,NA,2020,14
27,Male,5/31/2024,13:46,21,Stick3_Perceptual_VA,11.78125283,2.952239146,Perceptual,3.990616021,NA,NA,5027,14
27,Male,5/31/2024,13:46,21,Stick3_Adjusted_VA,4.120542827,2.952239146,Adjusted,1.395734771,NA,NA,5027,14
27,Male,5/31/2024,13:46,21,Stick4_Perceptual_VA,11.78125283,4.337065743,Perceptual,2.71641094,NA,NA,3421,14
27,Male,5/31/2024,13:46,21,Stick4_Adjusted_VA,4.752822435,4.337065743,Adjusted,1.095861284,NA,NA,3421,14
27,Male,5/31/2024,13:46,21,Lamp1_Perceptual_VA,1.482331925,0.3707790372,Perceptual,3.997884931,NA,NA,6280,40.64
27,Male,5/31/2024,13:46,21,Lamp1_Adjusted_VA,1.108915955,0.3707790372,Adjusted,2.990773057,NA,NA,6280,40.64
27,Male,5/31/2024,13:46,21,Lamp2_Perceptual_VA,2.218797309,1.15268413,Perceptual,1.924896206,NA,NA,2020,40.64
27,Male,5/31/2024,13:46,21,Lamp2_Adjusted_VA,1.241359995,1.15268413,Adjusted,1.076929892,NA,NA,2020,40.64
27,Male,5/31/2024,13:46,21,Lamp3_Perceptual_VA,1.727836999,0.4631962995,Perceptual,3.730247847,NA,NA,5027,40.64
27,Male,5/31/2024,13:46,21,Lamp3_Adjusted_VA,0.5880304703,0.4631962995,Adjusted,1.269505976,NA,NA,5027,40.64
27,Male,5/31/2024,13:46,21,Lamp4_Perceptual_VA,1.955142418,0.6806410687,Perceptual,2.872501393,NA,NA,3421,40.64
27,Male,5/31/2024,13:46,21,Lamp4_Adjusted_VA,0.7222645044,0.6806410687,Adjusted,1.061153283,NA,NA,3421,40.64
28,Female,5/31/2024,14:12,20,Stick1_Perceptual_VA,3.47943512,2.36338945,Perceptual,1.472222498,NA,NA,6280,14
28,Female,5/31/2024,14:12,20,Stick1_Adjusted_VA,2.836925544,2.36338945,Adjusted,1.200363124,NA,NA,6280,14
28,Female,5/31/2024,14:12,20,Stick2_Perceptual_VA,7.684906256,7.338560272,Perceptual,1.047195359,NA,NA,2020,14
28,Female,5/31/2024,14:12,20,Stick2_Adjusted_VA,8.806173542,7.338560272,Adjusted,1.199986539,NA,NA,2020,14
28,Female,5/31/2024,14:12,20,Stick3_Perceptual_VA,5.212882542,2.952239146,Perceptual,1.765738575,NA,NA,5027,14
28,Female,5/31/2024,14:12,20,Stick3_Adjusted_VA,3.505302356,2.952239146,Adjusted,1.18733686,NA,NA,5027,14
28,Female,5/31/2024,14:12,20,Stick4_Perceptual_VA,6.577505649,4.337065743,Perceptual,1.516579651,NA,NA,3421,14
28,Female,5/31/2024,14:12,20,Stick4_Adjusted_VA,4.849704187,4.337065743,Adjusted,1.118199371,NA,NA,3421,14
28,Female,5/31/2024,14:12,20,Lamp1_Perceptual_VA,0.8380427294,0.3707790372,Perceptual,2.26022144,NA,NA,6280,40.64
28,Female,5/31/2024,14:12,20,Lamp1_Adjusted_VA,0.7909734204,0.3707790372,Adjusted,2.133274379,NA,NA,6280,40.64
28,Female,5/31/2024,14:12,20,Lamp2_Perceptual_VA,2.086361999,1.15268413,Perceptual,1.81000323,NA,NA,2020,40.64
28,Female,5/31/2024,14:12,20,Lamp2_Adjusted_VA,1.538260032,1.15268413,Adjusted,1.334502655,NA,NA,2020,40.64
28,Female,5/31/2024,14:12,20,Lamp3_Perceptual_VA,1.624696813,0.4631962995,Perceptual,3.507577274,NA,NA,5027,40.64
28,Female,5/31/2024,14:12,20,Lamp3_Adjusted_VA,0.7798471816,0.4631962995,Adjusted,1.683621355,NA,NA,5027,40.64
28,Female,5/31/2024,14:12,20,Lamp4_Perceptual_VA,1.838438161,0.6806410687,Perceptual,2.701039132,NA,NA,3421,40.64
28,Female,5/31/2024,14:12,20,Lamp4_Adjusted_VA,0.9715138536,0.6806410687,Adjusted,1.427351211,NA,NA,3421,40.64
29,Female,5/31/2024,14:47,22,Stick1_Perceptual_VA,8.98516296,2.36338945,Perceptual,3.801812249,NA,NA,6280,14
29,Female,5/31/2024,14:47,22,Stick1_Adjusted_VA,2.502522979,2.36338945,Adjusted,1.058870335,NA,NA,6280,14
29,Female,5/31/2024,14:47,22,Stick2_Perceptual_VA,12.80870545,7.338560272,Perceptual,1.745397595,NA,NA,2020,14
29,Female,5/31/2024,14:47,22,Stick2_Adjusted_VA,6.33427349,7.338560272,Adjusted,0.8631493447,NA,NA,2020,14
29,Female,5/31/2024,14:47,22,Stick3_Perceptual_VA,10.4942778,2.952239146,Perceptual,3.554684186,NA,NA,5027,14
29,Female,5/31/2024,14:47,22,Stick3_Adjusted_VA,3.092289627,2.952239146,Adjusted,1.047438732,NA,NA,5027,14
29,Female,5/31/2024,14:47,22,Stick4_Perceptual_VA,12.04601036,4.337065743,Perceptual,2.777456252,NA,NA,3421,14
29,Female,5/31/2024,14:47,22,Stick4_Adjusted_VA,4.752822435,4.337065743,Adjusted,1.095861284,NA,NA,3421,14
29,Female,5/31/2024,14:47,22,Lamp1_Perceptual_VA,1.68367317,0.3707790372,Perceptual,4.54090712,NA,NA,6280,40.64
29,Female,5/31/2024,14:47,22,Lamp1_Adjusted_VA,0.5021395727,0.3707790372,Adjusted,1.354282531,NA,NA,6280,40.64
29,Female,5/31/2024,14:47,22,Lamp2_Perceptual_VA,2.513595268,1.15268413,Perceptual,2.180645332,NA,NA,2020,40.64
29,Female,5/31/2024,14:47,22,Lamp2_Adjusted_VA,1.314374945,1.15268413,Adjusted,1.140273307,NA,NA,2020,40.64
29,Female,5/31/2024,14:47,22,Lamp3_Perceptual_VA,1.905785916,0.4631962995,Perceptual,4.11442388,NA,NA,5027,40.64
29,Female,5/31/2024,14:47,22,Lamp3_Adjusted_VA,0.4754303361,0.4631962995,Adjusted,1.026412207,NA,NA,5027,40.64
29,Female,5/31/2024,14:47,22,Lamp4_Perceptual_VA,2.221394781,0.6806410687,Perceptual,3.263680203,NA,NA,3421,40.64
29,Female,5/31/2024,14:47,22,Lamp4_Adjusted_VA,0.7208083644,0.6806410687,Adjusted,1.059013917,NA,NA,3421,40.64
30,Female,5/31/2024,15:23,30,Stick1_Perceptual_VA,3.961379307,2.36338945,Perceptual,1.676143264,NA,NA,6280,14
30,Female,5/31/2024,15:23,30,Stick1_Adjusted_VA,2.923426072,2.36338945,Adjusted,1.236963325,NA,NA,6280,14
30,Female,5/31/2024,15:23,30,Stick2_Perceptual_VA,13.0732673,7.338560272,Perceptual,1.781448515,NA,NA,2020,14
30,Female,5/31/2024,15:23,30,Stick2_Adjusted_VA,7.682473908,7.338560272,Adjusted,1.046863911,NA,NA,2020,14
30,Female,5/31/2024,15:23,30,Stick3_Perceptual_VA,4.9506153,2.952239146,Perceptual,1.676901855,NA,NA,5027,14
30,Female,5/31/2024,15:23,30,Stick3_Adjusted_VA,3.467996763,2.952239146,Adjusted,1.174700487,NA,NA,5027,14
30,Female,5/31/2024,15:23,30,Stick4_Perceptual_VA,8.210253847,4.337065743,Perceptual,1.893043438,NA,NA,3421,14
30,Female,5/31/2024,15:23,30,Stick4_Adjusted_VA,5.121725697,4.337065743,Adjusted,1.180919543,NA,NA,3421,14
30,Female,5/31/2024,15:23,30,Lamp1_Perceptual_VA,0.6206982076,0.3707790372,Perceptual,1.674038026,NA,NA,6280,40.64
30,Female,5/31/2024,15:23,30,Lamp1_Adjusted_VA,0.6675160945,0.3707790372,Adjusted,1.800306996,NA,NA,6280,40.64
30,Female,5/31/2024,15:23,30,Lamp2_Perceptual_VA,1.945482238,1.15268413,Perceptual,1.687784352,NA,NA,2020,40.64
30,Female,5/31/2024,15:23,30,Lamp2_Adjusted_VA,1.396515484,1.15268413,Adjusted,1.21153354,NA,NA,2020,40.64
30,Female,5/31/2024,15:23,30,Lamp3_Perceptual_VA,0.5848893366,0.4631962995,Perceptual,1.262724545,NA,NA,5027,40.64
30,Female,5/31/2024,15:23,30,Lamp3_Adjusted_VA,0.6164176132,0.4631962995,Adjusted,1.330791316,NA,NA,5027,40.64
30,Female,5/31/2024,15:23,30,Lamp4_Perceptual_VA,1.145877395,0.6806410687,Perceptual,1.683526675,NA,NA,3421,40.64
30,Female,5/31/2024,15:23,30,Lamp4_Adjusted_VA,0.8827619549,0.6806410687,Adjusted,1.296956642,NA,NA,3421,40.64
31,Female,7/9/2024,10:12,19,MoonBall1_Perceptual_VA,0.5136828583,0.5200076307,Perceptual,0.9878371545,NA,NA,6060,55
31,Female,7/9/2024,10:12,19,MoonBall1_Adjusted_VA,0.3906515288,0.5200076307,Adjusted,0.7512419159,NA,NA,6060,55
31,Female,7/9/2024,10:12,19,MoonBall2_Perceptual_VA,0.9680780709,1.514944365,Perceptual,0.6390188928,NA,NA,2080,55
31,Female,7/9/2024,10:12,19,MoonBall2_Adjusted_VA,1.1697482,1.514944365,Adjusted,0.7721393779,NA,NA,2080,55
31,Female,7/9/2024,10:12,19,MoonBall3_Perceptual_VA,0.6421011535,0.6676339443,Perceptual,0.9617563023,NA,NA,4720,55
31,Female,7/9/2024,10:12,19,MoonBall3_Adjusted_VA,0.5104499321,0.6676339443,Adjusted,0.7645655775,NA,NA,4720,55
31,Female,7/9/2024,10:12,19,MoonBall4_Perceptual_VA,0.770517836,0.9636677632,Perceptual,0.7995679273,NA,NA,3270,55
31,Female,7/9/2024,10:12,19,MoonBall4_Adjusted_VA,0.7237265394,0.9636677632,Adjusted,0.7510125035,NA,NA,3270,55
32,Non binary,7/9/2024,11:00,31,Stick1_Perceptual_VA,3.521520416,2.225236077,Perceptual,1.582537894,NA,NA,6670,14
32,Non binary,7/9/2024,11:00,31,Stick1_Adjusted_VA,2.291525676,2.225236077,Adjusted,1.029789917,NA,NA,6670,14
32,Non binary,7/9/2024,11:00,31,Stick2_Perceptual_VA,7.300623346,6.590143026,Perceptual,1.107809545,NA,NA,2250,14
32,Non binary,7/9/2024,11:00,31,Stick2_Adjusted_VA,7.347896956,6.590143026,Adjusted,1.114982926,NA,NA,2250,14
32,Non binary,7/9/2024,11:00,31,Stick3_Perceptual_VA,5.481355953,3.034911994,Perceptual,1.806100461,NA,NA,4890,14
32,Non binary,7/9/2024,11:00,31,Stick3_Adjusted_VA,3.392253927,3.034911994,Adjusted,1.117743754,NA,NA,4890,14
32,Non binary,7/9/2024,11:00,31,Stick4_Perceptual_VA,5.481355953,4.593263035,Perceptual,1.193346845,NA,NA,3230,14
32,Non binary,7/9/2024,11:00,31,Stick4_Adjusted_VA,5.055812321,4.593263035,Adjusted,1.100701676,NA,NA,3230,14
32,Non binary,7/9/2024,11:00,31,Lamp1a_Perceptual_VA,0.5517328726,0.3490994417,Perceptual,1.580446162,NA,NA,6670,40.64
32,Non binary,7/9/2024,11:00,31,Lamp1a_Adjusted_VA,0.4523327521,0.3490994417,Adjusted,1.295713193,NA,NA,6670,40.64
32,Non binary,7/9/2024,11:00,31,Lamp2a_Perceptual_VA,2.015754671,1.034860968,Perceptual,1.94785071,NA,NA,2250,40.64
32,Non binary,7/9/2024,11:00,31,Lamp2a_Adjusted_VA,1.145877395,1.034860968,Adjusted,1.107276659,NA,NA,2250,40.64
32,Non binary,7/9/2024,11:00,31,Lamp3a_Perceptual_VA,0.5517328726,0.4761732264,Perceptual,1.158681005,NA,NA,4890,40.64
32,Non binary,7/9/2024,11:00,31,Lamp3a_Adjusted_VA,0.5621427613,0.4761732264,Adjusted,1.180542563,NA,NA,4890,40.64
32,Non binary,7/9/2024,11:00,31,Lamp4a_Perceptual_VA,0.8275913151,0.7208884712,Perceptual,1.148015745,NA,NA,3230,40.64
32,Non binary,7/9/2024,11:00,31,Lamp4a_Adjusted_VA,0.6771240586,0.7208884712,Adjusted,0.9392910079,NA,NA,3230,40.64
33,Male,7/10/2024,10:29,24,MoonBall1_Perceptual_VA,1.23138428,0.5200076307,Perceptual,2.368011942,NA,NA,6060,55
33,Male,7/10/2024,10:29,24,MoonBall1_Adjusted_VA,0.3755508237,0.5200076307,Adjusted,0.7222025245,NA,NA,6060,55
33,Male,7/10/2024,10:29,24,MoonBall2_Perceptual_VA,1.838438161,1.514944365,Perceptual,1.2135351,NA,NA,2080,55
33,Male,7/10/2024,10:29,24,MoonBall2_Adjusted_VA,0.959804288,1.514944365,Adjusted,0.6335574494,NA,NA,2080,55
33,Male,7/10/2024,10:29,24,MoonBall3_Perceptual_VA,1.393843503,0.6676339443,Perceptual,2.087736124,NA,NA,4720,55
33,Male,7/10/2024,10:29,24,MoonBall3_Adjusted_VA,0.6901956385,0.6676339443,Adjusted,1.03379351,NA,NA,4720,55
33,Male,7/10/2024,10:29,24,MoonBall4_Perceptual_VA,1.624696813,0.9636677632,Perceptual,1.685951191,NA,NA,3270,55
33,Male,7/10/2024,10:29,24,MoonBall4_Adjusted_VA,0.8397399044,0.9636677632,Adjusted,0.8713998085,NA,NA,3270,55
34,Female,7/10/2024,11:04,19,MoonBall1_Perceptual_VA,0.5729530206,0.5200076307,Perceptual,1.101816563,NA,NA,6060,55
34,Female,7/10/2024,11:04,19,MoonBall1_Adjusted_VA,0.3125216589,0.5200076307,Adjusted,0.6009943709,NA,NA,6060,55
34,Female,7/10/2024,11:04,19,MoonBall2_Perceptual_VA,1.057738196,1.514944365,Perceptual,0.6982026666,NA,NA,2080,55
34,Female,7/10/2024,11:04,19,MoonBall2_Adjusted_VA,1.044349851,1.514944365,Adjusted,0.6893651507,NA,NA,2080,55
34,Female,7/10/2024,11:04,19,MoonBall3_Perceptual_VA,0.7161879186,0.6676339443,Perceptual,1.072725443,NA,NA,4720,55
34,Female,7/10/2024,11:04,19,MoonBall3_Adjusted_VA,0.4583637915,0.6676339443,Adjusted,0.6865495613,NA,NA,4720,55
34,Female,7/10/2024,11:04,19,MoonBall4_Perceptual_VA,0.8594205788,0.9636677632,Perceptual,0.8918224845,NA,NA,3270,55
34,Female,7/10/2024,11:04,19,MoonBall4_Adjusted_VA,0.6928707503,0.9636677632,Adjusted,0.7189933884,NA,NA,3270,55
35,Female,7/15/2024,11:48,22,MoonBall1_Perceptual_VA,0.7112488189,0.5200076307,Perceptual,1.367766119,NA,NA,6060,55
35,Female,7/15/2024,11:48,22,MoonBall1_Adjusted_VA,0.3370330253,0.5200076307,Adjusted,0.6481309223,NA,NA,6060,55
35,Female,7/15/2024,11:48,22,MoonBall2_Perceptual_VA,1.610103009,1.514944365,Perceptual,1.062813293,NA,NA,2080,55
35,Female,7/15/2024,11:48,22,MoonBall2_Adjusted_VA,1.068006907,1.514944365,Adjusted,0.7049809426,NA,NA,2080,55
35,Female,7/15/2024,11:48,22,MoonBall3_Perceptual_VA,0.770517836,0.6676339443,Perceptual,1.154102248,NA,NA,4720,55
35,Female,7/15/2024,11:48,22,MoonBall3_Adjusted_VA,0.5049764828,0.6676339443,Adjusted,0.7563672985,NA,NA,4720,55
35,Female,7/15/2024,11:48,22,MoonBall4_Perceptual_VA,1.205142653,0.9636677632,Perceptual,1.250578985,NA,NA,3270,55
35,Female,7/15/2024,11:48,22,MoonBall4_Adjusted_VA,0.6600400805,0.9636677632,Adjusted,0.6849249355,NA,NA,3270,55
36,Female,7/16/2024,10:41,29,MoonBall1_Perceptual_VA,0.5729530206,0.5200076307,Perceptual,1.101816563,NA,NA,6060,55
36,Female,7/16/2024,10:41,29,MoonBall1_Adjusted_VA,0.3777730018,0.5200076307,Adjusted,0.7264758814,NA,NA,6060,55
36,Female,7/16/2024,10:41,29,MoonBall2_Perceptual_VA,2.148339997,1.514944365,Perceptual,1.418098279,NA,NA,2080,55
36,Female,7/16/2024,10:41,29,MoonBall2_Adjusted_VA,1.105572697,1.514944365,Adjusted,0.7297777545,NA,NA,2080,55
36,Female,7/16/2024,10:41,29,MoonBall3_Perceptual_VA,0.7639324095,0.6676339443,Perceptual,1.14423842,NA,NA,4720,55
36,Female,7/16/2024,10:41,29,MoonBall3_Adjusted_VA,0.4655850328,0.6676339443,Adjusted,0.6973657298,NA,NA,4720,55
36,Female,7/16/2024,10:41,29,MoonBall4_Perceptual_VA,1.511884227,0.9636677632,Perceptual,1.568885341,NA,NA,3270,55
36,Female,7/16/2024,10:41,29,MoonBall4_Adjusted_VA,0.6875411037,0.9636677632,Adjusted,0.7134628032,NA,NA,3270,55
37,Male,7/16/2024,13:46,20,MoonBall1_Perceptual_VA,0.943673859,0.5200076307,Perceptual,1.814730791,NA,NA,6060,55
37,Male,7/16/2024,13:46,20,MoonBall1_Adjusted_VA,0.4381420612,0.5200076307,Adjusted,0.8425685226,NA,NA,6060,55
37,Male,7/16/2024,13:46,20,MoonBall2_Perceptual_VA,2.599530536,1.514944365,Perceptual,1.715924753,NA,NA,2080,55
37,Male,7/16/2024,13:46,20,MoonBall2_Adjusted_VA,1.242633085,1.514944365,Adjusted,0.8202499799,NA,NA,2080,55
37,Male,7/16/2024,13:46,20,MoonBall3_Perceptual_VA,1.174763062,0.6676339443,Perceptual,1.759591572,NA,NA,4720,55
37,Male,7/16/2024,13:46,20,MoonBall3_Adjusted_VA,0.5685794054,0.6676339443,Adjusted,0.8516334592,NA,NA,4720,55
37,Male,7/16/2024,13:46,20,MoonBall4_Perceptual_VA,1.569517319,0.9636677632,Perceptual,1.628691318,NA,NA,3270,55
37,Male,7/16/2024,13:46,20,MoonBall4_Adjusted_VA,0.726115012,0.9636677632,Adjusted,0.7534910264,NA,NA,3270,55
38,Male,7/18/2024,14:33,21,MoonBall1_Perceptual_VA,0.7691646666,0.5200076307,Perceptual,1.479141115,NA,NA,6060,55
38,Male,7/18/2024,14:33,21,MoonBall1_Adjusted_VA,0.4968983362,0.5200076307,Adjusted,0.9555597012,NA,NA,6060,55
38,Male,7/18/2024,14:33,21,MoonBall2_Perceptual_VA,1.687356474,1.514944365,Perceptual,1.113807551,NA,NA,2080,55
38,Male,7/18/2024,14:33,21,MoonBall2_Adjusted_VA,1.18206047,1.514944365,Adjusted,0.7802665872,NA,NA,2080,55
38,Male,7/18/2024,14:33,21,MoonBall3_Perceptual_VA,0.9575236181,0.6676339443,Perceptual,1.434204516,NA,NA,4720,55
38,Male,7/18/2024,14:33,21,MoonBall3_Adjusted_VA,0.5136828583,0.6676339443,Adjusted,0.7694079408,NA,NA,4720,55
38,Male,7/18/2024,14:33,21,MoonBall4_Perceptual_VA,1.279290968,0.9636677632,Perceptual,1.327522842,NA,NA,3270,55
38,Male,7/18/2024,14:33,21,MoonBall4_Adjusted_VA,0.7037818285,0.9636677632,Adjusted,0.7303158364,NA,NA,3270,55
39,Male,7/17/2024,10:53,21,MoonBall1_Perceptual_VA,2.134301817,0.5200076307,Perceptual,4.104366341,NA,NA,6060,55
39,Male,7/17/2024,10:53,21,MoonBall1_Adjusted_VA,0.6366132229,0.5200076307,Adjusted,1.224238233,NA,NA,6060,55
39,Male,7/17/2024,10:53,21,MoonBall2_Perceptual_VA,3.706081262,1.514944365,Perceptual,2.446348095,NA,NA,2080,55
39,Male,7/17/2024,10:53,21,MoonBall2_Adjusted_VA,1.330020869,1.514944365,Adjusted,0.8779338035,NA,NA,2080,55
39,Male,7/17/2024,10:53,21,MoonBall3_Perceptual_VA,2.134301817,0.6676339443,Perceptual,3.196814415,NA,NA,4720,55
39,Male,7/17/2024,10:53,21,MoonBall3_Adjusted_VA,0.5729530206,0.6676339443,Adjusted,0.8581843771,NA,NA,4720,55
39,Male,7/17/2024,10:53,21,MoonBall4_Perceptual_VA,3.032597801,0.9636677632,Perceptual,3.146932912,NA,NA,3270,55
39,Male,7/17/2024,10:53,21,MoonBall4_Adjusted_VA,0.9310359298,0.9636677632,Adjusted,0.96613788,NA,NA,3270,55
40,Male,7/18/2024,11:31,23,MoonBall1_Perceptual_VA,0.9197282897,0.5200076307,Perceptual,1.768682295,NA,NA,6060,55
40,Male,7/18/2024,11:31,23,MoonBall1_Adjusted_VA,0.4123692282,0.5200076307,Adjusted,0.7930061096,NA,NA,6060,55
40,Male,7/18/2024,11:31,23,MoonBall2_Perceptual_VA,2.035293909,1.514944365,Perceptual,1.343477659,NA,NA,2080,55
40,Male,7/18/2024,11:31,23,MoonBall2_Adjusted_VA,1.13018147,1.514944365,Adjusted,0.7460217653,NA,NA,2080,55
40,Male,7/18/2024,11:31,23,MoonBall3_Perceptual_VA,1.085571767,0.6676339443,Perceptual,1.625998463,NA,NA,4720,55
40,Male,7/18/2024,11:31,23,MoonBall3_Adjusted_VA,0.6707721964,0.6676339443,Adjusted,1.004700558,NA,NA,4720,55
40,Male,7/18/2024,11:31,23,MoonBall4_Perceptual_VA,1.432319891,0.9636677632,Perceptual,1.486321267,NA,NA,3270,55
40,Male,7/18/2024,11:31,23,MoonBall4_Adjusted_VA,0.7980354558,0.9636677632,Adjusted,0.8281230173,NA,NA,3270,55
41,Female,7/18/2024,15:18,20,MoonBall1_Perceptual_VA,0.7432861747,0.5200076307,Perceptual,1.429375515,NA,NA,6060,55
41,Female,7/18/2024,15:18,20,MoonBall1_Adjusted_VA,0.4319199847,0.5200076307,Adjusted,0.8306031666,NA,NA,6060,55
41,Female,7/18/2024,15:18,20,MoonBall2_Perceptual_VA,1.664557589,1.514944365,Perceptual,1.09875823,NA,NA,2080,55
41,Female,7/18/2024,15:18,20,MoonBall2_Adjusted_VA,1.136561932,1.514944365,Adjusted,0.7502334465,NA,NA,2080,55
41,Female,7/18/2024,15:18,20,MoonBall3_Perceptual_VA,0.9445846999,0.6676339443,Perceptual,1.414824258,NA,NA,4720,55
41,Female,7/18/2024,15:18,20,MoonBall3_Adjusted_VA,0.6080311375,0.6676339443,Adjusted,0.91072532,NA,NA,4720,55
41,Female,7/18/2024,15:18,20,MoonBall4_Perceptual_VA,1.471027043,0.9636677632,Perceptual,1.526487757,NA,NA,3270,55
41,Female,7/18/2024,15:18,20,MoonBall4_Adjusted_VA,0.7914111339,0.9636677632,Adjusted,0.821248945,NA,NA,3270,55
42,Male,7/19/2024,13:50,18,MoonBall1_Perceptual_VA,0.9445846999,0.5200076307,Perceptual,1.816482382,NA,NA,6060,55
42,Male,7/19/2024,13:50,18,MoonBall1_Adjusted_VA,0.6933186197,0.5200076307,Adjusted,1.333285473,NA,NA,6060,55
42,Male,7/19/2024,13:50,18,MoonBall2_Perceptual_VA,1.471027043,1.514944365,Perceptual,0.9710106036,NA,NA,2080,55
42,Male,7/19/2024,13:50,18,MoonBall2_Adjusted_VA,1.31882575,1.514944365,Adjusted,0.8705440146,NA,NA,2080,55
42,Male,7/19/2024,13:50,18,MoonBall3_Perceptual_VA,1.114909718,0.6676339443,Perceptual,1.669941631,NA,NA,4720,55
42,Male,7/19/2024,13:50,18,MoonBall3_Adjusted_VA,0.7093672564,0.6676339443,Adjusted,1.062509273,NA,NA,4720,55
42,Male,7/19/2024,13:50,18,MoonBall4_Perceptual_VA,1.26200466,0.9636677632,Perceptual,1.309584805,NA,NA,3270,55
42,Male,7/19/2024,13:50,18,MoonBall4_Adjusted_VA,0.8196920618,0.9636677632,Adjusted,0.8505961215,NA,NA,3270,55
43,Female,7/19/2024,14:34,22,MoonBall1_Perceptual_VA,0.8912497099,0.5200076307,Perceptual,1.713916599,NA,NA,6060,55
43,Female,7/19/2024,14:34,22,MoonBall1_Adjusted_VA,0.3618668783,0.5200076307,Adjusted,0.695887631,NA,NA,6060,55
43,Female,7/19/2024,14:34,22,MoonBall2_Perceptual_VA,1.955142418,1.514944365,Perceptual,1.290570441,NA,NA,2080,55
43,Female,7/19/2024,14:34,22,MoonBall2_Adjusted_VA,1.350678528,1.514944365,Adjusted,0.8915697232,NA,NA,2080,55
43,Female,7/19/2024,14:34,22,MoonBall3_Perceptual_VA,1.309560805,0.6676339443,Perceptual,1.961495241,NA,NA,4720,55
43,Female,7/19/2024,14:34,22,MoonBall3_Adjusted_VA,0.5958707362,0.6676339443,Adjusted,0.8925111452,NA,NA,4720,55
43,Female,7/19/2024,14:34,22,MoonBall4_Perceptual_VA,1.727836999,0.9636677632,Perceptual,1.792979972,NA,NA,3270,55
43,Female,7/19/2024,14:34,22,MoonBall4_Adjusted_VA,0.7880558418,0.9636677632,Adjusted,0.8177671516,NA,NA,3270,55
44,Female,7/19/2024,15:11,22,MoonBall1_Perceptual_VA,0.6771240586,0.5200076307,Perceptual,1.302142543,NA,NA,6060,55
44,Female,7/19/2024,15:11,22,MoonBall1_Adjusted_VA,0.5788596528,0.5200076307,Adjusted,1.113175305,NA,NA,6060,55
44,Female,7/19/2024,15:11,22,MoonBall2_Perceptual_VA,1.414960213,1.514944365,Perceptual,0.9340014364,NA,NA,2080,55
44,Female,7/19/2024,15:11,22,MoonBall2_Adjusted_VA,1.145877395,1.514944365,Adjusted,0.7563824927,NA,NA,2080,55
44,Female,7/19/2024,15:11,22,MoonBall3_Perceptual_VA,0.6250386687,0.6676339443,Perceptual,0.9361996557,NA,NA,4720,55
44,Female,7/19/2024,15:11,22,MoonBall3_Adjusted_VA,0.6591477157,0.6676339443,Adjusted,0.9872890996,NA,NA,4720,55
44,Female,7/19/2024,15:11,22,MoonBall4_Perceptual_VA,0.8333784636,0.9636677632,Perceptual,0.8647985285,NA,NA,3270,55
44,Female,7/19/2024,15:11,22,MoonBall4_Adjusted_VA,0.8871427329,0.9636677632,Adjusted,0.9205898202,NA,NA,3270,55
45,Male,7/25/2024,11:28,19,Lamp1a_Perceptual_VA,0.9708219252,0.3490994417,Perceptual,2.780932334,NA,NA,6670,40.64
45,Male,7/25/2024,11:28,19,Lamp1a_Adjusted_VA,0.5247614151,0.3490994417,Adjusted,1.503186062,NA,NA,6670,40.64
45,Male,7/25/2024,11:28,19,Lamp2a_Perceptual_VA,2.625596994,1.034860968,Perceptual,2.537149507,NA,NA,2250,40.64
45,Male,7/25/2024,11:28,19,Lamp2a_Adjusted_VA,1.31882575,1.034860968,Adjusted,1.274398968,NA,NA,2250,40.64
45,Male,7/25/2024,11:28,19,Lamp3a_Perceptual_VA,1.297057391,0.4761732264,Perceptual,2.723919194,NA,NA,4890,40.64
45,Male,7/25/2024,11:28,19,Lamp3a_Adjusted_VA,0.4965603144,0.4761732264,Adjusted,1.042814436,NA,NA,4890,40.64
45,Male,7/25/2024,11:28,19,Lamp4a_Perceptual_VA,1.710788522,0.7208884712,Perceptual,2.373166711,NA,NA,3230,40.64
45,Male,7/25/2024,11:28,19,Lamp4a_Adjusted_VA,0.770517836,0.7208884712,Adjusted,1.06884472,NA,NA,3230,40.64
45,Male,7/25/2024,11:28,19,MoonBall1_Perceptual_VA,0.9708219252,0.5200076307,Perceptual,1.866937845,NA,NA,6060,55
45,Male,7/25/2024,11:28,19,MoonBall1_Adjusted_VA,0.5322223713,0.5200076307,Adjusted,1.023489541,NA,NA,6060,55
45,Male,7/25/2024,11:28,19,MoonBall2_Perceptual_VA,1.941504509,1.514944365,Perceptual,1.28156819,NA,NA,2080,55
45,Male,7/25/2024,11:28,19,MoonBall2_Adjusted_VA,1.48650981,1.514944365,Adjusted,0.9812306272,NA,NA,2080,55
45,Male,7/25/2024,11:28,19,MoonBall3_Perceptual_VA,0.9708219252,0.6676339443,Perceptual,1.454123077,NA,NA,4720,55
45,Male,7/25/2024,11:28,19,MoonBall3_Adjusted_VA,0.6130354139,0.6676339443,Adjusted,0.9182208592,NA,NA,4720,55
45,Male,7/25/2024,11:28,19,MoonBall4_Perceptual_VA,1.511884227,0.9636677632,Perceptual,1.568885341,NA,NA,3270,55
45,Male,7/25/2024,11:28,19,MoonBall4_Adjusted_VA,0.8209404079,0.9636677632,Adjusted,0.8518915327,NA,NA,3270,55
46,Male,7/25/2024,13:45,41,Lamp1a_Perceptual_VA,0.9445846999,0.3490994417,Perceptual,2.705775453,NA,NA,6670,40.64
46,Male,7/25/2024,13:45,41,Lamp1a_Adjusted_VA,0.7326245755,0.3490994417,Adjusted,2.098612854,NA,NA,6670,40.64
46,Male,7/25/2024,13:45,41,Lamp2a_Perceptual_VA,1.889041052,1.034860968,Perceptual,1.825405645,NA,NA,2250,40.64
46,Male,7/25/2024,13:45,41,Lamp2a_Adjusted_VA,1.517475181,1.034860968,Adjusted,1.466356571,NA,NA,2250,40.64
46,Male,7/25/2024,13:45,41,Lamp3a_Perceptual_VA,1.114909718,0.4761732264,Perceptual,2.341395223,NA,NA,4890,40.64
46,Male,7/25/2024,13:45,41,Lamp3a_Adjusted_VA,0.689663093,0.4761732264,Adjusted,1.448344961,NA,NA,4890,40.64
46,Male,7/25/2024,13:45,41,Lamp4a_Perceptual_VA,1.664557589,0.7208884712,Perceptual,2.309036217,NA,NA,3230,40.64
46,Male,7/25/2024,13:45,41,Lamp4a_Adjusted_VA,0.9322497432,0.7208884712,Adjusted,1.293195523,NA,NA,3230,40.64
46,Male,7/25/2024,13:45,41,MoonBall1_Perceptual_VA,1.114909718,0.5200076307,Perceptual,2.144025687,NA,NA,6060,55
46,Male,7/25/2024,13:45,41,MoonBall1_Adjusted_VA,0.6982836696,0.5200076307,Adjusted,1.342833505,NA,NA,6060,55
46,Male,7/25/2024,13:45,41,MoonBall2_Perceptual_VA,2.090289812,1.514944365,Perceptual,1.379779918,NA,NA,2080,55
46,Male,7/25/2024,13:45,41,MoonBall2_Adjusted_VA,1.341498429,1.514944365,Adjusted,0.8855100288,NA,NA,2080,55
46,Male,7/25/2024,13:45,41,MoonBall3_Perceptual_VA,1.26200466,0.6676339443,Perceptual,1.890264374,NA,NA,4720,55
46,Male,7/25/2024,13:45,41,MoonBall3_Adjusted_VA,0.653365844,0.6676339443,Adjusted,0.9786288574,NA,NA,4720,55
46,Male,7/25/2024,13:45,41,MoonBall4_Perceptual_VA,1.471027043,0.9636677632,Perceptual,1.526487757,NA,NA,3270,55
46,Male,7/25/2024,13:45,41,MoonBall4_Adjusted_VA,0.8773244817,0.9636677632,Adjusted,0.9104014009,NA,NA,3270,55
47,Male,7/26/2024,14:42,33,Lamp1a_Perceptual_VA,1.84495889,0.3490994417,Perceptual,5.284909312,NA,NA,6670,40.64
47,Male,7/26/2024,14:42,33,Lamp2a_Perceptual_VA,2.369182741,1.034860968,Perceptual,2.289372983,NA,NA,2250,40.64
47,Male,7/26/2024,14:42,33,Lamp3a_Perceptual_VA,1.84495889,0.4761732264,Perceptual,3.874554023,NA,NA,4890,40.64
47,Male,7/26/2024,14:42,33,Lamp4a_Perceptual_VA,1.582816629,0.7208884712,Perceptual,2.195647027,NA,NA,3230,40.64
47,Male,7/26/2024,14:42,33,MoonBall1_Perceptual_VA,1.398336054,0.5200076307,Perceptual,2.689068336,NA,NA,6060,55
47,Male,7/26/2024,14:42,33,MoonBall1_Adjusted_VA,0.7374602482,0.5200076307,Adjusted,1.418171974,NA,NA,6060,55
47,Male,7/26/2024,14:42,33,MoonBall2_Perceptual_VA,2.369182741,1.514944365,Perceptual,1.56387442,NA,NA,2080,55
47,Male,7/26/2024,14:42,33,MoonBall2_Adjusted_VA,1.45618934,1.514944365,Adjusted,0.9612163811,NA,NA,2080,55
47,Male,7/26/2024,14:42,33,MoonBall3_Perceptual_VA,1.582816629,0.6676339443,Perceptual,2.370785132,NA,NA,4720,55
47,Male,7/26/2024,14:42,33,MoonBall3_Adjusted_VA,0.9593487781,0.6676339443,Adjusted,1.43693829,NA,NA,4720,55
47,Male,7/26/2024,14:42,33,MoonBall4_Perceptual_VA,1.84495889,0.9636677632,Perceptual,1.914517597,NA,NA,3270,55
47,Male,7/26/2024,14:42,33,MoonBall4_Adjusted_VA,1.588553936,0.9636677632,Adjusted,1.648445654,NA,NA,3270,55
48,Female,7/26/2024,15:10,18,Lamp1a_Perceptual_VA,0.9821893099,0.3490994417,Perceptual,2.813494359,NA,NA,6670,40.64
48,Female,7/26/2024,15:10,18,Lamp1a_Adjusted_VA,0.4965603144,0.3490994417,Adjusted,1.422403634,NA,NA,6670,40.64
48,Female,7/26/2024,15:10,18,Lamp2a_Perceptual_VA,2.496064123,1.034860968,Perceptual,2.41198016,NA,NA,2250,40.64
48,Female,7/26/2024,15:10,18,Lamp2a_Adjusted_VA,1.403676388,1.034860968,Adjusted,1.356391275,NA,NA,2250,40.64
48,Female,7/26/2024,15:10,18,Lamp3a_Perceptual_VA,1.002650554,0.4761732264,Perceptual,2.105642438,NA,NA,4890,40.64
48,Female,7/26/2024,15:10,18,Lamp3a_Adjusted_VA,0.7718485693,0.4761732264,Adjusted,1.620940713,NA,NA,4890,40.64
48,Female,7/26/2024,15:10,18,Lamp4a_Perceptual_VA,1.47323887,0.7208884712,Perceptual,2.043643266,NA,NA,3230,40.64
48,Female,7/26/2024,15:10,18,Lamp4a_Adjusted_VA,0.8677641505,0.7208884712,Adjusted,1.203742583,NA,NA,3230,40.64
48,Female,7/26/2024,15:10,18,MoonBall1_Perceptual_VA,0.9821893099,0.5200076307,Perceptual,1.888797879,NA,NA,6060,55
48,Female,7/26/2024,15:10,18,MoonBall1_Adjusted_VA,0.5384383027,0.5200076307,Adjusted,1.03544308,NA,NA,6060,55
48,Female,7/26/2024,15:10,18,MoonBall2_Perceptual_VA,2.761940129,1.514944365,Perceptual,1.823129741,NA,NA,2080,55
48,Female,7/26/2024,15:10,18,MoonBall2_Adjusted_VA,1.369443679,1.514944365,Adjusted,0.9039564159,NA,NA,2080,55
48,Female,7/26/2024,15:10,18,MoonBall3_Perceptual_VA,1.248180116,0.6676339443,Perceptual,1.869557603,NA,NA,4720,55
48,Female,7/26/2024,15:10,18,MoonBall3_Adjusted_VA,0.5204122361,0.6676339443,Adjusted,0.7794873831,NA,NA,4720,55
48,Female,7/26/2024,15:10,18,MoonBall4_Perceptual_VA,1.943777497,0.9636677632,Perceptual,2.017061867,NA,NA,3270,55
48,Female,7/26/2024,15:10,18,MoonBall4_Adjusted_VA,0.7510935802,0.9636677632,Adjusted,0.7794113374,NA,NA,3270,55
49,Female,7/30/2024,11:38,22,Lamp1a_Perceptual_VA,1.212839393,0.3490994417,Perceptual,3.474194595,NA,NA,6670,40.64
49,Female,7/30/2024,11:38,22,Lamp1a_Adjusted_VA,0.3997363752,0.3490994417,Adjusted,1.14505017,NA,NA,6670,40.64
49,Female,7/30/2024,11:38,22,Lamp2a_Perceptual_VA,2.827010255,1.034860968,Perceptual,2.731777836,NA,NA,2250,40.64
49,Female,7/30/2024,11:38,22,Lamp2a_Adjusted_VA,1.207479263,1.034860968,Adjusted,1.166803368,NA,NA,2250,40.64
49,Female,7/30/2024,11:38,22,Lamp3a_Perceptual_VA,1.413720234,0.4761732264,Perceptual,2.968920039,NA,NA,4890,40.64
49,Female,7/30/2024,11:38,22,Lamp3a_Adjusted_VA,0.5007330372,0.4761732264,Adjusted,1.051577471,NA,NA,4890,40.64
49,Female,7/30/2024,11:38,22,Lamp4a_Perceptual_VA,2.455157664,0.7208884712,Perceptual,3.405738561,NA,NA,3230,40.64
49,Female,7/30/2024,11:38,22,Lamp4a_Adjusted_VA,0.7574585954,0.7208884712,Adjusted,1.05072924,NA,NA,3230,40.64
49,Female,7/30/2024,11:38,22,MoonBall1_Perceptual_VA,1.413720234,0.5200076307,Perceptual,2.718652862,NA,NA,6060,55
49,Female,7/30/2024,11:38,22,MoonBall1_Adjusted_VA,0.3862622192,0.5200076307,Adjusted,0.7428010598,NA,NA,6060,55
49,Female,7/30/2024,11:38,22,MoonBall2_Perceptual_VA,3.496189627,1.514944365,Perceptual,2.307800674,NA,NA,2080,55
49,Female,7/30/2024,11:38,22,MoonBall2_Adjusted_VA,1.12296133,1.514944365,Adjusted,0.7412558213,NA,NA,2080,55
49,Female,7/30/2024,11:38,22,MoonBall3_Perceptual_VA,1.815454614,0.6676339443,Perceptual,2.719236536,NA,NA,4720,55
49,Female,7/30/2024,11:38,22,MoonBall3_Adjusted_VA,0.4884200808,0.6676339443,Adjusted,0.7315686761,NA,NA,4720,55
49,Female,7/30/2024,11:38,22,MoonBall4_Perceptual_VA,2.455157664,0.9636677632,Perceptual,2.547722107,NA,NA,3270,55
49,Female,7/30/2024,11:38,22,MoonBall4_Adjusted_VA,0.6982836696,0.9636677632,Adjusted,0.7246103857,NA,NA,3270,55
50,Female,7/31/2024,11:48,24,Lamp1a_Perceptual_VA,0.9445846999,0.3490994417,Perceptual,2.705775453,NA,NA,6670,40.64
50,Female,7/31/2024,11:48,24,Lamp1a_Adjusted_VA,0.4754303361,0.3490994417,Adjusted,1.36187653,NA,NA,6670,40.64
50,Female,7/31/2024,11:48,24,Lamp2a_Perceptual_VA,1.664557589,1.034860968,Perceptual,1.60848427,NA,NA,2250,40.64
50,Female,7/31/2024,11:48,24,Lamp2a_Adjusted_VA,1.145877395,1.034860968,Adjusted,1.107276659,NA,NA,2250,40.64
50,Female,7/31/2024,11:48,24,Lamp3a_Perceptual_VA,1.26200466,0.4761732264,Perceptual,2.650305791,NA,NA,4890,40.64
50,Female,7/31/2024,11:48,24,Lamp3a_Adjusted_VA,0.5729530206,0.4761732264,Adjusted,1.20324493,NA,NA,4890,40.64
50,Female,7/31/2024,11:48,24,Lamp4a_Perceptual_VA,1.114909718,0.7208884712,Perceptual,1.546577262,NA,NA,3230,40.64
50,Female,7/31/2024,11:48,24,Lamp4a_Adjusted_VA,0.5785155772,0.7208884712,Adjusted,0.8025035776,NA,NA,3230,40.64
50,Female,7/31/2024,11:48,24,MoonBall1_Perceptual_VA,0.9445846999,0.5200076307,Perceptual,1.816482382,NA,NA,6060,55
50,Female,7/31/2024,11:48,24,MoonBall1_Adjusted_VA,0.607019878,0.5200076307,Adjusted,1.167328789,NA,NA,6060,55
50,Female,7/31/2024,11:48,24,MoonBall2_Perceptual_VA,1.664557589,1.514944365,Perceptual,1.09875823,NA,NA,2080,55
50,Female,7/31/2024,11:48,24,MoonBall2_Adjusted_VA,1.22060305,1.514944365,Adjusted,0.8057081688,NA,NA,2080,55
50,Female,7/31/2024,11:48,24,MoonBall3_Perceptual_VA,1.26200466,0.6676339443,Perceptual,1.890264374,NA,NA,4720,55
50,Female,7/31/2024,11:48,24,MoonBall3_Adjusted_VA,0.5568891737,0.6676339443,Adjusted,0.8341235171,NA,NA,4720,55
50,Female,7/31/2024,11:48,24,MoonBall4_Perceptual_VA,1.471027043,0.9636677632,Perceptual,1.526487757,NA,NA,3270,55
50,Female,7/31/2024,11:48,24,MoonBall4_Adjusted_VA,0.7672109916,0.9636677632,Adjusted,0.796136408,NA,NA,3270,55
51,Female,7/31/2024,13:53,64,Lamp1a_Perceptual_VA,1.849188391,0.3490994417,Perceptual,5.297024773,NA,NA,6670,40.64
51,Female,7/31/2024,13:53,64,Lamp1a_Adjusted_VA,0.6982836696,0.3490994417,Adjusted,2.000242871,NA,NA,6670,40.64
51,Female,7/31/2024,13:53,64,Lamp2a_Perceptual_VA,2.76781216,1.034860968,Perceptual,2.674573925,NA,NA,2250,40.64
51,Female,7/31/2024,13:53,64,Lamp2a_Adjusted_VA,1.651352264,1.034860968,Adjusted,1.595723789,NA,NA,2250,40.64
51,Female,7/31/2024,13:53,64,Lamp3a_Perceptual_VA,2.155428558,0.4761732264,Perceptual,4.526563945,NA,NA,4890,40.64
51,Female,7/31/2024,13:53,64,Lamp3a_Adjusted_VA,0.8184972161,0.4761732264,Adjusted,1.71890642,NA,NA,4890,40.64
51,Female,7/31/2024,13:53,64,Lamp4a_Perceptual_VA,2.438956913,0.7208884712,Perceptual,3.383265249,NA,NA,3230,40.64
51,Female,7/31/2024,13:53,64,Lamp4a_Adjusted_VA,1.207479263,0.7208884712,Adjusted,1.674987618,NA,NA,3230,40.64
51,Female,7/31/2024,13:53,64,MoonBall1_Perceptual_VA,2.155428558,0.5200076307,Perceptual,4.144994094,NA,NA,6060,55
51,Female,7/31/2024,13:53,64,MoonBall1_Adjusted_VA,0.7944887454,0.5200076307,Adjusted,1.527840552,NA,NA,6060,55
51,Female,7/31/2024,13:53,64,MoonBall2_Perceptual_VA,4.309332999,1.514944365,Perceptual,2.844548683,NA,NA,2080,55
51,Female,7/31/2024,13:53,64,MoonBall2_Adjusted_VA,2.025900526,1.514944365,Adjusted,1.337277178,NA,NA,2080,55
51,Female,7/31/2024,13:53,64,MoonBall3_Perceptual_VA,2.76781216,0.6676339443,Perceptual,4.145703172,NA,NA,4720,55
51,Female,7/31/2024,13:53,64,MoonBall3_Adjusted_VA,1.519494654,0.6676339443,Adjusted,2.275939782,NA,NA,4720,55
51,Female,7/31/2024,13:53,64,MoonBall4_Perceptual_VA,3.742749173,0.9636677632,Perceptual,3.883858437,NA,NA,3270,55
51,Female,7/31/2024,13:53,64,MoonBall4_Adjusted_VA,1.384107953,0.9636677632,Adjusted,1.436291641,NA,NA,3270,55
52,Female,8/1/2024,11:48,19,Lamp1a_Perceptual_VA,0.7798471816,0.3490994417,Perceptual,2.233882638,NA,NA,6670,40.64
52,Female,8/1/2024,11:48,19,Lamp1a_Adjusted_VA,0.4805424306,0.3490994417,Adjusted,1.376520192,NA,NA,6670,40.64
52,Female,8/1/2024,11:48,19,Lamp2a_Perceptual_VA,1.297057391,1.034860968,Perceptual,1.253363912,NA,NA,2250,40.64
52,Female,8/1/2024,11:48,19,Lamp2a_Adjusted_VA,1.226283906,1.034860968,Adjusted,1.184974547,NA,NA,2250,40.64
52,Female,8/1/2024,11:48,19,Lamp3a_Perceptual_VA,0.7639324095,0.4761732264,Perceptual,1.604316176,NA,NA,4890,40.64
52,Female,8/1/2024,11:48,19,Lamp3a_Adjusted_VA,0.5595036355,0.4761732264,Adjusted,1.175000198,NA,NA,4890,40.64
52,Female,8/1/2024,11:48,19,Lamp4a_Perceptual_VA,0.9708219252,0.7208884712,Perceptual,1.346701971,NA,NA,3230,40.64
52,Female,8/1/2024,11:48,19,Lamp4a_Adjusted_VA,0.8432056871,0.7208884712,Adjusted,1.169675645,NA,NA,3230,40.64
52,Female,8/1/2024,11:48,19,MoonBall1_Perceptual_VA,0.7639324095,0.5200076307,Perceptual,1.469079229,NA,NA,6060,55
52,Female,8/1/2024,11:48,19,MoonBall1_Adjusted_VA,0.5007330372,0.5200076307,Adjusted,0.962934018,NA,NA,6060,55
52,Female,8/1/2024,11:48,19,MoonBall2_Perceptual_VA,1.297057391,1.514944365,Perceptual,0.8561749333,NA,NA,2080,55
52,Female,8/1/2024,11:48,19,MoonBall2_Adjusted_VA,1.237135137,1.514944365,Adjusted,0.8166208378,NA,NA,2080,55
52,Female,8/1/2024,11:48,19,MoonBall3_Perceptual_VA,0.7798471816,0.6676339443,Perceptual,1.168075992,NA,NA,4720,55
52,Female,8/1/2024,11:48,19,MoonBall3_Adjusted_VA,0.5899711307,0.6676339443,Adjusted,0.8836745582,NA,NA,4720,55
52,Female,8/1/2024,11:48,19,MoonBall4_Perceptual_VA,1.145877395,0.9636677632,Perceptual,1.189079306,NA,NA,3270,55
52,Female,8/1/2024,11:48,19,MoonBall4_Adjusted_VA,0.8762713121,0.9636677632,Adjusted,0.9093085247,NA,NA,3270,55
53,Female,8/2/2024,14:41,22,Lamp1a_Perceptual_VA,1.413720234,0.3490994417,Perceptual,4.049620438,NA,NA,6670,40.64
53,Female,8/2/2024,14:41,22,Lamp1a_Adjusted_VA,0.4176683188,0.3490994417,Adjusted,1.196416462,NA,NA,6670,40.64
53,Female,8/2/2024,14:41,22,Lamp2a_Perceptual_VA,1.815454614,1.034860968,Perceptual,1.754298085,NA,NA,2250,40.64
53,Female,8/2/2024,14:41,22,Lamp2a_Adjusted_VA,1.270872456,1.034860968,Adjusted,1.228061059,NA,NA,2250,40.64
53,Female,8/2/2024,14:41,22,Lamp3a_Perceptual_VA,1.413720234,0.4761732264,Perceptual,2.968920039,NA,NA,4890,40.64
53,Female,8/2/2024,14:41,22,Lamp3a_Adjusted_VA,0.5911416876,0.4761732264,Adjusted,1.241442515,NA,NA,4890,40.64
53,Female,8/2/2024,14:41,22,Lamp4a_Perceptual_VA,1.815454614,0.7208884712,Perceptual,2.51835712,NA,NA,3230,40.64
53,Female,8/2/2024,14:41,22,Lamp4a_Adjusted_VA,0.8594205788,0.7208884712,Adjusted,1.192168571,NA,NA,3230,40.64
53,Female,8/2/2024,14:41,22,MoonBall1_Perceptual_VA,1.815454614,0.5200076307,Perceptual,3.491207642,NA,NA,6060,55
53,Female,8/2/2024,14:41,22,MoonBall1_Adjusted_VA,0.5958707362,0.5200076307,Adjusted,1.145888447,NA,NA,6060,55
53,Female,8/2/2024,14:41,22,MoonBall2_Perceptual_VA,2.455157664,1.514944365,Perceptual,1.620625629,NA,NA,2080,55
53,Female,8/2/2024,14:41,22,MoonBall2_Adjusted_VA,1.357234609,1.514944365,Adjusted,0.8958973278,NA,NA,2080,55
53,Female,8/2/2024,14:41,22,MoonBall3_Perceptual_VA,1.413720234,0.6676339443,Perceptual,2.117508024,NA,NA,4720,55
53,Female,8/2/2024,14:41,22,MoonBall3_Adjusted_VA,0.6312183052,0.6676339443,Adjusted,0.9454556806,NA,NA,4720,55
53,Female,8/2/2024,14:41,22,MoonBall4_Perceptual_VA,1.815454614,0.9636677632,Perceptual,1.88390095,NA,NA,3270,55
53,Female,8/2/2024,14:41,22,MoonBall4_Adjusted_VA,0.9129865988,0.9636677632,Adjusted,0.9474080524,NA,NA,3270,55
54,Female,8/2/2024,15:16,23,Lamp1a_Perceptual_VA,0.8223488357,0.3490994417,Perceptual,2.355629192,NA,NA,6670,40.64
54,Female,8/2/2024,15:16,23,Lamp1a_Adjusted_VA,0.5247614151,0.3490994417,Adjusted,1.503186062,NA,NA,6670,40.64
54,Female,8/2/2024,15:16,23,Lamp2a_Perceptual_VA,2.69577456,1.034860968,Perceptual,2.604963028,NA,NA,2250,40.64
54,Female,8/2/2024,15:16,23,Lamp2a_Adjusted_VA,1.33138487,1.034860968,Adjusted,1.286535014,NA,NA,2250,40.64
54,Female,8/2/2024,15:16,23,Lamp3a_Perceptual_VA,1.280675866,0.4761732264,Perceptual,2.689516746,NA,NA,4890,40.64
54,Female,8/2/2024,15:16,23,Lamp3a_Adjusted_VA,0.6421011535,0.4761732264,Adjusted,1.34846127,NA,NA,4890,40.64
54,Female,8/2/2024,15:16,23,Lamp4a_Perceptual_VA,2.224145044,0.7208884712,Perceptual,3.085283138,NA,NA,3230,40.64
54,Female,8/2/2024,15:16,23,Lamp4a_Adjusted_VA,0.9402173336,0.7208884712,Adjusted,1.304247982,NA,NA,3230,40.64
54,Female,8/2/2024,15:16,23,MoonBall1_Perceptual_VA,0.8223488357,0.5200076307,Perceptual,1.581416862,NA,NA,6060,55
54,Female,8/2/2024,15:16,23,MoonBall1_Adjusted_VA,0.5247614151,0.5200076307,Adjusted,1.009141759,NA,NA,6060,55
54,Female,8/2/2024,15:16,23,MoonBall2_Perceptual_VA,2.224145044,1.514944365,Perceptual,1.468136451,NA,NA,2080,55
54,Female,8/2/2024,15:16,23,MoonBall2_Adjusted_VA,1.571442866,1.514944365,Adjusted,1.037294109,NA,NA,2080,55
54,Female,8/2/2024,15:16,23,MoonBall3_Perceptual_VA,1.280675866,0.6676339443,Perceptual,1.918230607,NA,NA,4720,55
54,Female,8/2/2024,15:16,23,MoonBall3_Adjusted_VA,0.7772177865,0.6676339443,Adjusted,1.164137613,NA,NA,4720,55
54,Female,8/2/2024,15:16,23,MoonBall4_Perceptual_VA,1.819830578,0.9636677632,Perceptual,1.888441896,NA,NA,3270,55
54,Female,8/2/2024,15:16,23,MoonBall4_Adjusted_VA,1.118378106,0.9636677632,Adjusted,1.160543237,NA,NA,3270,55
55,Female,8/9/2024,15:23,23,Lamp1a_Perceptual_VA,0.9319907964,0.3490994417,Perceptual,2.669700049,NA,NA,6670,40.64
55,Female,8/9/2024,15:23,23,Lamp1a_Adjusted_VA,0.5049764828,0.3490994417,Adjusted,1.44651186,NA,NA,6670,40.64
55,Female,8/9/2024,15:23,23,Lamp2a_Perceptual_VA,1.245179264,1.034860968,Perceptual,1.203233384,NA,NA,2250,40.64
55,Female,8/9/2024,15:23,23,Lamp2a_Adjusted_VA,1.306501348,1.034860968,Adjusted,1.262489734,NA,NA,2250,40.64
55,Female,8/9/2024,15:23,23,Lamp3a_Perceptual_VA,0.9319907964,0.4761732264,Perceptual,1.957251573,NA,NA,4890,40.64
55,Female,8/9/2024,15:23,23,Lamp3a_Adjusted_VA,0.6305503628,0.4761732264,Adjusted,1.324203731,NA,NA,4890,40.64
55,Female,8/9/2024,15:23,23,Lamp4a_Perceptual_VA,1.245179264,0.7208884712,Perceptual,1.727284197,NA,NA,3230,40.64
55,Female,8/9/2024,15:23,23,Lamp4a_Adjusted_VA,0.9270126142,0.7208884712,Adjusted,1.285930697,NA,NA,3230,40.64
55,Female,8/9/2024,15:23,23,MoonBall1_Perceptual_VA,1.245179264,0.5200076307,Perceptual,2.39454037,NA,NA,6060,55
55,Female,8/9/2024,15:23,23,MoonBall1_Adjusted_VA,0.4819702388,0.5200076307,Adjusted,0.9268522428,NA,NA,6060,55
55,Female,8/9/2024,15:23,23,MoonBall2_Perceptual_VA,1.86385831,1.514944365,Perceptual,1.230314692,NA,NA,2080,55
55,Female,8/9/2024,15:23,23,MoonBall2_Adjusted_VA,1.226283906,1.514944365,Adjusted,0.8094580465,NA,NA,2080,55
55,Female,8/9/2024,15:23,23,MoonBall3_Perceptual_VA,1.100045174,0.6676339443,Perceptual,1.647677119,NA,NA,4720,55
55,Female,8/9/2024,15:23,23,MoonBall3_Adjusted_VA,0.5899711307,0.6676339443,Adjusted,0.8836745582,NA,NA,4720,55
55,Female,8/9/2024,15:23,23,MoonBall4_Perceptual_VA,1.45141546,0.9636677632,Perceptual,1.506136779,NA,NA,3270,55
55,Female,8/9/2024,15:23,23,MoonBall4_Adjusted_VA,0.8890546018,0.9636677632,Adjusted,0.9225737704,NA,NA,3270,55
56,Male,8/13/2024,12:09,19,Lamp1a_Perceptual_VA,0.9016854609,0.3490994417,Perceptual,2.582890012,NA,NA,6670,40.64
56,Male,8/13/2024,12:09,19,Lamp1a_Adjusted_VA,0.4607264661,0.3490994417,Adjusted,1.319757098,NA,NA,6670,40.64
56,Male,8/13/2024,12:09,19,Lamp2a_Perceptual_VA,1.530927281,1.034860968,Perceptual,1.479355516,NA,NA,2250,40.64
56,Male,8/13/2024,12:09,19,Lamp2a_Adjusted_VA,1.157689765,1.034860968,Adjusted,1.11869111,NA,NA,2250,40.64
56,Male,8/13/2024,12:09,19,Lamp3a_Perceptual_VA,1.145877395,0.4761732264,Perceptual,2.406429702,NA,NA,4890,40.64
56,Male,8/13/2024,12:09,19,Lamp3a_Adjusted_VA,0.5104499321,0.4761732264,Adjusted,1.07198369,NA,NA,4890,40.64
56,Male,8/13/2024,12:09,19,Lamp4a_Perceptual_VA,1.530927281,0.7208884712,Perceptual,2.123667311,NA,NA,3230,40.64
56,Male,8/13/2024,12:09,19,Lamp4a_Adjusted_VA,0.8162548339,0.7208884712,Adjusted,1.132290037,NA,NA,3230,40.64
56,Male,8/13/2024,12:09,19,MoonBall1_Perceptual_VA,0.9016854609,0.5200076307,Perceptual,1.733985056,NA,NA,6060,55
56,Male,8/13/2024,12:09,19,MoonBall1_Adjusted_VA,0.4857656557,0.5200076307,Adjusted,0.9341510143,NA,NA,6060,55
56,Male,8/13/2024,12:09,19,MoonBall2_Perceptual_VA,1.784478379,1.514944365,Perceptual,1.177916774,NA,NA,2080,55
56,Male,8/13/2024,12:09,19,MoonBall2_Adjusted_VA,1.384107953,1.514944365,Adjusted,0.9136361603,NA,NA,2080,55
56,Male,8/13/2024,12:09,19,MoonBall3_Perceptual_VA,1.3524933,0.6676339443,Perceptual,2.025800683,NA,NA,4720,55
56,Male,8/13/2024,12:09,19,MoonBall3_Adjusted_VA,0.5013348721,0.6676339443,Adjusted,0.7509127965,NA,NA,4720,55
56,Male,8/13/2024,12:09,19,MoonBall4_Perceptual_VA,1.530927281,0.9636677632,Perceptual,1.588646357,NA,NA,3270,55
56,Male,8/13/2024,12:09,19,MoonBall4_Adjusted_VA,0.9280766318,0.9636677632,Adjusted,0.9630670105,NA,NA,3270,55
57,Female,8/15/2024,11:11,46,Lamp1a_Perceptual_VA,1.150592624,0.3490994417,Perceptual,3.295887895,NA,NA,6670,40.64
57,Female,8/15/2024,11:11,46,Lamp1a_Adjusted_VA,0.4614400254,0.3490994417,Adjusted,1.321801098,NA,NA,6670,40.64
57,Female,8/15/2024,11:11,46,Lamp2a_Perceptual_VA,2.027540257,1.034860968,Perceptual,1.95923928,NA,NA,2250,40.64
57,Female,8/15/2024,11:11,46,Lamp2a_Adjusted_VA,1.064033895,1.034860968,Adjusted,1.02819019,NA,NA,2250,40.64
57,Female,8/15/2024,11:11,46,Lamp3a_Perceptual_VA,1.358058596,0.4761732264,Perceptual,2.852026366,NA,NA,4890,40.64
57,Female,8/15/2024,11:11,46,Lamp3a_Adjusted_VA,0.5491903638,0.4761732264,Adjusted,1.153341543,NA,NA,4890,40.64
57,Female,8/15/2024,11:11,46,Lamp4a_Perceptual_VA,2.300953294,0.7208884712,Perceptual,3.191829785,NA,NA,3230,40.64
57,Female,8/15/2024,11:11,46,Lamp4a_Adjusted_VA,0.7909734204,0.7208884712,Adjusted,1.097220239,NA,NA,3230,40.64
57,Female,8/15/2024,11:11,46,MoonBall1_Perceptual_VA,0.4904300154,0.5200076307,Perceptual,0.9431208053,NA,NA,6060,55
57,Female,8/15/2024,11:11,46,MoonBall1_Adjusted_VA,0.4407345922,0.5200076307,Adjusted,0.8475540862,NA,NA,6060,55
57,Female,8/15/2024,11:11,46,MoonBall2_Perceptual_VA,2.300953294,1.514944365,Perceptual,1.518836828,NA,NA,2080,55
57,Female,8/15/2024,11:11,46,MoonBall2_Adjusted_VA,1.027345073,1.514944365,Adjusted,0.6781404625,NA,NA,2080,55
57,Female,8/15/2024,11:11,46,MoonBall3_Perceptual_VA,0.9053959465,0.6676339443,Perceptual,1.356126294,NA,NA,4720,55
57,Female,8/15/2024,11:11,46,MoonBall3_Adjusted_VA,0.5417015166,0.6676339443,Adjusted,0.8113750376,NA,NA,4720,55
57,Female,8/15/2024,11:11,46,MoonBall4_Perceptual_VA,1.358058596,0.9636677632,Perceptual,1.40926017,NA,NA,3270,55
57,Female,8/15/2024,11:11,46,MoonBall4_Adjusted_VA,0.7386791571,0.9636677632,Adjusted,0.7665288653,NA,NA,3270,55
58,Male,8/30/2024,16:21,26,Lamp1a_Perceptual_VA,1.502181336,0.3490994417,Perceptual,4.303018443,NA,NA,6670,40.64
58,Male,8/30/2024,16:21,26,Lamp1a_Adjusted_VA,0.5021395727,0.3490994417,Adjusted,1.438385494,NA,NA,6670,40.64
58,Male,8/30/2024,16:21,26,Lamp2a_Perceptual_VA,2.654695251,1.034860968,Perceptual,2.565267542,NA,NA,2250,40.64
58,Male,8/30/2024,16:21,26,Lamp2a_Adjusted_VA,1.111156048,1.034860968,Adjusted,1.073724957,NA,NA,2250,40.64
58,Male,8/30/2024,16:21,26,Lamp3a_Perceptual_VA,1.88639793,0.4761732264,Perceptual,3.961579159,NA,NA,4890,40.64
58,Male,8/30/2024,16:21,26,Lamp3a_Adjusted_VA,0.5071252909,0.4761732264,Adjusted,1.06500169,NA,NA,4890,40.64
58,Male,8/30/2024,16:21,26,Lamp4a_Perceptual_VA,2.654695251,0.7208884712,Perceptual,3.682532538,NA,NA,3230,40.64
58,Male,8/30/2024,16:21,26,MoonBall1_Perceptual_VA,1.502181336,0.5200076307,Perceptual,2.88876787,NA,NA,6060,55
58,Male,8/30/2024,16:21,26,MoonBall1_Adjusted_VA,0.5848893366,0.5200076307,Adjusted,1.12477068,NA,NA,6060,55
58,Male,8/30/2024,16:21,26,MoonBall2_Perceptual_VA,2.654695251,1.514944365,Perceptual,1.752338444,NA,NA,2080,55
58,Male,8/30/2024,16:21,26,MoonBall2_Adjusted_VA,1.145877395,1.514944365,Adjusted,0.7563824927,NA,NA,2080,55
58,Male,8/30/2024,16:21,26,MoonBall3_Perceptual_VA,1.88639793,0.6676339443,Perceptual,2.825497334,NA,NA,4720,55
58,Male,8/30/2024,16:21,26,MoonBall3_Adjusted_VA,0.6259140556,0.6676339443,Adjusted,0.9375108336,NA,NA,4720,55
58,Male,8/30/2024,16:21,26,MoonBall4_Perceptual_VA,2.305494635,0.9636677632,Perceptual,2.392416477,NA,NA,3270,55
58,Male,8/30/2024,16:21,26,MoonBall4_Adjusted_VA,0.7746916953,0.9636677632,Adjusted,0.8038991495,NA,NA,3270,55
59,Female,11/1/2024,16:23,20,Lamp1a_Perceptual_VA,0.7143277385,0.3490994417,Perceptual,2.046201321,NA,NA,6670,40.64
59,Female,11/1/2024,16:23,20,Lamp1a_Adjusted_VA,0.3954200075,0.3490994417,Adjusted,1.132685878,NA,NA,6670,40.64
59,Female,11/1/2024,16:23,20,Lamp2a_Perceptual_VA,1.212839393,1.034860968,Perceptual,1.171982934,NA,NA,2250,40.64
59,Female,11/1/2024,16:23,20,Lamp2a_Adjusted_VA,1.063100313,1.034860968,Adjusted,1.027288057,NA,NA,2250,40.64
59,Female,11/1/2024,16:23,20,Lamp3a_Perceptual_VA,0.7292091688,0.4761732264,Perceptual,1.531394729,NA,NA,4890,40.64
59,Female,11/1/2024,16:23,20,Lamp3a_Adjusted_VA,0.4965603144,0.4761732264,Adjusted,1.042814436,NA,NA,4890,40.64
59,Female,11/1/2024,16:23,20,Lamp4a_Perceptual_VA,1.07147426,0.7208884712,Perceptual,1.486324588,NA,NA,3230,40.64
59,Female,11/1/2024,16:23,20,Lamp4a_Adjusted_VA,0.8594205788,0.7208884712,Adjusted,1.192168571,NA,NA,3230,40.64
60,Male,11/1/2024,16:27,18,Lamp1a_Perceptual_VA,0.7746916953,0.3490994417,Perceptual,2.219114679,NA,NA,6670,40.64
60,Male,11/1/2024,16:27,18,Lamp1a_Adjusted_VA,0.4176683188,0.3490994417,Adjusted,1.196416462,NA,NA,6670,40.64
60,Male,11/1/2024,16:27,18,Lamp2a_Perceptual_VA,1.533175848,1.034860968,Perceptual,1.481528336,NA,NA,2250,40.64
60,Male,11/1/2024,16:27,18,Lamp2a_Adjusted_VA,1.33138487,1.034860968,Adjusted,1.286535014,NA,NA,2250,40.64
60,Male,11/1/2024,16:27,18,Lamp3a_Perceptual_VA,0.7746916953,0.4761732264,Perceptual,1.626911494,NA,NA,4890,40.64
60,Male,11/1/2024,16:27,18,Lamp3a_Adjusted_VA,0.6259140556,0.4761732264,Adjusted,1.314467133,NA,NA,4890,40.64
60,Male,11/1/2024,16:27,18,Lamp4a_Perceptual_VA,0.9844948053,0.7208884712,Perceptual,1.365668678,NA,NA,3230,40.64
60,Male,11/1/2024,16:27,18,Lamp4a_Adjusted_VA,0.9091370954,0.7208884712,Adjusted,1.261134186,NA,NA,3230,40.64
31453,Non binary,11/8/2024,14:39,21,Lamp1a_Perceptual_VA,0.7746916953,0.3490994417,Perceptual,2.219114679,NA,NA,6670,40.64
31453,Non binary,11/8/2024,14:39,21,Lamp1a_Adjusted_VA,0.4176683188,0.3490994417,Adjusted,1.196416462,NA,NA,6670,40.64
31453,Non binary,11/8/2024,14:39,21,Lamp2a_Perceptual_VA,1.315324211,1.034860968,Perceptual,1.271015385,NA,NA,2250,40.64
31453,Non binary,11/8/2024,14:39,21,Lamp2a_Adjusted_VA,1.259424081,1.034860968,Adjusted,1.216998341,NA,NA,2250,40.64
31453,Non binary,11/8/2024,14:39,21,Lamp3a_Perceptual_VA,0.9844948053,0.4761732264,Perceptual,2.067513986,NA,NA,4890,40.64
31453,Non binary,11/8/2024,14:39,21,Lamp3a_Adjusted_VA,0.6548017817,0.4761732264,Adjusted,1.375133555,NA,NA,4890,40.64
31453,Non binary,11/8/2024,14:39,21,Lamp4a_Perceptual_VA,1.162015415,0.7208884712,Perceptual,1.611921208,NA,NA,3230,40.64
31453,Non binary,11/8/2024,14:39,21,Lamp4a_Adjusted_VA,0.8773244817,0.7208884712,Adjusted,1.217004456,NA,NA,3230,40.64
31453,Non binary,11/8/2024,14:39,21,MoonBall1_Perceptual_VA,0.7908305984,0.5200076307,Perceptual,1.520805757,NA,NA,6060,55
31453,Non binary,11/8/2024,14:39,21,MoonBall1_Adjusted_VA,0.4758435694,0.5200076307,Adjusted,0.9150703591,NA,NA,6060,55
31453,Non binary,11/8/2024,14:39,21,MoonBall2_Perceptual_VA,1.533175848,1.514944365,Perceptual,1.012034424,NA,NA,2080,55
31453,Non binary,11/8/2024,14:39,21,MoonBall2_Adjusted_VA,1.226283906,1.514944365,Adjusted,0.8094580465,NA,NA,2080,55
31453,Non binary,11/8/2024,14:39,21,MoonBall3_Perceptual_VA,0.9844948053,0.6676339443,Perceptual,1.474602683,NA,NA,4720,55
31453,Non binary,11/8/2024,14:39,21,MoonBall3_Adjusted_VA,0.5226947143,0.6676339443,Adjusted,0.7829061401,NA,NA,4720,55
31453,Non binary,11/8/2024,14:39,21,MoonBall4_Perceptual_VA,1.162015415,0.9636677632,Perceptual,1.205825762,NA,NA,3270,55
31453,Non binary,11/8/2024,14:39,21,MoonBall4_Adjusted_VA,0.7326245755,0.9636677632,Adjusted,0.7602460137,NA,NA,3270,55
31849,Female,11/8/2024,15:10,18,Lamp1a_Perceptual_VA,0.7245047193,0.3490994417,Perceptual,2.075353417,NA,NA,6670,40.64
31849,Female,11/8/2024,15:10,18,Lamp1a_Adjusted_VA,0.6103188369,0.3490994417,Adjusted,1.748266437,NA,NA,6670,40.64
31849,Female,11/8/2024,15:10,18,Lamp2a_Perceptual_VA,1.803743945,1.034860968,Perceptual,1.742981908,NA,NA,2250,40.64
31849,Female,11/8/2024,15:10,18,Lamp2a_Adjusted_VA,1.426474292,1.034860968,Adjusted,1.378421196,NA,NA,2250,40.64
31849,Female,11/8/2024,15:10,18,Lamp3a_Perceptual_VA,0.9019278394,0.4761732264,Perceptual,1.894117076,NA,NA,4890,40.64
31849,Female,11/8/2024,15:10,18,Lamp3a_Adjusted_VA,0.6961083847,0.4761732264,Adjusted,1.461880564,NA,NA,4890,40.64
31849,Female,11/8/2024,15:10,18,Lamp4a_Perceptual_VA,1.404600375,0.7208884712,Perceptual,1.948429515,NA,NA,3230,40.64
31849,Female,11/8/2024,15:10,18,Lamp4a_Adjusted_VA,1.030244973,0.7208884712,Adjusted,1.429132264,NA,NA,3230,40.64
31849,Female,11/8/2024,15:10,18,MoonBall1_Perceptual_VA,0.4805424306,0.5200076307,Perceptual,0.9241064981,NA,NA,6060,55
31849,Female,11/8/2024,15:10,18,MoonBall1_Adjusted_VA,0.5998697958,0.5200076307,Adjusted,1.153578833,NA,NA,6060,55
31849,Female,11/8/2024,15:10,18,MoonBall2_Perceptual_VA,1.995909169,1.514944365,Perceptual,1.317480176,NA,NA,2080,55
31849,Female,11/8/2024,15:10,18,MoonBall2_Adjusted_VA,1.754546125,1.514944365,Adjusted,1.158158785,NA,NA,2080,55
31849,Female,11/8/2024,15:10,18,MoonBall3_Perceptual_VA,0.7245047193,0.6676339443,Perceptual,1.08518257,NA,NA,4720,55
31849,Female,11/8/2024,15:10,18,MoonBall3_Adjusted_VA,0.744834644,0.6676339443,Adjusted,1.115633275,NA,NA,4720,55
31849,Female,11/8/2024,15:10,18,MoonBall4_Perceptual_VA,1.404600375,0.9636677632,Perceptual,1.457556669,NA,NA,3270,55
31849,Female,11/8/2024,15:10,18,MoonBall4_Adjusted_VA,1.011682974,0.9636677632,Adjusted,1.049825482,NA,NA,3270,55
31624,Female,11/8/2024,15:45,21,Lamp1a_Perceptual_VA,0.9407709361,0.3490994417,Perceptual,2.694850876,NA,NA,6670,40.64
31624,Female,11/8/2024,15:45,21,Lamp1a_Adjusted_VA,0.5700446777,0.3490994417,Adjusted,1.632900571,NA,NA,6670,40.64
31624,Female,11/8/2024,15:45,21,Lamp2a_Perceptual_VA,1.465088147,1.034860968,Perceptual,1.41573428,NA,NA,2250,40.64
31624,Female,11/8/2024,15:45,21,Lamp2a_Adjusted_VA,1.22060305,1.034860968,Adjusted,1.17948506,NA,NA,2250,40.64
31624,Female,11/8/2024,15:45,21,Lamp3a_Perceptual_VA,1.110408346,0.4761732264,Perceptual,2.331941999,NA,NA,4890,40.64
31624,Female,11/8/2024,15:45,21,Lamp3a_Adjusted_VA,0.7301310265,0.4761732264,Adjusted,1.5333307,NA,NA,4890,40.64
31624,Female,11/8/2024,15:45,21,Lamp4a_Perceptual_VA,1.256909492,0.7208884712,Perceptual,1.743556101,NA,NA,3230,40.64
31624,Female,11/8/2024,15:45,21,Lamp4a_Adjusted_VA,0.9322497432,0.7208884712,Adjusted,1.293195523,NA,NA,3230,40.64
31624,Female,11/8/2024,15:45,21,MoonBall1_Perceptual_VA,0.9407709361,0.5200076307,Perceptual,1.809148329,NA,NA,6060,55
31624,Female,11/8/2024,15:45,21,MoonBall1_Adjusted_VA,0.5021395727,0.5200076307,Adjusted,0.9656388542,NA,NA,6060,55
31624,Female,11/8/2024,15:45,21,MoonBall2_Perceptual_VA,1.256909492,1.514944365,Perceptual,0.8296736966,NA,NA,2080,55
31624,Female,11/8/2024,15:45,21,MoonBall2_Adjusted_VA,1.170256088,1.514944365,Adjusted,0.77247463,NA,NA,2080,55
31624,Female,11/8/2024,15:45,21,MoonBall3_Perceptual_VA,1.110408346,0.6676339443,Perceptual,1.663199355,NA,NA,4720,55
31624,Female,11/8/2024,15:45,21,MoonBall3_Adjusted_VA,0.6650328316,0.6676339443,Adjusted,0.9961039838,NA,NA,4720,55
31624,Female,11/8/2024,15:45,21,MoonBall4_Perceptual_VA,1.465088147,0.9636677632,Perceptual,1.520324953,NA,NA,3270,55
31624,Female,11/8/2024,15:45,21,MoonBall4_Adjusted_VA,0.6982836696,0.9636677632,Adjusted,0.7246103857,NA,NA,3270,55
61,Male,2/17/2025,15:29,18,Lamp1a_Perceptual_VA,0.75692406,0.3490994417,Perceptual,2.168219051,9.3393869,NA,6670,40.64
61,Male,2/17/2025,15:29,18,Lamp1a_Adjusted_VA,0.4297163321,0.3490994417,Adjusted,1.230928156,9.3393869,NA,6670,40.64
61,Male,2/17/2025,15:29,18,Lamp2a_Perceptual_VA,1.624102038,1.034860968,Perceptual,1.569391531,8.657891047,NA,2250,40.64
61,Male,2/17/2025,15:29,18,Lamp2a_Adjusted_VA,1.242204966,1.034860968,Adjusted,1.20035928,8.657891047,NA,2250,40.64
61,Male,2/17/2025,15:29,18,Lamp3a_Perceptual_VA,0.9752237658,0.4761732264,Perceptual,2.048044098,6.674042531,NA,4890,40.64
61,Male,2/17/2025,15:29,18,Lamp3a_Adjusted_VA,0.678357407,0.4761732264,Adjusted,1.42460216,6.674042531,NA,4890,40.64
61,Male,2/17/2025,15:29,18,Lamp4a_Perceptual_VA,1.205142653,0.7208884712,Perceptual,1.671746326,6.770857583,NA,3230,40.64
61,Male,2/17/2025,15:29,18,Lamp4a_Adjusted_VA,0.8955871361,0.7208884712,Adjusted,1.242337992,6.770857583,NA,3230,40.64
62,Female,2/17/2025,15:27,35,Lamp1a_Perceptual_VA,1.235297658,0.3490994417,Perceptual,3.538526593,7.04811128,NA,6670,40.64
62,Female,2/17/2025,15:27,35,Lamp1a_Adjusted_VA,0.4254617542,0.3490994417,Adjusted,1.218740861,7.04811128,NA,6670,40.64
62,Female,2/17/2025,15:27,35,Lamp2a_Perceptual_VA,2.775904354,1.034860968,Perceptual,2.68239352,7.07472985,NA,2250,40.64
62,Female,2/17/2025,15:27,35,Lamp2a_Adjusted_VA,1.108915955,1.034860968,Adjusted,1.071560325,7.07472985,NA,2250,40.64
62,Female,2/17/2025,15:27,35,Lamp3a_Perceptual_VA,1.501458637,0.4761732264,Perceptual,3.15317736,7.277544736,NA,4890,40.64
62,Female,2/17/2025,15:27,35,Lamp3a_Adjusted_VA,0.4847119467,0.4761732264,Adjusted,1.017931962,7.277544736,NA,4890,40.64
62,Female,2/17/2025,15:27,35,Lamp4a_Perceptual_VA,1.838438161,0.7208884712,Perceptual,2.550239371,6.949339738,NA,3230,40.64
62,Female,2/17/2025,15:27,35,Lamp4a_Adjusted_VA,0.8239295331,0.7208884712,Adjusted,1.142936205,6.949339738,NA,3230,40.64
63,Male,3/5/2025,13:43,22,Lamp1a_Perceptual_VA,0.5642720556,0.3490994417,Perceptual,1.616364818,6.250010911,NA,6670,40.64
63,Male,3/5/2025,13:43,22,Lamp1a_Adjusted_VA,0.3604077473,0.3490994417,Adjusted,1.032392792,6.250010911,NA,6670,40.64
63,Male,3/5/2025,13:43,22,Lamp2a_Perceptual_VA,1.313731015,1.034860968,Perceptual,1.269475858,6.635993519,NA,2250,40.64
63,Male,3/5/2025,13:43,22,Lamp2a_Adjusted_VA,1.234949555,1.034860968,Adjusted,1.193348279,6.635993519,NA,2250,40.64
63,Male,3/5/2025,13:43,22,Lamp3a_Perceptual_VA,0.6445707214,0.4761732264,Perceptual,1.35364755,6.284166239,NA,4890,40.64
63,Male,3/5/2025,13:43,22,Lamp3a_Adjusted_VA,0.4541714839,0.4761732264,Adjusted,0.9537946669,6.284166239,NA,4890,40.64
63,Male,3/5/2025,13:43,22,Lamp4a_Perceptual_VA,1.043267458,0.7208884712,Perceptual,1.447196758,6.027645858,NA,3230,40.64
63,Male,3/5/2025,13:43,22,Lamp4a_Adjusted_VA,1.010101742,0.7208884712,Adjusted,1.401190035,6.027645858,NA,3230,40.64
64,Female,3/5/2025,14:04,25,Lamp1a_Perceptual_VA,0.7164620679,0.3490994417,Perceptual,2.052315136,7.321402116,NA,6670,40.64
64,Female,3/5/2025,14:04,25,Lamp1a_Adjusted_VA,0.5196558333,0.3490994417,Adjusted,1.488561055,7.321402116,NA,6670,40.64
64,Female,3/5/2025,14:04,25,Lamp2a_Perceptual_VA,2.222402421,1.034860968,Perceptual,2.147537196,7.949936759,NA,2250,40.64
64,Female,3/5/2025,14:04,25,Lamp2a_Adjusted_VA,1.831062194,1.034860968,Adjusted,1.769379898,7.949936759,NA,2250,40.64
64,Female,3/5/2025,14:04,25,Lamp3a_Perceptual_VA,0.9319907964,0.4761732264,Perceptual,1.957251573,6.960310771,NA,4890,40.64
64,Female,3/5/2025,14:04,25,Lamp3a_Adjusted_VA,0.8463995321,0.4761732264,Adjusted,1.777503407,6.960310771,NA,4890,40.64
64,Female,3/5/2025,14:04,25,Lamp4a_Perceptual_VA,1.461155452,0.7208884712,Perceptual,2.026881425,6.03993958,NA,3230,40.64
64,Female,3/5/2025,14:04,25,Lamp4a_Adjusted_VA,1.601952382,0.7208884712,Adjusted,2.222191707,6.03993958,NA,3230,40.64
65,Male,3/5/2025,14:31,21,Lamp1a_Perceptual_VA,0.7723385652,0.3490994417,Perceptual,2.212374106,7.647576885,NA,6670,40.64
65,Male,3/5/2025,14:31,21,Lamp1a_Adjusted_VA,0.5558502177,0.3490994417,Adjusted,1.592240352,7.647576885,NA,6670,40.64
65,Male,3/5/2025,14:31,21,Lamp2a_Perceptual_VA,1.811406843,1.034860968,Perceptual,1.75038667,7.849412506,NA,2250,40.64
65,Male,3/5/2025,14:31,21,Lamp2a_Adjusted_VA,1.296806437,1.034860968,Adjusted,1.253121411,7.849412506,NA,2250,40.64
65,Male,3/5/2025,14:31,21,Lamp3a_Perceptual_VA,0.8137524647,0.4761732264,Perceptual,1.708942081,6.91855137,NA,4890,40.64
65,Male,3/5/2025,14:31,21,Lamp3a_Adjusted_VA,0.5456699661,0.4761732264,Adjusted,1.14594844,6.91855137,NA,4890,40.64
65,Male,3/5/2025,14:31,21,Lamp4a_Perceptual_VA,1.200915603,0.7208884712,Perceptual,1.665882659,7.278539273,NA,3230,40.64
65,Male,3/5/2025,14:31,21,Lamp4a_Adjusted_VA,0.8400358547,0.7208884712,Adjusted,1.165278526,7.278539273,NA,3230,40.64
66,Female,3/6/2025,14:30,27,Lamp1a_Perceptual_VA,1.180300497,0.3490994417,Perceptual,3.380986494,7.115600076,NA,6670,40.64
66,Female,3/6/2025,14:30,27,Lamp1a_Adjusted_VA,0.4420423971,0.3490994417,Adjusted,1.266236334,7.115600076,NA,6670,40.64
66,Female,3/6/2025,14:30,27,Lamp2a_Perceptual_VA,2.319002783,1.034860968,Perceptual,2.240883418,7.433573643,NA,2250,40.64
66,Female,3/6/2025,14:30,27,Lamp2a_Adjusted_VA,1.121968175,1.034860968,Adjusted,1.08417286,7.433573643,NA,2250,40.64
66,Female,3/6/2025,14:30,27,Lamp3a_Perceptual_VA,1.306126939,0.4761732264,Perceptual,2.742965936,6.562181757,NA,4890,40.64
66,Female,3/6/2025,14:30,27,Lamp3a_Adjusted_VA,0.6259140556,0.4761732264,Adjusted,1.314467133,6.562181757,NA,4890,40.64
66,Female,3/6/2025,14:30,27,Lamp4a_Perceptual_VA,1.511884227,0.7208884712,Perceptual,2.097251222,6.275922557,NA,3230,40.64
66,Female,3/6/2025,14:30,27,Lamp4a_Adjusted_VA,0.885626908,0.7208884712,Adjusted,1.228521392,6.275922557,NA,3230,40.64
67,Female,3/7/2025,13:43,57,Lamp1a_Perceptual_VA,2.190931359,0.3490994417,Perceptual,6.275952058,8.331887654,NA,6670,40.64
67,Female,3/7/2025,13:43,57,Lamp1a_Adjusted_VA,0.3380527865,0.3490994417,Adjusted,0.9683567092,8.331887654,NA,6670,40.64
67,Female,3/7/2025,13:43,57,Lamp2a_Perceptual_VA,4.053882739,1.034860968,Perceptual,3.917321133,10.28874015,NA,2250,40.64
67,Female,3/7/2025,13:43,57,Lamp2a_Adjusted_VA,1.125581368,1.034860968,Adjusted,1.087664336,10.28874015,NA,2250,40.64
67,Female,3/7/2025,13:43,57,Lamp3a_Perceptual_VA,2.747672021,0.4761732264,Perceptual,5.770320271,8.807579913,NA,4890,40.64
67,Female,3/7/2025,13:43,57,Lamp3a_Adjusted_VA,0.5417015166,0.4761732264,Adjusted,1.137614395,8.807579913,NA,4890,40.64
67,Female,3/7/2025,13:43,57,Lamp4a_Perceptual_VA,3.168391218,0.7208884712,Perceptual,4.395119834,9.280860808,NA,3230,40.64
67,Female,3/7/2025,13:43,57,Lamp4a_Adjusted_VA,0.8384598588,0.7208884712,Adjusted,1.16309234,9.280860808,NA,3230,40.64
68,Female,3/7/2025,14:27,30,Lamp1a_Perceptual_VA,1.014806465,0.3490994417,Perceptual,2.906926635,8.537134592,NA,6670,40.64
68,Female,3/7/2025,14:27,30,Lamp1a_Adjusted_VA,0.4860297991,0.3490994417,Adjusted,1.392238833,8.537134592,NA,6670,40.64
68,Female,3/7/2025,14:27,30,Lamp2a_Perceptual_VA,1.357317829,1.034860968,Perceptual,1.31159438,8.224087496,NA,2250,40.64
68,Female,3/7/2025,14:27,30,Lamp2a_Adjusted_VA,1.182713518,1.034860968,Adjusted,1.142871898,8.224087496,NA,2250,40.64
68,Female,3/7/2025,14:27,30,Lamp3a_Perceptual_VA,0.6980110158,0.4761732264,Perceptual,1.465876234,7.167103401,NA,4890,40.64
68,Female,3/7/2025,14:27,30,Lamp3a_Adjusted_VA,0.6510813973,0.4761732264,Adjusted,1.367320465,7.167103401,NA,4890,40.64
68,Female,3/7/2025,14:27,30,Lamp4a_Perceptual_VA,0.8961464872,0.7208884712,Perceptual,1.243113912,7.701007925,NA,3230,40.64
68,Female,3/7/2025,14:27,30,Lamp4a_Adjusted_VA,0.9516035284,0.7208884712,Adjusted,1.320042651,7.701007925,NA,3230,40.64
69,Male,3/7/2025,14:39,26,Lamp1a_Perceptual_VA,1.137975314,0.3490994417,Perceptual,3.259745443,7.432142156,NA,6670,40.64
69,Male,3/7/2025,14:39,26,Lamp1a_Adjusted_VA,0.6771240586,0.3490994417,Adjusted,1.939630884,7.432142156,NA,6670,40.64
69,Male,3/7/2025,14:39,26,Lamp2a_Perceptual_VA,1.463119157,1.034860968,Perceptual,1.413831618,8.189847201,NA,2250,40.64
69,Male,3/7/2025,14:39,26,Lamp2a_Adjusted_VA,1.226283906,1.034860968,Adjusted,1.184974547,8.189847201,NA,2250,40.64
69,Male,3/7/2025,14:39,26,Lamp3a_Perceptual_VA,0.9523057466,0.4761732264,Perceptual,1.999914514,7.394611945,NA,4890,40.64
69,Male,3/7/2025,14:39,26,Lamp3a_Adjusted_VA,0.6206982076,0.4761732264,Adjusted,1.303513455,7.394611945,NA,4890,40.64
69,Male,3/7/2025,14:39,26,Lamp4a_Perceptual_VA,1.225571649,0.7208884712,Perceptual,1.700084962,8.570858871,NA,3230,40.64
69,Male,3/7/2025,14:39,26,Lamp4a_Adjusted_VA,0.959804288,0.7208884712,Adjusted,1.331418557,8.570858871,NA,3230,40.64
70,Male,3/7/2025,14:59,65,Lamp1a_Perceptual_VA,1.430126673,0.3490994417,Perceptual,4.096616903,7.053659524,NA,6670,40.64
70,Male,3/7/2025,14:59,65,Lamp1a_Adjusted_VA,0.7649731584,0.3490994417,Adjusted,2.1912758,7.053659524,NA,6670,40.64
70,Male,3/7/2025,14:59,65,Lamp2a_Perceptual_VA,1.113405211,1.034860968,Perceptual,1.075898353,7.978502044,NA,2250,40.64
70,Male,3/7/2025,14:59,65,Lamp2a_Adjusted_VA,0.7374602482,1.034860968,Adjusted,0.7126177053,7.978502044,NA,2250,40.64
70,Male,3/7/2025,14:59,65,Lamp3a_Perceptual_VA,0.7555377925,0.4761732264,Perceptual,1.586686841,7.101869531,NA,4890,40.64
70,Male,3/7/2025,14:59,65,Lamp3a_Adjusted_VA,0.671023982,0.4761732264,Adjusted,1.40920141,7.101869531,NA,4890,40.64
70,Male,3/7/2025,14:59,65,Lamp4a_Perceptual_VA,1.463119157,0.7208884712,Perceptual,2.029605432,11.25218298,NA,3230,40.64
70,Male,3/7/2025,14:59,65,Lamp4a_Adjusted_VA,1.344778075,0.7208884712,Adjusted,1.86544539,11.25218298,NA,3230,40.64
71,Female,3/7/2025,15:41,21,Lamp1a_Perceptual_VA,0.6181227464,0.3490994417,Perceptual,1.770620839,6.378288783,NA,6670,40.64
71,Female,3/7/2025,15:41,21,Lamp1a_Adjusted_VA,0.5320284155,0.3490994417,Adjusted,1.524002482,6.378288783,NA,6670,40.64
71,Female,3/7/2025,15:41,21,Lamp2a_Perceptual_VA,1.533175848,1.034860968,Perceptual,1.481528336,7.785412189,NA,2250,40.64
71,Female,3/7/2025,15:41,21,Lamp2a_Adjusted_VA,1.204888297,1.034860968,Adjusted,1.164299683,7.785412189,NA,2250,40.64
71,Female,3/7/2025,15:41,21,Lamp3a_Perceptual_VA,0.9776105615,0.4761732264,Perceptual,2.05305655,6.945702115,NA,4890,40.64
71,Female,3/7/2025,15:41,21,Lamp3a_Adjusted_VA,0.5579320209,0.4761732264,Adjusted,1.171699688,6.945702115,NA,4890,40.64
71,Female,3/7/2025,15:41,21,Lamp4a_Perceptual_VA,1.137975314,0.7208884712,Perceptual,1.578573329,7.320833622,NA,3230,40.64
71,Female,3/7/2025,15:41,21,Lamp4a_Adjusted_VA,0.8023335318,0.7208884712,Adjusted,1.112978725,7.320833622,NA,3230,40.64
72,Female,3/7/2025,15:58,27,Lamp1a_Perceptual_VA,0.8333784636,0.3490994417,Perceptual,2.387223708,8.685354614,NA,6670,40.64
72,Female,3/7/2025,15:58,27,Lamp1a_Adjusted_VA,0.5170302293,0.3490994417,Adjusted,1.481039978,8.685354614,NA,6670,40.64
72,Female,3/7/2025,15:58,27,Lamp2a_Perceptual_VA,1.289100657,1.034860968,Perceptual,1.245675213,6.857560875,NA,2250,40.64
72,Female,3/7/2025,15:58,27,Lamp2a_Adjusted_VA,1.061821894,1.034860968,Adjusted,1.026052703,6.857560875,NA,2250,40.64
72,Female,3/7/2025,15:58,27,Lamp3a_Perceptual_VA,0.926545219,0.4761732264,Perceptual,1.945815446,7.577816794,NA,4890,40.64
72,Female,3/7/2025,15:58,27,Lamp3a_Adjusted_VA,0.689663093,0.4761732264,Adjusted,1.448344961,7.577816794,NA,4890,40.64
72,Female,3/7/2025,15:58,27,Lamp4a_Perceptual_VA,1.035539973,0.7208884712,Perceptual,1.436477368,7.204551677,NA,3230,40.64
72,Female,3/7/2025,15:58,27,Lamp4a_Adjusted_VA,1.039088931,0.7208884712,Adjusted,1.441400401,7.204551677,NA,3230,40.64
73,Female,4/2/2025,16:40,20,Lamp1a_Perceptual_VA,1.00614393,0.3490994417,Perceptual,2.882112688,6.611391959,NA,6670,40.64
73,Female,4/2/2025,16:40,20,Lamp1a_Adjusted_VA,0.5841872007,0.3490994417,Adjusted,1.673412017,6.611391959,NA,6670,40.64
73,Female,4/2/2025,16:40,20,Lamp2a_Perceptual_VA,2.773012243,1.034860968,Perceptual,2.679598834,7.834907958,NA,2250,40.64
73,Female,4/2/2025,16:40,20,Lamp2a_Adjusted_VA,1.403676388,1.034860968,Adjusted,1.356391275,7.834907958,NA,2250,40.64
73,Female,4/2/2025,16:40,20,Lamp3a_Perceptual_VA,1.182136805,0.4761732264,Perceptual,2.482577221,7.462077389,NA,4890,40.64
73,Female,4/2/2025,16:40,20,Lamp3a_Adjusted_VA,0.6339042858,0.4761732264,Adjusted,1.331247224,7.462077389,NA,4890,40.64
73,Female,4/2/2025,16:40,20,Lamp4a_Perceptual_VA,1.995909169,0.7208884712,Perceptual,2.768679552,7.732371911,NA,3230,40.64
73,Female,4/2/2025,16:40,20,Lamp4a_Adjusted_VA,0.9610679606,0.7208884712,Adjusted,1.333171495,7.732371911,NA,3230,40.64
74,Male,4/2/2025,14:30,63,Lamp1a_Perceptual_VA,0.7681297149,0.3490994417,Perceptual,2.200317798,7.187568741,NA,6670,40.64
74,Male,4/2/2025,14:30,63,Lamp1a_Adjusted_VA,0.5517328726,0.3490994417,Adjusted,1.580446162,7.187568741,NA,6670,40.64
74,Male,4/2/2025,14:30,63,Lamp2a_Adjusted_VA,1.386348751,1.034860968,Adjusted,1.339647348,6.962976093,NA,2250,40.64
74,Male,4/2/2025,14:30,63,Lamp3a_Perceptual_VA,0.9322497432,0.4761732264,Perceptual,1.957795381,11.96852053,NA,4890,40.64
74,Male,4/2/2025,14:30,63,Lamp3a_Adjusted_VA,0.6476845234,0.4761732264,Adjusted,1.360186771,11.96852053,NA,4890,40.64
74,Male,4/2/2025,14:30,63,Lamp4a_Perceptual_VA,1.440695151,0.7208884712,Perceptual,1.998499363,10.71849301,NA,3230,40.64
74,Male,4/2/2025,14:30,63,Lamp4a_Adjusted_VA,0.9204697749,0.7208884712,Adjusted,1.27685462,10.71849301,NA,3230,40.64
75,Male,4/2/2025,15:33,61,Lamp1a_Perceptual_VA,0.4115148794,0.3490994417,Perceptual,1.178789853,7.27189233,NA,6670,40.64
75,Male,4/2/2025,15:33,61,Lamp1a_Adjusted_VA,0.3370330253,0.3490994417,Adjusted,0.9654355897,7.27189233,NA,6670,40.64
75,Male,4/2/2025,15:33,61,Lamp2a_Perceptual_VA,0.9614746997,1.034860968,Perceptual,0.9290858672,7.757882997,NA,2250,40.64
75,Male,4/2/2025,15:33,61,Lamp2a_Adjusted_VA,1.035947126,1.034860968,Adjusted,1.001049569,7.757882997,NA,2250,40.64
75,Male,4/2/2025,15:33,61,Lamp3a_Perceptual_VA,0.5032705032,0.4761732264,Perceptual,1.056906343,7.223037405,NA,4890,40.64
75,Male,4/2/2025,15:33,61,Lamp3a_Adjusted_VA,0.5579320209,0.4761732264,Adjusted,1.171699688,7.223037405,NA,4890,40.64
75,Male,4/2/2025,15:33,61,Lamp4a_Perceptual_VA,0.7285193017,0.7208884712,Perceptual,1.010585314,7.250274086,NA,3230,40.64
75,Male,4/2/2025,15:33,61,Lamp4a_Adjusted_VA,0.7772177865,0.7208884712,Adjusted,1.078138738,7.250274086,NA,3230,40.64
76,Female,4/4/2025,13:03,21,Lamp1a_Perceptual_VA,1.197291309,0.3490994417,Perceptual,3.429656901,12.14618777,NA,6670,40.64
76,Female,4/4/2025,13:03,21,Lamp1a_Adjusted_VA,0.6514610284,0.3490994417,Adjusted,1.866118792,12.14618777,NA,6670,40.64
76,Female,4/4/2025,13:03,21,Lamp2a_Perceptual_VA,1.424821609,1.034860968,Perceptual,1.376824185,9.999291753,NA,2250,40.64
76,Female,4/4/2025,13:03,21,Lamp2a_Adjusted_VA,0.7138998376,1.034860968,Adjusted,0.6898509653,9.999291753,NA,2250,40.64
76,Female,4/4/2025,13:03,21,Lamp3a_Perceptual_VA,1.642366547,0.4761732264,Perceptual,3.449094691,9.393490121,NA,4890,40.64
76,Female,4/4/2025,13:03,21,Lamp3a_Adjusted_VA,0.7110602136,0.4761732264,Adjusted,1.493280542,9.393490121,NA,4890,40.64
76,Female,4/4/2025,13:03,21,Lamp4a_Perceptual_VA,2.554658749,0.7208884712,Perceptual,3.54376419,10.25200991,NA,3230,40.64
76,Female,4/4/2025,13:03,21,Lamp4a_Adjusted_VA,0.9852206093,0.7208884712,Adjusted,1.366675497,10.25200991,NA,3230,40.64
77,Female,4/4/2025,13:30,18,Lamp1a_Perceptual_VA,0.6138774794,0.3490994417,Perceptual,1.758460216,8.151861803,NA,6670,40.64
77,Female,4/4/2025,13:30,18,Lamp1a_Adjusted_VA,0.4044391172,0.3490994417,Adjusted,1.158521238,8.151861803,NA,6670,40.64
77,Female,4/4/2025,13:30,18,Lamp2a_Perceptual_VA,0.6812527669,1.034860968,Perceptual,0.658303664,8.195429146,NA,2250,40.64
77,Female,4/4/2025,13:30,18,Lamp2a_Adjusted_VA,0.8470679642,1.034860968,Adjusted,0.8185331079,8.195429146,NA,2250,40.64
77,Female,4/4/2025,13:30,18,Lamp3a_Perceptual_VA,0.8481697663,0.4761732264,Perceptual,1.781221033,6.579068551,NA,4890,40.64
77,Female,4/4/2025,13:30,18,Lamp3a_Adjusted_VA,0.5426882077,0.4761732264,Adjusted,1.139686521,6.579068551,NA,4890,40.64
77,Female,4/4/2025,13:30,18,Lamp4a_Perceptual_VA,1.242510378,0.7208884712,Perceptual,1.723581979,6.884560645,NA,3230,40.64
77,Female,4/4/2025,13:30,18,Lamp4a_Adjusted_VA,0.9821893099,0.7208884712,Adjusted,1.362470547,6.884560645,NA,3230,40.64
78,Female,4/10/2025,13:12,24,Lamp1a_Perceptual_VA,0.3771354149,0.3490994417,Perceptual,1.080309419,6.275360193,NA,6670,40.64
78,Female,4/10/2025,13:12,24,Lamp1a_Adjusted_VA,0.5066940676,0.3490994417,Adjusted,1.451431905,6.275360193,NA,6670,40.64
78,Female,4/10/2025,13:12,24,Lamp2a_Perceptual_VA,1.551365238,1.034860968,Perceptual,1.499104987,7.248519642,NA,2250,40.64
78,Female,4/10/2025,13:12,24,Lamp2a_Adjusted_VA,1.47323887,1.034860968,Adjusted,1.423610432,7.248519642,NA,2250,40.64
78,Female,4/10/2025,13:12,24,Lamp3a_Perceptual_VA,1.00983827,0.4761732264,Perceptual,2.12073719,7.21811691,NA,4890,40.64
78,Female,4/10/2025,13:12,24,Lamp3a_Adjusted_VA,0.6138774794,0.4761732264,Adjusted,1.289189407,7.21811691,NA,4890,40.64
78,Female,4/10/2025,13:12,24,Lamp4a_Perceptual_VA,1.347239669,0.7208884712,Perceptual,1.868860056,6.560286538,NA,3230,40.64
78,Female,4/10/2025,13:12,24,Lamp4a_Adjusted_VA,1.017452898,0.7208884712,Adjusted,1.41138739,6.560286538,NA,3230,40.64
79,Female,4/10/2025,13:30,18,Lamp1a_Perceptual_VA,1.208132733,0.3490994417,Perceptual,3.460712305,7.285452312,NA,6670,40.64
79,Female,4/10/2025,13:30,18,Lamp1a_Adjusted_VA,0.6238812126,0.3490994417,Adjusted,1.787116043,7.285452312,NA,6670,40.64
79,Female,4/10/2025,13:30,18,Lamp2a_Perceptual_VA,1.8915968,1.034860968,Perceptual,1.827875299,8.436436705,NA,2250,40.64
79,Female,4/10/2025,13:30,18,Lamp2a_Adjusted_VA,1.449938829,1.034860968,Adjusted,1.401095291,8.436436705,NA,2250,40.64
79,Female,4/10/2025,13:30,18,Lamp3a_Perceptual_VA,1.200368954,0.4761732264,Perceptual,2.520866121,7.327400756,NA,4890,40.64
79,Female,4/10/2025,13:30,18,Lamp3a_Adjusted_VA,0.7696332268,0.4761732264,Adjusted,1.616288326,7.327400756,NA,4890,40.64
79,Female,4/10/2025,13:30,18,Lamp4a_Perceptual_VA,1.813100332,0.7208884712,Perceptual,2.515091314,7.212286506,NA,3230,40.64
79,Female,4/10/2025,13:30,18,Lamp4a_Adjusted_VA,0.968356321,0.7208884712,Adjusted,1.343281742,7.212286506,NA,3230,40.64
80,Female,4/10/2025,14:00,21,Lamp1a_Perceptual_VA,0.5024218286,0.3490994417,Perceptual,1.439194019,5.493635732,NA,6670,40.64
80,Female,4/10/2025,14:00,21,Lamp1a_Adjusted_VA,0.4940898957,0.3490994417,Adjusted,1.415327087,5.493635732,NA,6670,40.64
80,Female,4/10/2025,14:00,21,Lamp2a_Perceptual_VA,1.733338826,1.034860968,Perceptual,1.674948501,3.995211909,NA,2250,40.64
80,Female,4/10/2025,14:00,21,Lamp2a_Adjusted_VA,1.132016883,1.034860968,Adjusted,1.09388306,3.995211909,NA,2250,40.64
80,Female,4/10/2025,14:00,21,Lamp3a_Perceptual_VA,0.7485774255,0.4761732264,Perceptual,1.572069541,4.31655421,NA,4890,40.64
80,Female,4/10/2025,14:00,21,Lamp3a_Adjusted_VA,0.7217396167,0.4761732264,Adjusted,1.515708101,4.31655421,NA,4890,40.64
80,Female,4/10/2025,14:00,21,Lamp4a_Perceptual_VA,1.201001573,0.7208884712,Perceptual,1.666001915,3.200029888,NA,3230,40.64
80,Female,4/10/2025,14:00,21,Lamp4a_Adjusted_VA,0.9010037712,0.7208884712,Adjusted,1.249851825,3.200029888,NA,3230,40.64
81,Female,4/11/2025,13:30,18,Lamp1a_Perceptual_VA,1.357317829,0.3490994417,Perceptual,3.888054999,6.930825483,NA,6670,40.64
81,Female,4/11/2025,13:30,18,Lamp1a_Adjusted_VA,0.8096008049,0.3490994417,Adjusted,2.319112288,6.930825483,NA,6670,40.64
81,Female,4/11/2025,13:30,18,Lamp2a_Perceptual_VA,1.608065792,1.034860968,Perceptual,1.553895492,6.924230585,NA,2250,40.64
81,Female,4/11/2025,13:30,18,Lamp2a_Adjusted_VA,1.594214483,1.034860968,Adjusted,1.540510786,6.924230585,NA,2250,40.64
81,Female,4/11/2025,13:30,18,Lamp3a_Perceptual_VA,0.9007656092,0.4761732264,Perceptual,1.891676305,8.720087144,NA,4890,40.64
81,Female,4/11/2025,13:30,18,Lamp3a_Adjusted_VA,0.9641780663,0.4761732264,Adjusted,2.024847288,8.720087144,NA,4890,40.64
81,Female,4/11/2025,13:30,18,Lamp4a_Perceptual_VA,1.074264394,0.7208884712,Perceptual,1.490194998,8.066686159,NA,3230,40.64
81,Female,4/11/2025,13:30,18,Lamp4a_Adjusted_VA,0.9518568723,0.7208884712,Adjusted,1.320394084,8.066686159,NA,3230,40.64
82,Male,4/11/2025,14:00,31,Lamp1a_Perceptual_VA,0.5541959274,0.3490994417,Perceptual,1.587501615,5.945587621,NA,6670,40.64
82,Male,4/11/2025,14:00,31,Lamp1a_Adjusted_VA,0.3839393539,0.3490994417,Adjusted,1.099799393,5.945587621,NA,6670,40.64
82,Male,4/11/2025,14:00,31,Lamp2a_Perceptual_VA,1.155505967,1.034860968,Perceptual,1.116580877,6.701937723,NA,2250,40.64
82,Male,4/11/2025,14:00,31,Lamp2a_Adjusted_VA,1.221996526,1.034860968,Adjusted,1.180831594,6.701937723,NA,2250,40.64
82,Male,4/11/2025,14:00,31,Lamp3a_Perceptual_VA,0.6421011535,0.4761732264,Perceptual,1.34846127,6.82546159,NA,4890,40.64
82,Male,4/11/2025,14:00,31,Lamp3a_Adjusted_VA,0.5884821483,0.4761732264,Adjusted,1.23585728,6.82546159,NA,4890,40.64
82,Male,4/11/2025,14:00,31,Lamp4a_Perceptual_VA,1.062292532,0.7208884712,Perceptual,1.473587905,6.761454605,NA,3230,40.64
82,Male,4/11/2025,14:00,31,Lamp4a_Adjusted_VA,0.8540827611,0.7208884712,Adjusted,1.184764073,6.761454605,NA,3230,40.64
83,Male,4/14/2025,14:20,25,Lamp1a_Perceptual_VA,1.111904759,0.3490994417,Perceptual,3.185065991,5.185951428,NA,6670,40.64
83,Male,4/14/2025,14:20,25,Lamp1a_Adjusted_VA,0.6393454119,0.3490994417,Adjusted,1.831413447,5.185951428,NA,6670,40.64
83,Male,4/14/2025,14:20,25,Lamp2a_Perceptual_VA,2.291525676,1.034860968,Perceptual,2.214331922,7.431259769,NA,2250,40.64
83,Male,4/14/2025,14:20,25,Lamp2a_Adjusted_VA,1.346775193,1.034860968,Adjusted,1.30140689,7.431259769,NA,2250,40.64
83,Male,4/14/2025,14:20,25,Lamp3a_Perceptual_VA,1.509787543,0.4761732264,Perceptual,3.170668697,6.2009829,NA,4890,40.64
83,Male,4/14/2025,14:20,25,Lamp3a_Adjusted_VA,0.635632329,0.4761732264,Adjusted,1.334876246,6.2009829,NA,4890,40.64
83,Male,4/14/2025,14:20,25,Lamp4a_Perceptual_VA,1.962988229,0.7208884712,Perceptual,2.723012376,6.376377514,NA,3230,40.64
83,Male,4/14/2025,14:20,25,Lamp4a_Adjusted_VA,0.8461992082,0.7208884712,Adjusted,1.173828188,6.376377514,NA,3230,40.64
84,Female,4/14/2025,14:52,58,Lamp1a_Perceptual_VA,1.876365198,0.3490994417,Perceptual,5.374873099,8.03492089,NA,6670,40.64
84,Female,4/14/2025,14:52,58,Lamp1a_Adjusted_VA,0.6696833053,0.3490994417,Adjusted,1.918316747,8.03492089,NA,6670,40.64
84,Female,4/14/2025,14:52,58,Lamp2a_Perceptual_VA,2.130589229,1.034860968,Perceptual,2.05881688,7.196661339,NA,2250,40.64
84,Female,4/14/2025,14:52,58,Lamp2a_Adjusted_VA,1.232771682,1.034860968,Adjusted,1.191243771,7.196661339,NA,2250,40.64
84,Female,4/14/2025,14:52,58,Lamp3a_Perceptual_VA,1.678162389,0.4761732264,Perceptual,3.524268682,6.703154988,NA,4890,40.64
84,Female,4/14/2025,14:52,58,Lamp3a_Adjusted_VA,0.9508443051,0.4761732264,Adjusted,1.996845376,6.703154988,NA,4890,40.64
84,Female,4/14/2025,14:52,58,Lamp4a_Perceptual_VA,1.91753982,0.7208884712,Perceptual,2.659967382,5.803872985,NA,3230,40.64
84,Female,4/14/2025,14:52,58,Lamp4a_Adjusted_VA,1.177773265,0.7208884712,Adjusted,1.633780137,5.803872985,NA,3230,40.64
85,Male,4/14/2025,15:08,23,Lamp1a_Perceptual_VA,0.5436784998,0.3490994417,Perceptual,1.557374304,6.83640063,NA,6670,40.64
85,Male,4/14/2025,15:08,23,Lamp1a_Adjusted_VA,0.4407345922,0.3490994417,Adjusted,1.262490109,6.83640063,NA,6670,40.64
85,Male,4/14/2025,15:08,23,Lamp2a_Perceptual_VA,1.388477723,1.034860968,Perceptual,1.341704602,8.517259267,NA,2250,40.64
85,Male,4/14/2025,15:08,23,Lamp2a_Adjusted_VA,1.375032709,1.034860968,Adjusted,1.328712505,8.517259267,NA,2250,40.64
85,Male,4/14/2025,15:08,23,Lamp3a_Perceptual_VA,0.7180578121,0.4761732264,Perceptual,1.507976031,7.22908107,NA,4890,40.64
85,Male,4/14/2025,15:08,23,Lamp3a_Adjusted_VA,0.7120798722,0.4761732264,Adjusted,1.495421903,7.22908107,NA,4890,40.64
85,Male,4/14/2025,15:08,23,Lamp4a_Perceptual_VA,1.01856481,0.7208884712,Perceptual,1.412929809,7.932320496,NA,3230,40.64
85,Male,4/14/2025,15:08,23,Lamp4a_Adjusted_VA,0.770517836,0.7208884712,Adjusted,1.06884472,7.932320496,NA,3230,40.64
86,Female,4/14/2025,15:25,20,Lamp1a_Perceptual_VA,2.864192368,0.3490994417,Perceptual,8.204517185,8.878560078,NA,6670,40.64
86,Female,4/14/2025,15:25,20,Lamp1a_Adjusted_VA,3.367745779,0.3490994417,Adjusted,9.646952636,8.878560078,NA,6670,40.64
86,Female,4/14/2025,15:25,20,Lamp2a_Perceptual_VA,2.284039017,1.034860968,Perceptual,2.207097463,10.243737,NA,2250,40.64
86,Female,4/14/2025,15:25,20,Lamp2a_Adjusted_VA,2.864192368,1.034860968,Adjusted,2.767707409,10.243737,NA,2250,40.64
86,Female,4/14/2025,15:25,20,Lamp3a_Perceptual_VA,2.287776222,0.4761732264,Perceptual,4.804504108,8.914634621,NA,4890,40.64
86,Female,4/14/2025,15:25,20,Lamp3a_Adjusted_VA,2.11769626,0.4761732264,Adjusted,4.447323249,8.914634621,NA,4890,40.64
86,Female,4/14/2025,15:25,20,Lamp4a_Perceptual_VA,2.10550535,0.7208884712,Perceptual,2.920708867,9.237473594,NA,3230,40.64
86,Female,4/14/2025,15:25,20,Lamp4a_Adjusted_VA,2.529074415,0.7208884712,Adjusted,3.508274187,9.237473594,NA,3230,40.64
87,Female,4/14/2025,15:45,21,Lamp1a_Perceptual_VA,1.656840107,0.3490994417,Perceptual,4.746040551,7.887354106,NA,6670,40.64
87,Female,4/14/2025,15:45,21,Lamp1a_Adjusted_VA,0.5218352768,0.3490994417,Adjusted,1.4948041,7.887354106,NA,6670,40.64
87,Female,4/14/2025,15:45,21,Lamp2a_Perceptual_VA,2.474792843,1.034860968,Perceptual,2.391425438,8.048548764,NA,2250,40.64
87,Female,4/14/2025,15:45,21,Lamp2a_Adjusted_VA,1.395157627,1.034860968,Adjusted,1.348159483,8.048548764,NA,2250,40.64
87,Female,4/14/2025,15:45,21,Lamp3a_Perceptual_VA,1.955142418,0.4761732264,Perceptual,4.105947814,7.031526603,NA,4890,40.64
87,Female,4/14/2025,15:45,21,Lamp3a_Adjusted_VA,0.6698171318,0.4761732264,Adjusted,1.406666933,7.031526603,NA,4890,40.64
87,Female,4/14/2025,15:45,21,Lamp4a_Perceptual_VA,2.250945579,0.7208884712,Perceptual,3.122460227,6.972511476,NA,3230,40.64
87,Female,4/14/2025,15:45,21,Lamp4a_Adjusted_VA,0.7710717502,0.7208884712,Adjusted,1.069613097,6.972511476,NA,3230,40.64
88,Female,4/17/2025,13:00,20,Lamp1a_Perceptual_VA,1.227719726,0.3490994417,Perceptual,3.516819507,7.450610582,NA,6670,40.64
88,Female,4/17/2025,13:00,20,Lamp1a_Adjusted_VA,0.5706239818,0.3490994417,Adjusted,1.634559996,7.450610582,NA,6670,40.64
88,Female,4/17/2025,13:00,20,Lamp2a_Perceptual_VA,3.098852125,1.034860968,Perceptual,2.994462272,8.955409743,NA,2250,40.64
88,Female,4/17/2025,13:00,20,Lamp2a_Adjusted_VA,1.122493654,1.034860968,Adjusted,1.084680637,8.955409743,NA,2250,40.64
88,Female,4/17/2025,13:00,20,Lamp3a_Perceptual_VA,1.98028397,0.4761732264,Perceptual,4.158746985,8.427645809,NA,4890,40.64
88,Female,4/17/2025,13:00,20,Lamp3a_Adjusted_VA,0.5970648443,0.4761732264,Adjusted,1.253881594,8.427645809,NA,4890,40.64
88,Female,4/17/2025,13:00,20,Lamp4a_Perceptual_VA,2.208284291,0.7208884712,Perceptual,3.063281463,8.337322091,NA,3230,40.64
88,Female,4/17/2025,13:00,20,Lamp4a_Adjusted_VA,0.8283582868,0.7208884712,Adjusted,1.14907967,8.337322091,NA,3230,40.64
89,Female,4/17/2025,13:20,35,Lamp1a_Perceptual_VA,1.031296187,0.3490994417,Perceptual,2.954161662,6.2488638,NA,6670,40.64
89,Female,4/17/2025,13:20,35,Lamp1a_Adjusted_VA,0.4998928918,0.3490994417,Adjusted,1.431949846,6.2488638,NA,6670,40.64
89,Female,4/17/2025,13:20,35,Lamp2a_Perceptual_VA,2.08185174,1.034860968,Perceptual,2.011721193,9.152760984,NA,2250,40.64
89,Female,4/17/2025,13:20,35,Lamp2a_Adjusted_VA,1.073579753,1.034860968,Adjusted,1.03741448,9.152760984,NA,2250,40.64
89,Female,4/17/2025,13:20,35,Lamp3a_Perceptual_VA,1.188152338,0.4761732264,Perceptual,2.495210298,6.341057941,NA,4890,40.64
89,Female,4/17/2025,13:20,35,Lamp3a_Adjusted_VA,0.5486846714,0.4761732264,Adjusted,1.152279551,6.341057941,NA,4890,40.64
89,Female,4/17/2025,13:20,35,Lamp4a_Perceptual_VA,1.899305704,0.7208884712,Perceptual,2.634673435,7.02385724,NA,3230,40.64
89,Female,4/17/2025,13:20,35,Lamp4a_Adjusted_VA,0.9664119226,0.7208884712,Adjusted,1.340584517,7.02385724,NA,3230,40.64
90,Female,4/17/2025,13:45,19,Lamp1a_Perceptual_VA,1.100766944,0.3490994417,Perceptual,3.153161572,8.083937156,NA,6670,40.64
90,Female,4/17/2025,13:45,19,Lamp1a_Adjusted_VA,0.5307132558,0.3490994417,Adjusted,1.520235189,8.083937156,NA,6670,40.64
90,Female,4/17/2025,13:45,19,Lamp2a_Perceptual_VA,1.62227583,1.034860968,Perceptual,1.567626842,8.343666807,NA,2250,40.64
90,Female,4/17/2025,13:45,19,Lamp2a_Adjusted_VA,0.8745565621,1.034860968,Adjusted,0.8450957078,8.343666807,NA,2250,40.64
90,Female,4/17/2025,13:45,19,Lamp3a_Perceptual_VA,1.39592677,0.4761732264,Perceptual,2.931552411,8.646100329,NA,4890,40.64
90,Female,4/17/2025,13:45,19,Lamp3a_Adjusted_VA,0.7301310265,0.4761732264,Adjusted,1.5333307,8.646100329,NA,4890,40.64
90,Female,4/17/2025,13:45,19,Lamp4a_Perceptual_VA,1.952044535,0.7208884712,Perceptual,2.707831535,8.115965236,NA,3230,40.64
90,Female,4/17/2025,13:45,19,Lamp4a_Adjusted_VA,0.9582346038,0.7208884712,Adjusted,1.329241127,8.115965236,NA,3230,40.64
91,Male,4/17/2025,14:10,18,Lamp1a_Perceptual_VA,0.4149536925,0.3490994417,Perceptual,1.188640379,9.379800164,NA,6670,40.64
91,Male,4/17/2025,14:10,18,Lamp1a_Adjusted_VA,0.4016042869,0.3490994417,Adjusted,1.150400828,9.379800164,NA,6670,40.64
91,Male,4/17/2025,14:10,18,Lamp2a_Perceptual_VA,2.278029828,1.034860968,Perceptual,2.201290704,10.33416392,NA,2250,40.64
91,Male,4/17/2025,14:10,18,Lamp2a_Adjusted_VA,1.35621358,1.034860968,Adjusted,1.310527329,10.33416392,NA,2250,40.64
91,Male,4/17/2025,14:10,18,Lamp3a_Perceptual_VA,0.6476845234,0.4761732264,Perceptual,1.360186771,9.528999839,NA,4890,40.64
91,Male,4/17/2025,14:10,18,Lamp3a_Adjusted_VA,0.5451401975,0.4761732264,Adjusted,1.144835886,9.528999839,NA,4890,40.64
91,Male,4/17/2025,14:10,18,Lamp4a_Perceptual_VA,1.15875155,0.7208884712,Perceptual,1.607393648,9.908673974,NA,3230,40.64
91,Male,4/17/2025,14:10,18,Lamp4a_Adjusted_VA,1.020454441,0.7208884712,Adjusted,1.415551062,9.908673974,NA,3230,40.64
92,Female,4/17/2025,14:33,21,Lamp1a_Perceptual_VA,0.4171591076,0.3490994417,Perceptual,1.194957819,8.36285342,NA,6670,40.64
92,Female,4/17/2025,14:33,21,Lamp1a_Adjusted_VA,0.3529502977,0.3490994417,Adjusted,1.011030828,8.36285342,NA,6670,40.64
92,Female,4/17/2025,14:33,21,Lamp2a_Perceptual_VA,1.213277051,1.034860968,Perceptual,1.172405848,9.085291824,NA,2250,40.64
92,Female,4/17/2025,14:33,21,Lamp2a_Adjusted_VA,0.8831980848,1.034860968,Adjusted,0.8534461268,9.085291824,NA,2250,40.64
92,Female,4/17/2025,14:33,21,Lamp3a_Perceptual_VA,0.5608728808,0.4761732264,Perceptual,1.177875718,9.329205549,NA,4890,40.64
92,Female,4/17/2025,14:33,21,Lamp3a_Adjusted_VA,0.4478004061,0.4761732264,Adjusted,0.940414919,9.329205549,NA,4890,40.64
92,Female,4/17/2025,14:33,21,Lamp4a_Perceptual_VA,0.8443435754,0.7208884712,Perceptual,1.171254097,11.33322839,NA,3230,40.64
92,Female,4/17/2025,14:33,21,Lamp4a_Adjusted_VA,0.7175678208,0.7208884712,Adjusted,0.9953936698,11.33322839,NA,3230,40.64
6000,Female,5/30/2025,13:00,24,Stick7_Perceptual_VA,6.164361649,2.714805543,Perceptual,2.270645743,NA,NA,6110,14
6000,Female,5/30/2025,13:00,24,Stick7_Adjusted_VA,3.457531984,2.714805543,Adjusted,1.273583662,NA,NA,6110,14
6000,Female,5/30/2025,13:00,24,Stick8_Perceptual_VA,2.291525676,1.550425564,Perceptual,1.477997866,6.944855965,7.262602435,10700,14
6000,Female,5/30/2025,13:00,24,Stick8_Adjusted_VA,1.639732799,1.550425564,Adjusted,1.057601755,6.944855965,7.262602435,10700,14
6000,Female,5/30/2025,13:00,24,Stick9_Perceptual_VA,1.778591809,1.098679308,Perceptual,1.618845278,6.80853752,6.877335423,15100,14
6000,Female,5/30/2025,13:00,24,Stick9_Adjusted_VA,0.5635605008,1.098679308,Adjusted,0.5129435831,6.80853752,6.877335423,15100,14
6000,Female,5/30/2025,13:00,24,Lamp5_Perceptual_VA,1.970488619,1.377744544,Perceptual,1.430227851,8.116612254,8.47962145,1690,40.64
6000,Female,5/30/2025,13:00,24,Lamp5_Adjusted_VA,1.403561353,1.377744544,Adjusted,1.018738459,8.116612254,8.47962145,1690,40.64
6000,Female,5/30/2025,13:00,24,Lamp6_Perceptual_VA,1.798187074,0.7813638899,Perceptual,2.301343967,7.659120508,7.733481221,2980,40.64
6000,Female,5/30/2025,13:00,24,Lamp6_Adjusted_VA,0.7725156611,0.7813638899,Adjusted,0.9886759179,7.659120508,7.733481221,2980,40.64
6000,Female,5/30/2025,13:00,24,Lamp7_Perceptual_VA,1.205015202,0.3810952365,Perceptual,3.161979175,7.035633176,6.839813093,6110,40.64
6000,Female,5/30/2025,13:00,24,Lamp7_Adjusted_VA,0.3819704487,0.3810952365,Adjusted,1.002296571,7.035633176,6.839813093,6110,40.64
6000,Female,5/30/2025,13:00,24,BlueBall_Perceptual_VA,1.212839393,1.00792739,Perceptual,1.203300362,7.074351183,7.36191171,1520,26.74
6000,Female,5/30/2025,13:00,24,BlueBall_Adjusted_VA,0.8322145681,1.00792739,Adjusted,0.8256691665,7.074351183,7.36191171,1520,26.74
6001,Male,5/30/2025,14:00,28,Stick7_Perceptual_VA,2.361181015,2.714805543,Perceptual,0.8697422254,NA,NA,6110,14
6001,Male,5/30/2025,14:00,28,Stick7_Adjusted_VA,2.508551231,2.714805543,Adjusted,0.9240261195,NA,NA,6110,14
6001,Male,5/30/2025,14:00,28,Stick8_Perceptual_VA,1.293972128,1.550425564,Perceptual,0.8345915843,8.356021841,9.194229578,10700,14
6001,Male,5/30/2025,14:00,28,Stick8_Adjusted_VA,1.513385427,1.550425564,Adjusted,0.9761096965,8.356021841,9.194229578,10700,14
6001,Male,5/30/2025,14:00,28,Stick9_Perceptual_VA,1.04852095,1.098679308,Perceptual,0.9543466805,8.405102344,9.517070371,15100,14
6001,Male,5/30/2025,14:00,28,Stick9_Adjusted_VA,0.9396297242,1.098679308,Adjusted,0.8552356612,8.405102344,9.517070371,15100,14
6001,Male,5/30/2025,14:00,28,Lamp5_Perceptual_VA,1.295920715,1.377744544,Perceptual,0.9406103045,9.595207909,9.972220245,1690,40.64
6001,Male,5/30/2025,14:00,28,Lamp5_Adjusted_VA,1.516564438,1.377744544,Adjusted,1.100758805,9.595207909,9.972220245,1690,40.64
6001,Male,5/30/2025,14:00,28,Lamp6_Perceptual_VA,0.9706346976,0.7813638899,Perceptual,1.242231322,7.282472235,8.105883377,2980,40.64
6001,Male,5/30/2025,14:00,28,Lamp6_Adjusted_VA,0.8871427329,0.7813638899,Adjusted,1.135377184,7.282472235,8.105883377,2980,40.64
6001,Male,5/30/2025,14:00,28,Lamp7_Perceptual_VA,0.4881977712,0.3810952365,Perceptual,1.281038765,8.163938252,9.355477662,6110,40.64
6001,Male,5/30/2025,14:00,28,Lamp7_Adjusted_VA,0.4684534493,0.3810952365,Adjusted,1.229229349,8.163938252,9.355477662,6110,40.64
6001,Male,5/30/2025,14:00,28,BlueBall_Perceptual_VA,0.9706346976,1.00792739,Perceptual,0.9630006159,8.499413729,9.111242817,1520,26.74
6001,Male,5/30/2025,14:00,28,BlueBall_Adjusted_VA,0.9358102613,1.00792739,Adjusted,0.9284500752,8.499413729,9.111242817,1520,26.74
6002,Male,5/30/2025,14:30,23,Stick7_Perceptual_VA,6.021442919,2.714805543,Perceptual,2.218001556,NA,NA,6110,14
6002,Male,5/30/2025,14:30,23,Stick7_Adjusted_VA,3.378641239,2.714805543,Adjusted,1.244524215,NA,NA,6110,14
6002,Male,5/30/2025,14:30,23,Stick8_Perceptual_VA,5.456875414,1.550425564,Perceptual,3.51959845,6.570899204,6.524658771,10700,14
6002,Male,5/30/2025,14:30,23,Stick8_Adjusted_VA,1.987248109,1.550425564,Adjusted,1.281743642,6.570899204,6.524658771,10700,14
6002,Male,5/30/2025,14:30,23,Stick9_Perceptual_VA,4.55481788,1.098679308,Perceptual,4.145721001,7.076705361,6.21079869,15100,14
6002,Male,5/30/2025,14:30,23,Stick9_Adjusted_VA,1.314927387,1.098679308,Adjusted,1.196825477,7.076705361,6.21079869,15100,14
6002,Male,5/30/2025,14:30,23,Lamp5_Perceptual_VA,4.141121936,1.377744544,Perceptual,3.00572552,8.060845482,8.054975063,1690,40.64
6002,Male,5/30/2025,14:30,23,Lamp5_Adjusted_VA,2.236543197,1.377744544,Adjusted,1.623336639,8.060845482,8.054975063,1690,40.64
6002,Male,5/30/2025,14:30,23,Lamp6_Perceptual_VA,2.416807291,0.7813638899,Perceptual,3.093062429,7.380119162,6.950733568,2980,40.64
6002,Male,5/30/2025,14:30,23,Lamp6_Adjusted_VA,1.447395347,0.7813638899,Adjusted,1.852396004,7.380119162,6.950733568,2980,40.64
6002,Male,5/30/2025,14:30,23,Lamp7_Perceptual_VA,1.866288396,0.3810952365,Perceptual,4.897170622,7.297933479,6.690892483,6110,40.64
6002,Male,5/30/2025,14:30,23,Lamp7_Adjusted_VA,0.7639324095,0.3810952365,Adjusted,2.004570869,7.297933479,6.690892483,6110,40.64
6002,Male,5/30/2025,14:30,23,BlueBall_Perceptual_VA,2.643951319,1.00792739,Perceptual,2.623156534,7.305547372,7.251116585,1520,26.74
6002,Male,5/30/2025,14:30,23,BlueBall_Adjusted_VA,1.414960213,1.00792739,Adjusted,1.403831493,7.305547372,7.251116585,1520,26.74
6003,Female,5/30/2025,15:00,28,Stick7_Perceptual_VA,3.532120698,2.714805543,Perceptual,1.301058452,NA,NA,6110,14
6003,Female,5/30/2025,15:00,28,Stick7_Adjusted_VA,2.291525676,2.714805543,Adjusted,0.8440846462,NA,NA,6110,14
6003,Female,5/30/2025,15:00,28,Stick8_Perceptual_VA,1.861948955,1.550425564,Perceptual,1.200927667,7.524706843,7.43320347,10700,14
6003,Female,5/30/2025,15:00,28,Stick8_Adjusted_VA,1.458359284,1.550425564,Adjusted,0.9406187033,7.524706843,7.43320347,10700,14
6003,Female,5/30/2025,15:00,28,Stick9_Perceptual_VA,0.7284016499,1.098679308,Perceptual,0.6629793105,7.215446717,5.783899207,15100,14
6003,Female,5/30/2025,15:00,28,Stick9_Adjusted_VA,0.8864453214,1.098679308,Adjusted,0.8068280846,7.215446717,5.783899207,15100,14
6003,Female,5/30/2025,15:00,28,Lamp5_Perceptual_VA,1.413720234,1.377744544,Perceptual,1.026112017,9.275307995,9.431827906,1690,40.64
6003,Female,5/30/2025,15:00,28,Lamp5_Adjusted_VA,1.462791506,1.377744544,Adjusted,1.061729123,9.275307995,9.431827906,1690,40.64
6003,Female,5/30/2025,15:00,28,Lamp6_Perceptual_VA,0.9077842695,0.7813638899,Perceptual,1.1617945,8.072318468,8.372198231,2980,40.64
6003,Female,5/30/2025,15:00,28,Lamp6_Adjusted_VA,0.8561279024,0.7813638899,Adjusted,1.095683987,8.072318468,8.372198231,2980,40.64
6003,Female,5/30/2025,15:00,28,Lamp7_Perceptual_VA,0.5357488399,0.3810952365,Perceptual,1.405813531,8.802800164,7.841394363,6110,40.64
6003,Female,5/30/2025,15:00,28,Lamp7_Adjusted_VA,0.5277205543,0.3810952365,Adjusted,1.384747181,8.802800164,7.841394363,6110,40.64
6003,Female,5/30/2025,15:00,28,BlueBall_Perceptual_VA,1.212839393,1.00792739,Perceptual,1.203300362,7.927712672,8.080801005,1520,26.74
6003,Female,5/30/2025,15:00,28,BlueBall_Adjusted_VA,0.8983794166,1.00792739,Adjusted,0.8913136257,7.927712672,8.080801005,1520,26.74
6004,Female,7/7/2025,14:30,24,Stick7_Perceptual_VA,10.28159586,2.714805543,Perceptual,3.787231054,4.305035535,6.117930931,6110,14
6004,Female,7/7/2025,14:30,24,Stick7_Adjusted_VA,2.705808295,2.714805543,Adjusted,0.9966858592,4.305035535,6.117930931,6110,14
6004,Female,7/7/2025,14:30,24,Stick8_Perceptual_VA,8.98516296,1.550425564,Perceptual,5.795288188,3.737303971,6.398715557,10700,14
6004,Female,7/7/2025,14:30,24,Stick8_Adjusted_VA,1.630257714,1.550425564,Adjusted,1.051490475,3.737303971,6.398715557,10700,14
6004,Female,7/7/2025,14:30,24,Stick9_Perceptual_VA,6.207688062,1.098679308,Perceptual,5.650136503,2.278938205,5.860880636,15100,14
6004,Female,7/7/2025,14:30,24,Stick9_Adjusted_VA,1.164508276,1.098679308,Adjusted,1.059916454,2.278938205,5.860880636,15100,14
6004,Female,7/7/2025,14:30,24,Stick10_Perceptual_VA,14.53390881,7.147990637,Perceptual,2.033285933,4.009068064,8.619591985,2318,14
6004,Female,7/7/2025,14:30,24,Stick10_Adjusted_VA,7.294394904,7.147990637,Adjusted,1.020481877,4.009068064,8.619591985,2318,14
6004,Female,7/7/2025,14:30,24,Lamp5_Perceptual_VA,3.473647425,1.377744544,Perceptual,2.521256527,10.04190254,6.490911252,1690,40.64
6004,Female,7/7/2025,14:30,24,Lamp5_Adjusted_VA,1.547859372,1.377744544,Adjusted,1.123473418,10.04190254,6.490911252,1690,40.64
6004,Female,7/7/2025,14:30,24,Lamp6_Perceptual_VA,3.613434932,0.7813638899,Perceptual,4.624522554,15.40502973,8.430000487,2980,40.64
6004,Female,7/7/2025,14:30,24,Lamp6_Adjusted_VA,1.144002107,0.7813638899,Adjusted,1.464109261,15.40502973,8.430000487,2980,40.64
6004,Female,7/7/2025,14:30,24,Lamp7_Perceptual_VA,2.423690731,0.3810952365,Perceptual,6.359803271,7.050495656,7.017785266,6110,40.64
6004,Female,7/7/2025,14:30,24,Lamp7_Adjusted_VA,0.6339042858,0.3810952365,Adjusted,1.663374992,7.050495656,7.017785266,6110,40.64
6004,Female,7/7/2025,14:30,24,BlueBall_Perceptual_VA,3.589361172,1.00792739,Perceptual,3.561130699,10.3111962,7.548684155,1520,26.74
6004,Female,7/7/2025,14:30,24,BlueBall_Adjusted_VA,1.000863389,1.00792739,Adjusted,0.992991557,10.3111962,7.548684155,1520,26.74
6005,Female,7/8/2025,10:30,28,Stick7_Perceptual_VA,7.233823768,2.714805543,Perceptual,2.664582657,11.5366105,11.19938679,6110,14
6005,Female,7/8/2025,10:30,28,Stick7_Adjusted_VA,2.591138511,2.714805543,Adjusted,0.9544471859,11.5366105,11.19938679,6110,14
6005,Female,7/8/2025,10:30,28,Stick8_Perceptual_VA,5.049078291,1.550425564,Perceptual,3.256575747,10.4330956,10.75388405,10700,14
6005,Female,7/8/2025,10:30,28,Stick8_Adjusted_VA,1.480428729,1.550425564,Adjusted,0.9548531469,10.4330956,10.75388405,10700,14
6005,Female,7/8/2025,10:30,28,Stick9_Perceptual_VA,3.561062733,1.098679308,Perceptual,3.241221262,10.26075025,11.22524375,15100,14
6005,Female,7/8/2025,10:30,28,Stick9_Adjusted_VA,1.065333007,1.098679308,Adjusted,0.9696487408,10.26075025,11.22524375,15100,14
6005,Female,7/8/2025,10:30,28,Stick10_Perceptual_VA,10.83404423,7.147990637,Perceptual,1.515676891,11.28569929,10.61926313,2318,14
6005,Female,7/8/2025,10:30,28,Stick10_Adjusted_VA,7.077569844,7.147990637,Adjusted,0.9901481695,11.28569929,10.61926313,2318,14
6005,Female,7/8/2025,10:30,28,Lamp5_Perceptual_VA,1.299250189,1.377744544,Perceptual,0.9430269165,12.37406768,12.73406353,1690,40.64
6005,Female,7/8/2025,10:30,28,Lamp5_Adjusted_VA,1.308797724,1.377744544,Adjusted,0.9499567457,12.37406768,12.73406353,1690,40.64
6005,Female,7/8/2025,10:30,28,Lamp6_Perceptual_VA,1.099036285,0.7813638899,Perceptual,1.406561397,12.74916003,12.18596366,2980,40.64
6005,Female,7/8/2025,10:30,28,Lamp6_Adjusted_VA,0.8387745847,0.7813638899,Adjusted,1.073474978,12.74916003,12.18596366,2980,40.64
6005,Female,7/8/2025,10:30,28,Lamp7_Perceptual_VA,0.7278519058,0.3810952365,Perceptual,1.90989505,10.81306413,13.34425685,6110,40.64
6005,Female,7/8/2025,10:30,28,Lamp7_Adjusted_VA,0.4216085506,0.3810952365,Adjusted,1.106307585,10.81306413,13.34425685,6110,40.64
6005,Female,7/8/2025,10:30,28,BlueBall_Perceptual_VA,1.132878018,1.00792739,Perceptual,1.123967885,15.3533598,12.14114125,1520,26.74
6005,Female,7/8/2025,10:30,28,BlueBall_Adjusted_VA,0.7948419972,1.00792739,Adjusted,0.7885905323,15.3533598,12.14114125,1520,26.74
6006,Male,7/8/2025,11:30,21,Stick7_Perceptual_VA,6.577505649,2.714805543,Perceptual,2.422827545,10.62006294,16.01413975,6110,14
6006,Male,7/8/2025,11:30,21,Stick7_Adjusted_VA,2.723183839,2.714805543,Adjusted,1.003086149,10.62006294,16.01413975,6110,14
6006,Male,7/8/2025,11:30,21,Stick8_Perceptual_VA,5.473955636,1.550425564,Perceptual,3.530614924,11.41386642,14.61770519,10700,14
6006,Male,7/8/2025,11:30,21,Stick8_Adjusted_VA,1.620378685,1.550425564,Adjusted,1.045118658,11.41386642,14.61770519,10700,14
6006,Male,7/8/2025,11:30,21,Stick9_Perceptual_VA,3.018698156,1.098679308,Perceptual,2.747569864,11.59021964,12.71631687,15100,14
6006,Male,7/8/2025,11:30,21,Stick9_Adjusted_VA,1.145877395,1.098679308,Adjusted,1.04295893,11.59021964,12.71631687,15100,14
6006,Male,7/8/2025,11:30,21,Stick10_Perceptual_VA,11.56254819,7.147990637,Perceptual,1.617594199,10.35174168,14.71032394,2318,14
6006,Male,7/8/2025,11:30,21,Stick10_Adjusted_VA,7.003131885,7.147990637,Adjusted,0.9797343394,10.35174168,14.71032394,2318,14
6006,Male,7/8/2025,11:30,21,Lamp5_Perceptual_VA,2.011328707,1.377744544,Perceptual,1.459870565,12.47156122,14.75216095,1690,40.64
6006,Male,7/8/2025,11:30,21,Lamp5_Adjusted_VA,1.370539568,1.377744544,Adjusted,0.9947704553,12.47156122,14.75216095,1690,40.64
6006,Male,7/8/2025,11:30,21,Lamp6_Perceptual_VA,1.48305045,0.7813638899,Perceptual,1.898027883,11.7704542,12.43393711,2980,40.64
6006,Male,7/8/2025,11:30,21,Lamp6_Adjusted_VA,1.00614393,0.7813638899,Adjusted,1.287676514,11.7704542,12.43393711,2980,40.64
6006,Male,7/8/2025,11:30,21,Lamp7_Perceptual_VA,1.127093742,0.3810952365,Perceptual,2.957512017,11.47736829,13.15876313,6110,40.64
6006,Male,7/8/2025,11:30,21,Lamp7_Adjusted_VA,0.472414956,0.3810952365,Adjusted,1.239624406,11.47736829,13.15876313,6110,40.64
6006,Male,7/8/2025,11:30,21,BlueBall_Perceptual_VA,1.463119157,1.00792739,Perceptual,1.451611665,11.48690454,15.26339418,1520,26.74
6006,Male,7/8/2025,11:30,21,BlueBall_Adjusted_VA,0.7725156611,1.00792739,Adjusted,0.7664397937,11.48690454,15.26339418,1520,26.74
6007,Female,7/8/2025,13:30,18,Stick7_Perceptual_VA,4.813738505,2.714805543,Perceptual,1.773143022,11.80696303,16.95859597,6110,14
6007,Female,7/8/2025,13:30,18,Stick7_Adjusted_VA,2.721774658,2.714805543,Adjusted,1.002567077,11.80696303,16.95859597,6110,14
6007,Female,7/8/2025,13:30,18,Stick8_Perceptual_VA,3.898058003,1.550425564,Perceptual,2.514185842,11.36744097,20.18306769,10700,14
6007,Female,7/8/2025,13:30,18,Stick8_Adjusted_VA,1.611944415,1.550425564,Adjusted,1.039678687,11.36744097,20.18306769,10700,14
6007,Female,7/8/2025,13:30,18,Stick9_Perceptual_VA,2.563535254,1.098679308,Perceptual,2.333288009,10.59277274,19.3298383,15100,14
6007,Female,7/8/2025,13:30,18,Stick9_Adjusted_VA,1.32142563,1.098679308,Adjusted,1.202740072,10.59277274,19.3298383,15100,14
6007,Female,7/8/2025,13:30,18,Stick10_Perceptual_VA,9.793122325,7.147990637,Perceptual,1.370052484,16.56341054,22.44562387,2318,14
6007,Female,7/8/2025,13:30,18,Stick10_Adjusted_VA,7.111509531,7.147990637,Adjusted,0.9948963131,16.56341054,22.44562387,2318,14
6007,Female,7/8/2025,13:30,18,Lamp5_Perceptual_VA,2.011328707,1.377744544,Perceptual,1.459870565,23.54523509,24.2146255,1690,40.64
6007,Female,7/8/2025,13:30,18,Lamp5_Adjusted_VA,1.285085104,1.377744544,Adjusted,0.9327455584,23.54523509,24.2146255,1690,40.64
6007,Female,7/8/2025,13:30,18,Lamp6_Perceptual_VA,0.8078983251,0.7813638899,Perceptual,1.033959127,16.9864254,18.3046781,2980,40.64
6007,Female,7/8/2025,13:30,18,Lamp6_Adjusted_VA,0.758315424,0.7813638899,Adjusted,0.9705022638,16.9864254,18.3046781,2980,40.64
6007,Female,7/8/2025,13:30,18,Lamp7_Perceptual_VA,0.662077196,0.3810952365,Perceptual,1.737301159,11.41913831,17.32213939,6110,40.64
6007,Female,7/8/2025,13:30,18,Lamp7_Adjusted_VA,0.4758435694,0.3810952365,Adjusted,1.248621142,11.41913831,17.32213939,6110,40.64
6007,Female,7/8/2025,13:30,18,BlueBall_Perceptual_VA,0.5320284155,1.00792739,Perceptual,0.5278439902,19.77458041,19.77637239,1520,26.74
6007,Female,7/8/2025,13:30,18,BlueBall_Adjusted_VA,0.5970648443,1.00792739,Adjusted,0.5923689049,19.77458041,19.77637239,1520,26.74
6008,Female,7/8/2025,14:30,19,Stick7_Perceptual_VA,5.542848734,2.714805543,Perceptual,2.041711145,12.58247276,12.49566792,6110,14
6008,Female,7/8/2025,14:30,19,Stick7_Adjusted_VA,2.745447416,2.714805543,Adjusted,1.011286949,12.58247276,12.49566792,6110,14
6008,Female,7/8/2025,14:30,19,Stick8_Perceptual_VA,2.381616397,1.550425564,Perceptual,1.536104958,13.19955361,10.75928115,10700,14
6008,Female,7/8/2025,14:30,19,Stick8_Adjusted_VA,1.610618657,1.550425564,Adjusted,1.038823594,13.19955361,10.75928115,10700,14
6008,Female,7/8/2025,14:30,19,Stick9_Perceptual_VA,1.533638661,1.098679308,Perceptual,1.395892915,11.73862218,9.429152955,15100,14
6008,Female,7/8/2025,14:30,19,Stick9_Adjusted_VA,0.9647110727,1.098679308,Adjusted,0.8780642959,11.73862218,9.429152955,15100,14
6008,Female,7/8/2025,14:30,19,Stick10_Perceptual_VA,10.27564462,7.147990637,Perceptual,1.43755709,12.85868485,14.79379053,2318,14
6008,Female,7/8/2025,14:30,19,Stick10_Adjusted_VA,7.036401931,7.147990637,Adjusted,0.9843888008,12.85868485,14.79379053,2318,14
6008,Female,7/8/2025,14:30,19,Lamp5_Perceptual_VA,2.341411156,1.377744544,Perceptual,1.699452316,11.42118627,12.38185759,1690,40.64
6008,Female,7/8/2025,14:30,19,Lamp5_Adjusted_VA,1.632153106,1.377744544,Adjusted,1.184655829,11.42118627,12.38185759,1690,40.64
6008,Female,7/8/2025,14:30,19,Lamp6_Perceptual_VA,1.375032709,0.7813638899,Perceptual,1.759785328,9.333716743,12.30484009,2980,40.64
6008,Female,7/8/2025,14:30,19,Lamp6_Adjusted_VA,1.064033895,0.7813638899,Adjusted,1.361764869,9.333716743,12.30484009,2980,40.64
6008,Female,7/8/2025,14:30,19,Lamp7_Perceptual_VA,0.9434426335,0.3810952365,Perceptual,2.47560857,9.084422442,10.63219732,6110,40.64
6008,Female,7/8/2025,14:30,19,Lamp7_Adjusted_VA,0.5160554953,0.3810952365,Adjusted,1.354137879,9.084422442,10.63219732,6110,40.64
6008,Female,7/8/2025,14:30,19,BlueBall_Perceptual_VA,1.067157714,1.00792739,Perceptual,1.058764474,10.83587995,10.86427177,1520,26.74
6008,Female,7/8/2025,14:30,19,BlueBall_Adjusted_VA,0.9878337972,1.00792739,Adjusted,0.9800644439,10.83587995,10.86427177,1520,26.74
6009,Female,7/9/2025,10:30,29,Stick7_Perceptual_VA,7.168233937,2.714805543,Perceptual,2.64042261,7.061590566,7.191526028,6110,14
6009,Female,7/9/2025,10:30,29,Stick7_Adjusted_VA,2.508408551,2.714805543,Adjusted,0.9239735631,7.061590566,7.191526028,6110,14
6009,Female,7/9/2025,10:30,29,Stick8_Perceptual_VA,3.377742326,1.550425564,Perceptual,2.178590449,7.661002752,7.162508842,10700,14
6009,Female,7/9/2025,10:30,29,Stick8_Adjusted_VA,1.557459263,1.550425564,Adjusted,1.004536624,7.661002752,7.162508842,10700,14
6009,Female,7/9/2025,10:30,29,Stick9_Perceptual_VA,2.823437565,1.098679308,Perceptual,2.569846856,7.451842185,7.057542439,15100,14
6009,Female,7/9/2025,10:30,29,Stick9_Adjusted_VA,1.130057636,1.098679308,Adjusted,1.028560043,7.451842185,7.057542439,15100,14
6009,Female,7/9/2025,10:30,29,Stick10_Perceptual_VA,10.54935267,7.147990637,Perceptual,1.475848698,7.626829245,7.250338516,2318,14
6009,Female,7/9/2025,10:30,29,Stick10_Adjusted_VA,7.270385652,7.147990637,Adjusted,1.017122996,7.626829245,7.250338516,2318,14
6009,Female,7/9/2025,10:30,29,Lamp5_Perceptual_VA,2.556577466,1.377744544,Perceptual,1.855625178,9.344179362,8.704474349,1690,40.64
6009,Female,7/9/2025,10:30,29,Lamp5_Adjusted_VA,1.287254341,1.377744544,Adjusted,0.9343200426,9.344179362,8.704474349,1690,40.64
6009,Female,7/9/2025,10:30,29,Lamp6_Perceptual_VA,1.687660622,0.7813638899,Perceptual,2.15989073,8.077843725,8.181525801,2980,40.64
6009,Female,7/9/2025,10:30,29,Lamp6_Adjusted_VA,0.8113645822,0.7813638899,Adjusted,1.038395289,8.077843725,8.181525801,2980,40.64
6009,Female,7/9/2025,10:30,29,Lamp7_Perceptual_VA,1.320036368,0.3810952365,Perceptual,3.463796557,7.579984888,7.271012113,6110,40.64
6009,Female,7/9/2025,10:30,29,Lamp7_Adjusted_VA,0.4496024014,0.3810952365,Adjusted,1.179763897,7.579984888,7.271012113,6110,40.64
6009,Female,7/9/2025,10:30,29,BlueBall_Perceptual_VA,1.518482181,1.00792739,Perceptual,1.506539256,10.42846267,8.396128504,1520,26.74
6009,Female,7/9/2025,10:30,29,BlueBall_Adjusted_VA,0.9549075546,1.00792739,Adjusted,0.9473971676,10.42846267,8.396128504,1520,26.74
6010,Female,7/9/2025,11:30,28,Stick7_Perceptual_VA,2.899106731,2.714805543,Perceptual,1.067887436,9.107601907,9.257562234,6110,14
6010,Female,7/9/2025,11:30,28,Stick7_Adjusted_VA,2.853893786,2.714805543,Adjusted,1.051233225,9.107601907,9.257562234,6110,14
6010,Female,7/9/2025,11:30,28,Stick8_Perceptual_VA,2.655332048,1.550425564,Perceptual,1.71264723,7.309190017,10.07319697,10700,14
6010,Female,7/9/2025,11:30,28,Stick8_Adjusted_VA,1.748228214,1.550425564,Adjusted,1.127579584,7.309190017,10.07319697,10700,14
6010,Female,7/9/2025,11:30,28,Stick9_Perceptual_VA,2.389853893,1.098679308,Perceptual,2.175206064,8.635279822,9.3355208,15100,14
6010,Female,7/9/2025,11:30,28,Stick9_Adjusted_VA,1.143590367,1.098679308,Adjusted,1.040877314,8.635279822,9.3355208,15100,14
6010,Female,7/9/2025,11:30,28,Stick10_Perceptual_VA,7.800987485,7.147990637,Perceptual,1.091353904,9.151049916,12.07711485,2318,14
6010,Female,7/9/2025,11:30,28,Stick10_Adjusted_VA,7.083848444,7.147990637,Adjusted,0.9910265421,9.151049916,12.07711485,2318,14
6010,Female,7/9/2025,11:30,28,Lamp5_Perceptual_VA,1.620759362,1.377744544,Perceptual,1.176385977,14.88819149,10.80128057,1690,40.64
6010,Female,7/9/2025,11:30,28,Lamp5_Adjusted_VA,1.559561973,1.377744544,Adjusted,1.131967446,14.88819149,10.80128057,1690,40.64
6010,Female,7/9/2025,11:30,28,Lamp6_Perceptual_VA,0.9019278394,0.7813638899,Perceptual,1.154299362,15.29390827,8.173903576,2980,40.64
6010,Female,7/9/2025,11:30,28,Lamp6_Adjusted_VA,0.9349313051,0.7813638899,Adjusted,1.19653764,15.29390827,8.173903576,2980,40.64
6010,Female,7/9/2025,11:30,28,Lamp7_Perceptual_VA,0.7339751118,0.3810952365,Perceptual,1.925962441,13.84185644,8.470433227,6110,40.64
6010,Female,7/9/2025,11:30,28,Lamp7_Adjusted_VA,0.5337400938,0.3810952365,Adjusted,1.400542549,13.84185644,8.470433227,6110,40.64
6010,Female,7/9/2025,11:30,28,BlueBall_Perceptual_VA,1.186642723,1.00792739,Perceptual,1.177309729,12.87952245,9.288593113,1520,26.74
6010,Female,7/9/2025,11:30,28,BlueBall_Adjusted_VA,0.9902727718,1.00792739,Adjusted,0.9824842358,12.87952245,9.288593113,1520,26.74
6011,Female,7/9/2025,13:30,24,Stick7_Perceptual_VA,2.426750033,2.714805543,Perceptual,0.8938946065,6.783443709,7.128208636,6110,14
6011,Female,7/9/2025,13:30,24,Stick7_Adjusted_VA,2.857758652,2.714805543,Adjusted,1.05265685,6.783443709,7.128208636,6110,14
6011,Female,7/9/2025,13:30,24,Stick8_Perceptual_VA,1.680152122,1.550425564,Perceptual,1.08367158,7.610337694,7.535123156,10700,14
6011,Female,7/9/2025,13:30,24,Stick8_Adjusted_VA,1.801605617,1.550425564,Adjusted,1.162007167,7.610337694,7.535123156,10700,14
6011,Female,7/9/2025,13:30,24,Stick9_Perceptual_VA,1.30283419,1.098679308,Perceptual,1.185818446,8.610556142,7.686685418,15100,14
6011,Female,7/9/2025,13:30,24,Stick9_Adjusted_VA,0.9878337972,1.098679308,Adjusted,0.8991102229,8.610556142,7.686685418,15100,14
6011,Female,7/9/2025,13:30,24,Stick10_Perceptual_VA,6.629171641,7.147990637,Perceptual,0.9274175049,7.462214672,7.708341379,2318,14
6011,Female,7/9/2025,13:30,24,Stick10_Adjusted_VA,7.892372148,7.147990637,Adjusted,1.104138568,7.462214672,7.708341379,2318,14
6011,Female,7/9/2025,13:30,24,Lamp5_Perceptual_VA,1.01856481,1.377744544,Perceptual,0.7392987432,8.336123639,8.802418055,1690,40.64
6011,Female,7/9/2025,13:30,24,Lamp5_Adjusted_VA,1.420676212,1.377744544,Adjusted,1.031160833,8.336123639,8.802418055,1690,40.64
6011,Female,7/9/2025,13:30,24,Lamp6_Perceptual_VA,0.6975052232,0.7813638899,Perceptual,0.8926765522,8.553979741,7.78796927,2980,40.64
6011,Female,7/9/2025,13:30,24,Lamp6_Adjusted_VA,0.7909734204,0.7813638899,Adjusted,1.012298406,8.553979741,7.78796927,2980,40.64
6011,Female,7/9/2025,13:30,24,Lamp7_Perceptual_VA,0.5635605008,0.3810952365,Perceptual,1.478791774,8.318927256,7.878582796,6110,40.64
6011,Female,7/9/2025,13:30,24,Lamp7_Adjusted_VA,0.3852632727,0.3810952365,Adjusted,1.010936994,8.318927256,7.878582796,6110,40.64
6011,Female,7/9/2025,13:30,24,BlueBall_Perceptual_VA,0.6872605959,1.00792739,Perceptual,0.6818552632,7.715475047,7.579472233,1520,26.74
6011,Female,7/9/2025,13:30,24,BlueBall_Adjusted_VA,0.8594205788,1.00792739,Adjusted,0.8526612007,7.715475047,7.579472233,1520,26.74
6012,Male,7/9/2025,14:30,23,Stick7_Perceptual_VA,2.894695966,2.714805543,Perceptual,1.066262728,23.67414004,27.57726764,6110,14
6012,Male,7/9/2025,14:30,23,Stick7_Adjusted_VA,2.717367253,2.714805543,Adjusted,1.000943607,23.67414004,27.57726764,6110,14
6012,Male,7/9/2025,14:30,23,Stick8_Perceptual_VA,2.631346556,1.550425564,Perceptual,1.697176966,24.14222931,25.91828271,10700,14
6012,Male,7/9/2025,14:30,23,Stick8_Adjusted_VA,1.630257714,1.550425564,Adjusted,1.051490475,24.14222931,25.91828271,10700,14
6012,Male,7/9/2025,14:30,23,Stick9_Perceptual_VA,1.800081851,1.098679308,Perceptual,1.638405164,24.89174147,26.33543059,15100,14
6012,Male,7/9/2025,14:30,23,Stick9_Adjusted_VA,1.049343919,1.098679308,Adjusted,0.9550957334,24.89174147,26.33543059,15100,14
6012,Male,7/9/2025,14:30,23,Stick10_Perceptual_VA,9.599672228,7.147990637,Perceptual,1.34298892,22.85411578,24.15181073,2318,14
6012,Male,7/9/2025,14:30,23,Stick10_Adjusted_VA,7.175906582,7.147990637,Adjusted,1.003905426,22.85411578,24.15181073,2318,14
6012,Male,7/9/2025,14:30,23,Lamp5_Perceptual_VA,2.076264101,1.377744544,Perceptual,1.507002231,18.43053132,25.56239152,1690,40.64
6012,Male,7/9/2025,14:30,23,Lamp5_Adjusted_VA,1.641225565,1.377744544,Adjusted,1.191240838,18.43053132,25.56239152,1690,40.64
6012,Male,7/9/2025,14:30,23,Lamp6_Perceptual_VA,0.9197282897,0.7813638899,Perceptual,1.177080617,19.79172775,28.05589389,2980,40.64
6012,Male,7/9/2025,14:30,23,Lamp6_Adjusted_VA,1.305754272,0.7813638899,Adjusted,1.671121853,19.79172775,28.05589389,2980,40.64
6012,Male,7/9/2025,14:30,23,Lamp7_Perceptual_VA,0.6039228953,0.3810952365,Perceptual,1.584703343,18.55183754,26.77049616,6110,40.64
6012,Male,7/9/2025,14:30,23,Lamp7_Adjusted_VA,0.5347567269,0.3810952365,Adjusted,1.40321021,18.55183754,26.77049616,6110,40.64
6012,Male,7/9/2025,14:30,23,BlueBall_Perceptual_VA,1.253535508,1.00792739,Perceptual,1.243676399,16.5545806,24.52665442,1520,26.74
6012,Male,7/9/2025,14:30,23,BlueBall_Adjusted_VA,1.178724884,1.00792739,Adjusted,1.169454165,16.5545806,24.52665442,1520,26.74
6013,Male,7/10/2025,10:30,25,Stick7_Perceptual_VA,7.083848444,2.714805543,Perceptual,2.60933917,7.316346453,7.212168284,6110,14
6013,Male,7/10/2025,10:30,25,Stick7_Adjusted_VA,2.99949075,2.714805543,Adjusted,1.104863941,7.316346453,7.212168284,6110,14
6013,Male,7/10/2025,10:30,25,Stick8_Perceptual_VA,5.753057005,1.550425564,Perceptual,3.710630898,8.02056359,6.826313969,10700,14
6013,Male,7/10/2025,10:30,25,Stick8_Adjusted_VA,1.757921123,1.550425564,Adjusted,1.133831358,8.02056359,6.826313969,10700,14
6013,Male,7/10/2025,10:30,25,Stick9_Perceptual_VA,2.926534889,1.098679308,Perceptual,2.66368436,7.568755308,6.102251293,15100,14
6013,Male,7/10/2025,10:30,25,Stick9_Adjusted_VA,1.354904616,1.098679308,Adjusted,1.2332121,7.568755308,6.102251293,15100,14
6013,Male,7/10/2025,10:30,25,Stick10_Perceptual_VA,11.78125283,7.147990637,Perceptual,1.64819086,9.551252096,9.181941255,2318,14
6013,Male,7/10/2025,10:30,25,Stick10_Adjusted_VA,7.674524235,7.147990637,Adjusted,1.073661764,9.551252096,9.181941255,2318,14
6013,Male,7/10/2025,10:30,25,Lamp5_Perceptual_VA,2.515020559,1.377744544,Perceptual,1.82546218,9.654015027,8.66595591,1690,40.64
6013,Male,7/10/2025,10:30,25,Lamp5_Adjusted_VA,1.467996601,1.377744544,Adjusted,1.065507105,9.654015027,8.66595591,1690,40.64
6013,Male,7/10/2025,10:30,25,Lamp6_Perceptual_VA,1.970780485,0.7813638899,Perceptual,2.522231333,7.748012678,9.260554968,2980,40.64
6013,Male,7/10/2025,10:30,25,Lamp6_Adjusted_VA,0.8275913151,0.7813638899,Adjusted,1.05916248,7.748012678,9.260554968,2980,40.64
6013,Male,7/10/2025,10:30,25,Lamp7_Perceptual_VA,1.430126673,0.3810952365,Perceptual,3.75267528,6.98516988,7.469752315,6110,40.64
6013,Male,7/10/2025,10:30,25,Lamp7_Adjusted_VA,0.4758435694,0.3810952365,Adjusted,1.248621142,6.98516988,7.469752315,6110,40.64
6013,Male,7/10/2025,10:30,25,BlueBall_Perceptual_VA,1.682444493,1.00792739,Perceptual,1.669211998,8.188107431,7.685347812,1520,26.74
6013,Male,7/10/2025,10:30,25,BlueBall_Adjusted_VA,1.000863389,1.00792739,Adjusted,0.992991557,8.188107431,7.685347812,1520,26.74
6014,Female,7/10/2025,14:30,26,Stick7_Perceptual_VA,4.759627239,2.714805543,Perceptual,1.75321111,6.873627647,6.01860907,6110,14
6014,Female,7/10/2025,14:30,26,Stick7_Adjusted_VA,2.622836249,2.714805543,Adjusted,0.9661230639,6.873627647,6.01860907,6110,14
6014,Female,7/10/2025,14:30,26,Stick8_Perceptual_VA,3.778108912,1.550425564,Perceptual,2.436820572,6.169129768,6.021198796,10700,14
6014,Female,7/10/2025,14:30,26,Stick8_Adjusted_VA,1.780961347,1.550425564,Adjusted,1.148691938,6.169129768,6.021198796,10700,14
6014,Female,7/10/2025,14:30,26,Stick9_Perceptual_VA,2.601345007,1.098679308,Perceptual,2.36770183,5.396394923,6.091391785,15100,14
6014,Female,7/10/2025,14:30,26,Stick9_Adjusted_VA,1.234775042,1.098679308,Adjusted,1.123872119,5.396394923,6.091391785,15100,14
6014,Female,7/10/2025,14:30,26,Stick10_Perceptual_VA,8.107108464,7.147990637,Perceptual,1.134180062,8.001622222,7.358492401,2318,14
6014,Female,7/10/2025,14:30,26,Stick10_Adjusted_VA,8.028006472,7.147990637,Adjusted,1.123113737,8.001622222,7.358492401,2318,14
6014,Female,7/10/2025,14:30,26,Lamp5_Perceptual_VA,1.582195685,1.377744544,Perceptual,1.148395537,10.54854108,6.200784124,1690,40.64
6014,Female,7/10/2025,14:30,26,Lamp5_Adjusted_VA,1.320036368,1.377744544,Adjusted,0.9581140229,10.54854108,6.200784124,1690,40.64
6014,Female,7/10/2025,14:30,26,Lamp6_Perceptual_VA,1.195694611,0.7813638899,Perceptual,1.530266021,9.410437521,5.446708402,2980,40.64
6014,Female,7/10/2025,14:30,26,Lamp6_Adjusted_VA,1.011075753,0.7813638899,Adjusted,1.293988327,9.410437521,5.446708402,2980,40.64
6014,Female,7/10/2025,14:30,26,Lamp7_Perceptual_VA,1.002856046,0.3810952365,Perceptual,2.631510316,6.608259944,4.601497568,6110,40.64
6014,Female,7/10/2025,14:30,26,Lamp7_Adjusted_VA,0.5136828583,0.3810952365,Adjusted,1.347912042,6.608259944,4.601497568,6110,40.64
6014,Female,7/10/2025,14:30,26,BlueBall_Perceptual_VA,1.01597412,1.00792739,Perceptual,1.007983442,8.383698134,6.395326518,1520,26.74
6014,Female,7/10/2025,14:30,26,BlueBall_Adjusted_VA,1.034039408,1.00792739,Adjusted,1.025906646,8.383698134,6.395326518,1520,26.74
6015,Male,7/10/25,15:30,19,Stick7_Perceptual_VA,6.021442919,2.714805543,Perceptual,2.218001556,8.333684104,9.790537415,6110,14
6015,Male,7/10/25,15:30,19,Stick7_Adjusted_VA,2.649099085,2.714805543,Adjusted,0.975796993,8.333684104,9.790537415,6110,14
6015,Male,7/10/25,15:30,19,Stick8_Perceptual_VA,4.418989992,1.550425564,Perceptual,2.850178747,7.882684032,9.947285435,10700,14
6015,Male,7/10/25,15:30,19,Stick8_Adjusted_VA,1.653989373,1.550425564,Adjusted,1.066797021,7.882684032,9.947285435,10700,14
6015,Male,7/10/25,15:30,19,Stick9_Perceptual_VA,3.929702074,1.098679308,Perceptual,3.576750783,10.01650519,11.58931435,15100,14
6015,Male,7/10/25,15:30,19,Stick9_Adjusted_VA,1.556549006,1.098679308,Adjusted,1.416745537,10.01650519,11.58931435,15100,14
6015,Male,7/10/25,15:30,19,Stick10_Perceptual_VA,11.35572659,7.147990637,Perceptual,1.58865997,10.58308282,12.28967248,2318,14
6015,Male,7/10/25,15:30,19,Stick10_Adjusted_VA,7.73092234,7.147990637,Adjusted,1.081551828,10.58308282,12.28967248,2318,14
6015,Male,7/10/25,15:30,19,Lamp5_Perceptual_VA,3.039095502,1.377744544,Perceptual,2.20584833,10.84038093,12.42512965,1690,40.64
6015,Male,7/10/25,15:30,19,Lamp5_Adjusted_VA,1.588199671,1.377744544,Adjusted,1.152753373,10.84038093,12.42512965,1690,40.64
6015,Male,7/10/25,15:30,19,Lamp6_Perceptual_VA,1.273187152,0.7813638899,Perceptual,1.629442016,9.211944727,11.52719362,2980,40.64
6015,Male,7/10/25,15:30,19,Lamp6_Adjusted_VA,0.968356321,0.7813638899,Adjusted,1.239315425,9.211944727,11.52719362,2980,40.64
6015,Male,7/10/25,15:30,19,Lamp7_Perceptual_VA,1.70885261,0.3810952365,Perceptual,4.484056598,9.075735784,11.91591611,6110,40.64
6015,Male,7/10/25,15:30,19,Lamp7_Adjusted_VA,0.667416408,0.3810952365,Adjusted,1.751311337,9.075735784,11.91591611,6110,40.64
6015,Male,7/10/25,15:30,19,BlueBall_Perceptual_VA,2.108385008,1.00792739,Perceptual,2.091802474,10.86578032,11.87884189,1520,26.74
6015,Male,7/10/25,15:30,19,BlueBall_Adjusted_VA,0.861178019,1.00792739,Adjusted,0.8544048186,10.86578032,11.87884189,1520,26.74
6016,Female,7/11/25,14:30,24,Stick7_Perceptual_VA,7.506184824,2.714805543,Perceptual,2.76490699,6.850469326,7.318127469,6110,14
6016,Female,7/11/25,14:30,24,Stick7_Adjusted_VA,2.662428691,2.714805543,Adjusted,0.9807069598,6.850469326,7.318127469,6110,14
6016,Female,7/11/25,14:30,24,Stick8_Perceptual_VA,4.35406784,1.550425564,Perceptual,2.808304984,7.101125754,7.234197737,10700,14
6016,Female,7/11/25,14:30,24,Stick8_Adjusted_VA,1.56939022,1.550425564,Adjusted,1.012231903,7.101125754,7.234197737,10700,14
6016,Female,7/11/25,14:30,24,Stick9_Perceptual_VA,2.838553423,1.098679308,Perceptual,2.583605064,7.074268653,7.031444132,15100,14
6016,Female,7/11/25,14:30,24,Stick9_Adjusted_VA,0.9301058649,1.098679308,Adjusted,0.8465671997,7.074268653,7.031444132,15100,14
6016,Female,7/11/25,14:30,24,Stick10_Perceptual_VA,12.23100713,7.147990637,Perceptual,1.711111242,11.53916935,6.876063146,2318,14
6016,Female,7/11/25,14:30,24,Stick10_Adjusted_VA,7.172540693,7.147990637,Adjusted,1.00343454,11.53916935,6.876063146,2318,14
6016,Female,7/11/25,14:30,24,Lamp5_Perceptual_VA,1.922814043,1.377744544,Perceptual,1.395624502,7.73691329,8.160817308,1690,40.64
6016,Female,7/11/25,14:30,24,Lamp5_Adjusted_VA,1.370464931,1.377744544,Adjusted,0.994716282,7.73691329,8.160817308,1690,40.64
6016,Female,7/11/25,14:30,24,Lamp6_Perceptual_VA,1.445633543,0.7813638899,Perceptual,1.850141224,7.939873551,7.358461195,2980,40.64
6016,Female,7/11/25,14:30,24,Lamp6_Adjusted_VA,1.065431612,0.7813638899,Adjusted,1.363553685,7.939873551,7.358461195,2980,40.64
6016,Female,7/11/25,14:30,24,Lamp7_Perceptual_VA,1.100045174,0.3810952365,Perceptual,2.886536143,7.38229286,7.294088269,6110,40.64
6016,Female,7/11/25,14:30,24,Lamp7_Adjusted_VA,0.5267304734,0.3810952365,Adjusted,1.382149193,7.38229286,7.294088269,6110,40.64
6016,Female,7/11/25,14:30,24,BlueBall_Perceptual_VA,1.457243811,1.00792739,Perceptual,1.445782529,6.663259173,6.613207791,1520,26.74
6016,Female,7/11/25,14:30,24,BlueBall_Adjusted_VA,0.861178019,1.00792739,Adjusted,0.8544048186,6.663259173,6.613207791,1520,26.74
5027,Female,7/11/25,15:30,19,Stick7_Perceptual_VA,8.721151633,2.714805543,Perceptual,3.212440631,6.82968466,6.486584566,6110,14
5027,Female,7/11/25,15:30,19,Stick7_Adjusted_VA,2.675893092,2.714805543,Adjusted,0.9856665789,6.82968466,6.486584566,6110,14
5027,Female,7/11/25,15:30,19,Stick8_Perceptual_VA,5.843343622,1.550425564,Perceptual,3.76886434,6.990435025,6.658061201,10700,14
5027,Female,7/11/25,15:30,19,Stick8_Adjusted_VA,1.37369265,1.550425564,Adjusted,0.8860100616,6.990435025,6.658061201,10700,14
5027,Female,7/11/25,15:30,19,Stick9_Perceptual_VA,5.174321258,1.098679308,Perceptual,4.70958288,7.442732609,6.620259253,15100,14
5027,Female,7/11/25,15:30,19,Stick9_Adjusted_VA,0.9821893099,1.098679308,Adjusted,0.8939727025,7.442732609,6.620259253,15100,14
5027,Female,7/11/25,15:30,19,Stick10_Perceptual_VA,10.61021921,7.147990637,Perceptual,1.484363894,6.446628611,6.046322894,2318,14
5027,Female,7/11/25,15:30,19,Stick10_Adjusted_VA,6.697189629,7.147990637,Adjusted,0.9369331844,6.446628611,6.046322894,2318,14
5027,Female,7/11/25,15:30,19,Lamp5_Perceptual_VA,1.22076585,1.377744544,Perceptual,0.8860611028,7.593257133,7.288574341,1690,40.64
5027,Female,7/11/25,15:30,19,Lamp5_Adjusted_VA,1.455052703,1.377744544,Adjusted,1.056112114,7.593257133,7.288574341,1690,40.64
5027,Female,7/11/25,15:30,19,Lamp6_Perceptual_VA,1.186642723,0.7813638899,Perceptual,1.518681293,8.160455243,7.455597253,2980,40.64
5027,Female,7/11/25,15:30,19,Lamp6_Adjusted_VA,0.8728485099,0.7813638899,Adjusted,1.117083245,8.160455243,7.455597253,2980,40.64
5027,Female,7/11/25,15:30,19,Lamp7_Perceptual_VA,0.8938546456,0.3810952365,Perceptual,2.345488896,8.190919203,7.398398067,6110,40.64
5027,Female,7/11/25,15:30,19,Lamp7_Adjusted_VA,0.5387628538,0.3810952365,Adjusted,1.413722351,8.190919203,7.398398067,6110,40.64
5027,Female,7/11/25,15:30,19,BlueBall_Perceptual_VA,1.07008462,1.00792739,Perceptual,1.061668361,7.929024883,6.884387648,1520,26.74
5027,Female,7/11/25,15:30,19,BlueBall_Adjusted_VA,0.9680780709,1.00792739,Adjusted,0.9604640972,7.929024883,6.884387648,1520,26.74
6017,Female,7/14/2025,13:30,19,Stick7_Perceptual_VA,4.439564528,2.714805543,Perceptual,1.635315848,7.018053177,6.959835009,6110,14
6017,Female,7/14/2025,13:30,19,Stick7_Adjusted_VA,2.146723866,2.714805543,Adjusted,0.790746826,7.018053177,6.959835009,6110,14
6017,Female,7/14/2025,13:30,19,Stick8_Perceptual_VA,3.60833232,1.550425564,Perceptual,2.327317353,7.419048416,6.746574557,10700,14
6017,Female,7/14/2025,13:30,19,Stick8_Adjusted_VA,1.10606178,1.550425564,Adjusted,0.7133923775,7.419048416,6.746574557,10700,14
6017,Female,7/14/2025,13:30,19,Stick9_Perceptual_VA,2.377166056,1.098679308,Perceptual,2.163657802,7.182769963,6.712188279,15100,14
6017,Female,7/14/2025,13:30,19,Stick9_Adjusted_VA,0.680733927,1.098679308,Adjusted,0.619592926,7.182769963,6.712188279,15100,14
6017,Female,7/14/2025,13:30,19,Stick10_Perceptual_VA,7.327689422,7.147990637,Perceptual,1.025139762,7.317172017,7.261963186,2318,14
6017,Female,7/14/2025,13:30,19,Stick10_Adjusted_VA,5.24414758,7.147990637,Adjusted,0.7336533926,7.317172017,7.261963186,2318,14
6017,Female,7/14/2025,13:30,19,Lamp5_Perceptual_VA,2.634946147,1.377744544,Perceptual,1.912507045,8.013261073,7.426101466,1690,40.64
6017,Female,7/14/2025,13:30,19,Lamp5_Adjusted_VA,1.730087617,1.377744544,Adjusted,1.255739044,8.013261073,7.426101466,1690,40.64
6017,Female,7/14/2025,13:30,19,Lamp6_Perceptual_VA,1.755701011,0.7813638899,Perceptual,2.246969733,7.462793998,7.15266875,2980,40.64
6017,Female,7/14/2025,13:30,19,Lamp6_Adjusted_VA,0.9271728791,0.7813638899,Adjusted,1.186608303,7.462793998,7.15266875,2980,40.64
6017,Female,7/14/2025,13:30,19,Lamp7_Perceptual_VA,1.315826096,0.3810952365,Perceptual,3.452748737,5.84512598,7.182148047,6110,40.64
6017,Female,7/14/2025,13:30,19,Lamp7_Adjusted_VA,0.5483343297,0.3810952365,Adjusted,1.438838057,5.84512598,7.182148047,6110,40.64
6017,Female,7/14/2025,13:30,19,BlueBall_Perceptual_VA,1.755701011,1.00792739,Perceptual,1.741892351,7.940263776,7.138869604,1520,26.74
6017,Female,7/14/2025,13:30,19,BlueBall_Adjusted_VA,0.9680780709,1.00792739,Adjusted,0.9604640972,7.940263776,7.138869604,1520,26.74
6018,Male,7/14/2025,15:30,17,Stick7_Perceptual_VA,5.868884253,2.714805543,Perceptual,2.161806494,6.100352747,5.824549362,6110,14
6018,Male,7/14/2025,15:30,17,Stick7_Adjusted_VA,3.223358568,2.714805543,Adjusted,1.187325765,6.100352747,5.824549362,6110,14
6018,Male,7/14/2025,15:30,17,Stick8_Perceptual_VA,3.092289627,1.550425564,Perceptual,1.994477966,6.721463644,6.190633544,10700,14
6018,Male,7/14/2025,15:30,17,Stick8_Adjusted_VA,2.279208904,1.550425564,Adjusted,1.470053743,6.721463644,6.190633544,10700,14
6018,Male,7/14/2025,15:30,17,Stick9_Perceptual_VA,1.963155881,1.098679308,Perceptual,1.786832488,6.125031587,6.23387436,15100,14
6018,Male,7/14/2025,15:30,17,Stick9_Adjusted_VA,1.350343071,1.098679308,Adjusted,1.229060255,6.125031587,6.23387436,15100,14
6018,Male,7/14/2025,15:30,17,Stick10_Perceptual_VA,16.88638186,7.147990637,Perceptual,2.362395632,9.960673336,11.16980277,2318,14
6018,Male,7/14/2025,15:30,17,Stick10_Adjusted_VA,7.777491967,7.147990637,Adjusted,1.088066894,9.960673336,11.16980277,2318,14
6018,Male,7/14/2025,15:30,17,Lamp5_Perceptual_VA,2.967563621,1.377744544,Perceptual,2.153928777,8.098549394,8.052869405,1690,40.64
6018,Male,7/14/2025,15:30,17,Lamp5_Adjusted_VA,1.455052703,1.377744544,Adjusted,1.056112114,8.098549394,8.052869405,1690,40.64
6018,Male,7/14/2025,15:30,17,Lamp6_Perceptual_VA,1.945878125,0.7813638899,Perceptual,2.490360958,6.049713098,5.942326524,2980,40.64
6018,Male,7/14/2025,15:30,17,Lamp6_Adjusted_VA,0.9010037712,0.7813638899,Adjusted,1.153116727,6.049713098,5.942326524,2980,40.64
6018,Male,7/14/2025,15:30,17,Lamp7_Perceptual_VA,0.341149435,0.3810952365,Perceptual,0.8951815776,6.393307162,6.371054449,6110,40.64
6018,Male,7/14/2025,15:30,17,Lamp7_Adjusted_VA,0.5717861295,0.3810952365,Adjusted,1.500375955,6.393307162,6.371054449,6110,40.64
6018,Male,7/14/2025,15:30,17,BlueBall_Perceptual_VA,2.225861768,1.00792739,Perceptual,2.208355273,7.264132326,8.190877878,1520,26.74
6018,Male,7/14/2025,15:30,17,BlueBall_Adjusted_VA,0.8972728254,1.00792739,Adjusted,0.8902157379,7.264132326,8.190877878,1520,26.74
6019,Male,7/15/2025,10:30,25,Stick7_Perceptual_VA,5.948726386,2.714805543,Perceptual,2.191216384,7.146938527,7.835329253,6110,14
6019,Male,7/15/2025,10:30,25,Stick7_Adjusted_VA,2.971308867,2.714805543,Adjusted,1.094483129,7.146938527,7.835329253,6110,14
6019,Male,7/15/2025,10:30,25,Stick8_Perceptual_VA,3.747760001,1.550425564,Perceptual,2.417246005,7.958764905,7.832892141,10700,14
6019,Male,7/15/2025,10:30,25,Stick8_Adjusted_VA,1.579816745,1.550425564,Adjusted,1.018956847,7.958764905,7.832892141,10700,14
6019,Male,7/15/2025,10:30,25,Stick9_Perceptual_VA,2.897427611,1.098679308,Perceptual,2.63719139,7.553504364,7.983004868,15100,14
6019,Male,7/15/2025,10:30,25,Stick9_Adjusted_VA,1.010481383,1.098679308,Adjusted,0.9197236863,7.553504364,7.983004868,15100,14
6019,Male,7/15/2025,10:30,25,Stick10_Perceptual_VA,11.59843526,7.147990637,Perceptual,1.622614781,8.410714003,8.338168377,2318,14
6019,Male,7/15/2025,10:30,25,Stick10_Adjusted_VA,8.201562828,7.147990637,Adjusted,1.147394176,8.410714003,8.338168377,2318,14
6019,Male,7/15/2025,10:30,25,Lamp5_Perceptual_VA,1.977197005,1.377744544,Perceptual,1.435096958,9.380705594,9.715548481,1690,40.64
6019,Male,7/15/2025,10:30,25,Lamp5_Adjusted_VA,1.519494654,1.377744544,Adjusted,1.102885626,9.380705594,9.715548481,1690,40.64
6019,Male,7/15/2025,10:30,25,Lamp6_Perceptual_VA,1.349534724,0.7813638899,Perceptual,1.727152664,7.894768789,8.732278327,2980,40.64
6019,Male,7/15/2025,10:30,25,Lamp6_Adjusted_VA,0.4951456302,0.7813638899,Adjusted,0.6336940274,7.894768789,8.732278327,2980,40.64
6019,Male,7/15/2025,10:30,25,Lamp7_Perceptual_VA,0.7964391461,0.3810952365,Perceptual,2.089869066,8.164375794,9.024366198,6110,40.64
6019,Male,7/15/2025,10:30,25,Lamp7_Adjusted_VA,0.4092538279,0.3810952365,Adjusted,1.073888595,8.164375794,9.024366198,6110,40.64
6019,Male,7/15/2025,10:30,25,BlueBall_Perceptual_VA,1.245179264,1.00792739,Perceptual,1.235385878,8.131426973,8.958046153,1520,26.74
6019,Male,7/15/2025,10:30,25,BlueBall_Adjusted_VA,1.0297121,1.00792739,Adjusted,1.021613372,8.131426973,8.958046153,1520,26.74
6020,Male,7/15/2025,11:30,21,Stick7_Perceptual_VA,4.292889542,2.714805543,Perceptual,1.581288042,6.093478235,6.207549335,6110,14
6020,Male,7/15/2025,11:30,21,Stick7_Adjusted_VA,2.337848944,2.714805543,Adjusted,0.8611478455,6.093478235,6.207549335,6110,14
6020,Male,7/15/2025,11:30,21,Stick8_Perceptual_VA,2.547081397,1.550425564,Perceptual,1.64282727,6.424218549,5.865177322,10700,14
6020,Male,7/15/2025,11:30,21,Stick8_Adjusted_VA,1.378182538,1.550425564,Adjusted,0.8889059686,6.424218549,5.865177322,10700,14
6020,Male,7/15/2025,11:30,21,Stick9_Perceptual_VA,1.277241553,1.098679308,Perceptual,1.162524445,5.901255072,5.890883643,15100,14
6020,Male,7/15/2025,11:30,21,Stick9_Adjusted_VA,0.8831129524,1.098679308,Adjusted,0.8037950166,5.901255072,5.890883643,15100,14
6020,Male,7/15/2025,11:30,21,Stick10_Perceptual_VA,9.026146753,7.147990637,Perceptual,1.262753019,7.307744773,7.018894585,2318,14
6020,Male,7/15/2025,11:30,21,Stick10_Adjusted_VA,7.043952168,7.147990637,Adjusted,0.9854450748,7.307744773,7.018894585,2318,14
6020,Male,7/15/2025,11:30,21,Lamp5_Perceptual_VA,0.9985583099,1.377744544,Perceptual,0.7247775461,7.500227259,7.862997136,1690,40.64
6020,Male,7/15/2025,11:30,21,Lamp5_Adjusted_VA,1.328853947,1.377744544,Adjusted,0.9645140332,7.500227259,7.862997136,1690,40.64
6020,Male,7/15/2025,11:30,21,Lamp6_Perceptual_VA,0.7936950758,0.7813638899,Perceptual,1.015781617,6.718318095,7.323871151,2980,40.64
6020,Male,7/15/2025,11:30,21,Lamp6_Adjusted_VA,0.8728485099,0.7813638899,Adjusted,1.117083245,6.718318095,7.323871151,2980,40.64
6020,Male,7/15/2025,11:30,21,Lamp7_Perceptual_VA,0.5366280179,0.3810952365,Perceptual,1.408120508,6.519692652,6.737172859,6110,40.64
6020,Male,7/15/2025,11:30,21,Lamp7_Adjusted_VA,0.4428200664,0.3810952365,Adjusted,1.161966942,6.519692652,6.737172859,6110,40.64
6020,Male,7/15/2025,11:30,21,BlueBall_Perceptual_VA,0.5810226441,1.00792739,Perceptual,0.5764528771,6.867260725,6.741549188,1520,26.74
6020,Male,7/15/2025,11:30,21,BlueBall_Adjusted_VA,0.9046514085,1.00792739,Adjusted,0.897536288,6.867260725,6.741549188,1520,26.74
6021,Female,7/15/2025,13:30,25,Stick7_Perceptual_VA,7.595366137,2.714805543,Perceptual,2.797756973,9.927069563,14.64008269,6110,14
6021,Female,7/15/2025,13:30,25,Stick7_Adjusted_VA,4.356662715,2.714805543,Adjusted,1.604778923,9.927069563,14.64008269,6110,14
6021,Female,7/15/2025,13:30,25,Stick8_Perceptual_VA,6.125811603,1.550425564,Perceptual,3.951051726,12.2132395,12.79682514,10700,14
6021,Female,7/15/2025,13:30,25,Stick8_Adjusted_VA,3.401898069,1.550425564,Adjusted,2.194170521,12.2132395,12.79682514,10700,14
6021,Female,7/15/2025,13:30,25,Stick9_Perceptual_VA,6.179917733,1.098679308,Perceptual,5.624860402,14.52217646,13.5300234,15100,14
6021,Female,7/15/2025,13:30,25,Stick9_Adjusted_VA,2.299811071,1.098679308,Adjusted,2.093250555,14.52217646,13.5300234,15100,14
6021,Female,7/15/2025,13:30,25,Stick10_Perceptual_VA,10.56248126,7.147990637,Perceptual,1.47768538,13.09683061,13.39728477,2318,14
6021,Female,7/15/2025,13:30,25,Stick10_Adjusted_VA,8.62125165,7.147990637,Adjusted,1.206108414,13.09683061,13.39728477,2318,14
6021,Female,7/15/2025,13:30,25,Lamp5_Perceptual_VA,2.236543197,1.377744544,Perceptual,1.623336639,10.63699022,10.48069133,1690,40.64
6021,Female,7/15/2025,13:30,25,Lamp5_Adjusted_VA,1.813287873,1.377744544,Adjusted,1.316127783,10.63699022,10.48069133,1690,40.64
6021,Female,7/15/2025,13:30,25,Lamp6_Perceptual_VA,1.447862802,0.7813638899,Perceptual,1.852994259,6.862370755,13.38220536,2980,40.64
6021,Female,7/15/2025,13:30,25,Lamp6_Adjusted_VA,1.493523353,0.7813638899,Adjusted,1.911431245,6.862370755,13.38220536,2980,40.64
6021,Female,7/15/2025,13:30,25,Lamp7_Perceptual_VA,1.253839359,0.3810952365,Perceptual,3.290094547,10.59525259,11.86085855,6110,40.64
6021,Female,7/15/2025,13:30,25,Lamp7_Adjusted_VA,1.127470924,0.3810952365,Adjusted,2.95850175,10.59525259,11.86085855,6110,40.64
6021,Female,7/15/2025,13:30,25,BlueBall_Perceptual_VA,2.002819223,1.00792739,Perceptual,1.987066968,9.741454766,13.08040781,1520,26.74
6021,Female,7/15/2025,13:30,25,BlueBall_Adjusted_VA,1.243738544,1.00792739,Adjusted,1.233956489,9.741454766,13.08040781,1520,26.74
6022,Female,7/15/2025,14:15,53,Stick7_Perceptual_VA,5.979229618,2.714805543,Perceptual,2.202452265,7.424403384,6.864861972,6110,14
6022,Female,7/15/2025,14:15,53,Stick7_Adjusted_VA,5.0882215,2.714805543,Adjusted,1.874248973,7.424403384,6.864861972,6110,14
6022,Female,7/15/2025,14:15,53,Stick8_Perceptual_VA,4.958697879,1.550425564,Perceptual,3.198281809,8.342031438,6.320723252,10700,14
6022,Female,7/15/2025,14:15,53,Stick8_Adjusted_VA,2.5333846,1.550425564,Adjusted,1.633993052,8.342031438,6.320723252,10700,14
6022,Female,7/15/2025,14:15,53,Stick9_Perceptual_VA,3.185477168,1.098679308,Perceptual,2.899369402,9.865684935,6.54741249,15100,14
6022,Female,7/15/2025,14:15,53,Stick9_Adjusted_VA,1.623658365,1.098679308,Adjusted,1.477827382,9.865684935,6.54741249,15100,14
6022,Female,7/15/2025,14:15,53,Stick10_Perceptual_VA,9.457481733,7.147990637,Perceptual,1.323096548,7.67782874,7.400637563,2318,14
6022,Female,7/15/2025,14:15,53,Stick10_Adjusted_VA,7.246533724,7.147990637,Adjusted,1.013786124,7.67782874,7.400637563,2318,14
6022,Female,7/15/2025,14:15,53,Lamp5_Perceptual_VA,1.661898452,1.377744544,Perceptual,1.206245714,7.577077262,8.56575693,1690,40.64
6022,Female,7/15/2025,14:15,53,Lamp5_Adjusted_VA,1.53633108,1.377744544,Adjusted,1.115105907,7.577077262,8.56575693,1690,40.64
6022,Female,7/15/2025,14:15,53,Lamp6_Perceptual_VA,1.269269974,0.7813638899,Perceptual,1.624428759,7.184375333,6.737501386,2980,40.64
6022,Female,7/15/2025,14:15,53,Lamp6_Adjusted_VA,0.9610679606,0.7813638899,Adjusted,1.229987683,7.184375333,6.737501386,2980,40.64
6022,Female,7/15/2025,14:15,53,Lamp7_Perceptual_VA,1.067157714,0.3810952365,Perceptual,2.800238921,6.831203042,6.192981726,6110,40.64
6022,Female,7/15/2025,14:15,53,Lamp7_Adjusted_VA,0.58077096,0.3810952365,Adjusted,1.523952294,6.831203042,6.192981726,6110,40.64
6022,Female,7/15/2025,14:15,53,BlueBall_Perceptual_VA,1.065531043,1.00792739,Perceptual,1.057150597,6.777113981,7.442626529,1520,26.74
6022,Female,7/15/2025,14:15,53,BlueBall_Adjusted_VA,0.9892550703,1.00792739,Adjusted,0.9814745386,6.777113981,7.442626529,1520,26.74
6023,Female,7/15/2025,15:00,25,Stick7_Perceptual_VA,8.008345881,2.714805543,Perceptual,2.949878271,7.700184055,7.271562744,6110,14
6023,Female,7/15/2025,15:00,25,Stick7_Adjusted_VA,2.770628401,2.714805543,Adjusted,1.020562378,7.700184055,7.271562744,6110,14
6023,Female,7/15/2025,15:00,25,Stick8_Perceptual_VA,6.262891274,1.550425564,Perceptual,4.039465949,7.819802374,7.870112703,10700,14
6023,Female,7/15/2025,15:00,25,Stick8_Adjusted_VA,1.782391607,1.550425564,Adjusted,1.149614434,7.819802374,7.870112703,10700,14
6023,Female,7/15/2025,15:00,25,Stick9_Perceptual_VA,4.162343863,1.098679308,Perceptual,3.788497548,8.015609085,7.85533169,15100,14
6023,Female,7/15/2025,15:00,25,Stick9_Adjusted_VA,1.221612132,1.098679308,Adjusted,1.111891453,8.015609085,7.85533169,15100,14
6023,Female,7/15/2025,15:00,25,Stick10_Perceptual_VA,13.66472335,7.147990637,Perceptual,1.911687361,9.214307582,9.421636983,2318,14
6023,Female,7/15/2025,15:00,25,Stick10_Adjusted_VA,7.56934121,7.147990637,Adjusted,1.058946716,9.214307582,9.421636983,2318,14
6023,Female,7/15/2025,15:00,25,Lamp5_Perceptual_VA,2.886047223,1.377744544,Perceptual,2.094762222,10.55210808,9.64661514,1690,40.64
6023,Female,7/15/2025,15:00,25,Lamp5_Adjusted_VA,1.323820858,1.377744544,Adjusted,0.9608608966,10.55210808,9.64661514,1690,40.64
6023,Female,7/15/2025,15:00,25,Lamp6_Perceptual_VA,1.866288396,0.7813638899,Perceptual,2.388500954,8.062217868,7.776345464,2980,40.64
6023,Female,7/15/2025,15:00,25,Lamp6_Adjusted_VA,0.8909747288,0.7813638899,Adjusted,1.140281424,8.062217868,7.776345464,2980,40.64
6023,Female,7/15/2025,15:00,25,Lamp7_Perceptual_VA,1.343709929,0.3810952365,Perceptual,3.52591636,8.481732283,8.481732283,6110,40.64
6023,Female,7/15/2025,15:00,25,Lamp7_Adjusted_VA,0.4694375842,0.3810952365,Adjusted,1.231811734,8.481732283,8.481732283,6110,40.64
6023,Female,7/15/2025,15:00,25,BlueBall_Perceptual_VA,1.900843011,1.00792739,Perceptual,1.885892802,9.055097573,10.32815425,1520,26.74
6023,Female,7/15/2025,15:00,25,BlueBall_Adjusted_VA,0.9752237658,1.00792739,Adjusted,0.967553591,9.055097573,10.32815425,1520,26.74
6024,Female,7/16/2025,13:30,19,Stick7_Perceptual_VA,8.693788349,2.714805543,Perceptual,3.202361352,7.782901458,8.190999245,6110,14
6024,Female,7/16/2025,13:30,19,Stick7_Adjusted_VA,2.67160601,2.714805543,Adjusted,0.98408743,7.782901458,8.190999245,6110,14
6024,Female,7/16/2025,13:30,19,Stick8_Perceptual_VA,7.530636026,1.550425564,Perceptual,4.85714129,7.81870235,8.086028761,10700,14
6024,Female,7/16/2025,13:30,19,Stick8_Adjusted_VA,1.439516723,1.550425564,Adjusted,0.9284655491,7.81870235,8.086028761,10700,14
6024,Female,7/16/2025,13:30,19,Stick9_Perceptual_VA,5.969027207,1.098679308,Perceptual,5.432911282,7.905838099,7.711387014,15100,14
6024,Female,7/16/2025,13:30,19,Stick9_Adjusted_VA,1.113295284,1.098679308,Adjusted,1.013303224,7.905838099,7.711387014,15100,14
6024,Female,7/16/2025,13:30,19,Stick10_Perceptual_VA,10.47495213,7.147990637,Perceptual,1.465440103,9.129958081,9.420419453,2318,14
6024,Female,7/16/2025,13:30,19,Stick10_Adjusted_VA,7.76898314,7.147990637,Adjusted,1.086876513,9.129958081,9.420419453,2318,14
6024,Female,7/16/2025,13:30,19,Lamp5_Perceptual_VA,1.425760326,1.377744544,Perceptual,1.034851005,9.761833382,9.14784252,1690,40.64
6024,Female,7/16/2025,13:30,19,Lamp5_Adjusted_VA,1.378478575,1.377744544,Adjusted,1.000532777,9.761833382,9.14784252,1690,40.64
6024,Female,7/16/2025,13:30,19,Lamp6_Perceptual_VA,1.087072381,0.7813638899,Perceptual,1.391249833,8.248518266,8.088717463,2980,40.64
6024,Female,7/16/2025,13:30,19,Lamp6_Adjusted_VA,0.8239295331,0.7813638899,Adjusted,1.054476082,8.248518266,8.088717463,2980,40.64
6024,Female,7/16/2025,13:30,19,Lamp7_Perceptual_VA,0.8333784636,0.3810952365,Perceptual,2.186798427,7.674524235,7.905838099,6110,40.64
6024,Female,7/16/2025,13:30,19,Lamp7_Adjusted_VA,0.472414956,0.3810952365,Adjusted,1.239624406,7.674524235,7.905838099,6110,40.64
6024,Female,7/16/2025,13:30,19,BlueBall_Perceptual_VA,0.8773244817,1.00792739,Perceptual,0.8704242887,8.725896705,8.837240934,1520,26.74
6024,Female,7/16/2025,13:30,19,BlueBall_Adjusted_VA,0.8955871361,1.00792739,Adjusted,0.8885433065,8.725896705,8.837240934,1520,26.74
6025,Female,7/16/2025,14:15,20,Stick7_Perceptual_VA,5.095076603,2.714805543,Perceptual,1.876774053,6.744478138,6.376256888,6110,14
6025,Female,7/16/2025,14:15,20,Stick7_Adjusted_VA,2.51833965,2.714805543,Adjusted,0.9276316885,6.744478138,6.376256888,6110,14
6025,Female,7/16/2025,14:15,20,Stick8_Perceptual_VA,4.577328634,1.550425564,Perceptual,2.95230467,5.943721743,8.658549322,10700,14
6025,Female,7/16/2025,14:15,20,Stick8_Adjusted_VA,2.231463615,1.550425564,Adjusted,1.439258786,5.943721743,8.658549322,10700,14
6025,Female,7/16/2025,14:15,20,Stick9_Perceptual_VA,2.75006653,1.098679308,Perceptual,2.503065736,6.86470062,7.335576111,15100,14
6025,Female,7/16/2025,14:15,20,Stick9_Adjusted_VA,1.569649206,1.098679308,Adjusted,1.428669126,6.86470062,7.335576111,15100,14
6025,Female,7/16/2025,14:15,20,Stick10_Perceptual_VA,10.01574508,7.147990637,Perceptual,1.401197286,6.734812495,6.672673404,2318,14
6025,Female,7/16/2025,14:15,20,Stick10_Adjusted_VA,6.604711872,7.147990637,Adjusted,0.9239955965,6.734812495,6.672673404,2318,14
6025,Female,7/16/2025,14:15,20,Lamp5_Perceptual_VA,2.149589465,1.377744544,Perceptual,1.560223536,8.219590547,8.721041805,1690,40.64
6025,Female,7/16/2025,14:15,20,Lamp5_Adjusted_VA,1.447145651,1.377744544,Adjusted,1.050372986,8.219590547,8.721041805,1690,40.64
6025,Female,7/16/2025,14:15,20,Lamp6_Perceptual_VA,1.36366988,0.7813638899,Perceptual,1.745243026,8.220408152,7.465383316,2980,40.64
6025,Female,7/16/2025,14:15,20,Lamp6_Adjusted_VA,0.4889544507,0.7813638899,Adjusted,0.6257704727,8.220408152,7.465383316,2980,40.64
6025,Female,7/16/2025,14:15,20,Lamp7_Perceptual_VA,0.6933186197,0.3810952365,Perceptual,1.819279155,8.229818196,7.276731695,6110,40.64
6025,Female,7/16/2025,14:15,20,Lamp7_Adjusted_VA,0.46167837,0.3810952365,Adjusted,1.211451432,8.229818196,7.276731695,6110,40.64
6025,Female,7/16/2025,14:15,20,BlueBall_Perceptual_VA,1.201001573,1.00792739,Perceptual,1.191555647,7.840463246,6.750451013,1520,26.74
6025,Female,7/16/2025,14:15,20,BlueBall_Adjusted_VA,0.8480055448,1.00792739,Adjusted,0.8413359464,7.840463246,6.750451013,1520,26.74
6026,Female,7/17/2025,11:00,34,Stick7_Perceptual_VA,6.210729129,2.714805543,Perceptual,2.287725228,6.87879404,6.838535637,6110,14
6026,Female,7/17/2025,11:00,34,Stick7_Adjusted_VA,3.069078514,2.714805543,Adjusted,1.130496629,6.87879404,6.838535637,6110,14
6026,Female,7/17/2025,11:00,34,Stick8_Perceptual_VA,4.500864045,1.550425564,Perceptual,2.902986217,7.077884737,6.136948426,10700,14
6026,Female,7/17/2025,11:00,34,Stick8_Adjusted_VA,2.282748212,1.550425564,Adjusted,1.47233654,7.077884737,6.136948426,10700,14
6026,Female,7/17/2025,11:00,34,Stick9_Perceptual_VA,2.588618459,1.098679308,Perceptual,2.356118333,4.855997944,6.999563678,15100,14
6026,Female,7/17/2025,11:00,34,Stick9_Adjusted_VA,1.54844033,1.098679308,Adjusted,1.409365152,4.855997944,6.999563678,15100,14
6026,Female,7/17/2025,11:00,34,Stick10_Perceptual_VA,12.77423405,7.147990637,Perceptual,1.787108392,7.366972778,8.82145482,2318,14
6026,Female,7/17/2025,11:00,34,Stick10_Adjusted_VA,8.107108464,7.147990637,Adjusted,1.134180062,7.366972778,8.82145482,2318,14
6026,Female,7/17/2025,11:00,34,Lamp5_Perceptual_VA,1.187093109,1.377744544,Perceptual,0.8616206204,7.924421353,7.795148945,1690,40.64
6026,Female,7/17/2025,11:00,34,Lamp5_Adjusted_VA,1.237135137,1.377744544,Adjusted,0.8979423232,7.924421353,7.795148945,1690,40.64
6026,Female,7/17/2025,11:00,34,Lamp6_Perceptual_VA,0.6384320802,0.7813638899,Perceptual,0.8170739505,7.296490151,7.309292304,2980,40.64
6026,Female,7/17/2025,11:00,34,Lamp6_Adjusted_VA,0.8684667666,0.7813638899,Adjusted,1.111475431,7.296490151,7.309292304,2980,40.64
6026,Female,7/17/2025,11:00,34,Lamp7_Perceptual_VA,0.5358559025,0.3810952365,Perceptual,1.406094465,7.812407242,7.427572215,6110,40.64
6026,Female,7/17/2025,11:00,34,Lamp7_Adjusted_VA,0.5764824459,0.3810952365,Adjusted,1.512699165,7.812407242,7.427572215,6110,40.64
6026,Female,7/17/2025,11:00,34,BlueBall_Perceptual_VA,0.6384320802,1.00792739,Perceptual,0.6334107858,6.867260725,6.533390462,1520,26.74
6026,Female,7/17/2025,11:00,34,BlueBall_Adjusted_VA,0.765240474,1.00792739,Adjusted,0.7592218263,6.867260725,6.533390462,1520,26.74
6027,Female,7/17/2025,11:30,21,Stick7_Perceptual_VA,6.607024257,2.714805543,Perceptual,2.433700739,7.112663553,7.499955312,6110,14
6027,Female,7/17/2025,11:30,21,Stick7_Adjusted_VA,2.239092291,2.714805543,Adjusted,0.824770782,7.112663553,7.499955312,6110,14
6027,Female,7/17/2025,11:30,21,Stick8_Perceptual_VA,2.94396495,1.550425564,Perceptual,1.898810892,7.23759462,7.873457327,10700,14
6027,Female,7/17/2025,11:30,21,Stick8_Adjusted_VA,1.385322686,1.550425564,Adjusted,0.8935112514,7.23759462,7.873457327,10700,14
6027,Female,7/17/2025,11:30,21,Stick9_Perceptual_VA,1.838965902,1.098679308,Perceptual,1.673796794,7.058617367,7.886069681,15100,14
6027,Female,7/17/2025,11:30,21,Stick9_Adjusted_VA,0.5826639227,1.098679308,Adjusted,0.5303312064,7.058617367,7.886069681,15100,14
6027,Female,7/17/2025,11:30,21,Stick10_Perceptual_VA,8.851192932,7.147990637,Perceptual,1.238277074,8.258154501,8.847834803,2318,14
6027,Female,7/17/2025,11:30,21,Stick10_Adjusted_VA,6.528889149,7.147990637,Adjusted,0.9133880388,8.258154501,8.847834803,2318,14
6027,Female,7/17/2025,11:30,21,Lamp5_Perceptual_VA,1.419249214,1.377744544,Perceptual,1.030125084,8.261712467,8.899694133,1690,40.64
6027,Female,7/17/2025,11:30,21,Lamp5_Adjusted_VA,1.322151623,1.377744544,Adjusted,0.9596493259,8.261712467,8.899694133,1690,40.64
6027,Female,7/17/2025,11:30,21,Lamp6_Perceptual_VA,0.7292091688,0.7813638899,Perceptual,0.9332516875,5.834014573,6.965525755,2980,40.64
6027,Female,7/17/2025,11:30,21,Lamp6_Adjusted_VA,0.7857583751,0.7813638899,Adjusted,1.005624121,5.834014573,6.965525755,2980,40.64
6027,Female,7/17/2025,11:30,21,Lamp7_Perceptual_VA,0.5841872007,0.3810952365,Perceptual,1.532916565,7.052885655,7.125848415,6110,40.64
6027,Female,7/17/2025,11:30,21,Lamp7_Adjusted_VA,0.3344102152,0.3810952365,Adjusted,0.8774977568,7.052885655,7.125848415,6110,40.64
6027,Female,7/17/2025,11:30,21,BlueBall_Perceptual_VA,0.9197282897,1.00792739,Perceptual,0.912494589,8.241282644,7.098415401,1520,26.74
6027,Female,7/17/2025,11:30,21,BlueBall_Adjusted_VA,0.6802158769,1.00792739,Adjusted,0.6748659511,8.241282644,7.098415401,1520,26.74
6028,Female,7/17/2025,13:30,49,Stick7_Perceptual_VA,6.164361649,2.714805543,Perceptual,2.270645743,6.028236277,6.521363945,6110,14
6028,Female,7/17/2025,13:30,49,Stick7_Adjusted_VA,2.745310452,2.714805543,Adjusted,1.011236499,6.028236277,6.521363945,6110,14
6028,Female,7/17/2025,13:30,49,Stick8_Perceptual_VA,4.968495187,1.550425564,Perceptual,3.204600918,5.729806324,6.540975846,10700,14
6028,Female,7/17/2025,13:30,49,Stick8_Adjusted_VA,1.879566778,1.550425564,Adjusted,1.212290884,5.729806324,6.540975846,10700,14
6028,Female,7/17/2025,13:30,49,Stick9_Perceptual_VA,1.162483183,1.098679308,Perceptual,1.058073247,6.042281753,6.472350849,15100,14
6028,Female,7/17/2025,13:30,49,Stick9_Adjusted_VA,0.8564232098,1.098679308,Adjusted,0.7795024479,6.042281753,6.472350849,15100,14
6028,Female,7/17/2025,13:30,49,Stick10_Perceptual_VA,11.57448593,7.147990637,Perceptual,1.619264282,6.353837646,7.906614293,2318,14
6028,Female,7/17/2025,13:30,49,Stick10_Adjusted_VA,7.294127264,7.147990637,Adjusted,1.020444435,6.353837646,7.906614293,2318,14
6028,Female,7/17/2025,13:30,49,Lamp5_Perceptual_VA,1.648961488,1.377744544,Perceptual,1.196855756,7.567180502,7.928105664,1690,40.64
6028,Female,7/17/2025,13:30,49,Lamp5_Adjusted_VA,1.387630842,1.377744544,Adjusted,1.007175712,7.567180502,7.928105664,1690,40.64
6028,Female,7/17/2025,13:30,49,Lamp6_Perceptual_VA,1.212839393,0.7813638899,Perceptual,1.552208144,6.757708599,7.349256665,2980,40.64
6028,Female,7/17/2025,13:30,49,Lamp6_Adjusted_VA,1.043267458,0.7813638899,Adjusted,1.335187704,6.757708599,7.349256665,2980,40.64
6028,Female,7/17/2025,13:30,49,Lamp7_Perceptual_VA,1.064561922,0.3810952365,Perceptual,2.793427521,6.469797171,6.375654595,6110,40.64
6028,Female,7/17/2025,13:30,49,Lamp7_Adjusted_VA,0.4268433747,0.3810952365,Adjusted,1.120043847,6.469797171,6.375654595,6110,40.64
6028,Female,7/17/2025,13:30,49,BlueBall_Perceptual_VA,1.664557589,1.00792739,Perceptual,1.651465775,6.560323813,7.666418692,1520,26.74
6028,Female,7/17/2025,13:30,49,BlueBall_Adjusted_VA,1.013029421,1.00792739,Adjusted,1.005061903,6.560323813,7.666418692,1520,26.74
6029,Male,7/17/2025,14:15,22,Stick7_Perceptual_VA,5.236296238,2.714805543,Perceptual,1.928792378,8.080069116,7.798320503,6110,14
6029,Male,7/17/2025,14:15,22,Stick7_Adjusted_VA,2.329287758,2.714805543,Adjusted,0.8579943282,8.080069116,7.798320503,6110,14
6029,Male,7/17/2025,14:15,22,Stick8_Perceptual_VA,3.495075072,1.550425564,Perceptual,2.254268216,7.948390825,7.901849212,10700,14
6029,Male,7/17/2025,14:15,22,Stick8_Adjusted_VA,1.458359284,1.550425564,Adjusted,0.9406187033,7.948390825,7.901849212,10700,14
6029,Male,7/17/2025,14:15,22,Stick9_Perceptual_VA,1.947693439,1.098679308,Perceptual,1.772758825,8.440248385,7.705754668,15100,14
6029,Male,7/17/2025,14:15,22,Stick9_Adjusted_VA,0.8526619257,1.098679308,Adjusted,0.7760789884,8.440248385,7.705754668,15100,14
6029,Male,7/17/2025,14:15,22,Stick10_Perceptual_VA,8.721151633,7.147990637,Perceptual,1.220084367,8.396449124,7.350033607,2318,14
6029,Male,7/17/2025,14:15,22,Stick10_Adjusted_VA,7.650751554,7.147990637,Adjusted,1.070335979,8.396449124,7.350033607,2318,14
6029,Male,7/17/2025,14:15,22,Lamp5_Perceptual_VA,2.043358097,1.377744544,Perceptual,1.483118264,8.79741071,9.358292772,1690,40.64
6029,Male,7/17/2025,14:15,22,Lamp5_Adjusted_VA,1.462791506,1.377744544,Adjusted,1.061729123,8.79741071,9.358292772,1690,40.64
6029,Male,7/17/2025,14:15,22,Lamp6_Perceptual_VA,1.185136939,0.7813638899,Perceptual,1.51675417,8.790009589,9.618464233,2980,40.64
6029,Male,7/17/2025,14:15,22,Lamp6_Adjusted_VA,0.8540827611,0.7813638899,Adjusted,1.093066588,8.790009589,9.618464233,2980,40.64
6029,Male,7/17/2025,14:15,22,Lamp7_Perceptual_VA,0.6918651569,0.3810952365,Perceptual,1.815465245,7.948091506,9.120731808,6110,40.64
6029,Male,7/17/2025,14:15,22,Lamp7_Adjusted_VA,0.5277205543,0.3810952365,Adjusted,1.384747181,7.948091506,9.120731808,6110,40.64
6029,Male,7/17/2025,14:15,22,BlueBall_Perceptual_VA,1.413720234,1.00792739,Perceptual,1.402601266,7.594984926,7.891351722,1520,26.74
6029,Male,7/17/2025,14:15,22,BlueBall_Adjusted_VA,0.9016854609,1.00792739,Adjusted,0.8945936678,7.594984926,7.891351722,1520,26.74
6030,Male,7/17/2025,15:00,33,Stick7_Perceptual_VA,3.616854926,2.714805543,Perceptual,1.332270348,7.330661619,6.918307213,6110,14
6030,Male,7/17/2025,15:00,33,Stick7_Adjusted_VA,2.508408551,2.714805543,Adjusted,0.9239735631,7.330661619,6.918307213,6110,14
6030,Male,7/17/2025,15:00,33,Stick8_Perceptual_VA,2.579114661,1.550425564,Perceptual,1.663488219,7.445803627,7.099027299,10700,14
6030,Male,7/17/2025,15:00,33,Stick8_Adjusted_VA,1.477157426,1.550425564,Adjusted,0.9527432082,7.445803627,7.099027299,10700,14
6030,Male,7/17/2025,15:00,33,Stick9_Perceptual_VA,1.960860013,1.098679308,Perceptual,1.784742826,7.774695972,7.531019206,15100,14
6030,Male,7/17/2025,15:00,33,Stick9_Adjusted_VA,0.8948873162,1.098679308,Adjusted,0.8145118507,7.774695972,7.531019206,15100,14
6030,Male,7/17/2025,15:00,33,Stick10_Perceptual_VA,9.486405274,7.147990637,Perceptual,1.327142935,8.702155903,7.484794345,2318,14
6030,Male,7/17/2025,15:00,33,Stick10_Adjusted_VA,6.191267181,7.147990637,Adjusted,0.8661549092,8.702155903,7.484794345,2318,14
6030,Male,7/17/2025,15:00,33,Lamp5_Perceptual_VA,1.31882575,1.377744544,Perceptual,0.9572353272,7.982540639,6.98143437,1690,40.64
6030,Male,7/17/2025,15:00,33,Lamp5_Adjusted_VA,1.439818161,1.377744544,Adjusted,1.045054518,7.982540639,6.98143437,1690,40.64
6030,Male,7/17/2025,15:00,33,Lamp6_Perceptual_VA,0.8577710808,0.7813638899,Perceptual,1.097786949,7.329739215,6.693935427,2980,40.64
6030,Male,7/17/2025,15:00,33,Lamp6_Adjusted_VA,0.8594205788,0.7813638899,Adjusted,1.099897999,7.329739215,6.693935427,2980,40.64
6030,Male,7/17/2025,15:00,33,Lamp7_Perceptual_VA,0.7857583751,0.3810952365,Perceptual,2.061842552,7.034850315,6.945860002,6110,40.64
6030,Male,7/17/2025,15:00,33,Lamp7_Adjusted_VA,0.5462007655,0.3810952365,Adjusted,1.433239551,7.034850315,6.945860002,6110,40.64
6030,Male,7/17/2025,15:00,33,BlueBall_Perceptual_VA,1.073579753,1.00792739,Perceptual,1.065136004,7.696754449,7.124131887,1520,26.74
6030,Male,7/17/2025,15:00,33,BlueBall_Adjusted_VA,0.885626908,1.00792739,Adjusted,0.878661416,7.696754449,7.124131887,1520,26.74
6031,Female,7/18/2025,14:15,23,Stick7_Perceptual_VA,7.335576111,2.714805543,Perceptual,2.702063185,9.712481699,10.92977272,6110,14
6031,Female,7/18/2025,14:15,23,Stick7_Adjusted_VA,2.833517168,2.714805543,Adjusted,1.043727487,9.712481699,10.92977272,6110,14
6031,Female,7/18/2025,14:15,23,Stick8_Perceptual_VA,5.651115245,1.550425564,Perceptual,3.644880073,9.066899316,10.58825477,10700,14
6031,Female,7/18/2025,14:15,23,Stick8_Adjusted_VA,1.524892708,1.550425564,Adjusted,0.983531711,9.066899316,10.58825477,10700,14
6031,Female,7/18/2025,14:15,23,Stick9_Perceptual_VA,4.199809035,1.098679308,Perceptual,3.822597737,8.968971031,9.562298265,15100,14
6031,Female,7/18/2025,14:15,23,Stick9_Adjusted_VA,0.9727000162,1.098679308,Adjusted,0.885335702,8.968971031,9.562298265,15100,14
6031,Female,7/18/2025,14:15,23,Stick10_Perceptual_VA,10.31710356,7.147990637,Perceptual,1.443357173,10.14188001,10.58729467,2318,14
6031,Female,7/18/2025,14:15,23,Stick10_Adjusted_VA,7.15266875,7.147990637,Adjusted,1.000654466,10.14188001,10.58729467,2318,14
6031,Female,7/18/2025,14:15,23,Lamp5_Perceptual_VA,3.519026223,1.377744544,Perceptual,2.554193546,9.809552937,9.963560802,1690,40.64
6031,Female,7/18/2025,14:15,23,Lamp5_Adjusted_VA,1.556619766,1.377744544,Adjusted,1.129831921,9.809552937,9.963560802,1690,40.64
6031,Female,7/18/2025,14:15,23,Lamp6_Perceptual_VA,3.138709609,0.7813638899,Perceptual,4.016962711,11.61579332,11.58155679,2980,40.64
6031,Female,7/18/2025,14:15,23,Lamp6_Adjusted_VA,0.9408358699,0.7813638899,Adjusted,1.204094382,11.61579332,11.58155679,2980,40.64
6031,Female,7/18/2025,14:15,23,Lamp7_Perceptual_VA,1.657837569,0.3810952365,Perceptual,4.350192315,8.988364183,11.45990174,6110,40.64
6031,Female,7/18/2025,14:15,23,Lamp7_Adjusted_VA,0.5796410747,0.3810952365,Adjusted,1.520987457,8.988364183,11.45990174,6110,40.64
6031,Female,7/18/2025,14:15,23,BlueBall_Perceptual_VA,2.687457324,1.00792739,Perceptual,2.666320362,8.788921008,8.832063126,1520,26.74
6031,Female,7/18/2025,14:15,23,BlueBall_Adjusted_VA,1.253839359,1.00792739,Adjusted,1.243977861,8.788921008,8.832063126,1520,26.74
6032,Female,7/18/2025,15:00,32,Stick7_Perceptual_VA,7.356477444,2.714805543,Perceptual,2.709762201,6.786009292,6.661339468,6110,14
6032,Female,7/18/2025,15:00,32,Stick7_Adjusted_VA,3.31304849,2.714805543,Adjusted,1.220363093,6.786009292,6.661339468,6110,14
6032,Female,7/18/2025,15:00,32,Stick8_Perceptual_VA,6.164361649,1.550425564,Perceptual,3.975915897,6.616071321,6.930692228,10700,14
6032,Female,7/18/2025,15:00,32,Stick8_Adjusted_VA,1.982750882,1.550425564,Adjusted,1.278843001,6.616071321,6.930692228,10700,14
6032,Female,7/18/2025,15:00,32,Stick9_Perceptual_VA,4.266315596,1.098679308,Perceptual,3.883130925,6.71202105,7.780248808,15100,14
6032,Female,7/18/2025,15:00,32,Stick9_Adjusted_VA,0.9301058649,1.098679308,Adjusted,0.8465671997,6.71202105,7.780248808,15100,14
6032,Female,7/18/2025,15:00,32,Stick10_Perceptual_VA,11.60563933,7.147990637,Perceptual,1.623622626,7.659030459,6.944375484,2318,14
6032,Female,7/18/2025,15:00,32,Stick10_Adjusted_VA,8.344022511,7.147990637,Adjusted,1.167324208,7.659030459,6.944375484,2318,14
6032,Female,7/18/2025,15:00,32,Lamp5_Perceptual_VA,2.423690731,1.377744544,Perceptual,1.759172803,7.632635739,9.828842596,1690,40.64
6032,Female,7/18/2025,15:00,32,Lamp5_Adjusted_VA,1.714234021,1.377744544,Adjusted,1.244232124,7.632635739,9.828842596,1690,40.64
6032,Female,7/18/2025,15:00,32,Lamp6_Perceptual_VA,1.610167563,0.7813638899,Perceptual,2.060714071,7.984795291,7.572224071,2980,40.64
6032,Female,7/18/2025,15:00,32,Lamp6_Adjusted_VA,1.273187152,0.7813638899,Adjusted,1.629442016,7.984795291,7.572224071,2980,40.64
6032,Female,7/18/2025,15:00,32,Lamp7_Perceptual_VA,1.377933343,0.3810952365,Perceptual,3.615719146,5.620983054,6.754820179,6110,40.64
6032,Female,7/18/2025,15:00,32,Lamp7_Adjusted_VA,0.6398946663,0.3810952365,Adjusted,1.679093846,5.620983054,6.754820179,6110,40.64
6032,Female,7/18/2025,15:00,32,BlueBall_Perceptual_VA,2.008866972,1.00792739,Perceptual,1.99306715,6.950469818,10.95685852,1520,26.74
6032,Female,7/18/2025,15:00,32,BlueBall_Adjusted_VA,1.183687059,1.00792739,Adjusted,1.174377311,6.950469818,10.95685852,1520,26.74
6033,Female,7/22/2025,14:30,20,Stick7_Perceptual_VA,5.762534515,2.714805543,Perceptual,2.122632514,7.800106872,7.663112875,6110,14
6033,Female,7/22/2025,14:30,20,Stick7_Adjusted_VA,2.932987991,2.714805543,Adjusted,1.080367615,7.800106872,7.663112875,6110,14
6033,Female,7/22/2025,14:30,20,Stick8_Perceptual_VA,4.992103931,1.550425564,Perceptual,3.219828185,7.534867978,7.506965335,10700,14
6033,Female,7/22/2025,14:30,20,Stick8_Adjusted_VA,1.767722107,1.550425564,Adjusted,1.140152838,7.534867978,7.506965335,10700,14
6033,Female,7/22/2025,14:30,20,Stick9_Perceptual_VA,4.390837829,1.098679308,Perceptual,3.996469031,7.931425081,7.839435462,15100,14
6033,Female,7/22/2025,14:30,20,Stick9_Adjusted_VA,1.061002633,1.098679308,Adjusted,0.965707305,7.931425081,7.839435462,15100,14
6033,Female,7/22/2025,14:30,20,Stick10_Perceptual_VA,8.521706592,7.147990637,Perceptual,1.192182115,7.844882661,7.733640674,2318,14
6033,Female,7/22/2025,14:30,20,Stick10_Adjusted_VA,7.367382293,7.147990637,Adjusted,1.030692773,7.844882661,7.733640674,2318,14
6033,Female,7/22/2025,14:30,20,Lamp5_Perceptual_VA,2.967563621,1.377744544,Perceptual,2.153928777,9.166640383,8.926408609,1690,40.64
6033,Female,7/22/2025,14:30,20,Lamp5_Adjusted_VA,1.47323887,1.377744544,Adjusted,1.069312069,9.166640383,8.926408609,1690,40.64
6033,Female,7/22/2025,14:30,20,Lamp6_Perceptual_VA,1.967632893,0.7813638899,Perceptual,2.518203002,8.065239245,8.311567717,2980,40.64
6033,Female,7/22/2025,14:30,20,Lamp6_Adjusted_VA,0.9028239056,0.7813638899,Adjusted,1.155446159,8.065239245,8.311567717,2980,40.64
6033,Female,7/22/2025,14:30,20,Lamp7_Perceptual_VA,1.222263609,0.3810952365,Perceptual,3.207239272,7.615036406,7.884701031,6110,40.64
6033,Female,7/22/2025,14:30,20,Lamp7_Adjusted_VA,0.5337400938,0.3810952365,Adjusted,1.400542549,7.615036406,7.884701031,6110,40.64
6033,Female,7/22/2025,14:30,20,BlueBall_Perceptual_VA,2.46690121,1.00792739,Perceptual,2.447498931,7.954891266,7.998682028,1520,26.74
6033,Female,7/22/2025,14:30,20,BlueBall_Adjusted_VA,0.9296131152,1.00792739,Adjusted,0.9223016699,7.954891266,7.998682028,1520,26.74
6034,Male,7/22/2025,15:30,20,Stick7_Perceptual_VA,7.10346671,2.714805543,Perceptual,2.616565569,5.946025845,7.596714517,6110,14
6034,Male,7/22/2025,15:30,20,Stick7_Adjusted_VA,2.833517168,2.714805543,Adjusted,1.043727487,5.946025845,7.596714517,6110,14
6034,Male,7/22/2025,15:30,20,Stick8_Perceptual_VA,4.513201227,1.550425564,Perceptual,2.910943505,9.467861759,8.271641517,10700,14
6034,Male,7/22/2025,15:30,20,Stick8_Adjusted_VA,1.510535691,1.550425564,Adjusted,0.9742716617,9.467861759,8.271641517,10700,14
6034,Male,7/22/2025,15:30,20,Stick9_Perceptual_VA,3.505580028,1.098679308,Perceptual,3.190721809,8.072341372,7.267641229,15100,14
6034,Male,7/22/2025,15:30,20,Stick9_Adjusted_VA,1.183754988,1.098679308,Adjusted,1.077434498,8.072341372,7.267641229,15100,14
6034,Male,7/22/2025,15:30,20,Stick10_Perceptual_VA,11.73194228,7.147990637,Perceptual,1.641292341,11.66910709,11.51983601,2318,14
6034,Male,7/22/2025,15:30,20,Stick10_Adjusted_VA,6.538554932,7.147990637,Adjusted,0.9147402766,11.66910709,11.51983601,2318,14
6034,Male,7/22/2025,15:30,20,Lamp5_Perceptual_VA,2.827010255,1.377744544,Perceptual,2.051911776,8.205634028,9.457835933,1690,40.64
6034,Male,7/22/2025,15:30,20,Lamp5_Adjusted_VA,1.445621767,1.377744544,Adjusted,1.049266914,8.205634028,9.457835933,1690,40.64
6034,Male,7/22/2025,15:30,20,Lamp6_Perceptual_VA,1.815454614,0.7813638899,Perceptual,2.323443197,7.584213087,7.547619835,2980,40.64
6034,Male,7/22/2025,15:30,20,Lamp6_Adjusted_VA,0.8416177863,0.7813638899,Adjusted,1.077113746,7.584213087,7.547619835,2980,40.64
6034,Male,7/22/2025,15:30,20,Lamp7_Perceptual_VA,0.8759334532,0.3810952365,Perceptual,2.298463401,8.152362034,7.704741449,6110,40.64
6034,Male,7/22/2025,15:30,20,Lamp7_Adjusted_VA,0.5189415903,0.3810952365,Adjusted,1.361711039,8.152362034,7.704741449,6110,40.64
6034,Male,7/22/2025,15:30,20,BlueBall_Perceptual_VA,2.118917436,1.00792739,Perceptual,2.102252064,9.437409522,9.071755027,1520,26.74
6034,Male,7/22/2025,15:30,20,BlueBall_Adjusted_VA,0.843075838,1.00792739,Adjusted,0.836445012,9.437409522,9.071755027,1520,26.74
6035,Female,7/24/2025,13:30,24,Stick7_Perceptual_VA,6.994119479,2.714805543,Perceptual,2.576287461,7.289704447,7.878012364,6110,14
6035,Female,7/24/2025,13:30,24,Stick7_Adjusted_VA,1.764442993,2.714805543,Adjusted,0.6499334721,7.289704447,7.878012364,6110,14
6035,Female,7/24/2025,13:30,24,Stick8_Perceptual_VA,2.464050426,1.550425564,Perceptual,1.589273605,7.389854049,7.81329942,10700,14
6035,Female,7/24/2025,13:30,24,Stick8_Adjusted_VA,1.093397723,1.550425564,Adjusted,0.7052242611,7.389854049,7.81329942,10700,14
6035,Female,7/24/2025,13:30,24,Stick9a_Perceptual_VA,2.481886388,1.092277937,Perceptual,2.272211406,7.557253717,6.878935552,15188.5,14
6035,Female,7/24/2025,13:30,24,Stick9a_Adjusted_VA,0.8465168389,1.092277937,Adjusted,0.775001316,7.557253717,6.878935552,15188.5,14
6035,Female,7/24/2025,13:30,24,Stick10_Perceptual_VA,13.57794915,7.147990637,Perceptual,1.899547697,7.167056748,7.339444454,2318,14
6035,Female,7/24/2025,13:30,24,Stick10_Adjusted_VA,6.81819753,7.147990637,Adjusted,0.9538621239,7.167056748,7.339444454,2318,14
6035,Female,7/24/2025,13:30,24,Lamp5_Perceptual_VA,2.130877861,1.377744544,Perceptual,1.546642206,9.066868828,8.307353141,1690,40.64
6035,Female,7/24/2025,13:30,24,Lamp5_Adjusted_VA,1.438213594,1.377744544,Adjusted,1.043889885,9.066868828,8.307353141,1690,40.64
6035,Female,7/24/2025,13:30,24,Lamp6_Perceptual_VA,1.84670557,0.7813638899,Perceptual,2.36343859,8.363977882,7.647045447,2980,40.64
6035,Female,7/24/2025,13:30,24,Lamp6_Adjusted_VA,0.7974658557,0.7813638899,Adjusted,1.020607512,8.363977882,7.647045447,2980,40.64
6035,Female,7/24/2025,13:30,24,Lamp7_Perceptual_VA,1.209719318,0.3810952365,Perceptual,3.174322852,7.564373355,7.638557316,6110,40.64
6035,Female,7/24/2025,13:30,24,Lamp7_Adjusted_VA,0.4272514429,0.3810952365,Adjusted,1.121114624,7.564373355,7.638557316,6110,40.64
6035,Female,7/24/2025,13:30,24,BlueBall_Perceptual_VA,1.894995331,1.00792739,Perceptual,1.880091115,9.098587185,7.45684881,1520,26.74
6035,Female,7/24/2025,13:30,24,BlueBall_Adjusted_VA,0.8110700858,1.00792739,Adjusted,0.8046909863,9.098587185,7.45684881,1520,26.74
6036,Female,7/25/2025,13:30,22,Stick7_Perceptual_VA,7.837887778,2.714805543,Perceptual,2.887089942,7.374465495,6.897543876,6110,14
6036,Female,7/25/2025,13:30,22,Stick7_Adjusted_VA,2.231237816,2.714805543,Adjusted,0.8218775821,7.374465495,6.897543876,6110,14
6036,Female,7/25/2025,13:30,22,Stick8_Perceptual_VA,6.234987211,1.550425564,Perceptual,4.021468269,7.222294961,7.237533598,10700,14
6036,Female,7/25/2025,13:30,22,Stick8_Adjusted_VA,1.310630614,1.550425564,Adjusted,0.8453360445,7.222294961,7.237533598,10700,14
6036,Female,7/25/2025,13:30,22,Stick9a_Perceptual_VA,3.359178989,1.092277937,Perceptual,3.075388483,6.870699891,7.38438585,15188.5,14
6036,Female,7/25/2025,13:30,22,Stick9a_Adjusted_VA,0.9565016502,1.092277937,Adjusted,0.875694379,6.870699891,7.38438585,15188.5,14
6036,Female,7/25/2025,13:30,22,Stick10_Perceptual_VA,14.36853478,7.147990637,Perceptual,2.010150197,6.158644353,7.097381265,2318,14
6036,Female,7/25/2025,13:30,22,Stick10_Adjusted_VA,6.6268508,7.147990637,Adjusted,0.9270928204,6.158644353,7.097381265,2318,14
6036,Female,7/25/2025,13:30,22,Lamp5_Perceptual_VA,2.098796555,1.377744544,Perceptual,1.523356825,8.219961305,7.756696777,1690,40.64
6036,Female,7/25/2025,13:30,22,Lamp5_Adjusted_VA,1.415123984,1.377744544,Adjusted,1.027130893,8.219961305,7.756696777,1690,40.64
6036,Female,7/25/2025,13:30,22,Lamp6_Perceptual_VA,1.434206808,0.7813638899,Perceptual,1.835517135,8.23222553,7.892685824,2980,40.64
6036,Female,7/25/2025,13:30,22,Lamp6_Adjusted_VA,1.06387559,0.7813638899,Adjusted,1.361562268,8.23222553,7.892685824,2980,40.64
6036,Female,7/25/2025,13:30,22,Lamp7_Perceptual_VA,0.7292091688,0.3810952365,Perceptual,1.91345653,7.710462793,7.513056743,6110,40.64
6036,Female,7/25/2025,13:30,22,Lamp7_Adjusted_VA,0.516353617,0.3810952365,Adjusted,1.354920155,7.710462793,7.513056743,6110,40.64
6036,Female,7/25/2025,13:30,22,BlueBall_Perceptual_VA,1.914913542,1.00792739,Perceptual,1.899852668,7.019191301,7.310431285,1520,26.74
6036,Female,7/25/2025,13:30,22,BlueBall_Adjusted_VA,0.9885294203,1.00792739,Adjusted,0.9807545959,7.019191301,7.310431285,1520,26.74
6037,Male,7/28/2025,14:15,21,Stick7_Perceptual_VA,5.89289476,2.714805543,Perceptual,2.170650776,6.862720734,8.010891252,6110,14
6037,Male,7/28/2025,14:15,21,Stick7_Adjusted_VA,2.558862937,2.714805543,Adjusted,0.9425584618,6.862720734,8.010891252,6110,14
6037,Male,7/28/2025,14:15,21,Stick8_Perceptual_VA,4.651295476,1.550425564,Perceptual,3.000012115,6.943828399,7.99941709,10700,14
6037,Male,7/28/2025,14:15,21,Stick8_Adjusted_VA,1.677322774,1.550425564,Adjusted,1.081846696,6.943828399,7.99941709,10700,14
6037,Male,7/28/2025,14:15,21,Stick9a_Perceptual_VA,2.881886982,1.092277937,Perceptual,2.638419109,7.854679339,8.574236983,15188.5,14
6037,Male,7/28/2025,14:15,21,Stick9a_Adjusted_VA,1.136783729,1.092277937,Adjusted,1.040745849,7.854679339,8.574236983,15188.5,14
6037,Male,7/28/2025,14:15,21,Stick10_Perceptual_VA,9.906514956,7.147990637,Perceptual,1.385916051,8.529876126,9.260236721,2318,14
6037,Male,7/28/2025,14:15,21,Stick10_Adjusted_VA,7.379688903,7.147990637,Adjusted,1.032414461,8.529876126,9.260236721,2318,14
6037,Male,7/28/2025,14:15,21,Lamp5_Perceptual_VA,1.694442578,1.377744544,Perceptual,1.229867021,9.397288344,9.266165905,1690,40.64
6037,Male,7/28/2025,14:15,21,Lamp5_Adjusted_VA,1.43731003,1.377744544,Adjusted,1.043234057,9.397288344,9.266165905,1690,40.64
6037,Male,7/28/2025,14:15,21,Lamp6_Perceptual_VA,1.288253193,0.7813638899,Perceptual,1.648723738,7.189280782,7.761843838,2980,40.64
6037,Male,7/28/2025,14:15,21,Lamp6_Adjusted_VA,0.9857095284,0.7813638899,Adjusted,1.261524293,7.189280782,7.761843838,2980,40.64
6037,Male,7/28/2025,14:15,21,Lamp7_Perceptual_VA,1.090996481,0.3810952365,Perceptual,2.862792227,7.644356949,7.549761506,6110,40.64
6037,Male,7/28/2025,14:15,21,Lamp7_Adjusted_VA,0.5426882077,0.3810952365,Adjusted,1.424022543,7.644356949,7.549761506,6110,40.64
6037,Male,7/28/2025,14:15,21,BlueBall_Perceptual_VA,1.118432995,1.00792739,Perceptual,1.109636473,8.442077783,9.485968149,1520,26.74
6037,Male,7/28/2025,14:15,21,BlueBall_Adjusted_VA,0.9041658401,1.00792739,Adjusted,0.8970545387,8.442077783,9.485968149,1520,26.74
6038,Male,7/28/2025,15:04,20,Stick7_Perceptual_VA,7.10346671,2.714805543,Perceptual,2.616565569,7.17376938,7.481486039,6110,14
6038,Male,7/28/2025,15:04,20,Stick7_Adjusted_VA,1.845945253,2.714805543,Adjusted,0.6799548711,7.17376938,7.481486039,6110,14
6038,Male,7/28/2025,15:04,20,Stick8_Perceptual_VA,1.832648212,1.550425564,Perceptual,1.18202915,1.254951687,7.362248345,10700,14
6038,Male,7/28/2025,15:04,20,Stick8_Adjusted_VA,1.186556575,1.550425564,Adjusted,0.7653102492,1.254951687,7.362248345,10700,14
6038,Male,7/28/2025,15:04,20,Stick9a_Perceptual_VA,3.451393962,1.092277937,Perceptual,3.159812941,7.396792239,6.866259141,15188.5,14
6038,Male,7/28/2025,15:04,20,Stick9a_Adjusted_VA,1.382360178,1.092277937,Adjusted,1.265575483,7.396792239,6.866259141,15188.5,14
6038,Male,7/28/2025,15:04,20,Stick10_Perceptual_VA,8.712447172,7.147990637,Perceptual,1.218866618,7.370606467,7.294548581,2318,14
6038,Male,7/28/2025,15:04,20,Stick10_Adjusted_VA,5.8200613,7.147990637,Adjusted,0.8142234085,7.370606467,7.294548581,2318,14
6038,Male,7/28/2025,15:04,20,Lamp5_Perceptual_VA,2.91792095,1.377744544,Perceptual,2.117896937,8.188324805,8.318158217,1690,40.64
6038,Male,7/28/2025,15:04,20,Lamp5_Adjusted_VA,1.541031197,1.377744544,Adjusted,1.118517365,8.188324805,8.318158217,1690,40.64
6038,Male,7/28/2025,15:04,20,Lamp6_Perceptual_VA,1.86385831,0.7813638899,Perceptual,2.385390897,7.215259444,7.243801456,2980,40.64
6038,Male,7/28/2025,15:04,20,Lamp6_Adjusted_VA,0.8102298444,0.7813638899,Adjusted,1.036943036,7.215259444,7.243801456,2980,40.64
6038,Male,7/28/2025,15:04,20,Lamp7_Perceptual_VA,1.195758397,0.3810952365,Perceptual,3.137689172,7.261041047,7.480653922,6110,40.64
6038,Male,7/28/2025,15:04,20,Lamp7_Adjusted_VA,0.4662541617,0.3810952365,Adjusted,1.223458383,7.261041047,7.480653922,6110,40.64
6038,Male,7/28/2025,15:04,20,BlueBall_Perceptual_VA,1.390250828,1.00792739,Perceptual,1.379316449,6.938031136,7.174386475,1520,26.74
6038,Male,7/28/2025,15:04,20,BlueBall_Adjusted_VA,0.8929031675,1.00792739,Adjusted,0.8858804475,6.938031136,7.174386475,1520,26.74
6039,Female,7/30/2025,14:15,19,Stick7_Perceptual_VA,7.572224071,2.714805543,Perceptual,2.789232581,6.965828715,7.491237409,6110,14
6039,Female,7/30/2025,14:15,19,Stick7_Adjusted_VA,3.31304849,2.714805543,Adjusted,1.220363093,6.965828715,7.491237409,6110,14
6039,Female,7/30/2025,14:15,19,Stick8_Perceptual_VA,5.267843413,1.550425564,Perceptual,3.397675795,6.972073058,7.3934298,10700,14
6039,Female,7/30/2025,14:15,19,Stick8_Adjusted_VA,1.493023736,1.550425564,Adjusted,0.9629767275,6.972073058,7.3934298,10700,14
6039,Female,7/30/2025,14:15,19,Stick9a_Perceptual_VA,2.56192098,1.092277937,Perceptual,2.345484507,6.8170039,6.816978079,15188.5,14
6039,Female,7/30/2025,14:15,19,Stick9a_Adjusted_VA,1.310630614,1.092277937,Adjusted,1.199905783,6.8170039,6.816978079,15188.5,14
6039,Female,7/30/2025,14:15,19,Stick10_Perceptual_VA,10.7630941,7.147990637,Perceptual,1.505751008,6.769967156,7.341117352,2318,14
6039,Female,7/30/2025,14:15,19,Stick10_Adjusted_VA,7.793473531,7.147990637,Adjusted,1.090302706,6.769967156,7.341117352,2318,14
6039,Female,7/30/2025,14:15,19,Lamp5_Perceptual_VA,2.089479936,1.377744544,Perceptual,1.5165946,8.651713595,7.776926545,1690,40.64
6039,Female,7/30/2025,14:15,19,Lamp5_Adjusted_VA,1.386586483,1.377744544,Adjusted,1.006417691,8.651713595,7.776926545,1690,40.64
6039,Female,7/30/2025,14:15,19,Lamp6_Perceptual_VA,1.443716461,0.7813638899,Perceptual,1.847687715,7.998860658,7.716071564,2980,40.64
6039,Female,7/30/2025,14:15,19,Lamp6_Adjusted_VA,0.8110700858,0.7813638899,Adjusted,1.038018389,7.998860658,7.716071564,2980,40.64
6039,Female,7/30/2025,14:15,19,Lamp7_Perceptual_VA,0.7285193017,0.3810952365,Perceptual,1.911646308,7.88357885,7.177277808,6110,40.64
6039,Female,7/30/2025,14:15,19,Lamp7_Adjusted_VA,0.4040734429,0.3810952365,Adjusted,1.060295182,7.88357885,7.177277808,6110,40.64
6039,Female,7/30/2025,14:15,19,BlueBall_Perceptual_VA,0.9601540545,1.00792739,Perceptual,0.9526024035,7.242955299,6.832721513,1520,26.74
6039,Female,7/30/2025,14:15,19,BlueBall_Adjusted_VA,0.959804288,1.00792739,Adjusted,0.9522553879,7.242955299,6.832721513,1520,26.74
6040,Female,7/31/2025,10:30,19,Stick7_Perceptual_VA,2.64945759,2.714805543,Perceptual,0.9759290484,7.188492991,7.429171499,6110,14
6040,Female,7/31/2025,10:30,19,Stick7_Adjusted_VA,2.543514817,2.714805543,Adjusted,0.936904974,7.188492991,7.429171499,6110,14
6040,Female,7/31/2025,10:30,19,Stick8_Perceptual_VA,1.594610608,1.550425564,Perceptual,1.028498655,7.032909926,7.459119072,10700,14
6040,Female,7/31/2025,10:30,19,Stick8_Adjusted_VA,1.591447105,1.550425564,Adjusted,1.026458246,7.032909926,7.459119072,10700,14
6040,Female,7/31/2025,10:30,19,Stick9a_Perceptual_VA,1.13453282,1.092277937,Perceptual,1.038685101,7.367482732,7.097553841,15188.5,14
6040,Female,7/31/2025,10:30,19,Stick9a_Adjusted_VA,1.047425664,1.092277937,Adjusted,0.9589369412,7.367482732,7.097553841,15188.5,14
6040,Female,7/31/2025,10:30,19,Stick10_Perceptual_VA,7.10907848,7.147990637,Perceptual,0.9945562105,7.960478866,7.925747879,2318,14
6040,Female,7/31/2025,10:30,19,Stick10_Adjusted_VA,7.116611195,7.147990637,Adjusted,0.9956100331,7.960478866,7.925747879,2318,14
6040,Female,7/31/2025,10:30,19,Lamp5_Perceptual_VA,1.232771682,1.377744544,Perceptual,0.894775223,8.95628447,8.966433552,1690,40.64
6040,Female,7/31/2025,10:30,19,Lamp5_Adjusted_VA,1.344185479,1.377744544,Adjusted,0.9756420262,8.95628447,8.966433552,1690,40.64
6040,Female,7/31/2025,10:30,19,Lamp6_Perceptual_VA,0.9937779866,0.7813638899,Perceptual,1.271850414,8.433241184,7.821484511,2980,40.64
6040,Female,7/31/2025,10:30,19,Lamp6_Adjusted_VA,0.8060961554,0.7813638899,Adjusted,1.031652686,8.433241184,7.821484511,2980,40.64
6040,Female,7/31/2025,10:30,19,Lamp7_Perceptual_VA,0.5015760114,0.3810952365,Perceptual,1.316143482,7.856202875,7.203518398,6110,40.64
6040,Female,7/31/2025,10:30,19,Lamp7_Adjusted_VA,0.3486547832,0.3810952365,Adjusted,0.9148757315,7.856202875,7.203518398,6110,40.64
6040,Female,7/31/2025,10:30,19,BlueBall_Perceptual_VA,0.8275913151,1.00792739,Perceptual,0.8210822755,7.992126614,8.121607194,1520,26.74
6040,Female,7/31/2025,10:30,19,BlueBall_Adjusted_VA,0.8561279024,1.00792739,Adjusted,0.8493944214,7.992126614,8.121607194,1520,26.74
6041,Female,7/31/2025,11:15,19,Stick7_Perceptual_VA,6.104433251,2.714805543,Perceptual,2.248571087,8.536051087,8.860364685,6110,14
6041,Female,7/31/2025,11:15,19,Stick7_Adjusted_VA,2.426831032,2.714805543,Adjusted,0.8939244428,8.536051087,8.860364685,6110,14
6041,Female,7/31/2025,11:15,19,Stick8_Perceptual_VA,4.755045649,1.550425564,Perceptual,3.066929337,9.101422116,8.778241655,10700,14
6041,Female,7/31/2025,11:15,19,Stick8_Adjusted_VA,1.626951348,1.550425564,Adjusted,1.049357921,9.101422116,8.778241655,10700,14
6041,Female,7/31/2025,11:15,19,Stick9a_Perceptual_VA,3.051380685,1.092277937,Perceptual,2.793593627,8.289344892,8.821857485,15188.5,14
6041,Female,7/31/2025,11:15,19,Stick9a_Adjusted_VA,0.6623715768,1.092277937,Adjusted,0.6064130329,8.289344892,8.821857485,15188.5,14
6041,Female,7/31/2025,11:15,19,Stick10_Perceptual_VA,6.798356216,7.147990637,Perceptual,0.9510863348,9.23202186,8.644844241,2318,14
6041,Female,7/31/2025,11:15,19,Stick10_Adjusted_VA,7.796399326,7.147990637,Adjusted,1.090712023,9.23202186,8.644844241,2318,14
6041,Female,7/31/2025,11:15,19,Lamp5_Perceptual_VA,1.714234021,1.377744544,Perceptual,1.244232124,9.453816204,9.349872563,1690,40.64
6041,Female,7/31/2025,11:15,19,Lamp5_Adjusted_VA,1.412066927,1.377744544,Adjusted,1.024912008,9.453816204,9.349872563,1690,40.64
6041,Female,7/31/2025,11:15,19,Lamp6_Perceptual_VA,1.309560805,0.7813638899,Perceptual,1.675993505,8.708947994,9.268845895,2980,40.64
6041,Female,7/31/2025,11:15,19,Lamp6_Adjusted_VA,0.8444803284,0.7813638899,Adjusted,1.080777266,8.708947994,9.268845895,2980,40.64
6041,Female,7/31/2025,11:15,19,Lamp7_Perceptual_VA,1.109502646,0.3810952365,Perceptual,2.911352701,8.657959893,8.997286975,6110,40.64
6041,Female,7/31/2025,11:15,19,Lamp7_Adjusted_VA,0.3744808859,0.3810952365,Adjusted,0.9826438383,8.657959893,8.997286975,6110,40.64
6041,Female,7/31/2025,11:15,19,BlueBall_Perceptual_VA,0.8972728254,1.00792739,Perceptual,0.8902157379,8.529731709,8.646353735,1520,26.74
6041,Female,7/31/2025,11:15,19,BlueBall_Adjusted_VA,0.8480055448,1.00792739,Adjusted,0.8413359464,8.529731709,8.646353735,1520,26.74
6042,,7/31/2025,14:30,NA,Stick7_Perceptual_VA,3.845558072,2.714805543,Perceptual,1.416513268,5.741257211,5.566763234,6110,14
6042,,7/31/2025,14:30,NA,Stick7_Adjusted_VA,2.211840587,2.714805543,Adjusted,0.8147326033,5.741257211,5.566763234,6110,14
6042,,7/31/2025,14:30,NA,Stick8_Perceptual_VA,2.273473999,1.550425564,Perceptual,1.466354819,5.674787275,6.196985374,10700,14
6042,,7/31/2025,14:30,NA,Stick8_Adjusted_VA,1.639732799,1.550425564,Adjusted,1.057601755,5.674787275,6.196985374,10700,14
6042,,7/31/2025,14:30,NA,Stick9a_Perceptual_VA,1.673520887,1.092277937,Perceptual,1.532138323,5.172345751,6.510381112,15188.5,14
6042,,7/31/2025,14:30,NA,Stick9a_Adjusted_VA,1.093397723,1.092277937,Adjusted,1.001025184,5.172345751,6.510381112,15188.5,14
6042,,7/31/2025,14:30,NA,Stick10_Perceptual_VA,7.732534361,7.147990637,Perceptual,1.081777349,6.532679061,6.898509615,2318,14
6042,,7/31/2025,14:30,NA,Stick10_Adjusted_VA,8.197168053,7.147990637,Adjusted,1.14677935,6.532679061,6.898509615,2318,14
6042,,7/31/2025,14:30,NA,Lamp5_Perceptual_VA,1.960561861,1.377744544,Perceptual,1.423022773,8.266514236,7.321880612,1690,40.64
6042,,7/31/2025,14:30,NA,Lamp5_Adjusted_VA,1.506237773,1.377744544,Adjusted,1.093263464,8.266514236,7.321880612,1690,40.64
6042,,7/31/2025,14:30,NA,Lamp6_Perceptual_VA,1.279290968,0.7813638899,Perceptual,1.637253762,7.09828536,4.461286059,2980,40.64
6042,,7/31/2025,14:30,NA,Lamp6_Adjusted_VA,0.8023335318,0.7813638899,Adjusted,1.026837229,7.09828536,4.461286059,2980,40.64
6042,,7/31/2025,14:30,NA,Lamp7_Perceptual_VA,1.09858049,0.3810952365,Perceptual,2.882692789,6.410214688,4.077282675,6110,40.64
6042,,7/31/2025,14:30,NA,Lamp7_Adjusted_VA,0.5436784998,0.3810952365,Adjusted,1.426621085,6.410214688,4.077282675,6110,40.64
6042,,7/31/2025,14:30,NA,BlueBall_Perceptual_VA,1.289891935,1.00792739,Perceptual,1.279746882,7.566408492,6.84304031,1520,26.74
6042,,7/31/2025,14:30,NA,BlueBall_Adjusted_VA,0.8418119018,1.00792739,Adjusted,0.8351910166,7.566408492,6.84304031,1520,26.74
6043,Female,7/31/2025,15:10,19,Stick7_Perceptual_VA,7.054936101,2.714805543,Perceptual,2.598689294,8.020861581,6.325370524,6110,14
6043,Female,7/31/2025,15:10,19,Stick7_Adjusted_VA,2.906140695,2.714805543,Adjusted,1.0704784,8.020861581,6.325370524,6110,14
6043,Female,7/31/2025,15:10,19,Stick8_Perceptual_VA,3.589361172,1.550425564,Perceptual,2.315081262,8.413594809,6.651311048,10700,14
6043,Female,7/31/2025,15:10,19,Stick8_Adjusted_VA,1.680285817,1.550425564,Adjusted,1.083757812,8.413594809,6.651311048,10700,14
6043,Female,7/31/2025,15:10,19,Stick9a_Perceptual_VA,2.290024421,1.092277937,Perceptual,2.096558342,8.528895594,6.12081842,15188.5,14
6043,Female,7/31/2025,15:10,19,Stick9a_Adjusted_VA,1.055141073,1.092277937,Adjusted,0.9660005356,8.528895594,6.12081842,15188.5,14
6043,Female,7/31/2025,15:10,19,Stick10_Perceptual_VA,10.03970728,7.147990637,Perceptual,1.404549585,10.13129249,9.422516506,2318,14
6043,Female,7/31/2025,15:10,19,Stick10_Adjusted_VA,7.270385652,7.147990637,Adjusted,1.017122996,10.13129249,9.422516506,2318,14
6043,Female,7/31/2025,15:10,19,Lamp5_Perceptual_VA,2.981846825,1.377744544,Perceptual,2.164295868,7.737954308,9.468104178,1690,40.64
6043,Female,7/31/2025,15:10,19,Lamp5_Adjusted_VA,1.66759871,1.377744544,Adjusted,1.210383098,7.737954308,9.468104178,1690,40.64
6043,Female,7/31/2025,15:10,19,Lamp6_Perceptual_VA,1.90188932,0.7813638899,Perceptual,2.434063494,8.496708066,6.51064261,2980,40.64
6043,Female,7/31/2025,15:10,19,Lamp6_Adjusted_VA,1.047542907,0.7813638899,Adjusted,1.340659481,8.496708066,6.51064261,2980,40.64
6043,Female,7/31/2025,15:10,19,Lamp7_Perceptual_VA,0.7320612784,0.3810952365,Perceptual,1.920940511,6.401644646,5.924983493,6110,40.64
6043,Female,7/31/2025,15:10,19,Lamp7_Adjusted_VA,0.6698171318,0.3810952365,Adjusted,1.757610874,6.401644646,5.924983493,6110,40.64
6043,Female,7/31/2025,15:10,19,BlueBall_Perceptual_VA,1.137975314,1.00792739,Perceptual,1.129025092,6.498719926,10.22937189,1520,26.74
6043,Female,7/31/2025,15:10,19,BlueBall_Adjusted_VA,1.155346817,1.00792739,Adjusted,1.146259967,6.498719926,10.22937189,1520,26.74